ISO-10303-21;
HEADER;
/* Generated by software containing ST-Developer
 * from STEP Tools, Inc. (www.steptools.com) 
 */

FILE_DESCRIPTION(
/* description */ (''),
/* implementation_level */ '2;1');

FILE_NAME(
/* name */ 'MyToolGrid.step',
/* time_stamp */ '2026-01-12T13:09:23+02:00',
/* author */ (''),
/* organization */ (''),
/* preprocessor_version */ 'ST-DEVELOPER v20.1',
/* originating_system */ 'Autodesk Translation Framework v14.21.0.0',
/* authorisation */ '');

FILE_SCHEMA (('AUTOMOTIVE_DESIGN { 1 0 10303 214 3 1 1 }'));
ENDSEC;

DATA;
#10=MECHANICAL_DESIGN_GEOMETRIC_PRESENTATION_REPRESENTATION('',(#13),#12571);
#11=SHAPE_REPRESENTATION_RELATIONSHIP('SRR','None',#12578,#12);
#12=ADVANCED_BREP_SHAPE_REPRESENTATION('',(#14),#12570);
#13=STYLED_ITEM('',(#12587),#14);
#14=MANIFOLD_SOLID_BREP('MyToolGrid',#7163);
#15=FACE_BOUND('',#821,.T.);
#16=FACE_BOUND('',#822,.T.);
#17=FACE_BOUND('',#823,.T.);
#18=FACE_BOUND('',#824,.T.);
#19=FACE_BOUND('',#825,.T.);
#20=FACE_BOUND('',#826,.T.);
#21=FACE_BOUND('',#827,.T.);
#22=FACE_BOUND('',#828,.T.);
#23=FACE_BOUND('',#829,.T.);
#24=FACE_BOUND('',#830,.T.);
#25=FACE_BOUND('',#831,.T.);
#26=FACE_BOUND('',#832,.T.);
#27=FACE_BOUND('',#833,.T.);
#28=FACE_BOUND('',#834,.T.);
#29=FACE_BOUND('',#835,.T.);
#30=FACE_BOUND('',#836,.T.);
#31=FACE_BOUND('',#837,.T.);
#32=FACE_BOUND('',#838,.T.);
#33=FACE_BOUND('',#839,.T.);
#34=FACE_BOUND('',#840,.T.);
#35=FACE_BOUND('',#841,.T.);
#36=FACE_BOUND('',#842,.T.);
#37=FACE_BOUND('',#843,.T.);
#38=FACE_BOUND('',#844,.T.);
#39=FACE_BOUND('',#845,.T.);
#40=FACE_BOUND('',#846,.T.);
#41=FACE_BOUND('',#847,.T.);
#42=FACE_BOUND('',#848,.T.);
#43=FACE_BOUND('',#849,.T.);
#44=FACE_BOUND('',#850,.T.);
#45=FACE_BOUND('',#851,.T.);
#46=FACE_BOUND('',#852,.T.);
#47=FACE_BOUND('',#853,.T.);
#48=FACE_BOUND('',#854,.T.);
#49=FACE_BOUND('',#855,.T.);
#50=FACE_BOUND('',#856,.T.);
#51=FACE_BOUND('',#857,.T.);
#52=FACE_BOUND('',#858,.T.);
#53=FACE_BOUND('',#859,.T.);
#54=FACE_BOUND('',#860,.T.);
#55=FACE_BOUND('',#861,.T.);
#56=FACE_BOUND('',#862,.T.);
#57=FACE_BOUND('',#863,.T.);
#58=FACE_BOUND('',#864,.T.);
#59=FACE_BOUND('',#865,.T.);
#60=FACE_BOUND('',#866,.T.);
#61=FACE_BOUND('',#867,.T.);
#62=FACE_BOUND('',#868,.T.);
#63=FACE_BOUND('',#869,.T.);
#64=FACE_BOUND('',#870,.T.);
#65=FACE_BOUND('',#871,.T.);
#66=FACE_BOUND('',#872,.T.);
#67=FACE_BOUND('',#873,.T.);
#68=FACE_BOUND('',#874,.T.);
#69=FACE_BOUND('',#875,.T.);
#70=FACE_BOUND('',#876,.T.);
#71=FACE_BOUND('',#877,.T.);
#72=FACE_BOUND('',#878,.T.);
#73=FACE_BOUND('',#879,.T.);
#74=FACE_BOUND('',#880,.T.);
#75=FACE_BOUND('',#881,.T.);
#76=FACE_BOUND('',#882,.T.);
#77=FACE_BOUND('',#883,.T.);
#78=FACE_BOUND('',#884,.T.);
#79=FACE_BOUND('',#1004,.T.);
#80=FACE_BOUND('',#1006,.T.);
#81=FACE_BOUND('',#1008,.T.);
#82=FACE_BOUND('',#1010,.T.);
#83=FACE_BOUND('',#1012,.T.);
#84=FACE_BOUND('',#1014,.T.);
#85=FACE_BOUND('',#1016,.T.);
#86=FACE_BOUND('',#1018,.T.);
#87=FACE_BOUND('',#1020,.T.);
#88=FACE_BOUND('',#1022,.T.);
#89=FACE_BOUND('',#1024,.T.);
#90=FACE_BOUND('',#1026,.T.);
#91=FACE_BOUND('',#1028,.T.);
#92=FACE_BOUND('',#1030,.T.);
#93=FACE_BOUND('',#1032,.T.);
#94=FACE_BOUND('',#1034,.T.);
#95=FACE_BOUND('',#1036,.T.);
#96=FACE_BOUND('',#1038,.T.);
#97=FACE_BOUND('',#1040,.T.);
#98=FACE_BOUND('',#1042,.T.);
#99=FACE_BOUND('',#1044,.T.);
#100=FACE_BOUND('',#1046,.T.);
#101=FACE_BOUND('',#1048,.T.);
#102=FACE_BOUND('',#1050,.T.);
#103=FACE_BOUND('',#1052,.T.);
#104=FACE_BOUND('',#1054,.T.);
#105=FACE_BOUND('',#1056,.T.);
#106=FACE_BOUND('',#1058,.T.);
#107=FACE_BOUND('',#1060,.T.);
#108=FACE_BOUND('',#1062,.T.);
#109=FACE_BOUND('',#1064,.T.);
#110=FACE_BOUND('',#1066,.T.);
#111=FACE_BOUND('',#1068,.T.);
#112=FACE_BOUND('',#1070,.T.);
#113=FACE_BOUND('',#1072,.T.);
#114=FACE_BOUND('',#1074,.T.);
#115=FACE_BOUND('',#1076,.T.);
#116=FACE_BOUND('',#1078,.T.);
#117=FACE_BOUND('',#1080,.T.);
#118=FACE_BOUND('',#1082,.T.);
#119=FACE_BOUND('',#1084,.T.);
#120=FACE_BOUND('',#1086,.T.);
#121=FACE_BOUND('',#1088,.T.);
#122=FACE_BOUND('',#1090,.T.);
#123=FACE_BOUND('',#1092,.T.);
#124=FACE_BOUND('',#1094,.T.);
#125=FACE_BOUND('',#1096,.T.);
#126=FACE_BOUND('',#1098,.T.);
#127=FACE_BOUND('',#1100,.T.);
#128=FACE_BOUND('',#1102,.T.);
#129=FACE_BOUND('',#1104,.T.);
#130=FACE_BOUND('',#1106,.T.);
#131=FACE_BOUND('',#1108,.T.);
#132=FACE_BOUND('',#1110,.T.);
#133=FACE_BOUND('',#1112,.T.);
#134=FACE_BOUND('',#1114,.T.);
#135=FACE_BOUND('',#1116,.T.);
#136=FACE_BOUND('',#1118,.T.);
#137=FACE_BOUND('',#1120,.T.);
#138=FACE_BOUND('',#1122,.T.);
#139=FACE_BOUND('',#1124,.T.);
#140=FACE_BOUND('',#1126,.T.);
#141=FACE_BOUND('',#1128,.T.);
#142=FACE_BOUND('',#1130,.T.);
#143=FACE_BOUND('',#1308,.T.);
#144=FACE_BOUND('',#1309,.T.);
#145=FACE_BOUND('',#1310,.T.);
#146=FACE_BOUND('',#1311,.T.);
#147=FACE_BOUND('',#1312,.T.);
#148=FACE_BOUND('',#1313,.T.);
#149=FACE_BOUND('',#1314,.T.);
#150=FACE_BOUND('',#1315,.T.);
#151=FACE_BOUND('',#1316,.T.);
#152=FACE_BOUND('',#1317,.T.);
#153=FACE_BOUND('',#1318,.T.);
#154=FACE_BOUND('',#1319,.T.);
#155=FACE_BOUND('',#1320,.T.);
#156=FACE_BOUND('',#1321,.T.);
#157=FACE_BOUND('',#1322,.T.);
#158=FACE_BOUND('',#1323,.T.);
#159=FACE_BOUND('',#1324,.T.);
#160=FACE_BOUND('',#1325,.T.);
#161=FACE_BOUND('',#1326,.T.);
#162=FACE_BOUND('',#1327,.T.);
#163=FACE_BOUND('',#1328,.T.);
#164=FACE_BOUND('',#1329,.T.);
#165=FACE_BOUND('',#1330,.T.);
#166=FACE_BOUND('',#1331,.T.);
#167=FACE_BOUND('',#1332,.T.);
#168=FACE_BOUND('',#1333,.T.);
#169=FACE_BOUND('',#1334,.T.);
#170=FACE_BOUND('',#1335,.T.);
#171=FACE_BOUND('',#1336,.T.);
#172=FACE_BOUND('',#1337,.T.);
#173=FACE_BOUND('',#1338,.T.);
#174=FACE_BOUND('',#1339,.T.);
#175=FACE_BOUND('',#1340,.T.);
#176=FACE_BOUND('',#1341,.T.);
#177=FACE_BOUND('',#1342,.T.);
#178=FACE_BOUND('',#1343,.T.);
#179=FACE_BOUND('',#1344,.T.);
#180=FACE_BOUND('',#1345,.T.);
#181=FACE_BOUND('',#1346,.T.);
#182=FACE_BOUND('',#1347,.T.);
#183=FACE_BOUND('',#1348,.T.);
#184=FACE_BOUND('',#1349,.T.);
#185=FACE_BOUND('',#1350,.T.);
#186=FACE_BOUND('',#1351,.T.);
#187=FACE_BOUND('',#1352,.T.);
#188=FACE_BOUND('',#1353,.T.);
#189=FACE_BOUND('',#1354,.T.);
#190=FACE_BOUND('',#1355,.T.);
#191=FACE_BOUND('',#1356,.T.);
#192=FACE_BOUND('',#1357,.T.);
#193=FACE_BOUND('',#1358,.T.);
#194=FACE_BOUND('',#1359,.T.);
#195=FACE_BOUND('',#1360,.T.);
#196=FACE_BOUND('',#1361,.T.);
#197=FACE_BOUND('',#1362,.T.);
#198=FACE_BOUND('',#1363,.T.);
#199=FACE_BOUND('',#1364,.T.);
#200=FACE_BOUND('',#1365,.T.);
#201=FACE_BOUND('',#1366,.T.);
#202=FACE_BOUND('',#1367,.T.);
#203=FACE_BOUND('',#1368,.T.);
#204=FACE_BOUND('',#1369,.T.);
#205=FACE_BOUND('',#1370,.T.);
#206=FACE_BOUND('',#1371,.T.);
#207=FACE_BOUND('',#1372,.T.);
#208=FACE_BOUND('',#1373,.T.);
#209=FACE_BOUND('',#1374,.T.);
#210=FACE_BOUND('',#1375,.T.);
#211=FACE_BOUND('',#1376,.T.);
#212=FACE_BOUND('',#1377,.T.);
#213=FACE_BOUND('',#1378,.T.);
#214=FACE_BOUND('',#1379,.T.);
#215=FACE_BOUND('',#1380,.T.);
#216=FACE_BOUND('',#1381,.T.);
#217=FACE_BOUND('',#1382,.T.);
#218=FACE_BOUND('',#1383,.T.);
#219=FACE_BOUND('',#1384,.T.);
#220=FACE_BOUND('',#1385,.T.);
#221=FACE_BOUND('',#1386,.T.);
#222=FACE_BOUND('',#1387,.T.);
#223=FACE_BOUND('',#1388,.T.);
#224=FACE_BOUND('',#1389,.T.);
#225=FACE_BOUND('',#1390,.T.);
#226=FACE_BOUND('',#1391,.T.);
#227=FACE_BOUND('',#1392,.T.);
#228=FACE_BOUND('',#1393,.T.);
#229=FACE_BOUND('',#1394,.T.);
#230=FACE_BOUND('',#1395,.T.);
#231=FACE_BOUND('',#1396,.T.);
#232=FACE_BOUND('',#1397,.T.);
#233=FACE_BOUND('',#1398,.T.);
#234=FACE_BOUND('',#1399,.T.);
#235=FACE_BOUND('',#1400,.T.);
#236=FACE_BOUND('',#1401,.T.);
#237=FACE_BOUND('',#1402,.T.);
#238=FACE_BOUND('',#1403,.T.);
#239=FACE_BOUND('',#1404,.T.);
#240=FACE_BOUND('',#1405,.T.);
#241=FACE_BOUND('',#1406,.T.);
#242=FACE_BOUND('',#1407,.T.);
#243=FACE_BOUND('',#1409,.T.);
#244=FACE_BOUND('',#1410,.T.);
#245=FACE_BOUND('',#1411,.T.);
#246=FACE_BOUND('',#1412,.T.);
#247=FACE_BOUND('',#1413,.T.);
#248=FACE_BOUND('',#1414,.T.);
#249=FACE_BOUND('',#1415,.T.);
#250=FACE_BOUND('',#1416,.T.);
#251=FACE_BOUND('',#1417,.T.);
#252=FACE_BOUND('',#1418,.T.);
#253=FACE_BOUND('',#1419,.T.);
#254=FACE_BOUND('',#1420,.T.);
#255=FACE_BOUND('',#1421,.T.);
#256=FACE_BOUND('',#1422,.T.);
#257=FACE_BOUND('',#1423,.T.);
#258=FACE_BOUND('',#1424,.T.);
#259=FACE_BOUND('',#1425,.T.);
#260=FACE_BOUND('',#1426,.T.);
#261=FACE_BOUND('',#1427,.T.);
#262=FACE_BOUND('',#1428,.T.);
#263=FACE_BOUND('',#1429,.T.);
#264=FACE_BOUND('',#1430,.T.);
#265=FACE_BOUND('',#1431,.T.);
#266=FACE_BOUND('',#1432,.T.);
#267=FACE_BOUND('',#1433,.T.);
#268=FACE_BOUND('',#1434,.T.);
#269=FACE_BOUND('',#1435,.T.);
#270=FACE_BOUND('',#1436,.T.);
#271=FACE_BOUND('',#1437,.T.);
#272=FACE_BOUND('',#1438,.T.);
#273=FACE_BOUND('',#1439,.T.);
#274=FACE_BOUND('',#1440,.T.);
#275=FACE_BOUND('',#1441,.T.);
#276=FACE_BOUND('',#1442,.T.);
#277=FACE_BOUND('',#1443,.T.);
#278=FACE_BOUND('',#1444,.T.);
#279=FACE_BOUND('',#1445,.T.);
#280=PLANE('',#7285);
#281=PLANE('',#7640);
#282=PLANE('',#7642);
#283=PLANE('',#7644);
#284=PLANE('',#7646);
#285=PLANE('',#7648);
#286=PLANE('',#7650);
#287=PLANE('',#7652);
#288=PLANE('',#7654);
#289=PLANE('',#7656);
#290=PLANE('',#7658);
#291=PLANE('',#7660);
#292=PLANE('',#7662);
#293=PLANE('',#7664);
#294=PLANE('',#7666);
#295=PLANE('',#7668);
#296=PLANE('',#7670);
#297=PLANE('',#7672);
#298=PLANE('',#7674);
#299=PLANE('',#7676);
#300=PLANE('',#7678);
#301=PLANE('',#7680);
#302=PLANE('',#7682);
#303=PLANE('',#7684);
#304=PLANE('',#7686);
#305=PLANE('',#7688);
#306=PLANE('',#7690);
#307=PLANE('',#7692);
#308=PLANE('',#7694);
#309=PLANE('',#7696);
#310=PLANE('',#7698);
#311=PLANE('',#7700);
#312=PLANE('',#7702);
#313=PLANE('',#7704);
#314=PLANE('',#7706);
#315=PLANE('',#7708);
#316=PLANE('',#7710);
#317=PLANE('',#7712);
#318=PLANE('',#7714);
#319=PLANE('',#7716);
#320=PLANE('',#7718);
#321=PLANE('',#7720);
#322=PLANE('',#7722);
#323=PLANE('',#7724);
#324=PLANE('',#7726);
#325=PLANE('',#7728);
#326=PLANE('',#7730);
#327=PLANE('',#7732);
#328=PLANE('',#7734);
#329=PLANE('',#7736);
#330=PLANE('',#7738);
#331=PLANE('',#7740);
#332=PLANE('',#7742);
#333=PLANE('',#7744);
#334=PLANE('',#7746);
#335=PLANE('',#7748);
#336=PLANE('',#7750);
#337=PLANE('',#7752);
#338=PLANE('',#7754);
#339=PLANE('',#7756);
#340=PLANE('',#7758);
#341=PLANE('',#7760);
#342=PLANE('',#7762);
#343=PLANE('',#7764);
#344=PLANE('',#7766);
#345=PLANE('',#8007);
#346=PLANE('',#8011);
#347=PLANE('',#8015);
#348=PLANE('',#8019);
#349=PLANE('',#8023);
#350=PLANE('',#8027);
#351=PLANE('',#8031);
#352=PLANE('',#8035);
#353=PLANE('',#8039);
#354=PLANE('',#8040);
#355=PLANE('',#8044);
#356=PLANE('',#8048);
#357=PLANE('',#8052);
#358=PLANE('',#8056);
#359=PLANE('',#8060);
#360=PLANE('',#8064);
#361=PLANE('',#8068);
#362=PLANE('',#8072);
#363=PLANE('',#8076);
#364=PLANE('',#8077);
#365=PLANE('',#8081);
#366=PLANE('',#8085);
#367=PLANE('',#8089);
#368=PLANE('',#8093);
#369=PLANE('',#8097);
#370=PLANE('',#8101);
#371=PLANE('',#8105);
#372=PLANE('',#8109);
#373=PLANE('',#8113);
#374=PLANE('',#8114);
#375=PLANE('',#8118);
#376=PLANE('',#8122);
#377=PLANE('',#8126);
#378=PLANE('',#8130);
#379=PLANE('',#8134);
#380=PLANE('',#8138);
#381=PLANE('',#8142);
#382=PLANE('',#8146);
#383=PLANE('',#8150);
#384=PLANE('',#8151);
#385=PLANE('',#8152);
#386=PLANE('',#8153);
#387=FACE_OUTER_BOUND('',#784,.T.);
#388=FACE_OUTER_BOUND('',#785,.T.);
#389=FACE_OUTER_BOUND('',#786,.T.);
#390=FACE_OUTER_BOUND('',#787,.T.);
#391=FACE_OUTER_BOUND('',#788,.T.);
#392=FACE_OUTER_BOUND('',#789,.T.);
#393=FACE_OUTER_BOUND('',#790,.T.);
#394=FACE_OUTER_BOUND('',#791,.T.);
#395=FACE_OUTER_BOUND('',#792,.T.);
#396=FACE_OUTER_BOUND('',#793,.T.);
#397=FACE_OUTER_BOUND('',#794,.T.);
#398=FACE_OUTER_BOUND('',#795,.T.);
#399=FACE_OUTER_BOUND('',#796,.T.);
#400=FACE_OUTER_BOUND('',#797,.T.);
#401=FACE_OUTER_BOUND('',#798,.T.);
#402=FACE_OUTER_BOUND('',#799,.T.);
#403=FACE_OUTER_BOUND('',#800,.T.);
#404=FACE_OUTER_BOUND('',#801,.T.);
#405=FACE_OUTER_BOUND('',#802,.T.);
#406=FACE_OUTER_BOUND('',#803,.T.);
#407=FACE_OUTER_BOUND('',#804,.T.);
#408=FACE_OUTER_BOUND('',#805,.T.);
#409=FACE_OUTER_BOUND('',#806,.T.);
#410=FACE_OUTER_BOUND('',#807,.T.);
#411=FACE_OUTER_BOUND('',#808,.T.);
#412=FACE_OUTER_BOUND('',#809,.T.);
#413=FACE_OUTER_BOUND('',#810,.T.);
#414=FACE_OUTER_BOUND('',#811,.T.);
#415=FACE_OUTER_BOUND('',#812,.T.);
#416=FACE_OUTER_BOUND('',#813,.T.);
#417=FACE_OUTER_BOUND('',#814,.T.);
#418=FACE_OUTER_BOUND('',#815,.T.);
#419=FACE_OUTER_BOUND('',#816,.T.);
#420=FACE_OUTER_BOUND('',#817,.T.);
#421=FACE_OUTER_BOUND('',#818,.T.);
#422=FACE_OUTER_BOUND('',#819,.T.);
#423=FACE_OUTER_BOUND('',#820,.T.);
#424=FACE_OUTER_BOUND('',#885,.T.);
#425=FACE_OUTER_BOUND('',#886,.T.);
#426=FACE_OUTER_BOUND('',#887,.T.);
#427=FACE_OUTER_BOUND('',#888,.T.);
#428=FACE_OUTER_BOUND('',#889,.T.);
#429=FACE_OUTER_BOUND('',#890,.T.);
#430=FACE_OUTER_BOUND('',#891,.T.);
#431=FACE_OUTER_BOUND('',#892,.T.);
#432=FACE_OUTER_BOUND('',#893,.T.);
#433=FACE_OUTER_BOUND('',#894,.T.);
#434=FACE_OUTER_BOUND('',#895,.T.);
#435=FACE_OUTER_BOUND('',#896,.T.);
#436=FACE_OUTER_BOUND('',#897,.T.);
#437=FACE_OUTER_BOUND('',#898,.T.);
#438=FACE_OUTER_BOUND('',#899,.T.);
#439=FACE_OUTER_BOUND('',#900,.T.);
#440=FACE_OUTER_BOUND('',#901,.T.);
#441=FACE_OUTER_BOUND('',#902,.T.);
#442=FACE_OUTER_BOUND('',#903,.T.);
#443=FACE_OUTER_BOUND('',#904,.T.);
#444=FACE_OUTER_BOUND('',#905,.T.);
#445=FACE_OUTER_BOUND('',#906,.T.);
#446=FACE_OUTER_BOUND('',#907,.T.);
#447=FACE_OUTER_BOUND('',#908,.T.);
#448=FACE_OUTER_BOUND('',#909,.T.);
#449=FACE_OUTER_BOUND('',#910,.T.);
#450=FACE_OUTER_BOUND('',#911,.T.);
#451=FACE_OUTER_BOUND('',#912,.T.);
#452=FACE_OUTER_BOUND('',#913,.T.);
#453=FACE_OUTER_BOUND('',#914,.T.);
#454=FACE_OUTER_BOUND('',#915,.T.);
#455=FACE_OUTER_BOUND('',#916,.T.);
#456=FACE_OUTER_BOUND('',#917,.T.);
#457=FACE_OUTER_BOUND('',#918,.T.);
#458=FACE_OUTER_BOUND('',#919,.T.);
#459=FACE_OUTER_BOUND('',#920,.T.);
#460=FACE_OUTER_BOUND('',#921,.T.);
#461=FACE_OUTER_BOUND('',#922,.T.);
#462=FACE_OUTER_BOUND('',#923,.T.);
#463=FACE_OUTER_BOUND('',#924,.T.);
#464=FACE_OUTER_BOUND('',#925,.T.);
#465=FACE_OUTER_BOUND('',#926,.T.);
#466=FACE_OUTER_BOUND('',#927,.T.);
#467=FACE_OUTER_BOUND('',#928,.T.);
#468=FACE_OUTER_BOUND('',#929,.T.);
#469=FACE_OUTER_BOUND('',#930,.T.);
#470=FACE_OUTER_BOUND('',#931,.T.);
#471=FACE_OUTER_BOUND('',#932,.T.);
#472=FACE_OUTER_BOUND('',#933,.T.);
#473=FACE_OUTER_BOUND('',#934,.T.);
#474=FACE_OUTER_BOUND('',#935,.T.);
#475=FACE_OUTER_BOUND('',#936,.T.);
#476=FACE_OUTER_BOUND('',#937,.T.);
#477=FACE_OUTER_BOUND('',#938,.T.);
#478=FACE_OUTER_BOUND('',#939,.T.);
#479=FACE_OUTER_BOUND('',#940,.T.);
#480=FACE_OUTER_BOUND('',#941,.T.);
#481=FACE_OUTER_BOUND('',#942,.T.);
#482=FACE_OUTER_BOUND('',#943,.T.);
#483=FACE_OUTER_BOUND('',#944,.T.);
#484=FACE_OUTER_BOUND('',#945,.T.);
#485=FACE_OUTER_BOUND('',#946,.T.);
#486=FACE_OUTER_BOUND('',#947,.T.);
#487=FACE_OUTER_BOUND('',#948,.T.);
#488=FACE_OUTER_BOUND('',#949,.T.);
#489=FACE_OUTER_BOUND('',#950,.T.);
#490=FACE_OUTER_BOUND('',#951,.T.);
#491=FACE_OUTER_BOUND('',#952,.T.);
#492=FACE_OUTER_BOUND('',#953,.T.);
#493=FACE_OUTER_BOUND('',#954,.T.);
#494=FACE_OUTER_BOUND('',#955,.T.);
#495=FACE_OUTER_BOUND('',#956,.T.);
#496=FACE_OUTER_BOUND('',#957,.T.);
#497=FACE_OUTER_BOUND('',#958,.T.);
#498=FACE_OUTER_BOUND('',#959,.T.);
#499=FACE_OUTER_BOUND('',#960,.T.);
#500=FACE_OUTER_BOUND('',#961,.T.);
#501=FACE_OUTER_BOUND('',#962,.T.);
#502=FACE_OUTER_BOUND('',#963,.T.);
#503=FACE_OUTER_BOUND('',#964,.T.);
#504=FACE_OUTER_BOUND('',#965,.T.);
#505=FACE_OUTER_BOUND('',#966,.T.);
#506=FACE_OUTER_BOUND('',#967,.T.);
#507=FACE_OUTER_BOUND('',#968,.T.);
#508=FACE_OUTER_BOUND('',#969,.T.);
#509=FACE_OUTER_BOUND('',#970,.T.);
#510=FACE_OUTER_BOUND('',#971,.T.);
#511=FACE_OUTER_BOUND('',#972,.T.);
#512=FACE_OUTER_BOUND('',#973,.T.);
#513=FACE_OUTER_BOUND('',#974,.T.);
#514=FACE_OUTER_BOUND('',#975,.T.);
#515=FACE_OUTER_BOUND('',#976,.T.);
#516=FACE_OUTER_BOUND('',#977,.T.);
#517=FACE_OUTER_BOUND('',#978,.T.);
#518=FACE_OUTER_BOUND('',#979,.T.);
#519=FACE_OUTER_BOUND('',#980,.T.);
#520=FACE_OUTER_BOUND('',#981,.T.);
#521=FACE_OUTER_BOUND('',#982,.T.);
#522=FACE_OUTER_BOUND('',#983,.T.);
#523=FACE_OUTER_BOUND('',#984,.T.);
#524=FACE_OUTER_BOUND('',#985,.T.);
#525=FACE_OUTER_BOUND('',#986,.T.);
#526=FACE_OUTER_BOUND('',#987,.T.);
#527=FACE_OUTER_BOUND('',#988,.T.);
#528=FACE_OUTER_BOUND('',#989,.T.);
#529=FACE_OUTER_BOUND('',#990,.T.);
#530=FACE_OUTER_BOUND('',#991,.T.);
#531=FACE_OUTER_BOUND('',#992,.T.);
#532=FACE_OUTER_BOUND('',#993,.T.);
#533=FACE_OUTER_BOUND('',#994,.T.);
#534=FACE_OUTER_BOUND('',#995,.T.);
#535=FACE_OUTER_BOUND('',#996,.T.);
#536=FACE_OUTER_BOUND('',#997,.T.);
#537=FACE_OUTER_BOUND('',#998,.T.);
#538=FACE_OUTER_BOUND('',#999,.T.);
#539=FACE_OUTER_BOUND('',#1000,.T.);
#540=FACE_OUTER_BOUND('',#1001,.T.);
#541=FACE_OUTER_BOUND('',#1002,.T.);
#542=FACE_OUTER_BOUND('',#1003,.T.);
#543=FACE_OUTER_BOUND('',#1005,.T.);
#544=FACE_OUTER_BOUND('',#1007,.T.);
#545=FACE_OUTER_BOUND('',#1009,.T.);
#546=FACE_OUTER_BOUND('',#1011,.T.);
#547=FACE_OUTER_BOUND('',#1013,.T.);
#548=FACE_OUTER_BOUND('',#1015,.T.);
#549=FACE_OUTER_BOUND('',#1017,.T.);
#550=FACE_OUTER_BOUND('',#1019,.T.);
#551=FACE_OUTER_BOUND('',#1021,.T.);
#552=FACE_OUTER_BOUND('',#1023,.T.);
#553=FACE_OUTER_BOUND('',#1025,.T.);
#554=FACE_OUTER_BOUND('',#1027,.T.);
#555=FACE_OUTER_BOUND('',#1029,.T.);
#556=FACE_OUTER_BOUND('',#1031,.T.);
#557=FACE_OUTER_BOUND('',#1033,.T.);
#558=FACE_OUTER_BOUND('',#1035,.T.);
#559=FACE_OUTER_BOUND('',#1037,.T.);
#560=FACE_OUTER_BOUND('',#1039,.T.);
#561=FACE_OUTER_BOUND('',#1041,.T.);
#562=FACE_OUTER_BOUND('',#1043,.T.);
#563=FACE_OUTER_BOUND('',#1045,.T.);
#564=FACE_OUTER_BOUND('',#1047,.T.);
#565=FACE_OUTER_BOUND('',#1049,.T.);
#566=FACE_OUTER_BOUND('',#1051,.T.);
#567=FACE_OUTER_BOUND('',#1053,.T.);
#568=FACE_OUTER_BOUND('',#1055,.T.);
#569=FACE_OUTER_BOUND('',#1057,.T.);
#570=FACE_OUTER_BOUND('',#1059,.T.);
#571=FACE_OUTER_BOUND('',#1061,.T.);
#572=FACE_OUTER_BOUND('',#1063,.T.);
#573=FACE_OUTER_BOUND('',#1065,.T.);
#574=FACE_OUTER_BOUND('',#1067,.T.);
#575=FACE_OUTER_BOUND('',#1069,.T.);
#576=FACE_OUTER_BOUND('',#1071,.T.);
#577=FACE_OUTER_BOUND('',#1073,.T.);
#578=FACE_OUTER_BOUND('',#1075,.T.);
#579=FACE_OUTER_BOUND('',#1077,.T.);
#580=FACE_OUTER_BOUND('',#1079,.T.);
#581=FACE_OUTER_BOUND('',#1081,.T.);
#582=FACE_OUTER_BOUND('',#1083,.T.);
#583=FACE_OUTER_BOUND('',#1085,.T.);
#584=FACE_OUTER_BOUND('',#1087,.T.);
#585=FACE_OUTER_BOUND('',#1089,.T.);
#586=FACE_OUTER_BOUND('',#1091,.T.);
#587=FACE_OUTER_BOUND('',#1093,.T.);
#588=FACE_OUTER_BOUND('',#1095,.T.);
#589=FACE_OUTER_BOUND('',#1097,.T.);
#590=FACE_OUTER_BOUND('',#1099,.T.);
#591=FACE_OUTER_BOUND('',#1101,.T.);
#592=FACE_OUTER_BOUND('',#1103,.T.);
#593=FACE_OUTER_BOUND('',#1105,.T.);
#594=FACE_OUTER_BOUND('',#1107,.T.);
#595=FACE_OUTER_BOUND('',#1109,.T.);
#596=FACE_OUTER_BOUND('',#1111,.T.);
#597=FACE_OUTER_BOUND('',#1113,.T.);
#598=FACE_OUTER_BOUND('',#1115,.T.);
#599=FACE_OUTER_BOUND('',#1117,.T.);
#600=FACE_OUTER_BOUND('',#1119,.T.);
#601=FACE_OUTER_BOUND('',#1121,.T.);
#602=FACE_OUTER_BOUND('',#1123,.T.);
#603=FACE_OUTER_BOUND('',#1125,.T.);
#604=FACE_OUTER_BOUND('',#1127,.T.);
#605=FACE_OUTER_BOUND('',#1129,.T.);
#606=FACE_OUTER_BOUND('',#1131,.T.);
#607=FACE_OUTER_BOUND('',#1132,.T.);
#608=FACE_OUTER_BOUND('',#1133,.T.);
#609=FACE_OUTER_BOUND('',#1134,.T.);
#610=FACE_OUTER_BOUND('',#1135,.T.);
#611=FACE_OUTER_BOUND('',#1136,.T.);
#612=FACE_OUTER_BOUND('',#1137,.T.);
#613=FACE_OUTER_BOUND('',#1138,.T.);
#614=FACE_OUTER_BOUND('',#1139,.T.);
#615=FACE_OUTER_BOUND('',#1140,.T.);
#616=FACE_OUTER_BOUND('',#1141,.T.);
#617=FACE_OUTER_BOUND('',#1142,.T.);
#618=FACE_OUTER_BOUND('',#1143,.T.);
#619=FACE_OUTER_BOUND('',#1144,.T.);
#620=FACE_OUTER_BOUND('',#1145,.T.);
#621=FACE_OUTER_BOUND('',#1146,.T.);
#622=FACE_OUTER_BOUND('',#1147,.T.);
#623=FACE_OUTER_BOUND('',#1148,.T.);
#624=FACE_OUTER_BOUND('',#1149,.T.);
#625=FACE_OUTER_BOUND('',#1150,.T.);
#626=FACE_OUTER_BOUND('',#1151,.T.);
#627=FACE_OUTER_BOUND('',#1152,.T.);
#628=FACE_OUTER_BOUND('',#1153,.T.);
#629=FACE_OUTER_BOUND('',#1154,.T.);
#630=FACE_OUTER_BOUND('',#1155,.T.);
#631=FACE_OUTER_BOUND('',#1156,.T.);
#632=FACE_OUTER_BOUND('',#1157,.T.);
#633=FACE_OUTER_BOUND('',#1158,.T.);
#634=FACE_OUTER_BOUND('',#1159,.T.);
#635=FACE_OUTER_BOUND('',#1160,.T.);
#636=FACE_OUTER_BOUND('',#1161,.T.);
#637=FACE_OUTER_BOUND('',#1162,.T.);
#638=FACE_OUTER_BOUND('',#1163,.T.);
#639=FACE_OUTER_BOUND('',#1164,.T.);
#640=FACE_OUTER_BOUND('',#1165,.T.);
#641=FACE_OUTER_BOUND('',#1166,.T.);
#642=FACE_OUTER_BOUND('',#1167,.T.);
#643=FACE_OUTER_BOUND('',#1168,.T.);
#644=FACE_OUTER_BOUND('',#1169,.T.);
#645=FACE_OUTER_BOUND('',#1170,.T.);
#646=FACE_OUTER_BOUND('',#1171,.T.);
#647=FACE_OUTER_BOUND('',#1172,.T.);
#648=FACE_OUTER_BOUND('',#1173,.T.);
#649=FACE_OUTER_BOUND('',#1174,.T.);
#650=FACE_OUTER_BOUND('',#1175,.T.);
#651=FACE_OUTER_BOUND('',#1176,.T.);
#652=FACE_OUTER_BOUND('',#1177,.T.);
#653=FACE_OUTER_BOUND('',#1178,.T.);
#654=FACE_OUTER_BOUND('',#1179,.T.);
#655=FACE_OUTER_BOUND('',#1180,.T.);
#656=FACE_OUTER_BOUND('',#1181,.T.);
#657=FACE_OUTER_BOUND('',#1182,.T.);
#658=FACE_OUTER_BOUND('',#1183,.T.);
#659=FACE_OUTER_BOUND('',#1184,.T.);
#660=FACE_OUTER_BOUND('',#1185,.T.);
#661=FACE_OUTER_BOUND('',#1186,.T.);
#662=FACE_OUTER_BOUND('',#1187,.T.);
#663=FACE_OUTER_BOUND('',#1188,.T.);
#664=FACE_OUTER_BOUND('',#1189,.T.);
#665=FACE_OUTER_BOUND('',#1190,.T.);
#666=FACE_OUTER_BOUND('',#1191,.T.);
#667=FACE_OUTER_BOUND('',#1192,.T.);
#668=FACE_OUTER_BOUND('',#1193,.T.);
#669=FACE_OUTER_BOUND('',#1194,.T.);
#670=FACE_OUTER_BOUND('',#1195,.T.);
#671=FACE_OUTER_BOUND('',#1196,.T.);
#672=FACE_OUTER_BOUND('',#1197,.T.);
#673=FACE_OUTER_BOUND('',#1198,.T.);
#674=FACE_OUTER_BOUND('',#1199,.T.);
#675=FACE_OUTER_BOUND('',#1200,.T.);
#676=FACE_OUTER_BOUND('',#1201,.T.);
#677=FACE_OUTER_BOUND('',#1202,.T.);
#678=FACE_OUTER_BOUND('',#1203,.T.);
#679=FACE_OUTER_BOUND('',#1204,.T.);
#680=FACE_OUTER_BOUND('',#1205,.T.);
#681=FACE_OUTER_BOUND('',#1206,.T.);
#682=FACE_OUTER_BOUND('',#1207,.T.);
#683=FACE_OUTER_BOUND('',#1208,.T.);
#684=FACE_OUTER_BOUND('',#1209,.T.);
#685=FACE_OUTER_BOUND('',#1210,.T.);
#686=FACE_OUTER_BOUND('',#1211,.T.);
#687=FACE_OUTER_BOUND('',#1212,.T.);
#688=FACE_OUTER_BOUND('',#1213,.T.);
#689=FACE_OUTER_BOUND('',#1214,.T.);
#690=FACE_OUTER_BOUND('',#1215,.T.);
#691=FACE_OUTER_BOUND('',#1216,.T.);
#692=FACE_OUTER_BOUND('',#1217,.T.);
#693=FACE_OUTER_BOUND('',#1218,.T.);
#694=FACE_OUTER_BOUND('',#1219,.T.);
#695=FACE_OUTER_BOUND('',#1220,.T.);
#696=FACE_OUTER_BOUND('',#1221,.T.);
#697=FACE_OUTER_BOUND('',#1222,.T.);
#698=FACE_OUTER_BOUND('',#1223,.T.);
#699=FACE_OUTER_BOUND('',#1224,.T.);
#700=FACE_OUTER_BOUND('',#1225,.T.);
#701=FACE_OUTER_BOUND('',#1226,.T.);
#702=FACE_OUTER_BOUND('',#1227,.T.);
#703=FACE_OUTER_BOUND('',#1228,.T.);
#704=FACE_OUTER_BOUND('',#1229,.T.);
#705=FACE_OUTER_BOUND('',#1230,.T.);
#706=FACE_OUTER_BOUND('',#1231,.T.);
#707=FACE_OUTER_BOUND('',#1232,.T.);
#708=FACE_OUTER_BOUND('',#1233,.T.);
#709=FACE_OUTER_BOUND('',#1234,.T.);
#710=FACE_OUTER_BOUND('',#1235,.T.);
#711=FACE_OUTER_BOUND('',#1236,.T.);
#712=FACE_OUTER_BOUND('',#1237,.T.);
#713=FACE_OUTER_BOUND('',#1238,.T.);
#714=FACE_OUTER_BOUND('',#1239,.T.);
#715=FACE_OUTER_BOUND('',#1240,.T.);
#716=FACE_OUTER_BOUND('',#1241,.T.);
#717=FACE_OUTER_BOUND('',#1242,.T.);
#718=FACE_OUTER_BOUND('',#1243,.T.);
#719=FACE_OUTER_BOUND('',#1244,.T.);
#720=FACE_OUTER_BOUND('',#1245,.T.);
#721=FACE_OUTER_BOUND('',#1246,.T.);
#722=FACE_OUTER_BOUND('',#1247,.T.);
#723=FACE_OUTER_BOUND('',#1248,.T.);
#724=FACE_OUTER_BOUND('',#1249,.T.);
#725=FACE_OUTER_BOUND('',#1250,.T.);
#726=FACE_OUTER_BOUND('',#1251,.T.);
#727=FACE_OUTER_BOUND('',#1252,.T.);
#728=FACE_OUTER_BOUND('',#1253,.T.);
#729=FACE_OUTER_BOUND('',#1254,.T.);
#730=FACE_OUTER_BOUND('',#1255,.T.);
#731=FACE_OUTER_BOUND('',#1256,.T.);
#732=FACE_OUTER_BOUND('',#1257,.T.);
#733=FACE_OUTER_BOUND('',#1258,.T.);
#734=FACE_OUTER_BOUND('',#1259,.T.);
#735=FACE_OUTER_BOUND('',#1260,.T.);
#736=FACE_OUTER_BOUND('',#1261,.T.);
#737=FACE_OUTER_BOUND('',#1262,.T.);
#738=FACE_OUTER_BOUND('',#1263,.T.);
#739=FACE_OUTER_BOUND('',#1264,.T.);
#740=FACE_OUTER_BOUND('',#1265,.T.);
#741=FACE_OUTER_BOUND('',#1266,.T.);
#742=FACE_OUTER_BOUND('',#1267,.T.);
#743=FACE_OUTER_BOUND('',#1268,.T.);
#744=FACE_OUTER_BOUND('',#1269,.T.);
#745=FACE_OUTER_BOUND('',#1270,.T.);
#746=FACE_OUTER_BOUND('',#1271,.T.);
#747=FACE_OUTER_BOUND('',#1272,.T.);
#748=FACE_OUTER_BOUND('',#1273,.T.);
#749=FACE_OUTER_BOUND('',#1274,.T.);
#750=FACE_OUTER_BOUND('',#1275,.T.);
#751=FACE_OUTER_BOUND('',#1276,.T.);
#752=FACE_OUTER_BOUND('',#1277,.T.);
#753=FACE_OUTER_BOUND('',#1278,.T.);
#754=FACE_OUTER_BOUND('',#1279,.T.);
#755=FACE_OUTER_BOUND('',#1280,.T.);
#756=FACE_OUTER_BOUND('',#1281,.T.);
#757=FACE_OUTER_BOUND('',#1282,.T.);
#758=FACE_OUTER_BOUND('',#1283,.T.);
#759=FACE_OUTER_BOUND('',#1284,.T.);
#760=FACE_OUTER_BOUND('',#1285,.T.);
#761=FACE_OUTER_BOUND('',#1286,.T.);
#762=FACE_OUTER_BOUND('',#1287,.T.);
#763=FACE_OUTER_BOUND('',#1288,.T.);
#764=FACE_OUTER_BOUND('',#1289,.T.);
#765=FACE_OUTER_BOUND('',#1290,.T.);
#766=FACE_OUTER_BOUND('',#1291,.T.);
#767=FACE_OUTER_BOUND('',#1292,.T.);
#768=FACE_OUTER_BOUND('',#1293,.T.);
#769=FACE_OUTER_BOUND('',#1294,.T.);
#770=FACE_OUTER_BOUND('',#1295,.T.);
#771=FACE_OUTER_BOUND('',#1296,.T.);
#772=FACE_OUTER_BOUND('',#1297,.T.);
#773=FACE_OUTER_BOUND('',#1298,.T.);
#774=FACE_OUTER_BOUND('',#1299,.T.);
#775=FACE_OUTER_BOUND('',#1300,.T.);
#776=FACE_OUTER_BOUND('',#1301,.T.);
#777=FACE_OUTER_BOUND('',#1302,.T.);
#778=FACE_OUTER_BOUND('',#1303,.T.);
#779=FACE_OUTER_BOUND('',#1304,.T.);
#780=FACE_OUTER_BOUND('',#1305,.T.);
#781=FACE_OUTER_BOUND('',#1306,.T.);
#782=FACE_OUTER_BOUND('',#1307,.T.);
#783=FACE_OUTER_BOUND('',#1408,.T.);
#784=EDGE_LOOP('',(#4496,#4497,#4498,#4499));
#785=EDGE_LOOP('',(#4500,#4501,#4502,#4503));
#786=EDGE_LOOP('',(#4504,#4505,#4506,#4507));
#787=EDGE_LOOP('',(#4508,#4509,#4510,#4511));
#788=EDGE_LOOP('',(#4512,#4513,#4514,#4515));
#789=EDGE_LOOP('',(#4516,#4517,#4518,#4519));
#790=EDGE_LOOP('',(#4520,#4521,#4522,#4523));
#791=EDGE_LOOP('',(#4524,#4525,#4526,#4527));
#792=EDGE_LOOP('',(#4528,#4529,#4530,#4531));
#793=EDGE_LOOP('',(#4532,#4533,#4534,#4535));
#794=EDGE_LOOP('',(#4536,#4537,#4538,#4539));
#795=EDGE_LOOP('',(#4540,#4541,#4542,#4543));
#796=EDGE_LOOP('',(#4544,#4545,#4546,#4547));
#797=EDGE_LOOP('',(#4548,#4549,#4550,#4551));
#798=EDGE_LOOP('',(#4552,#4553,#4554,#4555));
#799=EDGE_LOOP('',(#4556,#4557,#4558,#4559));
#800=EDGE_LOOP('',(#4560,#4561,#4562,#4563));
#801=EDGE_LOOP('',(#4564,#4565,#4566,#4567));
#802=EDGE_LOOP('',(#4568,#4569,#4570,#4571));
#803=EDGE_LOOP('',(#4572,#4573,#4574,#4575));
#804=EDGE_LOOP('',(#4576,#4577,#4578,#4579));
#805=EDGE_LOOP('',(#4580,#4581,#4582,#4583));
#806=EDGE_LOOP('',(#4584,#4585,#4586,#4587));
#807=EDGE_LOOP('',(#4588,#4589,#4590,#4591));
#808=EDGE_LOOP('',(#4592,#4593,#4594,#4595));
#809=EDGE_LOOP('',(#4596,#4597,#4598,#4599));
#810=EDGE_LOOP('',(#4600,#4601,#4602,#4603));
#811=EDGE_LOOP('',(#4604,#4605,#4606,#4607));
#812=EDGE_LOOP('',(#4608,#4609,#4610,#4611));
#813=EDGE_LOOP('',(#4612,#4613,#4614,#4615));
#814=EDGE_LOOP('',(#4616,#4617,#4618,#4619));
#815=EDGE_LOOP('',(#4620,#4621,#4622,#4623));
#816=EDGE_LOOP('',(#4624,#4625,#4626,#4627));
#817=EDGE_LOOP('',(#4628,#4629,#4630,#4631));
#818=EDGE_LOOP('',(#4632,#4633,#4634,#4635));
#819=EDGE_LOOP('',(#4636,#4637,#4638,#4639));
#820=EDGE_LOOP('',(#4640,#4641,#4642,#4643,#4644,#4645,#4646,#4647,#4648,
#4649,#4650,#4651,#4652,#4653,#4654,#4655,#4656,#4657,#4658,#4659,#4660,
#4661,#4662,#4663,#4664,#4665,#4666,#4667,#4668,#4669,#4670,#4671,#4672,
#4673,#4674,#4675,#4676,#4677,#4678,#4679,#4680,#4681,#4682,#4683,#4684,
#4685,#4686,#4687,#4688,#4689,#4690,#4691,#4692,#4693,#4694,#4695,#4696,
#4697,#4698,#4699,#4700,#4701,#4702,#4703,#4704,#4705,#4706,#4707,#4708,
#4709,#4710,#4711,#4712,#4713,#4714,#4715,#4716,#4717,#4718,#4719,#4720,
#4721,#4722,#4723,#4724,#4725,#4726,#4727,#4728,#4729));
#821=EDGE_LOOP('',(#4730));
#822=EDGE_LOOP('',(#4731));
#823=EDGE_LOOP('',(#4732));
#824=EDGE_LOOP('',(#4733));
#825=EDGE_LOOP('',(#4734));
#826=EDGE_LOOP('',(#4735));
#827=EDGE_LOOP('',(#4736));
#828=EDGE_LOOP('',(#4737));
#829=EDGE_LOOP('',(#4738));
#830=EDGE_LOOP('',(#4739));
#831=EDGE_LOOP('',(#4740));
#832=EDGE_LOOP('',(#4741));
#833=EDGE_LOOP('',(#4742));
#834=EDGE_LOOP('',(#4743));
#835=EDGE_LOOP('',(#4744));
#836=EDGE_LOOP('',(#4745));
#837=EDGE_LOOP('',(#4746));
#838=EDGE_LOOP('',(#4747));
#839=EDGE_LOOP('',(#4748));
#840=EDGE_LOOP('',(#4749));
#841=EDGE_LOOP('',(#4750));
#842=EDGE_LOOP('',(#4751));
#843=EDGE_LOOP('',(#4752));
#844=EDGE_LOOP('',(#4753));
#845=EDGE_LOOP('',(#4754));
#846=EDGE_LOOP('',(#4755));
#847=EDGE_LOOP('',(#4756));
#848=EDGE_LOOP('',(#4757));
#849=EDGE_LOOP('',(#4758));
#850=EDGE_LOOP('',(#4759));
#851=EDGE_LOOP('',(#4760));
#852=EDGE_LOOP('',(#4761));
#853=EDGE_LOOP('',(#4762));
#854=EDGE_LOOP('',(#4763));
#855=EDGE_LOOP('',(#4764));
#856=EDGE_LOOP('',(#4765));
#857=EDGE_LOOP('',(#4766));
#858=EDGE_LOOP('',(#4767));
#859=EDGE_LOOP('',(#4768));
#860=EDGE_LOOP('',(#4769));
#861=EDGE_LOOP('',(#4770));
#862=EDGE_LOOP('',(#4771));
#863=EDGE_LOOP('',(#4772));
#864=EDGE_LOOP('',(#4773));
#865=EDGE_LOOP('',(#4774));
#866=EDGE_LOOP('',(#4775));
#867=EDGE_LOOP('',(#4776));
#868=EDGE_LOOP('',(#4777));
#869=EDGE_LOOP('',(#4778));
#870=EDGE_LOOP('',(#4779));
#871=EDGE_LOOP('',(#4780));
#872=EDGE_LOOP('',(#4781));
#873=EDGE_LOOP('',(#4782));
#874=EDGE_LOOP('',(#4783));
#875=EDGE_LOOP('',(#4784));
#876=EDGE_LOOP('',(#4785));
#877=EDGE_LOOP('',(#4786));
#878=EDGE_LOOP('',(#4787));
#879=EDGE_LOOP('',(#4788));
#880=EDGE_LOOP('',(#4789));
#881=EDGE_LOOP('',(#4790));
#882=EDGE_LOOP('',(#4791));
#883=EDGE_LOOP('',(#4792));
#884=EDGE_LOOP('',(#4793));
#885=EDGE_LOOP('',(#4794,#4795,#4796,#4797));
#886=EDGE_LOOP('',(#4798,#4799,#4800,#4801));
#887=EDGE_LOOP('',(#4802,#4803,#4804,#4805));
#888=EDGE_LOOP('',(#4806,#4807,#4808,#4809));
#889=EDGE_LOOP('',(#4810,#4811,#4812,#4813));
#890=EDGE_LOOP('',(#4814,#4815,#4816,#4817));
#891=EDGE_LOOP('',(#4818,#4819,#4820,#4821));
#892=EDGE_LOOP('',(#4822,#4823,#4824,#4825));
#893=EDGE_LOOP('',(#4826,#4827,#4828,#4829));
#894=EDGE_LOOP('',(#4830,#4831,#4832,#4833));
#895=EDGE_LOOP('',(#4834,#4835,#4836,#4837));
#896=EDGE_LOOP('',(#4838,#4839,#4840,#4841));
#897=EDGE_LOOP('',(#4842,#4843,#4844,#4845));
#898=EDGE_LOOP('',(#4846,#4847,#4848,#4849));
#899=EDGE_LOOP('',(#4850,#4851,#4852,#4853));
#900=EDGE_LOOP('',(#4854,#4855,#4856,#4857));
#901=EDGE_LOOP('',(#4858,#4859,#4860,#4861));
#902=EDGE_LOOP('',(#4862,#4863,#4864,#4865));
#903=EDGE_LOOP('',(#4866,#4867,#4868,#4869));
#904=EDGE_LOOP('',(#4870,#4871,#4872,#4873));
#905=EDGE_LOOP('',(#4874,#4875,#4876,#4877));
#906=EDGE_LOOP('',(#4878,#4879,#4880,#4881));
#907=EDGE_LOOP('',(#4882,#4883,#4884,#4885));
#908=EDGE_LOOP('',(#4886,#4887,#4888,#4889));
#909=EDGE_LOOP('',(#4890,#4891,#4892,#4893));
#910=EDGE_LOOP('',(#4894,#4895,#4896,#4897));
#911=EDGE_LOOP('',(#4898,#4899,#4900,#4901));
#912=EDGE_LOOP('',(#4902,#4903,#4904,#4905));
#913=EDGE_LOOP('',(#4906,#4907,#4908,#4909));
#914=EDGE_LOOP('',(#4910,#4911,#4912,#4913));
#915=EDGE_LOOP('',(#4914,#4915,#4916,#4917));
#916=EDGE_LOOP('',(#4918,#4919,#4920,#4921));
#917=EDGE_LOOP('',(#4922,#4923,#4924,#4925));
#918=EDGE_LOOP('',(#4926,#4927,#4928,#4929));
#919=EDGE_LOOP('',(#4930,#4931,#4932,#4933));
#920=EDGE_LOOP('',(#4934,#4935,#4936,#4937));
#921=EDGE_LOOP('',(#4938,#4939,#4940,#4941));
#922=EDGE_LOOP('',(#4942,#4943,#4944,#4945));
#923=EDGE_LOOP('',(#4946,#4947,#4948,#4949));
#924=EDGE_LOOP('',(#4950,#4951,#4952,#4953));
#925=EDGE_LOOP('',(#4954,#4955,#4956,#4957));
#926=EDGE_LOOP('',(#4958,#4959,#4960,#4961));
#927=EDGE_LOOP('',(#4962,#4963,#4964,#4965));
#928=EDGE_LOOP('',(#4966,#4967,#4968,#4969));
#929=EDGE_LOOP('',(#4970,#4971,#4972,#4973));
#930=EDGE_LOOP('',(#4974,#4975,#4976,#4977));
#931=EDGE_LOOP('',(#4978,#4979,#4980,#4981));
#932=EDGE_LOOP('',(#4982,#4983,#4984,#4985));
#933=EDGE_LOOP('',(#4986,#4987,#4988,#4989));
#934=EDGE_LOOP('',(#4990,#4991,#4992,#4993));
#935=EDGE_LOOP('',(#4994,#4995,#4996,#4997));
#936=EDGE_LOOP('',(#4998,#4999,#5000,#5001));
#937=EDGE_LOOP('',(#5002,#5003,#5004,#5005));
#938=EDGE_LOOP('',(#5006,#5007,#5008,#5009));
#939=EDGE_LOOP('',(#5010,#5011,#5012,#5013));
#940=EDGE_LOOP('',(#5014,#5015,#5016,#5017));
#941=EDGE_LOOP('',(#5018,#5019,#5020,#5021));
#942=EDGE_LOOP('',(#5022,#5023,#5024,#5025));
#943=EDGE_LOOP('',(#5026,#5027,#5028,#5029));
#944=EDGE_LOOP('',(#5030,#5031,#5032,#5033));
#945=EDGE_LOOP('',(#5034,#5035,#5036,#5037));
#946=EDGE_LOOP('',(#5038,#5039,#5040,#5041));
#947=EDGE_LOOP('',(#5042,#5043,#5044,#5045));
#948=EDGE_LOOP('',(#5046,#5047,#5048,#5049));
#949=EDGE_LOOP('',(#5050,#5051,#5052,#5053));
#950=EDGE_LOOP('',(#5054,#5055,#5056,#5057));
#951=EDGE_LOOP('',(#5058,#5059,#5060,#5061));
#952=EDGE_LOOP('',(#5062,#5063,#5064,#5065));
#953=EDGE_LOOP('',(#5066,#5067,#5068,#5069));
#954=EDGE_LOOP('',(#5070,#5071,#5072,#5073));
#955=EDGE_LOOP('',(#5074,#5075,#5076,#5077));
#956=EDGE_LOOP('',(#5078,#5079,#5080,#5081));
#957=EDGE_LOOP('',(#5082,#5083,#5084,#5085));
#958=EDGE_LOOP('',(#5086,#5087,#5088,#5089));
#959=EDGE_LOOP('',(#5090,#5091,#5092,#5093));
#960=EDGE_LOOP('',(#5094,#5095,#5096,#5097));
#961=EDGE_LOOP('',(#5098,#5099,#5100,#5101));
#962=EDGE_LOOP('',(#5102,#5103,#5104,#5105));
#963=EDGE_LOOP('',(#5106,#5107,#5108,#5109));
#964=EDGE_LOOP('',(#5110,#5111,#5112,#5113));
#965=EDGE_LOOP('',(#5114,#5115,#5116,#5117));
#966=EDGE_LOOP('',(#5118,#5119,#5120,#5121));
#967=EDGE_LOOP('',(#5122,#5123,#5124,#5125));
#968=EDGE_LOOP('',(#5126,#5127,#5128,#5129));
#969=EDGE_LOOP('',(#5130,#5131,#5132,#5133));
#970=EDGE_LOOP('',(#5134,#5135,#5136,#5137));
#971=EDGE_LOOP('',(#5138,#5139,#5140,#5141));
#972=EDGE_LOOP('',(#5142,#5143,#5144,#5145));
#973=EDGE_LOOP('',(#5146,#5147,#5148,#5149));
#974=EDGE_LOOP('',(#5150,#5151,#5152,#5153));
#975=EDGE_LOOP('',(#5154,#5155,#5156,#5157));
#976=EDGE_LOOP('',(#5158,#5159,#5160,#5161));
#977=EDGE_LOOP('',(#5162,#5163,#5164,#5165));
#978=EDGE_LOOP('',(#5166,#5167,#5168,#5169));
#979=EDGE_LOOP('',(#5170,#5171,#5172,#5173));
#980=EDGE_LOOP('',(#5174,#5175,#5176,#5177));
#981=EDGE_LOOP('',(#5178,#5179,#5180,#5181));
#982=EDGE_LOOP('',(#5182,#5183,#5184,#5185));
#983=EDGE_LOOP('',(#5186,#5187,#5188,#5189));
#984=EDGE_LOOP('',(#5190,#5191,#5192,#5193));
#985=EDGE_LOOP('',(#5194,#5195,#5196,#5197));
#986=EDGE_LOOP('',(#5198,#5199,#5200,#5201));
#987=EDGE_LOOP('',(#5202,#5203,#5204,#5205));
#988=EDGE_LOOP('',(#5206,#5207,#5208,#5209));
#989=EDGE_LOOP('',(#5210,#5211,#5212,#5213));
#990=EDGE_LOOP('',(#5214,#5215,#5216,#5217));
#991=EDGE_LOOP('',(#5218,#5219,#5220,#5221));
#992=EDGE_LOOP('',(#5222,#5223,#5224,#5225));
#993=EDGE_LOOP('',(#5226,#5227,#5228,#5229));
#994=EDGE_LOOP('',(#5230,#5231,#5232,#5233));
#995=EDGE_LOOP('',(#5234,#5235,#5236,#5237));
#996=EDGE_LOOP('',(#5238,#5239,#5240,#5241));
#997=EDGE_LOOP('',(#5242,#5243,#5244,#5245));
#998=EDGE_LOOP('',(#5246,#5247,#5248,#5249));
#999=EDGE_LOOP('',(#5250,#5251,#5252,#5253));
#1000=EDGE_LOOP('',(#5254,#5255,#5256,#5257));
#1001=EDGE_LOOP('',(#5258,#5259,#5260,#5261));
#1002=EDGE_LOOP('',(#5262,#5263,#5264,#5265));
#1003=EDGE_LOOP('',(#5266));
#1004=EDGE_LOOP('',(#5267));
#1005=EDGE_LOOP('',(#5268));
#1006=EDGE_LOOP('',(#5269));
#1007=EDGE_LOOP('',(#5270));
#1008=EDGE_LOOP('',(#5271));
#1009=EDGE_LOOP('',(#5272));
#1010=EDGE_LOOP('',(#5273));
#1011=EDGE_LOOP('',(#5274));
#1012=EDGE_LOOP('',(#5275));
#1013=EDGE_LOOP('',(#5276));
#1014=EDGE_LOOP('',(#5277));
#1015=EDGE_LOOP('',(#5278));
#1016=EDGE_LOOP('',(#5279));
#1017=EDGE_LOOP('',(#5280));
#1018=EDGE_LOOP('',(#5281));
#1019=EDGE_LOOP('',(#5282));
#1020=EDGE_LOOP('',(#5283));
#1021=EDGE_LOOP('',(#5284));
#1022=EDGE_LOOP('',(#5285));
#1023=EDGE_LOOP('',(#5286));
#1024=EDGE_LOOP('',(#5287));
#1025=EDGE_LOOP('',(#5288));
#1026=EDGE_LOOP('',(#5289));
#1027=EDGE_LOOP('',(#5290));
#1028=EDGE_LOOP('',(#5291));
#1029=EDGE_LOOP('',(#5292));
#1030=EDGE_LOOP('',(#5293));
#1031=EDGE_LOOP('',(#5294));
#1032=EDGE_LOOP('',(#5295));
#1033=EDGE_LOOP('',(#5296));
#1034=EDGE_LOOP('',(#5297));
#1035=EDGE_LOOP('',(#5298));
#1036=EDGE_LOOP('',(#5299));
#1037=EDGE_LOOP('',(#5300));
#1038=EDGE_LOOP('',(#5301));
#1039=EDGE_LOOP('',(#5302));
#1040=EDGE_LOOP('',(#5303));
#1041=EDGE_LOOP('',(#5304));
#1042=EDGE_LOOP('',(#5305));
#1043=EDGE_LOOP('',(#5306));
#1044=EDGE_LOOP('',(#5307));
#1045=EDGE_LOOP('',(#5308));
#1046=EDGE_LOOP('',(#5309));
#1047=EDGE_LOOP('',(#5310));
#1048=EDGE_LOOP('',(#5311));
#1049=EDGE_LOOP('',(#5312));
#1050=EDGE_LOOP('',(#5313));
#1051=EDGE_LOOP('',(#5314));
#1052=EDGE_LOOP('',(#5315));
#1053=EDGE_LOOP('',(#5316));
#1054=EDGE_LOOP('',(#5317));
#1055=EDGE_LOOP('',(#5318));
#1056=EDGE_LOOP('',(#5319));
#1057=EDGE_LOOP('',(#5320));
#1058=EDGE_LOOP('',(#5321));
#1059=EDGE_LOOP('',(#5322));
#1060=EDGE_LOOP('',(#5323));
#1061=EDGE_LOOP('',(#5324));
#1062=EDGE_LOOP('',(#5325));
#1063=EDGE_LOOP('',(#5326));
#1064=EDGE_LOOP('',(#5327));
#1065=EDGE_LOOP('',(#5328));
#1066=EDGE_LOOP('',(#5329));
#1067=EDGE_LOOP('',(#5330));
#1068=EDGE_LOOP('',(#5331));
#1069=EDGE_LOOP('',(#5332));
#1070=EDGE_LOOP('',(#5333));
#1071=EDGE_LOOP('',(#5334));
#1072=EDGE_LOOP('',(#5335));
#1073=EDGE_LOOP('',(#5336));
#1074=EDGE_LOOP('',(#5337));
#1075=EDGE_LOOP('',(#5338));
#1076=EDGE_LOOP('',(#5339));
#1077=EDGE_LOOP('',(#5340));
#1078=EDGE_LOOP('',(#5341));
#1079=EDGE_LOOP('',(#5342));
#1080=EDGE_LOOP('',(#5343));
#1081=EDGE_LOOP('',(#5344));
#1082=EDGE_LOOP('',(#5345));
#1083=EDGE_LOOP('',(#5346));
#1084=EDGE_LOOP('',(#5347));
#1085=EDGE_LOOP('',(#5348));
#1086=EDGE_LOOP('',(#5349));
#1087=EDGE_LOOP('',(#5350));
#1088=EDGE_LOOP('',(#5351));
#1089=EDGE_LOOP('',(#5352));
#1090=EDGE_LOOP('',(#5353));
#1091=EDGE_LOOP('',(#5354));
#1092=EDGE_LOOP('',(#5355));
#1093=EDGE_LOOP('',(#5356));
#1094=EDGE_LOOP('',(#5357));
#1095=EDGE_LOOP('',(#5358));
#1096=EDGE_LOOP('',(#5359));
#1097=EDGE_LOOP('',(#5360));
#1098=EDGE_LOOP('',(#5361));
#1099=EDGE_LOOP('',(#5362));
#1100=EDGE_LOOP('',(#5363));
#1101=EDGE_LOOP('',(#5364));
#1102=EDGE_LOOP('',(#5365));
#1103=EDGE_LOOP('',(#5366));
#1104=EDGE_LOOP('',(#5367));
#1105=EDGE_LOOP('',(#5368));
#1106=EDGE_LOOP('',(#5369));
#1107=EDGE_LOOP('',(#5370));
#1108=EDGE_LOOP('',(#5371));
#1109=EDGE_LOOP('',(#5372));
#1110=EDGE_LOOP('',(#5373));
#1111=EDGE_LOOP('',(#5374));
#1112=EDGE_LOOP('',(#5375));
#1113=EDGE_LOOP('',(#5376));
#1114=EDGE_LOOP('',(#5377));
#1115=EDGE_LOOP('',(#5378));
#1116=EDGE_LOOP('',(#5379));
#1117=EDGE_LOOP('',(#5380));
#1118=EDGE_LOOP('',(#5381));
#1119=EDGE_LOOP('',(#5382));
#1120=EDGE_LOOP('',(#5383));
#1121=EDGE_LOOP('',(#5384));
#1122=EDGE_LOOP('',(#5385));
#1123=EDGE_LOOP('',(#5386));
#1124=EDGE_LOOP('',(#5387));
#1125=EDGE_LOOP('',(#5388));
#1126=EDGE_LOOP('',(#5389));
#1127=EDGE_LOOP('',(#5390));
#1128=EDGE_LOOP('',(#5391));
#1129=EDGE_LOOP('',(#5392));
#1130=EDGE_LOOP('',(#5393));
#1131=EDGE_LOOP('',(#5394,#5395,#5396,#5397));
#1132=EDGE_LOOP('',(#5398,#5399,#5400,#5401));
#1133=EDGE_LOOP('',(#5402,#5403,#5404,#5405));
#1134=EDGE_LOOP('',(#5406,#5407,#5408,#5409));
#1135=EDGE_LOOP('',(#5410,#5411,#5412,#5413));
#1136=EDGE_LOOP('',(#5414,#5415,#5416,#5417));
#1137=EDGE_LOOP('',(#5418,#5419,#5420,#5421));
#1138=EDGE_LOOP('',(#5422,#5423,#5424,#5425));
#1139=EDGE_LOOP('',(#5426,#5427,#5428,#5429));
#1140=EDGE_LOOP('',(#5430,#5431,#5432,#5433));
#1141=EDGE_LOOP('',(#5434,#5435,#5436,#5437));
#1142=EDGE_LOOP('',(#5438,#5439,#5440,#5441));
#1143=EDGE_LOOP('',(#5442,#5443,#5444,#5445));
#1144=EDGE_LOOP('',(#5446,#5447,#5448,#5449));
#1145=EDGE_LOOP('',(#5450,#5451,#5452,#5453));
#1146=EDGE_LOOP('',(#5454,#5455,#5456,#5457));
#1147=EDGE_LOOP('',(#5458,#5459,#5460,#5461));
#1148=EDGE_LOOP('',(#5462,#5463,#5464,#5465));
#1149=EDGE_LOOP('',(#5466,#5467,#5468,#5469));
#1150=EDGE_LOOP('',(#5470,#5471,#5472,#5473));
#1151=EDGE_LOOP('',(#5474,#5475,#5476,#5477));
#1152=EDGE_LOOP('',(#5478,#5479,#5480,#5481));
#1153=EDGE_LOOP('',(#5482,#5483,#5484,#5485));
#1154=EDGE_LOOP('',(#5486,#5487,#5488,#5489));
#1155=EDGE_LOOP('',(#5490,#5491,#5492,#5493));
#1156=EDGE_LOOP('',(#5494,#5495,#5496,#5497));
#1157=EDGE_LOOP('',(#5498,#5499,#5500,#5501));
#1158=EDGE_LOOP('',(#5502,#5503,#5504,#5505));
#1159=EDGE_LOOP('',(#5506,#5507,#5508,#5509));
#1160=EDGE_LOOP('',(#5510,#5511,#5512,#5513));
#1161=EDGE_LOOP('',(#5514,#5515,#5516,#5517));
#1162=EDGE_LOOP('',(#5518,#5519,#5520,#5521));
#1163=EDGE_LOOP('',(#5522,#5523,#5524,#5525));
#1164=EDGE_LOOP('',(#5526,#5527,#5528,#5529));
#1165=EDGE_LOOP('',(#5530,#5531,#5532,#5533));
#1166=EDGE_LOOP('',(#5534,#5535,#5536,#5537));
#1167=EDGE_LOOP('',(#5538,#5539,#5540,#5541));
#1168=EDGE_LOOP('',(#5542,#5543,#5544,#5545));
#1169=EDGE_LOOP('',(#5546,#5547,#5548,#5549));
#1170=EDGE_LOOP('',(#5550,#5551,#5552,#5553));
#1171=EDGE_LOOP('',(#5554,#5555,#5556,#5557));
#1172=EDGE_LOOP('',(#5558,#5559,#5560,#5561));
#1173=EDGE_LOOP('',(#5562,#5563,#5564,#5565));
#1174=EDGE_LOOP('',(#5566,#5567,#5568,#5569));
#1175=EDGE_LOOP('',(#5570,#5571,#5572,#5573));
#1176=EDGE_LOOP('',(#5574,#5575,#5576,#5577));
#1177=EDGE_LOOP('',(#5578,#5579,#5580,#5581));
#1178=EDGE_LOOP('',(#5582,#5583,#5584,#5585));
#1179=EDGE_LOOP('',(#5586,#5587,#5588,#5589));
#1180=EDGE_LOOP('',(#5590,#5591,#5592,#5593));
#1181=EDGE_LOOP('',(#5594,#5595,#5596,#5597));
#1182=EDGE_LOOP('',(#5598,#5599,#5600,#5601));
#1183=EDGE_LOOP('',(#5602,#5603,#5604,#5605));
#1184=EDGE_LOOP('',(#5606,#5607,#5608,#5609));
#1185=EDGE_LOOP('',(#5610,#5611,#5612,#5613));
#1186=EDGE_LOOP('',(#5614,#5615,#5616,#5617));
#1187=EDGE_LOOP('',(#5618,#5619,#5620,#5621));
#1188=EDGE_LOOP('',(#5622,#5623,#5624,#5625));
#1189=EDGE_LOOP('',(#5626,#5627,#5628,#5629));
#1190=EDGE_LOOP('',(#5630,#5631,#5632,#5633));
#1191=EDGE_LOOP('',(#5634,#5635,#5636,#5637));
#1192=EDGE_LOOP('',(#5638,#5639,#5640,#5641));
#1193=EDGE_LOOP('',(#5642,#5643,#5644,#5645));
#1194=EDGE_LOOP('',(#5646,#5647,#5648,#5649));
#1195=EDGE_LOOP('',(#5650,#5651,#5652,#5653));
#1196=EDGE_LOOP('',(#5654,#5655,#5656,#5657));
#1197=EDGE_LOOP('',(#5658,#5659,#5660,#5661));
#1198=EDGE_LOOP('',(#5662,#5663,#5664,#5665));
#1199=EDGE_LOOP('',(#5666,#5667,#5668,#5669));
#1200=EDGE_LOOP('',(#5670,#5671,#5672,#5673));
#1201=EDGE_LOOP('',(#5674,#5675,#5676,#5677));
#1202=EDGE_LOOP('',(#5678,#5679,#5680,#5681));
#1203=EDGE_LOOP('',(#5682,#5683,#5684,#5685));
#1204=EDGE_LOOP('',(#5686,#5687,#5688,#5689));
#1205=EDGE_LOOP('',(#5690,#5691,#5692,#5693));
#1206=EDGE_LOOP('',(#5694,#5695,#5696,#5697));
#1207=EDGE_LOOP('',(#5698,#5699,#5700,#5701));
#1208=EDGE_LOOP('',(#5702,#5703,#5704,#5705));
#1209=EDGE_LOOP('',(#5706,#5707,#5708,#5709));
#1210=EDGE_LOOP('',(#5710,#5711,#5712,#5713));
#1211=EDGE_LOOP('',(#5714,#5715,#5716,#5717));
#1212=EDGE_LOOP('',(#5718,#5719,#5720,#5721));
#1213=EDGE_LOOP('',(#5722,#5723,#5724,#5725));
#1214=EDGE_LOOP('',(#5726,#5727,#5728,#5729));
#1215=EDGE_LOOP('',(#5730,#5731,#5732,#5733));
#1216=EDGE_LOOP('',(#5734,#5735,#5736,#5737));
#1217=EDGE_LOOP('',(#5738,#5739,#5740,#5741));
#1218=EDGE_LOOP('',(#5742,#5743,#5744,#5745));
#1219=EDGE_LOOP('',(#5746,#5747,#5748,#5749));
#1220=EDGE_LOOP('',(#5750,#5751,#5752,#5753));
#1221=EDGE_LOOP('',(#5754,#5755,#5756,#5757));
#1222=EDGE_LOOP('',(#5758,#5759,#5760,#5761));
#1223=EDGE_LOOP('',(#5762,#5763,#5764,#5765));
#1224=EDGE_LOOP('',(#5766,#5767,#5768,#5769));
#1225=EDGE_LOOP('',(#5770,#5771,#5772,#5773));
#1226=EDGE_LOOP('',(#5774,#5775,#5776,#5777));
#1227=EDGE_LOOP('',(#5778,#5779,#5780,#5781));
#1228=EDGE_LOOP('',(#5782,#5783,#5784,#5785));
#1229=EDGE_LOOP('',(#5786,#5787,#5788,#5789));
#1230=EDGE_LOOP('',(#5790,#5791,#5792,#5793));
#1231=EDGE_LOOP('',(#5794,#5795,#5796,#5797));
#1232=EDGE_LOOP('',(#5798,#5799,#5800,#5801));
#1233=EDGE_LOOP('',(#5802,#5803,#5804,#5805));
#1234=EDGE_LOOP('',(#5806,#5807,#5808,#5809));
#1235=EDGE_LOOP('',(#5810,#5811,#5812,#5813));
#1236=EDGE_LOOP('',(#5814,#5815,#5816,#5817));
#1237=EDGE_LOOP('',(#5818,#5819,#5820,#5821));
#1238=EDGE_LOOP('',(#5822,#5823,#5824,#5825));
#1239=EDGE_LOOP('',(#5826,#5827,#5828,#5829));
#1240=EDGE_LOOP('',(#5830,#5831,#5832,#5833));
#1241=EDGE_LOOP('',(#5834,#5835,#5836,#5837));
#1242=EDGE_LOOP('',(#5838,#5839,#5840,#5841));
#1243=EDGE_LOOP('',(#5842,#5843,#5844,#5845));
#1244=EDGE_LOOP('',(#5846,#5847,#5848,#5849));
#1245=EDGE_LOOP('',(#5850,#5851,#5852,#5853));
#1246=EDGE_LOOP('',(#5854,#5855,#5856,#5857));
#1247=EDGE_LOOP('',(#5858,#5859,#5860,#5861));
#1248=EDGE_LOOP('',(#5862,#5863,#5864,#5865));
#1249=EDGE_LOOP('',(#5866,#5867,#5868,#5869));
#1250=EDGE_LOOP('',(#5870,#5871,#5872,#5873));
#1251=EDGE_LOOP('',(#5874,#5875,#5876,#5877));
#1252=EDGE_LOOP('',(#5878,#5879,#5880,#5881));
#1253=EDGE_LOOP('',(#5882,#5883,#5884,#5885));
#1254=EDGE_LOOP('',(#5886,#5887,#5888,#5889));
#1255=EDGE_LOOP('',(#5890,#5891,#5892,#5893));
#1256=EDGE_LOOP('',(#5894,#5895,#5896,#5897));
#1257=EDGE_LOOP('',(#5898,#5899,#5900,#5901));
#1258=EDGE_LOOP('',(#5902,#5903,#5904,#5905));
#1259=EDGE_LOOP('',(#5906,#5907,#5908,#5909));
#1260=EDGE_LOOP('',(#5910,#5911,#5912,#5913));
#1261=EDGE_LOOP('',(#5914,#5915,#5916,#5917));
#1262=EDGE_LOOP('',(#5918,#5919,#5920,#5921));
#1263=EDGE_LOOP('',(#5922,#5923,#5924,#5925));
#1264=EDGE_LOOP('',(#5926,#5927,#5928,#5929));
#1265=EDGE_LOOP('',(#5930,#5931,#5932,#5933));
#1266=EDGE_LOOP('',(#5934,#5935,#5936,#5937));
#1267=EDGE_LOOP('',(#5938,#5939,#5940,#5941));
#1268=EDGE_LOOP('',(#5942,#5943,#5944,#5945));
#1269=EDGE_LOOP('',(#5946,#5947,#5948,#5949));
#1270=EDGE_LOOP('',(#5950,#5951,#5952,#5953));
#1271=EDGE_LOOP('',(#5954,#5955,#5956,#5957));
#1272=EDGE_LOOP('',(#5958,#5959,#5960,#5961));
#1273=EDGE_LOOP('',(#5962,#5963,#5964,#5965));
#1274=EDGE_LOOP('',(#5966,#5967,#5968,#5969));
#1275=EDGE_LOOP('',(#5970,#5971,#5972,#5973));
#1276=EDGE_LOOP('',(#5974,#5975,#5976,#5977));
#1277=EDGE_LOOP('',(#5978,#5979,#5980,#5981));
#1278=EDGE_LOOP('',(#5982,#5983,#5984,#5985));
#1279=EDGE_LOOP('',(#5986,#5987,#5988,#5989));
#1280=EDGE_LOOP('',(#5990,#5991,#5992,#5993));
#1281=EDGE_LOOP('',(#5994,#5995,#5996,#5997));
#1282=EDGE_LOOP('',(#5998,#5999,#6000,#6001));
#1283=EDGE_LOOP('',(#6002,#6003,#6004,#6005));
#1284=EDGE_LOOP('',(#6006,#6007,#6008,#6009));
#1285=EDGE_LOOP('',(#6010,#6011,#6012,#6013));
#1286=EDGE_LOOP('',(#6014,#6015,#6016,#6017));
#1287=EDGE_LOOP('',(#6018,#6019,#6020,#6021));
#1288=EDGE_LOOP('',(#6022,#6023,#6024,#6025));
#1289=EDGE_LOOP('',(#6026,#6027,#6028,#6029));
#1290=EDGE_LOOP('',(#6030,#6031,#6032,#6033));
#1291=EDGE_LOOP('',(#6034,#6035,#6036,#6037));
#1292=EDGE_LOOP('',(#6038,#6039,#6040,#6041));
#1293=EDGE_LOOP('',(#6042,#6043,#6044,#6045));
#1294=EDGE_LOOP('',(#6046,#6047,#6048,#6049));
#1295=EDGE_LOOP('',(#6050,#6051,#6052,#6053));
#1296=EDGE_LOOP('',(#6054,#6055,#6056,#6057));
#1297=EDGE_LOOP('',(#6058,#6059,#6060,#6061));
#1298=EDGE_LOOP('',(#6062,#6063,#6064,#6065));
#1299=EDGE_LOOP('',(#6066,#6067,#6068,#6069));
#1300=EDGE_LOOP('',(#6070,#6071,#6072,#6073));
#1301=EDGE_LOOP('',(#6074,#6075,#6076,#6077));
#1302=EDGE_LOOP('',(#6078,#6079,#6080,#6081));
#1303=EDGE_LOOP('',(#6082,#6083,#6084,#6085));
#1304=EDGE_LOOP('',(#6086,#6087,#6088,#6089));
#1305=EDGE_LOOP('',(#6090,#6091,#6092,#6093));
#1306=EDGE_LOOP('',(#6094,#6095,#6096,#6097));
#1307=EDGE_LOOP('',(#6098,#6099,#6100,#6101,#6102,#6103,#6104,#6105,#6106,
#6107,#6108,#6109,#6110,#6111,#6112,#6113,#6114,#6115,#6116,#6117,#6118,
#6119,#6120,#6121,#6122,#6123,#6124,#6125,#6126,#6127,#6128,#6129,#6130,
#6131,#6132,#6133,#6134,#6135,#6136,#6137,#6138,#6139,#6140,#6141,#6142,
#6143,#6144,#6145,#6146,#6147,#6148,#6149,#6150,#6151,#6152,#6153,#6154,
#6155,#6156,#6157,#6158,#6159,#6160,#6161,#6162,#6163,#6164,#6165,#6166,
#6167,#6168,#6169,#6170,#6171,#6172,#6173));
#1308=EDGE_LOOP('',(#6174));
#1309=EDGE_LOOP('',(#6175));
#1310=EDGE_LOOP('',(#6176));
#1311=EDGE_LOOP('',(#6177));
#1312=EDGE_LOOP('',(#6178));
#1313=EDGE_LOOP('',(#6179));
#1314=EDGE_LOOP('',(#6180));
#1315=EDGE_LOOP('',(#6181));
#1316=EDGE_LOOP('',(#6182));
#1317=EDGE_LOOP('',(#6183));
#1318=EDGE_LOOP('',(#6184));
#1319=EDGE_LOOP('',(#6185));
#1320=EDGE_LOOP('',(#6186));
#1321=EDGE_LOOP('',(#6187));
#1322=EDGE_LOOP('',(#6188));
#1323=EDGE_LOOP('',(#6189));
#1324=EDGE_LOOP('',(#6190));
#1325=EDGE_LOOP('',(#6191));
#1326=EDGE_LOOP('',(#6192));
#1327=EDGE_LOOP('',(#6193));
#1328=EDGE_LOOP('',(#6194));
#1329=EDGE_LOOP('',(#6195));
#1330=EDGE_LOOP('',(#6196));
#1331=EDGE_LOOP('',(#6197));
#1332=EDGE_LOOP('',(#6198));
#1333=EDGE_LOOP('',(#6199));
#1334=EDGE_LOOP('',(#6200));
#1335=EDGE_LOOP('',(#6201));
#1336=EDGE_LOOP('',(#6202));
#1337=EDGE_LOOP('',(#6203));
#1338=EDGE_LOOP('',(#6204));
#1339=EDGE_LOOP('',(#6205));
#1340=EDGE_LOOP('',(#6206));
#1341=EDGE_LOOP('',(#6207));
#1342=EDGE_LOOP('',(#6208));
#1343=EDGE_LOOP('',(#6209));
#1344=EDGE_LOOP('',(#6210));
#1345=EDGE_LOOP('',(#6211));
#1346=EDGE_LOOP('',(#6212));
#1347=EDGE_LOOP('',(#6213));
#1348=EDGE_LOOP('',(#6214));
#1349=EDGE_LOOP('',(#6215));
#1350=EDGE_LOOP('',(#6216));
#1351=EDGE_LOOP('',(#6217));
#1352=EDGE_LOOP('',(#6218));
#1353=EDGE_LOOP('',(#6219));
#1354=EDGE_LOOP('',(#6220));
#1355=EDGE_LOOP('',(#6221));
#1356=EDGE_LOOP('',(#6222));
#1357=EDGE_LOOP('',(#6223));
#1358=EDGE_LOOP('',(#6224));
#1359=EDGE_LOOP('',(#6225));
#1360=EDGE_LOOP('',(#6226));
#1361=EDGE_LOOP('',(#6227));
#1362=EDGE_LOOP('',(#6228));
#1363=EDGE_LOOP('',(#6229));
#1364=EDGE_LOOP('',(#6230));
#1365=EDGE_LOOP('',(#6231));
#1366=EDGE_LOOP('',(#6232));
#1367=EDGE_LOOP('',(#6233));
#1368=EDGE_LOOP('',(#6234));
#1369=EDGE_LOOP('',(#6235));
#1370=EDGE_LOOP('',(#6236));
#1371=EDGE_LOOP('',(#6237));
#1372=EDGE_LOOP('',(#6238));
#1373=EDGE_LOOP('',(#6239));
#1374=EDGE_LOOP('',(#6240));
#1375=EDGE_LOOP('',(#6241));
#1376=EDGE_LOOP('',(#6242));
#1377=EDGE_LOOP('',(#6243));
#1378=EDGE_LOOP('',(#6244));
#1379=EDGE_LOOP('',(#6245));
#1380=EDGE_LOOP('',(#6246));
#1381=EDGE_LOOP('',(#6247));
#1382=EDGE_LOOP('',(#6248));
#1383=EDGE_LOOP('',(#6249));
#1384=EDGE_LOOP('',(#6250));
#1385=EDGE_LOOP('',(#6251));
#1386=EDGE_LOOP('',(#6252));
#1387=EDGE_LOOP('',(#6253));
#1388=EDGE_LOOP('',(#6254));
#1389=EDGE_LOOP('',(#6255));
#1390=EDGE_LOOP('',(#6256));
#1391=EDGE_LOOP('',(#6257));
#1392=EDGE_LOOP('',(#6258));
#1393=EDGE_LOOP('',(#6259));
#1394=EDGE_LOOP('',(#6260));
#1395=EDGE_LOOP('',(#6261));
#1396=EDGE_LOOP('',(#6262));
#1397=EDGE_LOOP('',(#6263));
#1398=EDGE_LOOP('',(#6264));
#1399=EDGE_LOOP('',(#6265));
#1400=EDGE_LOOP('',(#6266));
#1401=EDGE_LOOP('',(#6267));
#1402=EDGE_LOOP('',(#6268));
#1403=EDGE_LOOP('',(#6269));
#1404=EDGE_LOOP('',(#6270));
#1405=EDGE_LOOP('',(#6271));
#1406=EDGE_LOOP('',(#6272));
#1407=EDGE_LOOP('',(#6273));
#1408=EDGE_LOOP('',(#6274,#6275,#6276,#6277,#6278,#6279,#6280,#6281,#6282,
#6283,#6284,#6285,#6286,#6287,#6288,#6289,#6290,#6291,#6292,#6293,#6294,
#6295,#6296,#6297,#6298,#6299,#6300,#6301,#6302,#6303,#6304,#6305,#6306,
#6307,#6308,#6309,#6310,#6311,#6312,#6313,#6314,#6315,#6316,#6317,#6318,
#6319,#6320,#6321,#6322,#6323,#6324,#6325,#6326,#6327,#6328,#6329,#6330,
#6331,#6332,#6333,#6334,#6335,#6336,#6337,#6338,#6339,#6340,#6341,#6342,
#6343,#6344,#6345,#6346,#6347,#6348,#6349));
#1409=EDGE_LOOP('',(#6350,#6351,#6352,#6353,#6354,#6355,#6356,#6357,#6358,
#6359,#6360,#6361,#6362,#6363,#6364,#6365,#6366,#6367,#6368,#6369,#6370,
#6371,#6372,#6373,#6374,#6375,#6376,#6377,#6378,#6379,#6380,#6381,#6382,
#6383,#6384,#6385,#6386,#6387,#6388,#6389,#6390,#6391,#6392,#6393,#6394,
#6395,#6396,#6397,#6398,#6399,#6400,#6401,#6402,#6403,#6404,#6405,#6406,
#6407,#6408,#6409,#6410,#6411,#6412,#6413,#6414,#6415,#6416,#6417,#6418,
#6419,#6420,#6421,#6422,#6423,#6424,#6425,#6426,#6427,#6428,#6429,#6430,
#6431,#6432,#6433,#6434,#6435,#6436,#6437,#6438,#6439));
#1410=EDGE_LOOP('',(#6440));
#1411=EDGE_LOOP('',(#6441));
#1412=EDGE_LOOP('',(#6442));
#1413=EDGE_LOOP('',(#6443));
#1414=EDGE_LOOP('',(#6444));
#1415=EDGE_LOOP('',(#6445));
#1416=EDGE_LOOP('',(#6446));
#1417=EDGE_LOOP('',(#6447));
#1418=EDGE_LOOP('',(#6448));
#1419=EDGE_LOOP('',(#6449));
#1420=EDGE_LOOP('',(#6450));
#1421=EDGE_LOOP('',(#6451));
#1422=EDGE_LOOP('',(#6452));
#1423=EDGE_LOOP('',(#6453));
#1424=EDGE_LOOP('',(#6454));
#1425=EDGE_LOOP('',(#6455));
#1426=EDGE_LOOP('',(#6456));
#1427=EDGE_LOOP('',(#6457));
#1428=EDGE_LOOP('',(#6458));
#1429=EDGE_LOOP('',(#6459));
#1430=EDGE_LOOP('',(#6460));
#1431=EDGE_LOOP('',(#6461));
#1432=EDGE_LOOP('',(#6462));
#1433=EDGE_LOOP('',(#6463));
#1434=EDGE_LOOP('',(#6464));
#1435=EDGE_LOOP('',(#6465));
#1436=EDGE_LOOP('',(#6466));
#1437=EDGE_LOOP('',(#6467));
#1438=EDGE_LOOP('',(#6468));
#1439=EDGE_LOOP('',(#6469));
#1440=EDGE_LOOP('',(#6470));
#1441=EDGE_LOOP('',(#6471));
#1442=EDGE_LOOP('',(#6472));
#1443=EDGE_LOOP('',(#6473));
#1444=EDGE_LOOP('',(#6474));
#1445=EDGE_LOOP('',(#6475));
#1446=LINE('',#10526,#1856);
#1447=LINE('',#10529,#1857);
#1448=LINE('',#10534,#1858);
#1449=LINE('',#10541,#1859);
#1450=LINE('',#10544,#1860);
#1451=LINE('',#10549,#1861);
#1452=LINE('',#10556,#1862);
#1453=LINE('',#10559,#1863);
#1454=LINE('',#10564,#1864);
#1455=LINE('',#10571,#1865);
#1456=LINE('',#10574,#1866);
#1457=LINE('',#10579,#1867);
#1458=LINE('',#10586,#1868);
#1459=LINE('',#10589,#1869);
#1460=LINE('',#10594,#1870);
#1461=LINE('',#10601,#1871);
#1462=LINE('',#10604,#1872);
#1463=LINE('',#10609,#1873);
#1464=LINE('',#10616,#1874);
#1465=LINE('',#10619,#1875);
#1466=LINE('',#10624,#1876);
#1467=LINE('',#10631,#1877);
#1468=LINE('',#10634,#1878);
#1469=LINE('',#10639,#1879);
#1470=LINE('',#10646,#1880);
#1471=LINE('',#10649,#1881);
#1472=LINE('',#10654,#1882);
#1473=LINE('',#10661,#1883);
#1474=LINE('',#10664,#1884);
#1475=LINE('',#10669,#1885);
#1476=LINE('',#10676,#1886);
#1477=LINE('',#10679,#1887);
#1478=LINE('',#10684,#1888);
#1479=LINE('',#10691,#1889);
#1480=LINE('',#10694,#1890);
#1481=LINE('',#10699,#1891);
#1482=LINE('',#10706,#1892);
#1483=LINE('',#10709,#1893);
#1484=LINE('',#10714,#1894);
#1485=LINE('',#10721,#1895);
#1486=LINE('',#10724,#1896);
#1487=LINE('',#10729,#1897);
#1488=LINE('',#10736,#1898);
#1489=LINE('',#10739,#1899);
#1490=LINE('',#10744,#1900);
#1491=LINE('',#10751,#1901);
#1492=LINE('',#10754,#1902);
#1493=LINE('',#10759,#1903);
#1494=LINE('',#10766,#1904);
#1495=LINE('',#10769,#1905);
#1496=LINE('',#10774,#1906);
#1497=LINE('',#10781,#1907);
#1498=LINE('',#10784,#1908);
#1499=LINE('',#10789,#1909);
#1500=LINE('',#11012,#1910);
#1501=LINE('',#11015,#1911);
#1502=LINE('',#11018,#1912);
#1503=LINE('',#11021,#1913);
#1504=LINE('',#11024,#1914);
#1505=LINE('',#11027,#1915);
#1506=LINE('',#11030,#1916);
#1507=LINE('',#11033,#1917);
#1508=LINE('',#11036,#1918);
#1509=LINE('',#11039,#1919);
#1510=LINE('',#11042,#1920);
#1511=LINE('',#11045,#1921);
#1512=LINE('',#11048,#1922);
#1513=LINE('',#11051,#1923);
#1514=LINE('',#11054,#1924);
#1515=LINE('',#11057,#1925);
#1516=LINE('',#11060,#1926);
#1517=LINE('',#11063,#1927);
#1518=LINE('',#11068,#1928);
#1519=LINE('',#11069,#1929);
#1520=LINE('',#11074,#1930);
#1521=LINE('',#11075,#1931);
#1522=LINE('',#11080,#1932);
#1523=LINE('',#11081,#1933);
#1524=LINE('',#11086,#1934);
#1525=LINE('',#11087,#1935);
#1526=LINE('',#11092,#1936);
#1527=LINE('',#11093,#1937);
#1528=LINE('',#11098,#1938);
#1529=LINE('',#11099,#1939);
#1530=LINE('',#11104,#1940);
#1531=LINE('',#11105,#1941);
#1532=LINE('',#11110,#1942);
#1533=LINE('',#11111,#1943);
#1534=LINE('',#11116,#1944);
#1535=LINE('',#11117,#1945);
#1536=LINE('',#11143,#1946);
#1537=LINE('',#11147,#1947);
#1538=LINE('',#11151,#1948);
#1539=LINE('',#11155,#1949);
#1540=LINE('',#11159,#1950);
#1541=LINE('',#11163,#1951);
#1542=LINE('',#11167,#1952);
#1543=LINE('',#11171,#1953);
#1544=LINE('',#11179,#1954);
#1545=LINE('',#11183,#1955);
#1546=LINE('',#11187,#1956);
#1547=LINE('',#11191,#1957);
#1548=LINE('',#11195,#1958);
#1549=LINE('',#11199,#1959);
#1550=LINE('',#11203,#1960);
#1551=LINE('',#11207,#1961);
#1552=LINE('',#11215,#1962);
#1553=LINE('',#11219,#1963);
#1554=LINE('',#11223,#1964);
#1555=LINE('',#11227,#1965);
#1556=LINE('',#11231,#1966);
#1557=LINE('',#11235,#1967);
#1558=LINE('',#11239,#1968);
#1559=LINE('',#11243,#1969);
#1560=LINE('',#11251,#1970);
#1561=LINE('',#11255,#1971);
#1562=LINE('',#11259,#1972);
#1563=LINE('',#11265,#1973);
#1564=LINE('',#11271,#1974);
#1565=LINE('',#11277,#1975);
#1566=LINE('',#11283,#1976);
#1567=LINE('',#11287,#1977);
#1568=LINE('',#11291,#1978);
#1569=LINE('',#11295,#1979);
#1570=LINE('',#11299,#1980);
#1571=LINE('',#11305,#1981);
#1572=LINE('',#11311,#1982);
#1573=LINE('',#11319,#1983);
#1574=LINE('',#11323,#1984);
#1575=LINE('',#11329,#1985);
#1576=LINE('',#11333,#1986);
#1577=LINE('',#11337,#1987);
#1578=LINE('',#11341,#1988);
#1579=LINE('',#11345,#1989);
#1580=LINE('',#11353,#1990);
#1581=LINE('',#11357,#1991);
#1582=LINE('',#11361,#1992);
#1583=LINE('',#11365,#1993);
#1584=LINE('',#11369,#1994);
#1585=LINE('',#11373,#1995);
#1586=LINE('',#11377,#1996);
#1587=LINE('',#11381,#1997);
#1588=LINE('',#11385,#1998);
#1589=LINE('',#11389,#1999);
#1590=LINE('',#11393,#2000);
#1591=LINE('',#11397,#2001);
#1592=LINE('',#11405,#2002);
#1593=LINE('',#11411,#2003);
#1594=LINE('',#11417,#2004);
#1595=LINE('',#11423,#2005);
#1596=LINE('',#11429,#2006);
#1597=LINE('',#11437,#2007);
#1598=LINE('',#11441,#2008);
#1599=LINE('',#11445,#2009);
#1600=LINE('',#11641,#2010);
#1601=LINE('',#11645,#2011);
#1602=LINE('',#11649,#2012);
#1603=LINE('',#11654,#2013);
#1604=LINE('',#11660,#2014);
#1605=LINE('',#11665,#2015);
#1606=LINE('',#11670,#2016);
#1607=LINE('',#11675,#2017);
#1608=LINE('',#11680,#2018);
#1609=LINE('',#11685,#2019);
#1610=LINE('',#11690,#2020);
#1611=LINE('',#11695,#2021);
#1612=LINE('',#11700,#2022);
#1613=LINE('',#11705,#2023);
#1614=LINE('',#11710,#2024);
#1615=LINE('',#11716,#2025);
#1616=LINE('',#11721,#2026);
#1617=LINE('',#11725,#2027);
#1618=LINE('',#11729,#2028);
#1619=LINE('',#11733,#2029);
#1620=LINE('',#11737,#2030);
#1621=LINE('',#11741,#2031);
#1622=LINE('',#11745,#2032);
#1623=LINE('',#11749,#2033);
#1624=LINE('',#11753,#2034);
#1625=LINE('',#11757,#2035);
#1626=LINE('',#11761,#2036);
#1627=LINE('',#11765,#2037);
#1628=LINE('',#11770,#2038);
#1629=LINE('',#11776,#2039);
#1630=LINE('',#11781,#2040);
#1631=LINE('',#11785,#2041);
#1632=LINE('',#11789,#2042);
#1633=LINE('',#11793,#2043);
#1634=LINE('',#11797,#2044);
#1635=LINE('',#11802,#2045);
#1636=LINE('',#11807,#2046);
#1637=LINE('',#11811,#2047);
#1638=LINE('',#11816,#2048);
#1639=LINE('',#11822,#2049);
#1640=LINE('',#11827,#2050);
#1641=LINE('',#11832,#2051);
#1642=LINE('',#11837,#2052);
#1643=LINE('',#11842,#2053);
#1644=LINE('',#11847,#2054);
#1645=LINE('',#11851,#2055);
#1646=LINE('',#11855,#2056);
#1647=LINE('',#11859,#2057);
#1648=LINE('',#11863,#2058);
#1649=LINE('',#11868,#2059);
#1650=LINE('',#11873,#2060);
#1651=LINE('',#11878,#2061);
#1652=LINE('',#11883,#2062);
#1653=LINE('',#11888,#2063);
#1654=LINE('',#11893,#2064);
#1655=LINE('',#11898,#2065);
#1656=LINE('',#11903,#2066);
#1657=LINE('',#11907,#2067);
#1658=LINE('',#11911,#2068);
#1659=LINE('',#11916,#2069);
#1660=LINE('',#11922,#2070);
#1661=LINE('',#11927,#2071);
#1662=LINE('',#11931,#2072);
#1663=LINE('',#11935,#2073);
#1664=LINE('',#11939,#2074);
#1665=LINE('',#11943,#2075);
#1666=LINE('',#11947,#2076);
#1667=LINE('',#11951,#2077);
#1668=LINE('',#11955,#2078);
#1669=LINE('',#11960,#2079);
#1670=LINE('',#11966,#2080);
#1671=LINE('',#11971,#2081);
#1672=LINE('',#11975,#2082);
#1673=LINE('',#11979,#2083);
#1674=LINE('',#11983,#2084);
#1675=LINE('',#11987,#2085);
#1676=LINE('',#11991,#2086);
#1677=LINE('',#11995,#2087);
#1678=LINE('',#11999,#2088);
#1679=LINE('',#12004,#2089);
#1680=LINE('',#12010,#2090);
#1681=LINE('',#12015,#2091);
#1682=LINE('',#12019,#2092);
#1683=LINE('',#12023,#2093);
#1684=LINE('',#12027,#2094);
#1685=LINE('',#12031,#2095);
#1686=LINE('',#12035,#2096);
#1687=LINE('',#12039,#2097);
#1688=LINE('',#12043,#2098);
#1689=LINE('',#12048,#2099);
#1690=LINE('',#12054,#2100);
#1691=LINE('',#12060,#2101);
#1692=LINE('',#12066,#2102);
#1693=LINE('',#12072,#2103);
#1694=LINE('',#12078,#2104);
#1695=LINE('',#12084,#2105);
#1696=LINE('',#12090,#2106);
#1697=LINE('',#12096,#2107);
#1698=LINE('',#12102,#2108);
#1699=LINE('',#12108,#2109);
#1700=LINE('',#12115,#2110);
#1701=LINE('',#12118,#2111);
#1702=LINE('',#12121,#2112);
#1703=LINE('',#12123,#2113);
#1704=LINE('',#12124,#2114);
#1705=LINE('',#12130,#2115);
#1706=LINE('',#12133,#2116);
#1707=LINE('',#12135,#2117);
#1708=LINE('',#12136,#2118);
#1709=LINE('',#12142,#2119);
#1710=LINE('',#12145,#2120);
#1711=LINE('',#12147,#2121);
#1712=LINE('',#12148,#2122);
#1713=LINE('',#12154,#2123);
#1714=LINE('',#12157,#2124);
#1715=LINE('',#12159,#2125);
#1716=LINE('',#12160,#2126);
#1717=LINE('',#12166,#2127);
#1718=LINE('',#12169,#2128);
#1719=LINE('',#12171,#2129);
#1720=LINE('',#12172,#2130);
#1721=LINE('',#12178,#2131);
#1722=LINE('',#12181,#2132);
#1723=LINE('',#12183,#2133);
#1724=LINE('',#12184,#2134);
#1725=LINE('',#12190,#2135);
#1726=LINE('',#12193,#2136);
#1727=LINE('',#12195,#2137);
#1728=LINE('',#12196,#2138);
#1729=LINE('',#12202,#2139);
#1730=LINE('',#12205,#2140);
#1731=LINE('',#12207,#2141);
#1732=LINE('',#12208,#2142);
#1733=LINE('',#12214,#2143);
#1734=LINE('',#12217,#2144);
#1735=LINE('',#12219,#2145);
#1736=LINE('',#12220,#2146);
#1737=LINE('',#12223,#2147);
#1738=LINE('',#12225,#2148);
#1739=LINE('',#12226,#2149);
#1740=LINE('',#12232,#2150);
#1741=LINE('',#12235,#2151);
#1742=LINE('',#12237,#2152);
#1743=LINE('',#12238,#2153);
#1744=LINE('',#12244,#2154);
#1745=LINE('',#12247,#2155);
#1746=LINE('',#12249,#2156);
#1747=LINE('',#12250,#2157);
#1748=LINE('',#12256,#2158);
#1749=LINE('',#12259,#2159);
#1750=LINE('',#12261,#2160);
#1751=LINE('',#12262,#2161);
#1752=LINE('',#12268,#2162);
#1753=LINE('',#12271,#2163);
#1754=LINE('',#12273,#2164);
#1755=LINE('',#12274,#2165);
#1756=LINE('',#12280,#2166);
#1757=LINE('',#12283,#2167);
#1758=LINE('',#12285,#2168);
#1759=LINE('',#12286,#2169);
#1760=LINE('',#12292,#2170);
#1761=LINE('',#12295,#2171);
#1762=LINE('',#12297,#2172);
#1763=LINE('',#12298,#2173);
#1764=LINE('',#12304,#2174);
#1765=LINE('',#12307,#2175);
#1766=LINE('',#12309,#2176);
#1767=LINE('',#12310,#2177);
#1768=LINE('',#12316,#2178);
#1769=LINE('',#12319,#2179);
#1770=LINE('',#12321,#2180);
#1771=LINE('',#12322,#2181);
#1772=LINE('',#12328,#2182);
#1773=LINE('',#12331,#2183);
#1774=LINE('',#12333,#2184);
#1775=LINE('',#12334,#2185);
#1776=LINE('',#12337,#2186);
#1777=LINE('',#12339,#2187);
#1778=LINE('',#12340,#2188);
#1779=LINE('',#12346,#2189);
#1780=LINE('',#12349,#2190);
#1781=LINE('',#12351,#2191);
#1782=LINE('',#12352,#2192);
#1783=LINE('',#12358,#2193);
#1784=LINE('',#12361,#2194);
#1785=LINE('',#12363,#2195);
#1786=LINE('',#12364,#2196);
#1787=LINE('',#12370,#2197);
#1788=LINE('',#12373,#2198);
#1789=LINE('',#12375,#2199);
#1790=LINE('',#12376,#2200);
#1791=LINE('',#12382,#2201);
#1792=LINE('',#12385,#2202);
#1793=LINE('',#12387,#2203);
#1794=LINE('',#12388,#2204);
#1795=LINE('',#12394,#2205);
#1796=LINE('',#12397,#2206);
#1797=LINE('',#12399,#2207);
#1798=LINE('',#12400,#2208);
#1799=LINE('',#12406,#2209);
#1800=LINE('',#12409,#2210);
#1801=LINE('',#12411,#2211);
#1802=LINE('',#12412,#2212);
#1803=LINE('',#12418,#2213);
#1804=LINE('',#12421,#2214);
#1805=LINE('',#12423,#2215);
#1806=LINE('',#12424,#2216);
#1807=LINE('',#12430,#2217);
#1808=LINE('',#12433,#2218);
#1809=LINE('',#12435,#2219);
#1810=LINE('',#12436,#2220);
#1811=LINE('',#12442,#2221);
#1812=LINE('',#12445,#2222);
#1813=LINE('',#12447,#2223);
#1814=LINE('',#12448,#2224);
#1815=LINE('',#12451,#2225);
#1816=LINE('',#12453,#2226);
#1817=LINE('',#12454,#2227);
#1818=LINE('',#12460,#2228);
#1819=LINE('',#12463,#2229);
#1820=LINE('',#12465,#2230);
#1821=LINE('',#12466,#2231);
#1822=LINE('',#12472,#2232);
#1823=LINE('',#12475,#2233);
#1824=LINE('',#12477,#2234);
#1825=LINE('',#12478,#2235);
#1826=LINE('',#12484,#2236);
#1827=LINE('',#12487,#2237);
#1828=LINE('',#12489,#2238);
#1829=LINE('',#12490,#2239);
#1830=LINE('',#12496,#2240);
#1831=LINE('',#12499,#2241);
#1832=LINE('',#12501,#2242);
#1833=LINE('',#12502,#2243);
#1834=LINE('',#12508,#2244);
#1835=LINE('',#12511,#2245);
#1836=LINE('',#12513,#2246);
#1837=LINE('',#12514,#2247);
#1838=LINE('',#12520,#2248);
#1839=LINE('',#12523,#2249);
#1840=LINE('',#12525,#2250);
#1841=LINE('',#12526,#2251);
#1842=LINE('',#12532,#2252);
#1843=LINE('',#12535,#2253);
#1844=LINE('',#12537,#2254);
#1845=LINE('',#12538,#2255);
#1846=LINE('',#12544,#2256);
#1847=LINE('',#12547,#2257);
#1848=LINE('',#12549,#2258);
#1849=LINE('',#12550,#2259);
#1850=LINE('',#12556,#2260);
#1851=LINE('',#12559,#2261);
#1852=LINE('',#12561,#2262);
#1853=LINE('',#12562,#2263);
#1854=LINE('',#12564,#2264);
#1855=LINE('',#12565,#2265);
#1856=VECTOR('',#8160,10.);
#1857=VECTOR('',#8163,10.);
#1858=VECTOR('',#8168,10.);
#1859=VECTOR('',#8175,10.);
#1860=VECTOR('',#8178,10.);
#1861=VECTOR('',#8183,10.);
#1862=VECTOR('',#8190,10.);
#1863=VECTOR('',#8193,10.);
#1864=VECTOR('',#8198,10.);
#1865=VECTOR('',#8205,10.);
#1866=VECTOR('',#8208,10.);
#1867=VECTOR('',#8213,10.);
#1868=VECTOR('',#8220,10.);
#1869=VECTOR('',#8223,10.);
#1870=VECTOR('',#8228,10.);
#1871=VECTOR('',#8235,10.);
#1872=VECTOR('',#8238,10.);
#1873=VECTOR('',#8243,10.);
#1874=VECTOR('',#8250,10.);
#1875=VECTOR('',#8253,10.);
#1876=VECTOR('',#8258,10.);
#1877=VECTOR('',#8265,10.);
#1878=VECTOR('',#8268,10.);
#1879=VECTOR('',#8273,10.);
#1880=VECTOR('',#8280,10.);
#1881=VECTOR('',#8283,10.);
#1882=VECTOR('',#8288,10.);
#1883=VECTOR('',#8295,10.);
#1884=VECTOR('',#8298,10.);
#1885=VECTOR('',#8303,10.);
#1886=VECTOR('',#8310,10.);
#1887=VECTOR('',#8313,10.);
#1888=VECTOR('',#8318,10.);
#1889=VECTOR('',#8325,10.);
#1890=VECTOR('',#8328,10.);
#1891=VECTOR('',#8333,10.);
#1892=VECTOR('',#8340,10.);
#1893=VECTOR('',#8343,10.);
#1894=VECTOR('',#8348,10.);
#1895=VECTOR('',#8355,10.);
#1896=VECTOR('',#8358,10.);
#1897=VECTOR('',#8363,10.);
#1898=VECTOR('',#8370,10.);
#1899=VECTOR('',#8373,10.);
#1900=VECTOR('',#8378,10.);
#1901=VECTOR('',#8385,10.);
#1902=VECTOR('',#8388,10.);
#1903=VECTOR('',#8393,10.);
#1904=VECTOR('',#8400,10.);
#1905=VECTOR('',#8403,10.);
#1906=VECTOR('',#8408,10.);
#1907=VECTOR('',#8415,10.);
#1908=VECTOR('',#8418,10.);
#1909=VECTOR('',#8423,10.);
#1910=VECTOR('',#8666,10.);
#1911=VECTOR('',#8669,10.);
#1912=VECTOR('',#8672,10.);
#1913=VECTOR('',#8675,10.);
#1914=VECTOR('',#8678,10.);
#1915=VECTOR('',#8681,10.);
#1916=VECTOR('',#8684,10.);
#1917=VECTOR('',#8687,10.);
#1918=VECTOR('',#8690,10.);
#1919=VECTOR('',#8693,10.);
#1920=VECTOR('',#8696,10.);
#1921=VECTOR('',#8699,10.);
#1922=VECTOR('',#8702,10.);
#1923=VECTOR('',#8705,10.);
#1924=VECTOR('',#8708,10.);
#1925=VECTOR('',#8711,10.);
#1926=VECTOR('',#8714,10.);
#1927=VECTOR('',#8717,10.);
#1928=VECTOR('',#8722,10.);
#1929=VECTOR('',#8723,10.);
#1930=VECTOR('',#8728,10.);
#1931=VECTOR('',#8729,10.);
#1932=VECTOR('',#8734,10.);
#1933=VECTOR('',#8735,10.);
#1934=VECTOR('',#8740,10.);
#1935=VECTOR('',#8741,10.);
#1936=VECTOR('',#8746,10.);
#1937=VECTOR('',#8747,10.);
#1938=VECTOR('',#8752,10.);
#1939=VECTOR('',#8753,10.);
#1940=VECTOR('',#8758,10.);
#1941=VECTOR('',#8759,10.);
#1942=VECTOR('',#8764,10.);
#1943=VECTOR('',#8765,10.);
#1944=VECTOR('',#8770,10.);
#1945=VECTOR('',#8771,10.);
#1946=VECTOR('',#8820,1.99999999999999);
#1947=VECTOR('',#8825,2.);
#1948=VECTOR('',#8830,2.);
#1949=VECTOR('',#8835,2.);
#1950=VECTOR('',#8840,2.);
#1951=VECTOR('',#8845,2.);
#1952=VECTOR('',#8850,2.);
#1953=VECTOR('',#8855,2.);
#1954=VECTOR('',#8868,1.99999999999999);
#1955=VECTOR('',#8873,2.);
#1956=VECTOR('',#8878,2.);
#1957=VECTOR('',#8883,2.);
#1958=VECTOR('',#8888,2.);
#1959=VECTOR('',#8893,2.);
#1960=VECTOR('',#8898,2.);
#1961=VECTOR('',#8903,2.);
#1962=VECTOR('',#8916,1.99999999999999);
#1963=VECTOR('',#8921,2.);
#1964=VECTOR('',#8926,2.);
#1965=VECTOR('',#8931,2.);
#1966=VECTOR('',#8936,2.);
#1967=VECTOR('',#8941,2.);
#1968=VECTOR('',#8946,2.);
#1969=VECTOR('',#8951,2.);
#1970=VECTOR('',#8964,1.99999999999999);
#1971=VECTOR('',#8969,2.);
#1972=VECTOR('',#8974,2.);
#1973=VECTOR('',#8983,2.);
#1974=VECTOR('',#8992,2.);
#1975=VECTOR('',#9001,2.);
#1976=VECTOR('',#9010,2.);
#1977=VECTOR('',#9015,2.);
#1978=VECTOR('',#9020,2.);
#1979=VECTOR('',#9025,2.);
#1980=VECTOR('',#9030,2.);
#1981=VECTOR('',#9039,1.99999999999999);
#1982=VECTOR('',#9048,2.);
#1983=VECTOR('',#9061,1.99999999999999);
#1984=VECTOR('',#9066,1.99999999999999);
#1985=VECTOR('',#9075,2.);
#1986=VECTOR('',#9080,2.);
#1987=VECTOR('',#9085,2.);
#1988=VECTOR('',#9090,2.);
#1989=VECTOR('',#9095,2.);
#1990=VECTOR('',#9108,2.);
#1991=VECTOR('',#9113,2.);
#1992=VECTOR('',#9118,2.);
#1993=VECTOR('',#9123,2.);
#1994=VECTOR('',#9128,2.);
#1995=VECTOR('',#9133,2.);
#1996=VECTOR('',#9138,1.99999999999999);
#1997=VECTOR('',#9143,2.);
#1998=VECTOR('',#9148,2.);
#1999=VECTOR('',#9153,2.);
#2000=VECTOR('',#9158,2.);
#2001=VECTOR('',#9163,2.);
#2002=VECTOR('',#9176,2.);
#2003=VECTOR('',#9185,2.);
#2004=VECTOR('',#9194,2.);
#2005=VECTOR('',#9203,2.);
#2006=VECTOR('',#9212,2.);
#2007=VECTOR('',#9225,2.);
#2008=VECTOR('',#9230,2.);
#2009=VECTOR('',#9235,2.);
#2010=VECTOR('',#9496,2.);
#2011=VECTOR('',#9501,2.);
#2012=VECTOR('',#9506,2.);
#2013=VECTOR('',#9511,2.);
#2014=VECTOR('',#9518,2.);
#2015=VECTOR('',#9525,2.);
#2016=VECTOR('',#9530,2.);
#2017=VECTOR('',#9537,2.);
#2018=VECTOR('',#9542,2.);
#2019=VECTOR('',#9549,2.);
#2020=VECTOR('',#9554,2.);
#2021=VECTOR('',#9561,2.);
#2022=VECTOR('',#9566,2.);
#2023=VECTOR('',#9573,2.);
#2024=VECTOR('',#9578,2.);
#2025=VECTOR('',#9585,1.99999999999999);
#2026=VECTOR('',#9592,2.);
#2027=VECTOR('',#9597,2.);
#2028=VECTOR('',#9602,2.);
#2029=VECTOR('',#9607,2.);
#2030=VECTOR('',#9612,2.);
#2031=VECTOR('',#9617,1.99999999999999);
#2032=VECTOR('',#9622,2.);
#2033=VECTOR('',#9627,2.);
#2034=VECTOR('',#9632,2.);
#2035=VECTOR('',#9637,2.);
#2036=VECTOR('',#9642,2.);
#2037=VECTOR('',#9647,2.);
#2038=VECTOR('',#9652,1.99999999999999);
#2039=VECTOR('',#9659,1.99999999999999);
#2040=VECTOR('',#9666,2.);
#2041=VECTOR('',#9671,2.);
#2042=VECTOR('',#9676,2.);
#2043=VECTOR('',#9681,2.);
#2044=VECTOR('',#9686,2.);
#2045=VECTOR('',#9691,1.99999999999999);
#2046=VECTOR('',#9698,1.99999999999999);
#2047=VECTOR('',#9703,1.99999999999999);
#2048=VECTOR('',#9708,2.);
#2049=VECTOR('',#9715,1.99999999999999);
#2050=VECTOR('',#9722,2.);
#2051=VECTOR('',#9727,1.99999999999999);
#2052=VECTOR('',#9734,1.99999999999999);
#2053=VECTOR('',#9739,2.);
#2054=VECTOR('',#9746,2.);
#2055=VECTOR('',#9751,2.);
#2056=VECTOR('',#9756,2.);
#2057=VECTOR('',#9761,2.);
#2058=VECTOR('',#9766,2.);
#2059=VECTOR('',#9771,2.);
#2060=VECTOR('',#9778,2.);
#2061=VECTOR('',#9783,2.);
#2062=VECTOR('',#9790,2.);
#2063=VECTOR('',#9795,2.);
#2064=VECTOR('',#9802,2.);
#2065=VECTOR('',#9807,2.);
#2066=VECTOR('',#9814,2.);
#2067=VECTOR('',#9819,2.);
#2068=VECTOR('',#9824,1.99999999999999);
#2069=VECTOR('',#9829,1.99999999999999);
#2070=VECTOR('',#9836,2.);
#2071=VECTOR('',#9843,2.);
#2072=VECTOR('',#9848,2.);
#2073=VECTOR('',#9853,2.);
#2074=VECTOR('',#9858,2.);
#2075=VECTOR('',#9863,2.);
#2076=VECTOR('',#9868,2.);
#2077=VECTOR('',#9873,2.);
#2078=VECTOR('',#9878,1.99999999999999);
#2079=VECTOR('',#9883,1.99999999999999);
#2080=VECTOR('',#9890,2.);
#2081=VECTOR('',#9897,2.);
#2082=VECTOR('',#9902,2.);
#2083=VECTOR('',#9907,2.);
#2084=VECTOR('',#9912,2.);
#2085=VECTOR('',#9917,2.);
#2086=VECTOR('',#9922,2.);
#2087=VECTOR('',#9927,2.);
#2088=VECTOR('',#9932,1.99999999999999);
#2089=VECTOR('',#9937,1.99999999999999);
#2090=VECTOR('',#9944,2.);
#2091=VECTOR('',#9951,2.);
#2092=VECTOR('',#9956,2.);
#2093=VECTOR('',#9961,2.);
#2094=VECTOR('',#9966,2.);
#2095=VECTOR('',#9971,2.);
#2096=VECTOR('',#9976,2.);
#2097=VECTOR('',#9981,2.);
#2098=VECTOR('',#9986,1.99999999999999);
#2099=VECTOR('',#9991,1.99999999999999);
#2100=VECTOR('',#9998,2.);
#2101=VECTOR('',#10005,2.);
#2102=VECTOR('',#10012,2.);
#2103=VECTOR('',#10019,2.);
#2104=VECTOR('',#10026,2.);
#2105=VECTOR('',#10033,2.);
#2106=VECTOR('',#10040,2.);
#2107=VECTOR('',#10047,2.);
#2108=VECTOR('',#10054,1.99999999999999);
#2109=VECTOR('',#10061,1.99999999999999);
#2110=VECTOR('',#10068,10.);
#2111=VECTOR('',#10071,10.);
#2112=VECTOR('',#10074,10.);
#2113=VECTOR('',#10075,10.);
#2114=VECTOR('',#10076,10.);
#2115=VECTOR('',#10083,10.);
#2116=VECTOR('',#10086,10.);
#2117=VECTOR('',#10087,10.);
#2118=VECTOR('',#10088,10.);
#2119=VECTOR('',#10095,10.);
#2120=VECTOR('',#10098,10.);
#2121=VECTOR('',#10099,10.);
#2122=VECTOR('',#10100,10.);
#2123=VECTOR('',#10107,10.);
#2124=VECTOR('',#10110,10.);
#2125=VECTOR('',#10111,10.);
#2126=VECTOR('',#10112,10.);
#2127=VECTOR('',#10119,10.);
#2128=VECTOR('',#10122,10.);
#2129=VECTOR('',#10123,10.);
#2130=VECTOR('',#10124,10.);
#2131=VECTOR('',#10131,10.);
#2132=VECTOR('',#10134,10.);
#2133=VECTOR('',#10135,10.);
#2134=VECTOR('',#10136,10.);
#2135=VECTOR('',#10143,10.);
#2136=VECTOR('',#10146,10.);
#2137=VECTOR('',#10147,10.);
#2138=VECTOR('',#10148,10.);
#2139=VECTOR('',#10155,10.);
#2140=VECTOR('',#10158,10.);
#2141=VECTOR('',#10159,10.);
#2142=VECTOR('',#10160,10.);
#2143=VECTOR('',#10167,10.);
#2144=VECTOR('',#10170,10.);
#2145=VECTOR('',#10171,10.);
#2146=VECTOR('',#10172,10.);
#2147=VECTOR('',#10175,10.);
#2148=VECTOR('',#10176,10.);
#2149=VECTOR('',#10177,10.);
#2150=VECTOR('',#10184,10.);
#2151=VECTOR('',#10187,10.);
#2152=VECTOR('',#10188,10.);
#2153=VECTOR('',#10189,10.);
#2154=VECTOR('',#10196,10.);
#2155=VECTOR('',#10199,10.);
#2156=VECTOR('',#10200,10.);
#2157=VECTOR('',#10201,10.);
#2158=VECTOR('',#10208,10.);
#2159=VECTOR('',#10211,10.);
#2160=VECTOR('',#10212,10.);
#2161=VECTOR('',#10213,10.);
#2162=VECTOR('',#10220,10.);
#2163=VECTOR('',#10223,10.);
#2164=VECTOR('',#10224,10.);
#2165=VECTOR('',#10225,10.);
#2166=VECTOR('',#10232,10.);
#2167=VECTOR('',#10235,10.);
#2168=VECTOR('',#10236,10.);
#2169=VECTOR('',#10237,10.);
#2170=VECTOR('',#10244,10.);
#2171=VECTOR('',#10247,10.);
#2172=VECTOR('',#10248,10.);
#2173=VECTOR('',#10249,10.);
#2174=VECTOR('',#10256,10.);
#2175=VECTOR('',#10259,10.);
#2176=VECTOR('',#10260,10.);
#2177=VECTOR('',#10261,10.);
#2178=VECTOR('',#10268,10.);
#2179=VECTOR('',#10271,10.);
#2180=VECTOR('',#10272,10.);
#2181=VECTOR('',#10273,10.);
#2182=VECTOR('',#10280,10.);
#2183=VECTOR('',#10283,10.);
#2184=VECTOR('',#10284,10.);
#2185=VECTOR('',#10285,10.);
#2186=VECTOR('',#10288,10.);
#2187=VECTOR('',#10289,10.);
#2188=VECTOR('',#10290,10.);
#2189=VECTOR('',#10297,10.);
#2190=VECTOR('',#10300,10.);
#2191=VECTOR('',#10301,10.);
#2192=VECTOR('',#10302,10.);
#2193=VECTOR('',#10309,10.);
#2194=VECTOR('',#10312,10.);
#2195=VECTOR('',#10313,10.);
#2196=VECTOR('',#10314,10.);
#2197=VECTOR('',#10321,10.);
#2198=VECTOR('',#10324,10.);
#2199=VECTOR('',#10325,10.);
#2200=VECTOR('',#10326,10.);
#2201=VECTOR('',#10333,10.);
#2202=VECTOR('',#10336,10.);
#2203=VECTOR('',#10337,10.);
#2204=VECTOR('',#10338,10.);
#2205=VECTOR('',#10345,10.);
#2206=VECTOR('',#10348,10.);
#2207=VECTOR('',#10349,10.);
#2208=VECTOR('',#10350,10.);
#2209=VECTOR('',#10357,10.);
#2210=VECTOR('',#10360,10.);
#2211=VECTOR('',#10361,10.);
#2212=VECTOR('',#10362,10.);
#2213=VECTOR('',#10369,10.);
#2214=VECTOR('',#10372,10.);
#2215=VECTOR('',#10373,10.);
#2216=VECTOR('',#10374,10.);
#2217=VECTOR('',#10381,10.);
#2218=VECTOR('',#10384,10.);
#2219=VECTOR('',#10385,10.);
#2220=VECTOR('',#10386,10.);
#2221=VECTOR('',#10393,10.);
#2222=VECTOR('',#10396,10.);
#2223=VECTOR('',#10397,10.);
#2224=VECTOR('',#10398,10.);
#2225=VECTOR('',#10401,10.);
#2226=VECTOR('',#10402,10.);
#2227=VECTOR('',#10403,10.);
#2228=VECTOR('',#10410,10.);
#2229=VECTOR('',#10413,10.);
#2230=VECTOR('',#10414,10.);
#2231=VECTOR('',#10415,10.);
#2232=VECTOR('',#10422,10.);
#2233=VECTOR('',#10425,10.);
#2234=VECTOR('',#10426,10.);
#2235=VECTOR('',#10427,10.);
#2236=VECTOR('',#10434,10.);
#2237=VECTOR('',#10437,10.);
#2238=VECTOR('',#10438,10.);
#2239=VECTOR('',#10439,10.);
#2240=VECTOR('',#10446,10.);
#2241=VECTOR('',#10449,10.);
#2242=VECTOR('',#10450,10.);
#2243=VECTOR('',#10451,10.);
#2244=VECTOR('',#10458,10.);
#2245=VECTOR('',#10461,10.);
#2246=VECTOR('',#10462,10.);
#2247=VECTOR('',#10463,10.);
#2248=VECTOR('',#10470,10.);
#2249=VECTOR('',#10473,10.);
#2250=VECTOR('',#10474,10.);
#2251=VECTOR('',#10475,10.);
#2252=VECTOR('',#10482,10.);
#2253=VECTOR('',#10485,10.);
#2254=VECTOR('',#10486,10.);
#2255=VECTOR('',#10487,10.);
#2256=VECTOR('',#10494,10.);
#2257=VECTOR('',#10497,10.);
#2258=VECTOR('',#10498,10.);
#2259=VECTOR('',#10499,10.);
#2260=VECTOR('',#10506,10.);
#2261=VECTOR('',#10509,10.);
#2262=VECTOR('',#10510,10.);
#2263=VECTOR('',#10511,10.);
#2264=VECTOR('',#10514,10.);
#2265=VECTOR('',#10515,10.);
#2266=CIRCLE('',#7178,2.5);
#2267=CIRCLE('',#7179,2.5);
#2268=CIRCLE('',#7181,2.5);
#2269=CIRCLE('',#7182,2.5);
#2270=CIRCLE('',#7184,2.5);
#2271=CIRCLE('',#7185,2.5);
#2272=CIRCLE('',#7187,2.5);
#2273=CIRCLE('',#7188,2.5);
#2274=CIRCLE('',#7190,2.5);
#2275=CIRCLE('',#7191,2.5);
#2276=CIRCLE('',#7193,2.5);
#2277=CIRCLE('',#7194,2.5);
#2278=CIRCLE('',#7196,2.5);
#2279=CIRCLE('',#7197,2.5);
#2280=CIRCLE('',#7199,2.5);
#2281=CIRCLE('',#7200,2.5);
#2282=CIRCLE('',#7202,2.5);
#2283=CIRCLE('',#7203,2.5);
#2284=CIRCLE('',#7205,2.5);
#2285=CIRCLE('',#7206,2.5);
#2286=CIRCLE('',#7208,2.5);
#2287=CIRCLE('',#7209,2.5);
#2288=CIRCLE('',#7211,2.5);
#2289=CIRCLE('',#7212,2.5);
#2290=CIRCLE('',#7214,2.5);
#2291=CIRCLE('',#7215,2.5);
#2292=CIRCLE('',#7217,2.5);
#2293=CIRCLE('',#7218,2.5);
#2294=CIRCLE('',#7220,2.5);
#2295=CIRCLE('',#7221,2.5);
#2296=CIRCLE('',#7223,2.5);
#2297=CIRCLE('',#7224,2.5);
#2298=CIRCLE('',#7226,2.5);
#2299=CIRCLE('',#7227,2.5);
#2300=CIRCLE('',#7229,2.5);
#2301=CIRCLE('',#7230,2.5);
#2302=CIRCLE('',#7232,2.5);
#2303=CIRCLE('',#7233,2.5);
#2304=CIRCLE('',#7235,2.5);
#2305=CIRCLE('',#7236,2.5);
#2306=CIRCLE('',#7238,2.5);
#2307=CIRCLE('',#7239,2.5);
#2308=CIRCLE('',#7241,2.5);
#2309=CIRCLE('',#7242,2.5);
#2310=CIRCLE('',#7244,2.5);
#2311=CIRCLE('',#7245,2.5);
#2312=CIRCLE('',#7247,2.5);
#2313=CIRCLE('',#7248,2.5);
#2314=CIRCLE('',#7250,2.5);
#2315=CIRCLE('',#7251,2.5);
#2316=CIRCLE('',#7253,2.5);
#2317=CIRCLE('',#7254,2.5);
#2318=CIRCLE('',#7256,2.5);
#2319=CIRCLE('',#7257,2.5);
#2320=CIRCLE('',#7259,2.5);
#2321=CIRCLE('',#7260,2.5);
#2322=CIRCLE('',#7262,2.5);
#2323=CIRCLE('',#7263,2.5);
#2324=CIRCLE('',#7265,2.5);
#2325=CIRCLE('',#7266,2.5);
#2326=CIRCLE('',#7268,2.5);
#2327=CIRCLE('',#7269,2.5);
#2328=CIRCLE('',#7271,2.5);
#2329=CIRCLE('',#7272,2.5);
#2330=CIRCLE('',#7274,2.5);
#2331=CIRCLE('',#7275,2.5);
#2332=CIRCLE('',#7277,2.5);
#2333=CIRCLE('',#7278,2.5);
#2334=CIRCLE('',#7280,2.5);
#2335=CIRCLE('',#7281,2.5);
#2336=CIRCLE('',#7283,2.5);
#2337=CIRCLE('',#7284,2.5);
#2338=CIRCLE('',#7286,4.166);
#2339=CIRCLE('',#7287,4.166);
#2340=CIRCLE('',#7288,4.5);
#2341=CIRCLE('',#7289,4.166);
#2342=CIRCLE('',#7290,4.5);
#2343=CIRCLE('',#7291,4.166);
#2344=CIRCLE('',#7292,4.5);
#2345=CIRCLE('',#7293,4.166);
#2346=CIRCLE('',#7294,4.5);
#2347=CIRCLE('',#7295,4.166);
#2348=CIRCLE('',#7296,4.5);
#2349=CIRCLE('',#7297,4.166);
#2350=CIRCLE('',#7298,4.5);
#2351=CIRCLE('',#7299,4.166);
#2352=CIRCLE('',#7300,4.5);
#2353=CIRCLE('',#7301,4.166);
#2354=CIRCLE('',#7302,4.5);
#2355=CIRCLE('',#7303,4.166);
#2356=CIRCLE('',#7304,4.5);
#2357=CIRCLE('',#7305,4.166);
#2358=CIRCLE('',#7306,4.5);
#2359=CIRCLE('',#7307,4.166);
#2360=CIRCLE('',#7308,4.5);
#2361=CIRCLE('',#7309,4.166);
#2362=CIRCLE('',#7310,4.5);
#2363=CIRCLE('',#7311,4.166);
#2364=CIRCLE('',#7312,4.5);
#2365=CIRCLE('',#7313,4.166);
#2366=CIRCLE('',#7314,4.5);
#2367=CIRCLE('',#7315,4.166);
#2368=CIRCLE('',#7316,4.5);
#2369=CIRCLE('',#7317,4.166);
#2370=CIRCLE('',#7318,4.5);
#2371=CIRCLE('',#7319,4.166);
#2372=CIRCLE('',#7320,4.5);
#2373=CIRCLE('',#7321,4.166);
#2374=CIRCLE('',#7322,4.5);
#2375=CIRCLE('',#7323,4.166);
#2376=CIRCLE('',#7324,4.166);
#2377=CIRCLE('',#7325,4.166);
#2378=CIRCLE('',#7326,4.166);
#2379=CIRCLE('',#7327,4.166);
#2380=CIRCLE('',#7328,4.166);
#2381=CIRCLE('',#7329,4.166);
#2382=CIRCLE('',#7330,4.166);
#2383=CIRCLE('',#7331,4.166);
#2384=CIRCLE('',#7332,4.166);
#2385=CIRCLE('',#7333,4.166);
#2386=CIRCLE('',#7334,4.166);
#2387=CIRCLE('',#7335,4.166);
#2388=CIRCLE('',#7336,4.166);
#2389=CIRCLE('',#7337,4.166);
#2390=CIRCLE('',#7338,4.166);
#2391=CIRCLE('',#7339,4.166);
#2392=CIRCLE('',#7340,4.166);
#2393=CIRCLE('',#7341,4.166);
#2394=CIRCLE('',#7342,4.166);
#2395=CIRCLE('',#7343,4.166);
#2396=CIRCLE('',#7344,4.166);
#2397=CIRCLE('',#7345,4.166);
#2398=CIRCLE('',#7346,4.166);
#2399=CIRCLE('',#7347,4.166);
#2400=CIRCLE('',#7348,4.166);
#2401=CIRCLE('',#7349,4.166);
#2402=CIRCLE('',#7350,4.166);
#2403=CIRCLE('',#7351,4.166);
#2404=CIRCLE('',#7352,4.166);
#2405=CIRCLE('',#7353,4.166);
#2406=CIRCLE('',#7354,4.166);
#2407=CIRCLE('',#7355,4.166);
#2408=CIRCLE('',#7356,4.166);
#2409=CIRCLE('',#7357,4.166);
#2410=CIRCLE('',#7358,4.166);
#2411=CIRCLE('',#7359,4.166);
#2412=CIRCLE('',#7360,4.166);
#2413=CIRCLE('',#7361,4.166);
#2414=CIRCLE('',#7362,4.166);
#2415=CIRCLE('',#7363,4.166);
#2416=CIRCLE('',#7364,4.166);
#2417=CIRCLE('',#7365,4.166);
#2418=CIRCLE('',#7366,4.166);
#2419=CIRCLE('',#7367,4.166);
#2420=CIRCLE('',#7368,4.166);
#2421=CIRCLE('',#7369,4.166);
#2422=CIRCLE('',#7370,4.166);
#2423=CIRCLE('',#7371,4.166);
#2424=CIRCLE('',#7372,4.166);
#2425=CIRCLE('',#7373,4.166);
#2426=CIRCLE('',#7374,4.166);
#2427=CIRCLE('',#7375,4.166);
#2428=CIRCLE('',#7376,4.166);
#2429=CIRCLE('',#7377,4.166);
#2430=CIRCLE('',#7378,4.166);
#2431=CIRCLE('',#7379,4.166);
#2432=CIRCLE('',#7380,4.166);
#2433=CIRCLE('',#7381,4.166);
#2434=CIRCLE('',#7382,4.166);
#2435=CIRCLE('',#7383,4.166);
#2436=CIRCLE('',#7384,4.166);
#2437=CIRCLE('',#7385,4.166);
#2438=CIRCLE('',#7386,4.166);
#2439=CIRCLE('',#7387,4.166);
#2440=CIRCLE('',#7388,4.166);
#2441=CIRCLE('',#7389,4.166);
#2442=CIRCLE('',#7390,4.166);
#2443=CIRCLE('',#7391,4.166);
#2444=CIRCLE('',#7392,4.166);
#2445=CIRCLE('',#7393,4.166);
#2446=CIRCLE('',#7394,4.166);
#2447=CIRCLE('',#7395,4.166);
#2448=CIRCLE('',#7396,4.166);
#2449=CIRCLE('',#7397,4.166);
#2450=CIRCLE('',#7398,4.166);
#2451=CIRCLE('',#7399,4.166);
#2452=CIRCLE('',#7400,4.166);
#2453=CIRCLE('',#7401,4.166);
#2454=CIRCLE('',#7402,4.166);
#2455=CIRCLE('',#7403,4.166);
#2456=CIRCLE('',#7405,4.5);
#2457=CIRCLE('',#7407,4.5);
#2458=CIRCLE('',#7409,4.5);
#2459=CIRCLE('',#7411,4.5);
#2460=CIRCLE('',#7413,4.5);
#2461=CIRCLE('',#7415,4.5);
#2462=CIRCLE('',#7417,4.5);
#2463=CIRCLE('',#7419,4.5);
#2464=CIRCLE('',#7421,4.5);
#2465=CIRCLE('',#7423,4.5);
#2466=CIRCLE('',#7425,4.5);
#2467=CIRCLE('',#7427,4.5);
#2468=CIRCLE('',#7429,4.5);
#2469=CIRCLE('',#7431,4.5);
#2470=CIRCLE('',#7433,4.5);
#2471=CIRCLE('',#7435,4.5);
#2472=CIRCLE('',#7437,4.5);
#2473=CIRCLE('',#7439,4.5);
#2474=CIRCLE('',#7441,4.166);
#2475=CIRCLE('',#7443,4.166);
#2476=CIRCLE('',#7445,4.166);
#2477=CIRCLE('',#7447,4.166);
#2478=CIRCLE('',#7449,4.166);
#2479=CIRCLE('',#7451,4.166);
#2480=CIRCLE('',#7453,4.166);
#2481=CIRCLE('',#7455,4.166);
#2482=CIRCLE('',#7457,4.166);
#2483=CIRCLE('',#7459,4.166);
#2484=CIRCLE('',#7461,4.166);
#2485=CIRCLE('',#7463,4.166);
#2486=CIRCLE('',#7465,4.166);
#2487=CIRCLE('',#7467,4.166);
#2488=CIRCLE('',#7469,4.166);
#2489=CIRCLE('',#7471,4.166);
#2490=CIRCLE('',#7473,4.166);
#2491=CIRCLE('',#7475,4.166);
#2492=CIRCLE('',#7477,4.166);
#2493=CIRCLE('',#7479,4.166);
#2494=CIRCLE('',#7481,4.166);
#2495=CIRCLE('',#7483,4.166);
#2496=CIRCLE('',#7485,4.166);
#2497=CIRCLE('',#7487,4.166);
#2498=CIRCLE('',#7489,4.166);
#2499=CIRCLE('',#7491,4.166);
#2500=CIRCLE('',#7493,4.166);
#2501=CIRCLE('',#7495,4.166);
#2502=CIRCLE('',#7497,4.166);
#2503=CIRCLE('',#7499,4.166);
#2504=CIRCLE('',#7501,4.166);
#2505=CIRCLE('',#7503,4.166);
#2506=CIRCLE('',#7505,4.166);
#2507=CIRCLE('',#7507,4.166);
#2508=CIRCLE('',#7509,4.166);
#2509=CIRCLE('',#7511,4.166);
#2510=CIRCLE('',#7513,4.166);
#2511=CIRCLE('',#7515,4.166);
#2512=CIRCLE('',#7517,4.166);
#2513=CIRCLE('',#7519,4.166);
#2514=CIRCLE('',#7521,4.166);
#2515=CIRCLE('',#7523,4.166);
#2516=CIRCLE('',#7525,4.166);
#2517=CIRCLE('',#7527,4.166);
#2518=CIRCLE('',#7529,4.166);
#2519=CIRCLE('',#7531,4.166);
#2520=CIRCLE('',#7533,4.166);
#2521=CIRCLE('',#7535,4.166);
#2522=CIRCLE('',#7537,4.166);
#2523=CIRCLE('',#7539,4.166);
#2524=CIRCLE('',#7541,4.166);
#2525=CIRCLE('',#7543,4.166);
#2526=CIRCLE('',#7545,4.166);
#2527=CIRCLE('',#7547,4.166);
#2528=CIRCLE('',#7549,4.166);
#2529=CIRCLE('',#7551,4.166);
#2530=CIRCLE('',#7553,4.166);
#2531=CIRCLE('',#7555,4.166);
#2532=CIRCLE('',#7557,4.166);
#2533=CIRCLE('',#7559,4.166);
#2534=CIRCLE('',#7561,4.166);
#2535=CIRCLE('',#7563,4.166);
#2536=CIRCLE('',#7565,4.166);
#2537=CIRCLE('',#7567,4.166);
#2538=CIRCLE('',#7569,4.166);
#2539=CIRCLE('',#7571,4.166);
#2540=CIRCLE('',#7573,4.166);
#2541=CIRCLE('',#7575,4.166);
#2542=CIRCLE('',#7577,4.166);
#2543=CIRCLE('',#7579,4.166);
#2544=CIRCLE('',#7581,4.166);
#2545=CIRCLE('',#7583,4.166);
#2546=CIRCLE('',#7585,4.166);
#2547=CIRCLE('',#7587,4.166);
#2548=CIRCLE('',#7589,4.166);
#2549=CIRCLE('',#7591,4.166);
#2550=CIRCLE('',#7593,4.166);
#2551=CIRCLE('',#7595,4.166);
#2552=CIRCLE('',#7597,4.166);
#2553=CIRCLE('',#7599,4.166);
#2554=CIRCLE('',#7601,4.166);
#2555=CIRCLE('',#7603,4.166);
#2556=CIRCLE('',#7605,4.166);
#2557=CIRCLE('',#7607,4.166);
#2558=CIRCLE('',#7609,4.166);
#2559=CIRCLE('',#7611,4.166);
#2560=CIRCLE('',#7613,4.166);
#2561=CIRCLE('',#7615,4.166);
#2562=CIRCLE('',#7617,4.166);
#2563=CIRCLE('',#7619,4.166);
#2564=CIRCLE('',#7621,4.166);
#2565=CIRCLE('',#7623,4.166);
#2566=CIRCLE('',#7625,4.166);
#2567=CIRCLE('',#7627,4.166);
#2568=CIRCLE('',#7629,4.166);
#2569=CIRCLE('',#7631,4.166);
#2570=CIRCLE('',#7633,4.166);
#2571=CIRCLE('',#7635,4.166);
#2572=CIRCLE('',#7637,4.166);
#2573=CIRCLE('',#7639,4.166);
#2574=CIRCLE('',#7641,1.666);
#2575=CIRCLE('',#7643,1.666);
#2576=CIRCLE('',#7645,1.666);
#2577=CIRCLE('',#7647,1.666);
#2578=CIRCLE('',#7649,1.666);
#2579=CIRCLE('',#7651,1.666);
#2580=CIRCLE('',#7653,1.666);
#2581=CIRCLE('',#7655,1.666);
#2582=CIRCLE('',#7657,1.666);
#2583=CIRCLE('',#7659,1.666);
#2584=CIRCLE('',#7661,1.666);
#2585=CIRCLE('',#7663,1.666);
#2586=CIRCLE('',#7665,1.666);
#2587=CIRCLE('',#7667,1.666);
#2588=CIRCLE('',#7669,1.666);
#2589=CIRCLE('',#7671,1.666);
#2590=CIRCLE('',#7673,1.666);
#2591=CIRCLE('',#7675,1.666);
#2592=CIRCLE('',#7677,1.666);
#2593=CIRCLE('',#7679,1.666);
#2594=CIRCLE('',#7681,1.666);
#2595=CIRCLE('',#7683,1.666);
#2596=CIRCLE('',#7685,1.666);
#2597=CIRCLE('',#7687,1.666);
#2598=CIRCLE('',#7689,1.666);
#2599=CIRCLE('',#7691,1.666);
#2600=CIRCLE('',#7693,1.666);
#2601=CIRCLE('',#7695,1.666);
#2602=CIRCLE('',#7697,1.666);
#2603=CIRCLE('',#7699,1.666);
#2604=CIRCLE('',#7701,1.666);
#2605=CIRCLE('',#7703,1.666);
#2606=CIRCLE('',#7705,1.666);
#2607=CIRCLE('',#7707,1.666);
#2608=CIRCLE('',#7709,1.666);
#2609=CIRCLE('',#7711,1.666);
#2610=CIRCLE('',#7713,1.666);
#2611=CIRCLE('',#7715,1.666);
#2612=CIRCLE('',#7717,1.666);
#2613=CIRCLE('',#7719,1.666);
#2614=CIRCLE('',#7721,1.666);
#2615=CIRCLE('',#7723,1.666);
#2616=CIRCLE('',#7725,1.666);
#2617=CIRCLE('',#7727,1.666);
#2618=CIRCLE('',#7729,1.666);
#2619=CIRCLE('',#7731,1.666);
#2620=CIRCLE('',#7733,1.666);
#2621=CIRCLE('',#7735,1.666);
#2622=CIRCLE('',#7737,1.666);
#2623=CIRCLE('',#7739,1.666);
#2624=CIRCLE('',#7741,1.666);
#2625=CIRCLE('',#7743,1.666);
#2626=CIRCLE('',#7745,1.666);
#2627=CIRCLE('',#7747,1.666);
#2628=CIRCLE('',#7749,1.666);
#2629=CIRCLE('',#7751,1.666);
#2630=CIRCLE('',#7753,1.666);
#2631=CIRCLE('',#7755,1.666);
#2632=CIRCLE('',#7757,1.666);
#2633=CIRCLE('',#7759,1.666);
#2634=CIRCLE('',#7761,1.666);
#2635=CIRCLE('',#7763,1.666);
#2636=CIRCLE('',#7765,1.666);
#2637=CIRCLE('',#7767,1.666);
#2638=CIRCLE('',#7769,1.666);
#2639=CIRCLE('',#7771,1.666);
#2640=CIRCLE('',#7773,1.666);
#2641=CIRCLE('',#7775,1.666);
#2642=CIRCLE('',#7776,1.666);
#2643=CIRCLE('',#7778,1.666);
#2644=CIRCLE('',#7779,1.666);
#2645=CIRCLE('',#7781,1.666);
#2646=CIRCLE('',#7783,1.666);
#2647=CIRCLE('',#7784,1.666);
#2648=CIRCLE('',#7786,1.666);
#2649=CIRCLE('',#7788,1.666);
#2650=CIRCLE('',#7789,1.666);
#2651=CIRCLE('',#7791,1.666);
#2652=CIRCLE('',#7793,1.666);
#2653=CIRCLE('',#7794,1.666);
#2654=CIRCLE('',#7796,1.666);
#2655=CIRCLE('',#7798,1.666);
#2656=CIRCLE('',#7799,1.666);
#2657=CIRCLE('',#7801,1.666);
#2658=CIRCLE('',#7803,1.666);
#2659=CIRCLE('',#7804,1.666);
#2660=CIRCLE('',#7806,1.666);
#2661=CIRCLE('',#7807,1.666);
#2662=CIRCLE('',#7809,1.666);
#2663=CIRCLE('',#7811,1.666);
#2664=CIRCLE('',#7813,1.666);
#2665=CIRCLE('',#7815,1.666);
#2666=CIRCLE('',#7817,1.666);
#2667=CIRCLE('',#7819,1.666);
#2668=CIRCLE('',#7821,1.666);
#2669=CIRCLE('',#7823,1.666);
#2670=CIRCLE('',#7825,1.666);
#2671=CIRCLE('',#7827,1.666);
#2672=CIRCLE('',#7829,1.666);
#2673=CIRCLE('',#7831,1.666);
#2674=CIRCLE('',#7833,1.666);
#2675=CIRCLE('',#7834,1.666);
#2676=CIRCLE('',#7836,1.666);
#2677=CIRCLE('',#7837,1.666);
#2678=CIRCLE('',#7839,1.666);
#2679=CIRCLE('',#7841,1.666);
#2680=CIRCLE('',#7843,1.666);
#2681=CIRCLE('',#7845,1.666);
#2682=CIRCLE('',#7847,1.666);
#2683=CIRCLE('',#7849,1.666);
#2684=CIRCLE('',#7850,1.666);
#2685=CIRCLE('',#7852,1.666);
#2686=CIRCLE('',#7854,1.666);
#2687=CIRCLE('',#7856,1.666);
#2688=CIRCLE('',#7857,1.666);
#2689=CIRCLE('',#7859,1.666);
#2690=CIRCLE('',#7860,1.666);
#2691=CIRCLE('',#7862,1.666);
#2692=CIRCLE('',#7864,1.666);
#2693=CIRCLE('',#7865,1.666);
#2694=CIRCLE('',#7867,1.666);
#2695=CIRCLE('',#7869,1.666);
#2696=CIRCLE('',#7870,1.666);
#2697=CIRCLE('',#7872,1.666);
#2698=CIRCLE('',#7874,1.666);
#2699=CIRCLE('',#7876,1.666);
#2700=CIRCLE('',#7878,1.666);
#2701=CIRCLE('',#7880,1.666);
#2702=CIRCLE('',#7882,1.666);
#2703=CIRCLE('',#7883,1.666);
#2704=CIRCLE('',#7885,1.666);
#2705=CIRCLE('',#7887,1.666);
#2706=CIRCLE('',#7888,1.666);
#2707=CIRCLE('',#7890,1.666);
#2708=CIRCLE('',#7892,1.666);
#2709=CIRCLE('',#7893,1.666);
#2710=CIRCLE('',#7895,1.666);
#2711=CIRCLE('',#7897,1.666);
#2712=CIRCLE('',#7898,1.666);
#2713=CIRCLE('',#7900,1.666);
#2714=CIRCLE('',#7902,1.666);
#2715=CIRCLE('',#7904,1.666);
#2716=CIRCLE('',#7906,1.666);
#2717=CIRCLE('',#7907,1.666);
#2718=CIRCLE('',#7909,1.666);
#2719=CIRCLE('',#7910,1.666);
#2720=CIRCLE('',#7912,1.666);
#2721=CIRCLE('',#7914,1.666);
#2722=CIRCLE('',#7916,1.666);
#2723=CIRCLE('',#7918,1.666);
#2724=CIRCLE('',#7920,1.666);
#2725=CIRCLE('',#7922,1.666);
#2726=CIRCLE('',#7924,1.666);
#2727=CIRCLE('',#7926,1.666);
#2728=CIRCLE('',#7928,1.666);
#2729=CIRCLE('',#7929,1.666);
#2730=CIRCLE('',#7931,1.666);
#2731=CIRCLE('',#7932,1.666);
#2732=CIRCLE('',#7934,1.666);
#2733=CIRCLE('',#7936,1.666);
#2734=CIRCLE('',#7938,1.666);
#2735=CIRCLE('',#7940,1.666);
#2736=CIRCLE('',#7942,1.666);
#2737=CIRCLE('',#7944,1.666);
#2738=CIRCLE('',#7946,1.666);
#2739=CIRCLE('',#7948,1.666);
#2740=CIRCLE('',#7950,1.666);
#2741=CIRCLE('',#7951,1.666);
#2742=CIRCLE('',#7953,1.666);
#2743=CIRCLE('',#7954,1.666);
#2744=CIRCLE('',#7956,1.666);
#2745=CIRCLE('',#7958,1.666);
#2746=CIRCLE('',#7960,1.666);
#2747=CIRCLE('',#7962,1.666);
#2748=CIRCLE('',#7964,1.666);
#2749=CIRCLE('',#7966,1.666);
#2750=CIRCLE('',#7968,1.666);
#2751=CIRCLE('',#7970,1.666);
#2752=CIRCLE('',#7972,1.666);
#2753=CIRCLE('',#7973,1.666);
#2754=CIRCLE('',#7975,1.666);
#2755=CIRCLE('',#7976,1.666);
#2756=CIRCLE('',#7978,1.666);
#2757=CIRCLE('',#7979,1.666);
#2758=CIRCLE('',#7981,1.666);
#2759=CIRCLE('',#7982,1.666);
#2760=CIRCLE('',#7984,1.666);
#2761=CIRCLE('',#7985,1.666);
#2762=CIRCLE('',#7987,1.666);
#2763=CIRCLE('',#7988,1.666);
#2764=CIRCLE('',#7990,1.666);
#2765=CIRCLE('',#7991,1.666);
#2766=CIRCLE('',#7993,1.666);
#2767=CIRCLE('',#7994,1.666);
#2768=CIRCLE('',#7996,1.666);
#2769=CIRCLE('',#7997,1.666);
#2770=CIRCLE('',#7999,1.666);
#2771=CIRCLE('',#8000,1.666);
#2772=CIRCLE('',#8002,1.666);
#2773=CIRCLE('',#8003,1.666);
#2774=CIRCLE('',#8005,2.);
#2775=CIRCLE('',#8006,2.);
#2776=CIRCLE('',#8009,2.);
#2777=CIRCLE('',#8010,2.);
#2778=CIRCLE('',#8013,2.);
#2779=CIRCLE('',#8014,2.);
#2780=CIRCLE('',#8017,2.);
#2781=CIRCLE('',#8018,2.);
#2782=CIRCLE('',#8021,2.);
#2783=CIRCLE('',#8022,2.);
#2784=CIRCLE('',#8025,2.);
#2785=CIRCLE('',#8026,2.);
#2786=CIRCLE('',#8029,2.);
#2787=CIRCLE('',#8030,2.);
#2788=CIRCLE('',#8033,2.);
#2789=CIRCLE('',#8034,2.);
#2790=CIRCLE('',#8037,2.);
#2791=CIRCLE('',#8038,2.);
#2792=CIRCLE('',#8042,2.);
#2793=CIRCLE('',#8043,2.);
#2794=CIRCLE('',#8046,2.);
#2795=CIRCLE('',#8047,2.);
#2796=CIRCLE('',#8050,2.);
#2797=CIRCLE('',#8051,2.);
#2798=CIRCLE('',#8054,2.);
#2799=CIRCLE('',#8055,2.);
#2800=CIRCLE('',#8058,2.);
#2801=CIRCLE('',#8059,2.);
#2802=CIRCLE('',#8062,2.);
#2803=CIRCLE('',#8063,2.);
#2804=CIRCLE('',#8066,2.);
#2805=CIRCLE('',#8067,2.);
#2806=CIRCLE('',#8070,2.);
#2807=CIRCLE('',#8071,2.);
#2808=CIRCLE('',#8074,2.);
#2809=CIRCLE('',#8075,2.);
#2810=CIRCLE('',#8079,1.89999999999999);
#2811=CIRCLE('',#8080,1.89999999999999);
#2812=CIRCLE('',#8083,1.89999999999999);
#2813=CIRCLE('',#8084,1.89999999999999);
#2814=CIRCLE('',#8087,1.89999999999999);
#2815=CIRCLE('',#8088,1.89999999999999);
#2816=CIRCLE('',#8091,1.89999999999999);
#2817=CIRCLE('',#8092,1.89999999999999);
#2818=CIRCLE('',#8095,1.89999999999999);
#2819=CIRCLE('',#8096,1.89999999999999);
#2820=CIRCLE('',#8099,1.89999999999999);
#2821=CIRCLE('',#8100,1.89999999999999);
#2822=CIRCLE('',#8103,1.89999999999999);
#2823=CIRCLE('',#8104,1.89999999999999);
#2824=CIRCLE('',#8107,1.89999999999999);
#2825=CIRCLE('',#8108,1.89999999999999);
#2826=CIRCLE('',#8111,1.89999999999999);
#2827=CIRCLE('',#8112,1.89999999999999);
#2828=CIRCLE('',#8116,1.89999999999999);
#2829=CIRCLE('',#8117,1.89999999999999);
#2830=CIRCLE('',#8120,1.89999999999999);
#2831=CIRCLE('',#8121,1.89999999999999);
#2832=CIRCLE('',#8124,1.89999999999999);
#2833=CIRCLE('',#8125,1.89999999999999);
#2834=CIRCLE('',#8128,1.89999999999999);
#2835=CIRCLE('',#8129,1.89999999999999);
#2836=CIRCLE('',#8132,1.89999999999999);
#2837=CIRCLE('',#8133,1.89999999999999);
#2838=CIRCLE('',#8136,1.89999999999999);
#2839=CIRCLE('',#8137,1.89999999999999);
#2840=CIRCLE('',#8140,1.89999999999999);
#2841=CIRCLE('',#8141,1.89999999999999);
#2842=CIRCLE('',#8144,1.89999999999999);
#2843=CIRCLE('',#8145,1.89999999999999);
#2844=CIRCLE('',#8148,1.89999999999999);
#2845=CIRCLE('',#8149,1.89999999999999);
#2846=VERTEX_POINT('',#10522);
#2847=VERTEX_POINT('',#10523);
#2848=VERTEX_POINT('',#10525);
#2849=VERTEX_POINT('',#10527);
#2850=VERTEX_POINT('',#10531);
#2851=VERTEX_POINT('',#10533);
#2852=VERTEX_POINT('',#10537);
#2853=VERTEX_POINT('',#10538);
#2854=VERTEX_POINT('',#10540);
#2855=VERTEX_POINT('',#10542);
#2856=VERTEX_POINT('',#10546);
#2857=VERTEX_POINT('',#10548);
#2858=VERTEX_POINT('',#10552);
#2859=VERTEX_POINT('',#10553);
#2860=VERTEX_POINT('',#10555);
#2861=VERTEX_POINT('',#10557);
#2862=VERTEX_POINT('',#10561);
#2863=VERTEX_POINT('',#10563);
#2864=VERTEX_POINT('',#10567);
#2865=VERTEX_POINT('',#10568);
#2866=VERTEX_POINT('',#10570);
#2867=VERTEX_POINT('',#10572);
#2868=VERTEX_POINT('',#10576);
#2869=VERTEX_POINT('',#10578);
#2870=VERTEX_POINT('',#10582);
#2871=VERTEX_POINT('',#10583);
#2872=VERTEX_POINT('',#10585);
#2873=VERTEX_POINT('',#10587);
#2874=VERTEX_POINT('',#10591);
#2875=VERTEX_POINT('',#10593);
#2876=VERTEX_POINT('',#10597);
#2877=VERTEX_POINT('',#10598);
#2878=VERTEX_POINT('',#10600);
#2879=VERTEX_POINT('',#10602);
#2880=VERTEX_POINT('',#10606);
#2881=VERTEX_POINT('',#10608);
#2882=VERTEX_POINT('',#10612);
#2883=VERTEX_POINT('',#10613);
#2884=VERTEX_POINT('',#10615);
#2885=VERTEX_POINT('',#10617);
#2886=VERTEX_POINT('',#10621);
#2887=VERTEX_POINT('',#10623);
#2888=VERTEX_POINT('',#10627);
#2889=VERTEX_POINT('',#10628);
#2890=VERTEX_POINT('',#10630);
#2891=VERTEX_POINT('',#10632);
#2892=VERTEX_POINT('',#10636);
#2893=VERTEX_POINT('',#10638);
#2894=VERTEX_POINT('',#10642);
#2895=VERTEX_POINT('',#10643);
#2896=VERTEX_POINT('',#10645);
#2897=VERTEX_POINT('',#10647);
#2898=VERTEX_POINT('',#10651);
#2899=VERTEX_POINT('',#10653);
#2900=VERTEX_POINT('',#10657);
#2901=VERTEX_POINT('',#10658);
#2902=VERTEX_POINT('',#10660);
#2903=VERTEX_POINT('',#10662);
#2904=VERTEX_POINT('',#10666);
#2905=VERTEX_POINT('',#10668);
#2906=VERTEX_POINT('',#10672);
#2907=VERTEX_POINT('',#10673);
#2908=VERTEX_POINT('',#10675);
#2909=VERTEX_POINT('',#10677);
#2910=VERTEX_POINT('',#10681);
#2911=VERTEX_POINT('',#10683);
#2912=VERTEX_POINT('',#10687);
#2913=VERTEX_POINT('',#10688);
#2914=VERTEX_POINT('',#10690);
#2915=VERTEX_POINT('',#10692);
#2916=VERTEX_POINT('',#10696);
#2917=VERTEX_POINT('',#10698);
#2918=VERTEX_POINT('',#10702);
#2919=VERTEX_POINT('',#10703);
#2920=VERTEX_POINT('',#10705);
#2921=VERTEX_POINT('',#10707);
#2922=VERTEX_POINT('',#10711);
#2923=VERTEX_POINT('',#10713);
#2924=VERTEX_POINT('',#10717);
#2925=VERTEX_POINT('',#10718);
#2926=VERTEX_POINT('',#10720);
#2927=VERTEX_POINT('',#10722);
#2928=VERTEX_POINT('',#10726);
#2929=VERTEX_POINT('',#10728);
#2930=VERTEX_POINT('',#10732);
#2931=VERTEX_POINT('',#10733);
#2932=VERTEX_POINT('',#10735);
#2933=VERTEX_POINT('',#10737);
#2934=VERTEX_POINT('',#10741);
#2935=VERTEX_POINT('',#10743);
#2936=VERTEX_POINT('',#10747);
#2937=VERTEX_POINT('',#10748);
#2938=VERTEX_POINT('',#10750);
#2939=VERTEX_POINT('',#10752);
#2940=VERTEX_POINT('',#10756);
#2941=VERTEX_POINT('',#10758);
#2942=VERTEX_POINT('',#10762);
#2943=VERTEX_POINT('',#10763);
#2944=VERTEX_POINT('',#10765);
#2945=VERTEX_POINT('',#10767);
#2946=VERTEX_POINT('',#10771);
#2947=VERTEX_POINT('',#10773);
#2948=VERTEX_POINT('',#10777);
#2949=VERTEX_POINT('',#10778);
#2950=VERTEX_POINT('',#10780);
#2951=VERTEX_POINT('',#10782);
#2952=VERTEX_POINT('',#10786);
#2953=VERTEX_POINT('',#10788);
#2954=VERTEX_POINT('',#10793);
#2955=VERTEX_POINT('',#10795);
#2956=VERTEX_POINT('',#10797);
#2957=VERTEX_POINT('',#10799);
#2958=VERTEX_POINT('',#10801);
#2959=VERTEX_POINT('',#10803);
#2960=VERTEX_POINT('',#10805);
#2961=VERTEX_POINT('',#10807);
#2962=VERTEX_POINT('',#10809);
#2963=VERTEX_POINT('',#10811);
#2964=VERTEX_POINT('',#10813);
#2965=VERTEX_POINT('',#10815);
#2966=VERTEX_POINT('',#10817);
#2967=VERTEX_POINT('',#10819);
#2968=VERTEX_POINT('',#10821);
#2969=VERTEX_POINT('',#10823);
#2970=VERTEX_POINT('',#10825);
#2971=VERTEX_POINT('',#10827);
#2972=VERTEX_POINT('',#10829);
#2973=VERTEX_POINT('',#10831);
#2974=VERTEX_POINT('',#10833);
#2975=VERTEX_POINT('',#10835);
#2976=VERTEX_POINT('',#10837);
#2977=VERTEX_POINT('',#10839);
#2978=VERTEX_POINT('',#10841);
#2979=VERTEX_POINT('',#10843);
#2980=VERTEX_POINT('',#10845);
#2981=VERTEX_POINT('',#10847);
#2982=VERTEX_POINT('',#10849);
#2983=VERTEX_POINT('',#10851);
#2984=VERTEX_POINT('',#10853);
#2985=VERTEX_POINT('',#10855);
#2986=VERTEX_POINT('',#10857);
#2987=VERTEX_POINT('',#10859);
#2988=VERTEX_POINT('',#10861);
#2989=VERTEX_POINT('',#10863);
#2990=VERTEX_POINT('',#10882);
#2991=VERTEX_POINT('',#10884);
#2992=VERTEX_POINT('',#10886);
#2993=VERTEX_POINT('',#10888);
#2994=VERTEX_POINT('',#10890);
#2995=VERTEX_POINT('',#10892);
#2996=VERTEX_POINT('',#10894);
#2997=VERTEX_POINT('',#10896);
#2998=VERTEX_POINT('',#10898);
#2999=VERTEX_POINT('',#10900);
#3000=VERTEX_POINT('',#10902);
#3001=VERTEX_POINT('',#10904);
#3002=VERTEX_POINT('',#10906);
#3003=VERTEX_POINT('',#10908);
#3004=VERTEX_POINT('',#10910);
#3005=VERTEX_POINT('',#10912);
#3006=VERTEX_POINT('',#10914);
#3007=VERTEX_POINT('',#10916);
#3008=VERTEX_POINT('',#10918);
#3009=VERTEX_POINT('',#10920);
#3010=VERTEX_POINT('',#10922);
#3011=VERTEX_POINT('',#10924);
#3012=VERTEX_POINT('',#10926);
#3013=VERTEX_POINT('',#10928);
#3014=VERTEX_POINT('',#10930);
#3015=VERTEX_POINT('',#10932);
#3016=VERTEX_POINT('',#10934);
#3017=VERTEX_POINT('',#10936);
#3018=VERTEX_POINT('',#10938);
#3019=VERTEX_POINT('',#10940);
#3020=VERTEX_POINT('',#10942);
#3021=VERTEX_POINT('',#10944);
#3022=VERTEX_POINT('',#10946);
#3023=VERTEX_POINT('',#10948);
#3024=VERTEX_POINT('',#10950);
#3025=VERTEX_POINT('',#10952);
#3026=VERTEX_POINT('',#10954);
#3027=VERTEX_POINT('',#10956);
#3028=VERTEX_POINT('',#10958);
#3029=VERTEX_POINT('',#10960);
#3030=VERTEX_POINT('',#10962);
#3031=VERTEX_POINT('',#10964);
#3032=VERTEX_POINT('',#10966);
#3033=VERTEX_POINT('',#10968);
#3034=VERTEX_POINT('',#10970);
#3035=VERTEX_POINT('',#10972);
#3036=VERTEX_POINT('',#10974);
#3037=VERTEX_POINT('',#10976);
#3038=VERTEX_POINT('',#10978);
#3039=VERTEX_POINT('',#10980);
#3040=VERTEX_POINT('',#10982);
#3041=VERTEX_POINT('',#10984);
#3042=VERTEX_POINT('',#10986);
#3043=VERTEX_POINT('',#10988);
#3044=VERTEX_POINT('',#10990);
#3045=VERTEX_POINT('',#10992);
#3046=VERTEX_POINT('',#10994);
#3047=VERTEX_POINT('',#10996);
#3048=VERTEX_POINT('',#10998);
#3049=VERTEX_POINT('',#11000);
#3050=VERTEX_POINT('',#11002);
#3051=VERTEX_POINT('',#11004);
#3052=VERTEX_POINT('',#11006);
#3053=VERTEX_POINT('',#11008);
#3054=VERTEX_POINT('',#11011);
#3055=VERTEX_POINT('',#11013);
#3056=VERTEX_POINT('',#11017);
#3057=VERTEX_POINT('',#11019);
#3058=VERTEX_POINT('',#11023);
#3059=VERTEX_POINT('',#11025);
#3060=VERTEX_POINT('',#11029);
#3061=VERTEX_POINT('',#11031);
#3062=VERTEX_POINT('',#11035);
#3063=VERTEX_POINT('',#11037);
#3064=VERTEX_POINT('',#11041);
#3065=VERTEX_POINT('',#11043);
#3066=VERTEX_POINT('',#11047);
#3067=VERTEX_POINT('',#11049);
#3068=VERTEX_POINT('',#11053);
#3069=VERTEX_POINT('',#11055);
#3070=VERTEX_POINT('',#11059);
#3071=VERTEX_POINT('',#11061);
#3072=VERTEX_POINT('',#11065);
#3073=VERTEX_POINT('',#11066);
#3074=VERTEX_POINT('',#11071);
#3075=VERTEX_POINT('',#11072);
#3076=VERTEX_POINT('',#11077);
#3077=VERTEX_POINT('',#11078);
#3078=VERTEX_POINT('',#11083);
#3079=VERTEX_POINT('',#11084);
#3080=VERTEX_POINT('',#11089);
#3081=VERTEX_POINT('',#11090);
#3082=VERTEX_POINT('',#11095);
#3083=VERTEX_POINT('',#11096);
#3084=VERTEX_POINT('',#11101);
#3085=VERTEX_POINT('',#11102);
#3086=VERTEX_POINT('',#11107);
#3087=VERTEX_POINT('',#11108);
#3088=VERTEX_POINT('',#11113);
#3089=VERTEX_POINT('',#11114);
#3090=VERTEX_POINT('',#11141);
#3091=VERTEX_POINT('',#11145);
#3092=VERTEX_POINT('',#11149);
#3093=VERTEX_POINT('',#11153);
#3094=VERTEX_POINT('',#11157);
#3095=VERTEX_POINT('',#11161);
#3096=VERTEX_POINT('',#11165);
#3097=VERTEX_POINT('',#11169);
#3098=VERTEX_POINT('',#11177);
#3099=VERTEX_POINT('',#11181);
#3100=VERTEX_POINT('',#11185);
#3101=VERTEX_POINT('',#11189);
#3102=VERTEX_POINT('',#11193);
#3103=VERTEX_POINT('',#11197);
#3104=VERTEX_POINT('',#11201);
#3105=VERTEX_POINT('',#11205);
#3106=VERTEX_POINT('',#11213);
#3107=VERTEX_POINT('',#11217);
#3108=VERTEX_POINT('',#11221);
#3109=VERTEX_POINT('',#11225);
#3110=VERTEX_POINT('',#11229);
#3111=VERTEX_POINT('',#11233);
#3112=VERTEX_POINT('',#11237);
#3113=VERTEX_POINT('',#11241);
#3114=VERTEX_POINT('',#11249);
#3115=VERTEX_POINT('',#11253);
#3116=VERTEX_POINT('',#11257);
#3117=VERTEX_POINT('',#11263);
#3118=VERTEX_POINT('',#11269);
#3119=VERTEX_POINT('',#11275);
#3120=VERTEX_POINT('',#11281);
#3121=VERTEX_POINT('',#11285);
#3122=VERTEX_POINT('',#11289);
#3123=VERTEX_POINT('',#11293);
#3124=VERTEX_POINT('',#11297);
#3125=VERTEX_POINT('',#11303);
#3126=VERTEX_POINT('',#11309);
#3127=VERTEX_POINT('',#11317);
#3128=VERTEX_POINT('',#11321);
#3129=VERTEX_POINT('',#11327);
#3130=VERTEX_POINT('',#11331);
#3131=VERTEX_POINT('',#11335);
#3132=VERTEX_POINT('',#11339);
#3133=VERTEX_POINT('',#11343);
#3134=VERTEX_POINT('',#11351);
#3135=VERTEX_POINT('',#11355);
#3136=VERTEX_POINT('',#11359);
#3137=VERTEX_POINT('',#11363);
#3138=VERTEX_POINT('',#11367);
#3139=VERTEX_POINT('',#11371);
#3140=VERTEX_POINT('',#11375);
#3141=VERTEX_POINT('',#11379);
#3142=VERTEX_POINT('',#11383);
#3143=VERTEX_POINT('',#11387);
#3144=VERTEX_POINT('',#11391);
#3145=VERTEX_POINT('',#11395);
#3146=VERTEX_POINT('',#11403);
#3147=VERTEX_POINT('',#11409);
#3148=VERTEX_POINT('',#11415);
#3149=VERTEX_POINT('',#11421);
#3150=VERTEX_POINT('',#11427);
#3151=VERTEX_POINT('',#11435);
#3152=VERTEX_POINT('',#11439);
#3153=VERTEX_POINT('',#11443);
#3154=VERTEX_POINT('',#11447);
#3155=VERTEX_POINT('',#11450);
#3156=VERTEX_POINT('',#11453);
#3157=VERTEX_POINT('',#11456);
#3158=VERTEX_POINT('',#11459);
#3159=VERTEX_POINT('',#11462);
#3160=VERTEX_POINT('',#11465);
#3161=VERTEX_POINT('',#11468);
#3162=VERTEX_POINT('',#11471);
#3163=VERTEX_POINT('',#11474);
#3164=VERTEX_POINT('',#11477);
#3165=VERTEX_POINT('',#11480);
#3166=VERTEX_POINT('',#11483);
#3167=VERTEX_POINT('',#11486);
#3168=VERTEX_POINT('',#11489);
#3169=VERTEX_POINT('',#11492);
#3170=VERTEX_POINT('',#11495);
#3171=VERTEX_POINT('',#11498);
#3172=VERTEX_POINT('',#11501);
#3173=VERTEX_POINT('',#11504);
#3174=VERTEX_POINT('',#11507);
#3175=VERTEX_POINT('',#11510);
#3176=VERTEX_POINT('',#11513);
#3177=VERTEX_POINT('',#11516);
#3178=VERTEX_POINT('',#11519);
#3179=VERTEX_POINT('',#11522);
#3180=VERTEX_POINT('',#11525);
#3181=VERTEX_POINT('',#11528);
#3182=VERTEX_POINT('',#11531);
#3183=VERTEX_POINT('',#11534);
#3184=VERTEX_POINT('',#11537);
#3185=VERTEX_POINT('',#11540);
#3186=VERTEX_POINT('',#11543);
#3187=VERTEX_POINT('',#11546);
#3188=VERTEX_POINT('',#11549);
#3189=VERTEX_POINT('',#11552);
#3190=VERTEX_POINT('',#11555);
#3191=VERTEX_POINT('',#11558);
#3192=VERTEX_POINT('',#11561);
#3193=VERTEX_POINT('',#11564);
#3194=VERTEX_POINT('',#11567);
#3195=VERTEX_POINT('',#11570);
#3196=VERTEX_POINT('',#11573);
#3197=VERTEX_POINT('',#11576);
#3198=VERTEX_POINT('',#11579);
#3199=VERTEX_POINT('',#11582);
#3200=VERTEX_POINT('',#11585);
#3201=VERTEX_POINT('',#11588);
#3202=VERTEX_POINT('',#11591);
#3203=VERTEX_POINT('',#11594);
#3204=VERTEX_POINT('',#11597);
#3205=VERTEX_POINT('',#11600);
#3206=VERTEX_POINT('',#11603);
#3207=VERTEX_POINT('',#11606);
#3208=VERTEX_POINT('',#11609);
#3209=VERTEX_POINT('',#11612);
#3210=VERTEX_POINT('',#11615);
#3211=VERTEX_POINT('',#11618);
#3212=VERTEX_POINT('',#11621);
#3213=VERTEX_POINT('',#11624);
#3214=VERTEX_POINT('',#11627);
#3215=VERTEX_POINT('',#11630);
#3216=VERTEX_POINT('',#11633);
#3217=VERTEX_POINT('',#11636);
#3218=VERTEX_POINT('',#11639);
#3219=VERTEX_POINT('',#11643);
#3220=VERTEX_POINT('',#11647);
#3221=VERTEX_POINT('',#11651);
#3222=VERTEX_POINT('',#11653);
#3223=VERTEX_POINT('',#11657);
#3224=VERTEX_POINT('',#11659);
#3225=VERTEX_POINT('',#11663);
#3226=VERTEX_POINT('',#11667);
#3227=VERTEX_POINT('',#11669);
#3228=VERTEX_POINT('',#11673);
#3229=VERTEX_POINT('',#11677);
#3230=VERTEX_POINT('',#11679);
#3231=VERTEX_POINT('',#11683);
#3232=VERTEX_POINT('',#11687);
#3233=VERTEX_POINT('',#11689);
#3234=VERTEX_POINT('',#11693);
#3235=VERTEX_POINT('',#11697);
#3236=VERTEX_POINT('',#11699);
#3237=VERTEX_POINT('',#11703);
#3238=VERTEX_POINT('',#11707);
#3239=VERTEX_POINT('',#11709);
#3240=VERTEX_POINT('',#11713);
#3241=VERTEX_POINT('',#11715);
#3242=VERTEX_POINT('',#11719);
#3243=VERTEX_POINT('',#11723);
#3244=VERTEX_POINT('',#11727);
#3245=VERTEX_POINT('',#11731);
#3246=VERTEX_POINT('',#11735);
#3247=VERTEX_POINT('',#11739);
#3248=VERTEX_POINT('',#11743);
#3249=VERTEX_POINT('',#11747);
#3250=VERTEX_POINT('',#11751);
#3251=VERTEX_POINT('',#11755);
#3252=VERTEX_POINT('',#11759);
#3253=VERTEX_POINT('',#11763);
#3254=VERTEX_POINT('',#11767);
#3255=VERTEX_POINT('',#11769);
#3256=VERTEX_POINT('',#11773);
#3257=VERTEX_POINT('',#11775);
#3258=VERTEX_POINT('',#11779);
#3259=VERTEX_POINT('',#11783);
#3260=VERTEX_POINT('',#11787);
#3261=VERTEX_POINT('',#11791);
#3262=VERTEX_POINT('',#11795);
#3263=VERTEX_POINT('',#11799);
#3264=VERTEX_POINT('',#11801);
#3265=VERTEX_POINT('',#11805);
#3266=VERTEX_POINT('',#11809);
#3267=VERTEX_POINT('',#11813);
#3268=VERTEX_POINT('',#11815);
#3269=VERTEX_POINT('',#11819);
#3270=VERTEX_POINT('',#11821);
#3271=VERTEX_POINT('',#11825);
#3272=VERTEX_POINT('',#11829);
#3273=VERTEX_POINT('',#11831);
#3274=VERTEX_POINT('',#11835);
#3275=VERTEX_POINT('',#11839);
#3276=VERTEX_POINT('',#11841);
#3277=VERTEX_POINT('',#11845);
#3278=VERTEX_POINT('',#11849);
#3279=VERTEX_POINT('',#11853);
#3280=VERTEX_POINT('',#11857);
#3281=VERTEX_POINT('',#11861);
#3282=VERTEX_POINT('',#11865);
#3283=VERTEX_POINT('',#11867);
#3284=VERTEX_POINT('',#11871);
#3285=VERTEX_POINT('',#11875);
#3286=VERTEX_POINT('',#11877);
#3287=VERTEX_POINT('',#11881);
#3288=VERTEX_POINT('',#11885);
#3289=VERTEX_POINT('',#11887);
#3290=VERTEX_POINT('',#11891);
#3291=VERTEX_POINT('',#11895);
#3292=VERTEX_POINT('',#11897);
#3293=VERTEX_POINT('',#11901);
#3294=VERTEX_POINT('',#11905);
#3295=VERTEX_POINT('',#11909);
#3296=VERTEX_POINT('',#11913);
#3297=VERTEX_POINT('',#11915);
#3298=VERTEX_POINT('',#11919);
#3299=VERTEX_POINT('',#11921);
#3300=VERTEX_POINT('',#11925);
#3301=VERTEX_POINT('',#11929);
#3302=VERTEX_POINT('',#11933);
#3303=VERTEX_POINT('',#11937);
#3304=VERTEX_POINT('',#11941);
#3305=VERTEX_POINT('',#11945);
#3306=VERTEX_POINT('',#11949);
#3307=VERTEX_POINT('',#11953);
#3308=VERTEX_POINT('',#11957);
#3309=VERTEX_POINT('',#11959);
#3310=VERTEX_POINT('',#11963);
#3311=VERTEX_POINT('',#11965);
#3312=VERTEX_POINT('',#11969);
#3313=VERTEX_POINT('',#11973);
#3314=VERTEX_POINT('',#11977);
#3315=VERTEX_POINT('',#11981);
#3316=VERTEX_POINT('',#11985);
#3317=VERTEX_POINT('',#11989);
#3318=VERTEX_POINT('',#11993);
#3319=VERTEX_POINT('',#11997);
#3320=VERTEX_POINT('',#12001);
#3321=VERTEX_POINT('',#12003);
#3322=VERTEX_POINT('',#12007);
#3323=VERTEX_POINT('',#12009);
#3324=VERTEX_POINT('',#12013);
#3325=VERTEX_POINT('',#12017);
#3326=VERTEX_POINT('',#12021);
#3327=VERTEX_POINT('',#12025);
#3328=VERTEX_POINT('',#12029);
#3329=VERTEX_POINT('',#12033);
#3330=VERTEX_POINT('',#12037);
#3331=VERTEX_POINT('',#12041);
#3332=VERTEX_POINT('',#12045);
#3333=VERTEX_POINT('',#12047);
#3334=VERTEX_POINT('',#12051);
#3335=VERTEX_POINT('',#12053);
#3336=VERTEX_POINT('',#12057);
#3337=VERTEX_POINT('',#12059);
#3338=VERTEX_POINT('',#12063);
#3339=VERTEX_POINT('',#12065);
#3340=VERTEX_POINT('',#12069);
#3341=VERTEX_POINT('',#12071);
#3342=VERTEX_POINT('',#12075);
#3343=VERTEX_POINT('',#12077);
#3344=VERTEX_POINT('',#12081);
#3345=VERTEX_POINT('',#12083);
#3346=VERTEX_POINT('',#12087);
#3347=VERTEX_POINT('',#12089);
#3348=VERTEX_POINT('',#12093);
#3349=VERTEX_POINT('',#12095);
#3350=VERTEX_POINT('',#12099);
#3351=VERTEX_POINT('',#12101);
#3352=VERTEX_POINT('',#12105);
#3353=VERTEX_POINT('',#12107);
#3354=VERTEX_POINT('',#12111);
#3355=VERTEX_POINT('',#12112);
#3356=VERTEX_POINT('',#12114);
#3357=VERTEX_POINT('',#12116);
#3358=VERTEX_POINT('',#12120);
#3359=VERTEX_POINT('',#12122);
#3360=VERTEX_POINT('',#12126);
#3361=VERTEX_POINT('',#12128);
#3362=VERTEX_POINT('',#12132);
#3363=VERTEX_POINT('',#12134);
#3364=VERTEX_POINT('',#12138);
#3365=VERTEX_POINT('',#12140);
#3366=VERTEX_POINT('',#12144);
#3367=VERTEX_POINT('',#12146);
#3368=VERTEX_POINT('',#12150);
#3369=VERTEX_POINT('',#12152);
#3370=VERTEX_POINT('',#12156);
#3371=VERTEX_POINT('',#12158);
#3372=VERTEX_POINT('',#12162);
#3373=VERTEX_POINT('',#12164);
#3374=VERTEX_POINT('',#12168);
#3375=VERTEX_POINT('',#12170);
#3376=VERTEX_POINT('',#12174);
#3377=VERTEX_POINT('',#12176);
#3378=VERTEX_POINT('',#12180);
#3379=VERTEX_POINT('',#12182);
#3380=VERTEX_POINT('',#12186);
#3381=VERTEX_POINT('',#12188);
#3382=VERTEX_POINT('',#12192);
#3383=VERTEX_POINT('',#12194);
#3384=VERTEX_POINT('',#12198);
#3385=VERTEX_POINT('',#12200);
#3386=VERTEX_POINT('',#12204);
#3387=VERTEX_POINT('',#12206);
#3388=VERTEX_POINT('',#12210);
#3389=VERTEX_POINT('',#12212);
#3390=VERTEX_POINT('',#12216);
#3391=VERTEX_POINT('',#12218);
#3392=VERTEX_POINT('',#12222);
#3393=VERTEX_POINT('',#12224);
#3394=VERTEX_POINT('',#12228);
#3395=VERTEX_POINT('',#12230);
#3396=VERTEX_POINT('',#12234);
#3397=VERTEX_POINT('',#12236);
#3398=VERTEX_POINT('',#12240);
#3399=VERTEX_POINT('',#12242);
#3400=VERTEX_POINT('',#12246);
#3401=VERTEX_POINT('',#12248);
#3402=VERTEX_POINT('',#12252);
#3403=VERTEX_POINT('',#12254);
#3404=VERTEX_POINT('',#12258);
#3405=VERTEX_POINT('',#12260);
#3406=VERTEX_POINT('',#12264);
#3407=VERTEX_POINT('',#12266);
#3408=VERTEX_POINT('',#12270);
#3409=VERTEX_POINT('',#12272);
#3410=VERTEX_POINT('',#12276);
#3411=VERTEX_POINT('',#12278);
#3412=VERTEX_POINT('',#12282);
#3413=VERTEX_POINT('',#12284);
#3414=VERTEX_POINT('',#12288);
#3415=VERTEX_POINT('',#12290);
#3416=VERTEX_POINT('',#12294);
#3417=VERTEX_POINT('',#12296);
#3418=VERTEX_POINT('',#12300);
#3419=VERTEX_POINT('',#12302);
#3420=VERTEX_POINT('',#12306);
#3421=VERTEX_POINT('',#12308);
#3422=VERTEX_POINT('',#12312);
#3423=VERTEX_POINT('',#12314);
#3424=VERTEX_POINT('',#12318);
#3425=VERTEX_POINT('',#12320);
#3426=VERTEX_POINT('',#12324);
#3427=VERTEX_POINT('',#12326);
#3428=VERTEX_POINT('',#12330);
#3429=VERTEX_POINT('',#12332);
#3430=VERTEX_POINT('',#12336);
#3431=VERTEX_POINT('',#12338);
#3432=VERTEX_POINT('',#12342);
#3433=VERTEX_POINT('',#12344);
#3434=VERTEX_POINT('',#12348);
#3435=VERTEX_POINT('',#12350);
#3436=VERTEX_POINT('',#12354);
#3437=VERTEX_POINT('',#12356);
#3438=VERTEX_POINT('',#12360);
#3439=VERTEX_POINT('',#12362);
#3440=VERTEX_POINT('',#12366);
#3441=VERTEX_POINT('',#12368);
#3442=VERTEX_POINT('',#12372);
#3443=VERTEX_POINT('',#12374);
#3444=VERTEX_POINT('',#12378);
#3445=VERTEX_POINT('',#12380);
#3446=VERTEX_POINT('',#12384);
#3447=VERTEX_POINT('',#12386);
#3448=VERTEX_POINT('',#12390);
#3449=VERTEX_POINT('',#12392);
#3450=VERTEX_POINT('',#12396);
#3451=VERTEX_POINT('',#12398);
#3452=VERTEX_POINT('',#12402);
#3453=VERTEX_POINT('',#12404);
#3454=VERTEX_POINT('',#12408);
#3455=VERTEX_POINT('',#12410);
#3456=VERTEX_POINT('',#12414);
#3457=VERTEX_POINT('',#12416);
#3458=VERTEX_POINT('',#12420);
#3459=VERTEX_POINT('',#12422);
#3460=VERTEX_POINT('',#12426);
#3461=VERTEX_POINT('',#12428);
#3462=VERTEX_POINT('',#12432);
#3463=VERTEX_POINT('',#12434);
#3464=VERTEX_POINT('',#12438);
#3465=VERTEX_POINT('',#12440);
#3466=VERTEX_POINT('',#12444);
#3467=VERTEX_POINT('',#12446);
#3468=VERTEX_POINT('',#12450);
#3469=VERTEX_POINT('',#12452);
#3470=VERTEX_POINT('',#12456);
#3471=VERTEX_POINT('',#12458);
#3472=VERTEX_POINT('',#12462);
#3473=VERTEX_POINT('',#12464);
#3474=VERTEX_POINT('',#12468);
#3475=VERTEX_POINT('',#12470);
#3476=VERTEX_POINT('',#12474);
#3477=VERTEX_POINT('',#12476);
#3478=VERTEX_POINT('',#12480);
#3479=VERTEX_POINT('',#12482);
#3480=VERTEX_POINT('',#12486);
#3481=VERTEX_POINT('',#12488);
#3482=VERTEX_POINT('',#12492);
#3483=VERTEX_POINT('',#12494);
#3484=VERTEX_POINT('',#12498);
#3485=VERTEX_POINT('',#12500);
#3486=VERTEX_POINT('',#12504);
#3487=VERTEX_POINT('',#12506);
#3488=VERTEX_POINT('',#12510);
#3489=VERTEX_POINT('',#12512);
#3490=VERTEX_POINT('',#12516);
#3491=VERTEX_POINT('',#12518);
#3492=VERTEX_POINT('',#12522);
#3493=VERTEX_POINT('',#12524);
#3494=VERTEX_POINT('',#12528);
#3495=VERTEX_POINT('',#12530);
#3496=VERTEX_POINT('',#12534);
#3497=VERTEX_POINT('',#12536);
#3498=VERTEX_POINT('',#12540);
#3499=VERTEX_POINT('',#12542);
#3500=VERTEX_POINT('',#12546);
#3501=VERTEX_POINT('',#12548);
#3502=VERTEX_POINT('',#12552);
#3503=VERTEX_POINT('',#12554);
#3504=VERTEX_POINT('',#12558);
#3505=VERTEX_POINT('',#12560);
#3506=EDGE_CURVE('',#2846,#2847,#2266,.T.);
#3507=EDGE_CURVE('',#2846,#2848,#1446,.T.);
#3508=EDGE_CURVE('',#2849,#2848,#2267,.T.);
#3509=EDGE_CURVE('',#2847,#2849,#1447,.T.);
#3510=EDGE_CURVE('',#2850,#2846,#2268,.T.);
#3511=EDGE_CURVE('',#2851,#2850,#1448,.T.);
#3512=EDGE_CURVE('',#2848,#2851,#2269,.T.);
#3513=EDGE_CURVE('',#2852,#2853,#2270,.T.);
#3514=EDGE_CURVE('',#2852,#2854,#1449,.T.);
#3515=EDGE_CURVE('',#2855,#2854,#2271,.T.);
#3516=EDGE_CURVE('',#2853,#2855,#1450,.T.);
#3517=EDGE_CURVE('',#2856,#2852,#2272,.T.);
#3518=EDGE_CURVE('',#2857,#2856,#1451,.T.);
#3519=EDGE_CURVE('',#2854,#2857,#2273,.T.);
#3520=EDGE_CURVE('',#2858,#2859,#2274,.T.);
#3521=EDGE_CURVE('',#2858,#2860,#1452,.T.);
#3522=EDGE_CURVE('',#2861,#2860,#2275,.T.);
#3523=EDGE_CURVE('',#2859,#2861,#1453,.T.);
#3524=EDGE_CURVE('',#2862,#2858,#2276,.T.);
#3525=EDGE_CURVE('',#2863,#2862,#1454,.T.);
#3526=EDGE_CURVE('',#2860,#2863,#2277,.T.);
#3527=EDGE_CURVE('',#2864,#2865,#2278,.T.);
#3528=EDGE_CURVE('',#2864,#2866,#1455,.T.);
#3529=EDGE_CURVE('',#2867,#2866,#2279,.T.);
#3530=EDGE_CURVE('',#2865,#2867,#1456,.T.);
#3531=EDGE_CURVE('',#2868,#2864,#2280,.T.);
#3532=EDGE_CURVE('',#2869,#2868,#1457,.T.);
#3533=EDGE_CURVE('',#2866,#2869,#2281,.T.);
#3534=EDGE_CURVE('',#2870,#2871,#2282,.T.);
#3535=EDGE_CURVE('',#2870,#2872,#1458,.T.);
#3536=EDGE_CURVE('',#2873,#2872,#2283,.T.);
#3537=EDGE_CURVE('',#2871,#2873,#1459,.T.);
#3538=EDGE_CURVE('',#2874,#2870,#2284,.T.);
#3539=EDGE_CURVE('',#2875,#2874,#1460,.T.);
#3540=EDGE_CURVE('',#2872,#2875,#2285,.T.);
#3541=EDGE_CURVE('',#2876,#2877,#2286,.T.);
#3542=EDGE_CURVE('',#2876,#2878,#1461,.T.);
#3543=EDGE_CURVE('',#2879,#2878,#2287,.T.);
#3544=EDGE_CURVE('',#2877,#2879,#1462,.T.);
#3545=EDGE_CURVE('',#2880,#2876,#2288,.T.);
#3546=EDGE_CURVE('',#2881,#2880,#1463,.T.);
#3547=EDGE_CURVE('',#2878,#2881,#2289,.T.);
#3548=EDGE_CURVE('',#2882,#2883,#2290,.T.);
#3549=EDGE_CURVE('',#2882,#2884,#1464,.T.);
#3550=EDGE_CURVE('',#2885,#2884,#2291,.T.);
#3551=EDGE_CURVE('',#2883,#2885,#1465,.T.);
#3552=EDGE_CURVE('',#2886,#2882,#2292,.T.);
#3553=EDGE_CURVE('',#2887,#2886,#1466,.T.);
#3554=EDGE_CURVE('',#2884,#2887,#2293,.T.);
#3555=EDGE_CURVE('',#2888,#2889,#2294,.T.);
#3556=EDGE_CURVE('',#2888,#2890,#1467,.T.);
#3557=EDGE_CURVE('',#2891,#2890,#2295,.T.);
#3558=EDGE_CURVE('',#2889,#2891,#1468,.T.);
#3559=EDGE_CURVE('',#2892,#2888,#2296,.T.);
#3560=EDGE_CURVE('',#2893,#2892,#1469,.T.);
#3561=EDGE_CURVE('',#2890,#2893,#2297,.T.);
#3562=EDGE_CURVE('',#2894,#2895,#2298,.T.);
#3563=EDGE_CURVE('',#2894,#2896,#1470,.T.);
#3564=EDGE_CURVE('',#2897,#2896,#2299,.T.);
#3565=EDGE_CURVE('',#2895,#2897,#1471,.T.);
#3566=EDGE_CURVE('',#2898,#2894,#2300,.T.);
#3567=EDGE_CURVE('',#2899,#2898,#1472,.T.);
#3568=EDGE_CURVE('',#2896,#2899,#2301,.T.);
#3569=EDGE_CURVE('',#2900,#2901,#2302,.T.);
#3570=EDGE_CURVE('',#2900,#2902,#1473,.T.);
#3571=EDGE_CURVE('',#2903,#2902,#2303,.T.);
#3572=EDGE_CURVE('',#2901,#2903,#1474,.T.);
#3573=EDGE_CURVE('',#2904,#2900,#2304,.T.);
#3574=EDGE_CURVE('',#2905,#2904,#1475,.T.);
#3575=EDGE_CURVE('',#2902,#2905,#2305,.T.);
#3576=EDGE_CURVE('',#2906,#2907,#2306,.T.);
#3577=EDGE_CURVE('',#2906,#2908,#1476,.T.);
#3578=EDGE_CURVE('',#2909,#2908,#2307,.T.);
#3579=EDGE_CURVE('',#2907,#2909,#1477,.T.);
#3580=EDGE_CURVE('',#2910,#2906,#2308,.T.);
#3581=EDGE_CURVE('',#2911,#2910,#1478,.T.);
#3582=EDGE_CURVE('',#2908,#2911,#2309,.T.);
#3583=EDGE_CURVE('',#2912,#2913,#2310,.T.);
#3584=EDGE_CURVE('',#2912,#2914,#1479,.T.);
#3585=EDGE_CURVE('',#2915,#2914,#2311,.T.);
#3586=EDGE_CURVE('',#2913,#2915,#1480,.T.);
#3587=EDGE_CURVE('',#2916,#2912,#2312,.T.);
#3588=EDGE_CURVE('',#2917,#2916,#1481,.T.);
#3589=EDGE_CURVE('',#2914,#2917,#2313,.T.);
#3590=EDGE_CURVE('',#2918,#2919,#2314,.T.);
#3591=EDGE_CURVE('',#2918,#2920,#1482,.T.);
#3592=EDGE_CURVE('',#2921,#2920,#2315,.T.);
#3593=EDGE_CURVE('',#2919,#2921,#1483,.T.);
#3594=EDGE_CURVE('',#2922,#2918,#2316,.T.);
#3595=EDGE_CURVE('',#2923,#2922,#1484,.T.);
#3596=EDGE_CURVE('',#2920,#2923,#2317,.T.);
#3597=EDGE_CURVE('',#2924,#2925,#2318,.T.);
#3598=EDGE_CURVE('',#2924,#2926,#1485,.T.);
#3599=EDGE_CURVE('',#2927,#2926,#2319,.T.);
#3600=EDGE_CURVE('',#2925,#2927,#1486,.T.);
#3601=EDGE_CURVE('',#2928,#2924,#2320,.T.);
#3602=EDGE_CURVE('',#2929,#2928,#1487,.T.);
#3603=EDGE_CURVE('',#2926,#2929,#2321,.T.);
#3604=EDGE_CURVE('',#2930,#2931,#2322,.T.);
#3605=EDGE_CURVE('',#2930,#2932,#1488,.T.);
#3606=EDGE_CURVE('',#2933,#2932,#2323,.T.);
#3607=EDGE_CURVE('',#2931,#2933,#1489,.T.);
#3608=EDGE_CURVE('',#2934,#2930,#2324,.T.);
#3609=EDGE_CURVE('',#2935,#2934,#1490,.T.);
#3610=EDGE_CURVE('',#2932,#2935,#2325,.T.);
#3611=EDGE_CURVE('',#2936,#2937,#2326,.T.);
#3612=EDGE_CURVE('',#2936,#2938,#1491,.T.);
#3613=EDGE_CURVE('',#2939,#2938,#2327,.T.);
#3614=EDGE_CURVE('',#2937,#2939,#1492,.T.);
#3615=EDGE_CURVE('',#2940,#2936,#2328,.T.);
#3616=EDGE_CURVE('',#2941,#2940,#1493,.T.);
#3617=EDGE_CURVE('',#2938,#2941,#2329,.T.);
#3618=EDGE_CURVE('',#2942,#2943,#2330,.T.);
#3619=EDGE_CURVE('',#2942,#2944,#1494,.T.);
#3620=EDGE_CURVE('',#2945,#2944,#2331,.T.);
#3621=EDGE_CURVE('',#2943,#2945,#1495,.T.);
#3622=EDGE_CURVE('',#2946,#2942,#2332,.T.);
#3623=EDGE_CURVE('',#2947,#2946,#1496,.T.);
#3624=EDGE_CURVE('',#2944,#2947,#2333,.T.);
#3625=EDGE_CURVE('',#2948,#2949,#2334,.T.);
#3626=EDGE_CURVE('',#2948,#2950,#1497,.T.);
#3627=EDGE_CURVE('',#2951,#2950,#2335,.T.);
#3628=EDGE_CURVE('',#2949,#2951,#1498,.T.);
#3629=EDGE_CURVE('',#2952,#2948,#2336,.T.);
#3630=EDGE_CURVE('',#2953,#2952,#1499,.T.);
#3631=EDGE_CURVE('',#2950,#2953,#2337,.T.);
#3632=EDGE_CURVE('',#2853,#2850,#2338,.T.);
#3633=EDGE_CURVE('',#2847,#2954,#2339,.T.);
#3634=EDGE_CURVE('',#2954,#2955,#2340,.T.);
#3635=EDGE_CURVE('',#2955,#2956,#2341,.T.);
#3636=EDGE_CURVE('',#2956,#2957,#2342,.T.);
#3637=EDGE_CURVE('',#2957,#2958,#2343,.T.);
#3638=EDGE_CURVE('',#2958,#2959,#2344,.T.);
#3639=EDGE_CURVE('',#2959,#2960,#2345,.T.);
#3640=EDGE_CURVE('',#2960,#2961,#2346,.T.);
#3641=EDGE_CURVE('',#2961,#2962,#2347,.T.);
#3642=EDGE_CURVE('',#2962,#2963,#2348,.T.);
#3643=EDGE_CURVE('',#2963,#2964,#2349,.T.);
#3644=EDGE_CURVE('',#2964,#2965,#2350,.T.);
#3645=EDGE_CURVE('',#2965,#2966,#2351,.T.);
#3646=EDGE_CURVE('',#2966,#2967,#2352,.T.);
#3647=EDGE_CURVE('',#2967,#2968,#2353,.T.);
#3648=EDGE_CURVE('',#2968,#2969,#2354,.T.);
#3649=EDGE_CURVE('',#2969,#2970,#2355,.T.);
#3650=EDGE_CURVE('',#2970,#2971,#2356,.T.);
#3651=EDGE_CURVE('',#2971,#2972,#2357,.T.);
#3652=EDGE_CURVE('',#2972,#2973,#2358,.T.);
#3653=EDGE_CURVE('',#2973,#2974,#2359,.T.);
#3654=EDGE_CURVE('',#2974,#2975,#2360,.T.);
#3655=EDGE_CURVE('',#2975,#2976,#2361,.T.);
#3656=EDGE_CURVE('',#2976,#2977,#2362,.T.);
#3657=EDGE_CURVE('',#2977,#2978,#2363,.T.);
#3658=EDGE_CURVE('',#2978,#2979,#2364,.T.);
#3659=EDGE_CURVE('',#2979,#2980,#2365,.T.);
#3660=EDGE_CURVE('',#2980,#2981,#2366,.T.);
#3661=EDGE_CURVE('',#2981,#2982,#2367,.T.);
#3662=EDGE_CURVE('',#2982,#2983,#2368,.T.);
#3663=EDGE_CURVE('',#2983,#2984,#2369,.T.);
#3664=EDGE_CURVE('',#2984,#2985,#2370,.T.);
#3665=EDGE_CURVE('',#2985,#2986,#2371,.T.);
#3666=EDGE_CURVE('',#2986,#2987,#2372,.T.);
#3667=EDGE_CURVE('',#2987,#2988,#2373,.T.);
#3668=EDGE_CURVE('',#2988,#2989,#2374,.T.);
#3669=EDGE_CURVE('',#2989,#2952,#2375,.T.);
#3670=EDGE_CURVE('',#2949,#2946,#2376,.T.);
#3671=EDGE_CURVE('',#2943,#2940,#2377,.T.);
#3672=EDGE_CURVE('',#2937,#2934,#2378,.T.);
#3673=EDGE_CURVE('',#2931,#2928,#2379,.T.);
#3674=EDGE_CURVE('',#2925,#2922,#2380,.T.);
#3675=EDGE_CURVE('',#2919,#2916,#2381,.T.);
#3676=EDGE_CURVE('',#2913,#2910,#2382,.T.);
#3677=EDGE_CURVE('',#2907,#2904,#2383,.T.);
#3678=EDGE_CURVE('',#2901,#2898,#2384,.T.);
#3679=EDGE_CURVE('',#2895,#2892,#2385,.T.);
#3680=EDGE_CURVE('',#2889,#2886,#2386,.T.);
#3681=EDGE_CURVE('',#2883,#2880,#2387,.T.);
#3682=EDGE_CURVE('',#2877,#2874,#2388,.T.);
#3683=EDGE_CURVE('',#2871,#2868,#2389,.T.);
#3684=EDGE_CURVE('',#2865,#2862,#2390,.T.);
#3685=EDGE_CURVE('',#2859,#2856,#2391,.T.);
#3686=EDGE_CURVE('',#2990,#2990,#2392,.T.);
#3687=EDGE_CURVE('',#2991,#2991,#2393,.T.);
#3688=EDGE_CURVE('',#2992,#2992,#2394,.T.);
#3689=EDGE_CURVE('',#2993,#2993,#2395,.T.);
#3690=EDGE_CURVE('',#2994,#2994,#2396,.T.);
#3691=EDGE_CURVE('',#2995,#2995,#2397,.T.);
#3692=EDGE_CURVE('',#2996,#2996,#2398,.T.);
#3693=EDGE_CURVE('',#2997,#2997,#2399,.T.);
#3694=EDGE_CURVE('',#2998,#2998,#2400,.T.);
#3695=EDGE_CURVE('',#2999,#2999,#2401,.T.);
#3696=EDGE_CURVE('',#3000,#3000,#2402,.T.);
#3697=EDGE_CURVE('',#3001,#3001,#2403,.T.);
#3698=EDGE_CURVE('',#3002,#3002,#2404,.T.);
#3699=EDGE_CURVE('',#3003,#3003,#2405,.T.);
#3700=EDGE_CURVE('',#3004,#3004,#2406,.T.);
#3701=EDGE_CURVE('',#3005,#3005,#2407,.T.);
#3702=EDGE_CURVE('',#3006,#3006,#2408,.T.);
#3703=EDGE_CURVE('',#3007,#3007,#2409,.T.);
#3704=EDGE_CURVE('',#3008,#3008,#2410,.T.);
#3705=EDGE_CURVE('',#3009,#3009,#2411,.T.);
#3706=EDGE_CURVE('',#3010,#3010,#2412,.T.);
#3707=EDGE_CURVE('',#3011,#3011,#2413,.T.);
#3708=EDGE_CURVE('',#3012,#3012,#2414,.T.);
#3709=EDGE_CURVE('',#3013,#3013,#2415,.T.);
#3710=EDGE_CURVE('',#3014,#3014,#2416,.T.);
#3711=EDGE_CURVE('',#3015,#3015,#2417,.T.);
#3712=EDGE_CURVE('',#3016,#3016,#2418,.T.);
#3713=EDGE_CURVE('',#3017,#3017,#2419,.T.);
#3714=EDGE_CURVE('',#3018,#3018,#2420,.T.);
#3715=EDGE_CURVE('',#3019,#3019,#2421,.T.);
#3716=EDGE_CURVE('',#3020,#3020,#2422,.T.);
#3717=EDGE_CURVE('',#3021,#3021,#2423,.T.);
#3718=EDGE_CURVE('',#3022,#3022,#2424,.T.);
#3719=EDGE_CURVE('',#3023,#3023,#2425,.T.);
#3720=EDGE_CURVE('',#3024,#3024,#2426,.T.);
#3721=EDGE_CURVE('',#3025,#3025,#2427,.T.);
#3722=EDGE_CURVE('',#3026,#3026,#2428,.T.);
#3723=EDGE_CURVE('',#3027,#3027,#2429,.T.);
#3724=EDGE_CURVE('',#3028,#3028,#2430,.T.);
#3725=EDGE_CURVE('',#3029,#3029,#2431,.T.);
#3726=EDGE_CURVE('',#3030,#3030,#2432,.T.);
#3727=EDGE_CURVE('',#3031,#3031,#2433,.T.);
#3728=EDGE_CURVE('',#3032,#3032,#2434,.T.);
#3729=EDGE_CURVE('',#3033,#3033,#2435,.T.);
#3730=EDGE_CURVE('',#3034,#3034,#2436,.T.);
#3731=EDGE_CURVE('',#3035,#3035,#2437,.T.);
#3732=EDGE_CURVE('',#3036,#3036,#2438,.T.);
#3733=EDGE_CURVE('',#3037,#3037,#2439,.T.);
#3734=EDGE_CURVE('',#3038,#3038,#2440,.T.);
#3735=EDGE_CURVE('',#3039,#3039,#2441,.T.);
#3736=EDGE_CURVE('',#3040,#3040,#2442,.T.);
#3737=EDGE_CURVE('',#3041,#3041,#2443,.T.);
#3738=EDGE_CURVE('',#3042,#3042,#2444,.T.);
#3739=EDGE_CURVE('',#3043,#3043,#2445,.T.);
#3740=EDGE_CURVE('',#3044,#3044,#2446,.T.);
#3741=EDGE_CURVE('',#3045,#3045,#2447,.T.);
#3742=EDGE_CURVE('',#3046,#3046,#2448,.T.);
#3743=EDGE_CURVE('',#3047,#3047,#2449,.T.);
#3744=EDGE_CURVE('',#3048,#3048,#2450,.T.);
#3745=EDGE_CURVE('',#3049,#3049,#2451,.T.);
#3746=EDGE_CURVE('',#3050,#3050,#2452,.T.);
#3747=EDGE_CURVE('',#3051,#3051,#2453,.T.);
#3748=EDGE_CURVE('',#3052,#3052,#2454,.T.);
#3749=EDGE_CURVE('',#3053,#3053,#2455,.T.);
#3750=EDGE_CURVE('',#2988,#3054,#1500,.T.);
#3751=EDGE_CURVE('',#3055,#3054,#2456,.T.);
#3752=EDGE_CURVE('',#3055,#2989,#1501,.T.);
#3753=EDGE_CURVE('',#2986,#3056,#1502,.T.);
#3754=EDGE_CURVE('',#3057,#3056,#2457,.T.);
#3755=EDGE_CURVE('',#3057,#2987,#1503,.T.);
#3756=EDGE_CURVE('',#2984,#3058,#1504,.T.);
#3757=EDGE_CURVE('',#3059,#3058,#2458,.T.);
#3758=EDGE_CURVE('',#3059,#2985,#1505,.T.);
#3759=EDGE_CURVE('',#2982,#3060,#1506,.T.);
#3760=EDGE_CURVE('',#3061,#3060,#2459,.T.);
#3761=EDGE_CURVE('',#3061,#2983,#1507,.T.);
#3762=EDGE_CURVE('',#2980,#3062,#1508,.T.);
#3763=EDGE_CURVE('',#3063,#3062,#2460,.T.);
#3764=EDGE_CURVE('',#3063,#2981,#1509,.T.);
#3765=EDGE_CURVE('',#2978,#3064,#1510,.T.);
#3766=EDGE_CURVE('',#3065,#3064,#2461,.T.);
#3767=EDGE_CURVE('',#3065,#2979,#1511,.T.);
#3768=EDGE_CURVE('',#2976,#3066,#1512,.T.);
#3769=EDGE_CURVE('',#3067,#3066,#2462,.T.);
#3770=EDGE_CURVE('',#3067,#2977,#1513,.T.);
#3771=EDGE_CURVE('',#2974,#3068,#1514,.T.);
#3772=EDGE_CURVE('',#3069,#3068,#2463,.T.);
#3773=EDGE_CURVE('',#3069,#2975,#1515,.T.);
#3774=EDGE_CURVE('',#2972,#3070,#1516,.T.);
#3775=EDGE_CURVE('',#3071,#3070,#2464,.T.);
#3776=EDGE_CURVE('',#3071,#2973,#1517,.T.);
#3777=EDGE_CURVE('',#3072,#3073,#2465,.T.);
#3778=EDGE_CURVE('',#3072,#2971,#1518,.T.);
#3779=EDGE_CURVE('',#2970,#3073,#1519,.T.);
#3780=EDGE_CURVE('',#3074,#3075,#2466,.T.);
#3781=EDGE_CURVE('',#3074,#2969,#1520,.T.);
#3782=EDGE_CURVE('',#2968,#3075,#1521,.T.);
#3783=EDGE_CURVE('',#3076,#3077,#2467,.T.);
#3784=EDGE_CURVE('',#3076,#2967,#1522,.T.);
#3785=EDGE_CURVE('',#2966,#3077,#1523,.T.);
#3786=EDGE_CURVE('',#3078,#3079,#2468,.T.);
#3787=EDGE_CURVE('',#3078,#2965,#1524,.T.);
#3788=EDGE_CURVE('',#2964,#3079,#1525,.T.);
#3789=EDGE_CURVE('',#3080,#3081,#2469,.T.);
#3790=EDGE_CURVE('',#3080,#2963,#1526,.T.);
#3791=EDGE_CURVE('',#2962,#3081,#1527,.T.);
#3792=EDGE_CURVE('',#3082,#3083,#2470,.T.);
#3793=EDGE_CURVE('',#3082,#2961,#1528,.T.);
#3794=EDGE_CURVE('',#2960,#3083,#1529,.T.);
#3795=EDGE_CURVE('',#3084,#3085,#2471,.T.);
#3796=EDGE_CURVE('',#3084,#2959,#1530,.T.);
#3797=EDGE_CURVE('',#2958,#3085,#1531,.T.);
#3798=EDGE_CURVE('',#3086,#3087,#2472,.T.);
#3799=EDGE_CURVE('',#3086,#2957,#1532,.T.);
#3800=EDGE_CURVE('',#2956,#3087,#1533,.T.);
#3801=EDGE_CURVE('',#3088,#3089,#2473,.T.);
#3802=EDGE_CURVE('',#3088,#2955,#1534,.T.);
#3803=EDGE_CURVE('',#2954,#3089,#1535,.T.);
#3804=EDGE_CURVE('',#2899,#2903,#2474,.T.);
#3805=EDGE_CURVE('',#2905,#2909,#2475,.T.);
#3806=EDGE_CURVE('',#2911,#2915,#2476,.T.);
#3807=EDGE_CURVE('',#2917,#2921,#2477,.T.);
#3808=EDGE_CURVE('',#2923,#2927,#2478,.T.);
#3809=EDGE_CURVE('',#2929,#2933,#2479,.T.);
#3810=EDGE_CURVE('',#2935,#2939,#2480,.T.);
#3811=EDGE_CURVE('',#2941,#2945,#2481,.T.);
#3812=EDGE_CURVE('',#2947,#2951,#2482,.T.);
#3813=EDGE_CURVE('',#2953,#3055,#2483,.T.);
#3814=EDGE_CURVE('',#2893,#2897,#2484,.T.);
#3815=EDGE_CURVE('',#3090,#3090,#2485,.T.);
#3816=EDGE_CURVE('',#3090,#3053,#1536,.T.);
#3817=EDGE_CURVE('',#3091,#3091,#2486,.T.);
#3818=EDGE_CURVE('',#3091,#3052,#1537,.T.);
#3819=EDGE_CURVE('',#3092,#3092,#2487,.T.);
#3820=EDGE_CURVE('',#3092,#3051,#1538,.T.);
#3821=EDGE_CURVE('',#3093,#3093,#2488,.T.);
#3822=EDGE_CURVE('',#3093,#3050,#1539,.T.);
#3823=EDGE_CURVE('',#3094,#3094,#2489,.T.);
#3824=EDGE_CURVE('',#3094,#3049,#1540,.T.);
#3825=EDGE_CURVE('',#3095,#3095,#2490,.T.);
#3826=EDGE_CURVE('',#3095,#3048,#1541,.T.);
#3827=EDGE_CURVE('',#3096,#3096,#2491,.T.);
#3828=EDGE_CURVE('',#3096,#3047,#1542,.T.);
#3829=EDGE_CURVE('',#3097,#3097,#2492,.T.);
#3830=EDGE_CURVE('',#3097,#3046,#1543,.T.);
#3831=EDGE_CURVE('',#3054,#3057,#2493,.T.);
#3832=EDGE_CURVE('',#2887,#2891,#2494,.T.);
#3833=EDGE_CURVE('',#3098,#3098,#2495,.T.);
#3834=EDGE_CURVE('',#3098,#3045,#1544,.T.);
#3835=EDGE_CURVE('',#3099,#3099,#2496,.T.);
#3836=EDGE_CURVE('',#3099,#3044,#1545,.T.);
#3837=EDGE_CURVE('',#3100,#3100,#2497,.T.);
#3838=EDGE_CURVE('',#3100,#3043,#1546,.T.);
#3839=EDGE_CURVE('',#3101,#3101,#2498,.T.);
#3840=EDGE_CURVE('',#3101,#3042,#1547,.T.);
#3841=EDGE_CURVE('',#3102,#3102,#2499,.T.);
#3842=EDGE_CURVE('',#3102,#3041,#1548,.T.);
#3843=EDGE_CURVE('',#3103,#3103,#2500,.T.);
#3844=EDGE_CURVE('',#3103,#3040,#1549,.T.);
#3845=EDGE_CURVE('',#3104,#3104,#2501,.T.);
#3846=EDGE_CURVE('',#3104,#3039,#1550,.T.);
#3847=EDGE_CURVE('',#3105,#3105,#2502,.T.);
#3848=EDGE_CURVE('',#3105,#3038,#1551,.T.);
#3849=EDGE_CURVE('',#3056,#3059,#2503,.T.);
#3850=EDGE_CURVE('',#2881,#2885,#2504,.T.);
#3851=EDGE_CURVE('',#3106,#3106,#2505,.T.);
#3852=EDGE_CURVE('',#3106,#3037,#1552,.T.);
#3853=EDGE_CURVE('',#3107,#3107,#2506,.T.);
#3854=EDGE_CURVE('',#3107,#3036,#1553,.T.);
#3855=EDGE_CURVE('',#3108,#3108,#2507,.T.);
#3856=EDGE_CURVE('',#3108,#3035,#1554,.T.);
#3857=EDGE_CURVE('',#3109,#3109,#2508,.T.);
#3858=EDGE_CURVE('',#3109,#3034,#1555,.T.);
#3859=EDGE_CURVE('',#3110,#3110,#2509,.T.);
#3860=EDGE_CURVE('',#3110,#3033,#1556,.T.);
#3861=EDGE_CURVE('',#3111,#3111,#2510,.T.);
#3862=EDGE_CURVE('',#3111,#3032,#1557,.T.);
#3863=EDGE_CURVE('',#3112,#3112,#2511,.T.);
#3864=EDGE_CURVE('',#3112,#3031,#1558,.T.);
#3865=EDGE_CURVE('',#3113,#3113,#2512,.T.);
#3866=EDGE_CURVE('',#3113,#3030,#1559,.T.);
#3867=EDGE_CURVE('',#3058,#3061,#2513,.T.);
#3868=EDGE_CURVE('',#2875,#2879,#2514,.T.);
#3869=EDGE_CURVE('',#3114,#3114,#2515,.T.);
#3870=EDGE_CURVE('',#3114,#3029,#1560,.T.);
#3871=EDGE_CURVE('',#3115,#3115,#2516,.T.);
#3872=EDGE_CURVE('',#3115,#3028,#1561,.T.);
#3873=EDGE_CURVE('',#3116,#3116,#2517,.T.);
#3874=EDGE_CURVE('',#3116,#3027,#1562,.T.);
#3875=EDGE_CURVE('',#3085,#3086,#2518,.T.);
#3876=EDGE_CURVE('',#3117,#3117,#2519,.T.);
#3877=EDGE_CURVE('',#3117,#3026,#1563,.T.);
#3878=EDGE_CURVE('',#3081,#3082,#2520,.T.);
#3879=EDGE_CURVE('',#3118,#3118,#2521,.T.);
#3880=EDGE_CURVE('',#3118,#3025,#1564,.T.);
#3881=EDGE_CURVE('',#3079,#3080,#2522,.T.);
#3882=EDGE_CURVE('',#3119,#3119,#2523,.T.);
#3883=EDGE_CURVE('',#3119,#3024,#1565,.T.);
#3884=EDGE_CURVE('',#3060,#3063,#2524,.T.);
#3885=EDGE_CURVE('',#3120,#3120,#2525,.T.);
#3886=EDGE_CURVE('',#3120,#2999,#1566,.T.);
#3887=EDGE_CURVE('',#3121,#3121,#2526,.T.);
#3888=EDGE_CURVE('',#3121,#2990,#1567,.T.);
#3889=EDGE_CURVE('',#3122,#3122,#2527,.T.);
#3890=EDGE_CURVE('',#3122,#3017,#1568,.T.);
#3891=EDGE_CURVE('',#3123,#3123,#2528,.T.);
#3892=EDGE_CURVE('',#3123,#3023,#1569,.T.);
#3893=EDGE_CURVE('',#3124,#3124,#2529,.T.);
#3894=EDGE_CURVE('',#3124,#3022,#1570,.T.);
#3895=EDGE_CURVE('',#3083,#3084,#2530,.T.);
#3896=EDGE_CURVE('',#3125,#3125,#2531,.T.);
#3897=EDGE_CURVE('',#3125,#3021,#1571,.T.);
#3898=EDGE_CURVE('',#2869,#2873,#2532,.T.);
#3899=EDGE_CURVE('',#3126,#3126,#2533,.T.);
#3900=EDGE_CURVE('',#3126,#3009,#1572,.T.);
#3901=EDGE_CURVE('',#2851,#2855,#2534,.T.);
#3902=EDGE_CURVE('',#3064,#3067,#2535,.T.);
#3903=EDGE_CURVE('',#3127,#3127,#2536,.T.);
#3904=EDGE_CURVE('',#3127,#3013,#1573,.T.);
#3905=EDGE_CURVE('',#3128,#3128,#2537,.T.);
#3906=EDGE_CURVE('',#3128,#3005,#1574,.T.);
#3907=EDGE_CURVE('',#2857,#2861,#2538,.T.);
#3908=EDGE_CURVE('',#3129,#3129,#2539,.T.);
#3909=EDGE_CURVE('',#3129,#3000,#1575,.T.);
#3910=EDGE_CURVE('',#3130,#3130,#2540,.T.);
#3911=EDGE_CURVE('',#3130,#2998,#1576,.T.);
#3912=EDGE_CURVE('',#3131,#3131,#2541,.T.);
#3913=EDGE_CURVE('',#3131,#2994,#1577,.T.);
#3914=EDGE_CURVE('',#3132,#3132,#2542,.T.);
#3915=EDGE_CURVE('',#3132,#2995,#1578,.T.);
#3916=EDGE_CURVE('',#3133,#3133,#2543,.T.);
#3917=EDGE_CURVE('',#3133,#2991,#1579,.T.);
#3918=EDGE_CURVE('',#3089,#2849,#2544,.T.);
#3919=EDGE_CURVE('',#3087,#3088,#2545,.T.);
#3920=EDGE_CURVE('',#3134,#3134,#2546,.T.);
#3921=EDGE_CURVE('',#3134,#3019,#1580,.T.);
#3922=EDGE_CURVE('',#3135,#3135,#2547,.T.);
#3923=EDGE_CURVE('',#3135,#3011,#1581,.T.);
#3924=EDGE_CURVE('',#3136,#3136,#2548,.T.);
#3925=EDGE_CURVE('',#3136,#3018,#1582,.T.);
#3926=EDGE_CURVE('',#3137,#3137,#2549,.T.);
#3927=EDGE_CURVE('',#3137,#3015,#1583,.T.);
#3928=EDGE_CURVE('',#3138,#3138,#2550,.T.);
#3929=EDGE_CURVE('',#3138,#3004,#1584,.T.);
#3930=EDGE_CURVE('',#3139,#3139,#2551,.T.);
#3931=EDGE_CURVE('',#3139,#3014,#1585,.T.);
#3932=EDGE_CURVE('',#3140,#3140,#2552,.T.);
#3933=EDGE_CURVE('',#3140,#2997,#1586,.T.);
#3934=EDGE_CURVE('',#3141,#3141,#2553,.T.);
#3935=EDGE_CURVE('',#3141,#3020,#1587,.T.);
#3936=EDGE_CURVE('',#3142,#3142,#2554,.T.);
#3937=EDGE_CURVE('',#3142,#3016,#1588,.T.);
#3938=EDGE_CURVE('',#3143,#3143,#2555,.T.);
#3939=EDGE_CURVE('',#3143,#2993,#1589,.T.);
#3940=EDGE_CURVE('',#3144,#3144,#2556,.T.);
#3941=EDGE_CURVE('',#3144,#2996,#1590,.T.);
#3942=EDGE_CURVE('',#3145,#3145,#2557,.T.);
#3943=EDGE_CURVE('',#3145,#3003,#1591,.T.);
#3944=EDGE_CURVE('',#2863,#2867,#2558,.T.);
#3945=EDGE_CURVE('',#3070,#3072,#2559,.T.);
#3946=EDGE_CURVE('',#3146,#3146,#2560,.T.);
#3947=EDGE_CURVE('',#3146,#3002,#1592,.T.);
#3948=EDGE_CURVE('',#3062,#3065,#2561,.T.);
#3949=EDGE_CURVE('',#3147,#3147,#2562,.T.);
#3950=EDGE_CURVE('',#3147,#2992,#1593,.T.);
#3951=EDGE_CURVE('',#3068,#3071,#2563,.T.);
#3952=EDGE_CURVE('',#3148,#3148,#2564,.T.);
#3953=EDGE_CURVE('',#3148,#3007,#1594,.T.);
#3954=EDGE_CURVE('',#3073,#3074,#2565,.T.);
#3955=EDGE_CURVE('',#3149,#3149,#2566,.T.);
#3956=EDGE_CURVE('',#3149,#3008,#1595,.T.);
#3957=EDGE_CURVE('',#3077,#3078,#2567,.T.);
#3958=EDGE_CURVE('',#3150,#3150,#2568,.T.);
#3959=EDGE_CURVE('',#3150,#3012,#1596,.T.);
#3960=EDGE_CURVE('',#3075,#3076,#2569,.T.);
#3961=EDGE_CURVE('',#3066,#3069,#2570,.T.);
#3962=EDGE_CURVE('',#3151,#3151,#2571,.T.);
#3963=EDGE_CURVE('',#3151,#3006,#1597,.T.);
#3964=EDGE_CURVE('',#3152,#3152,#2572,.T.);
#3965=EDGE_CURVE('',#3152,#3001,#1598,.T.);
#3966=EDGE_CURVE('',#3153,#3153,#2573,.T.);
#3967=EDGE_CURVE('',#3153,#3010,#1599,.T.);
#3968=EDGE_CURVE('',#3154,#3154,#2574,.F.);
#3969=EDGE_CURVE('',#3155,#3155,#2575,.F.);
#3970=EDGE_CURVE('',#3156,#3156,#2576,.F.);
#3971=EDGE_CURVE('',#3157,#3157,#2577,.F.);
#3972=EDGE_CURVE('',#3158,#3158,#2578,.F.);
#3973=EDGE_CURVE('',#3159,#3159,#2579,.F.);
#3974=EDGE_CURVE('',#3160,#3160,#2580,.F.);
#3975=EDGE_CURVE('',#3161,#3161,#2581,.F.);
#3976=EDGE_CURVE('',#3162,#3162,#2582,.F.);
#3977=EDGE_CURVE('',#3163,#3163,#2583,.F.);
#3978=EDGE_CURVE('',#3164,#3164,#2584,.F.);
#3979=EDGE_CURVE('',#3165,#3165,#2585,.F.);
#3980=EDGE_CURVE('',#3166,#3166,#2586,.F.);
#3981=EDGE_CURVE('',#3167,#3167,#2587,.F.);
#3982=EDGE_CURVE('',#3168,#3168,#2588,.F.);
#3983=EDGE_CURVE('',#3169,#3169,#2589,.F.);
#3984=EDGE_CURVE('',#3170,#3170,#2590,.F.);
#3985=EDGE_CURVE('',#3171,#3171,#2591,.F.);
#3986=EDGE_CURVE('',#3172,#3172,#2592,.F.);
#3987=EDGE_CURVE('',#3173,#3173,#2593,.F.);
#3988=EDGE_CURVE('',#3174,#3174,#2594,.F.);
#3989=EDGE_CURVE('',#3175,#3175,#2595,.F.);
#3990=EDGE_CURVE('',#3176,#3176,#2596,.F.);
#3991=EDGE_CURVE('',#3177,#3177,#2597,.F.);
#3992=EDGE_CURVE('',#3178,#3178,#2598,.F.);
#3993=EDGE_CURVE('',#3179,#3179,#2599,.F.);
#3994=EDGE_CURVE('',#3180,#3180,#2600,.F.);
#3995=EDGE_CURVE('',#3181,#3181,#2601,.F.);
#3996=EDGE_CURVE('',#3182,#3182,#2602,.F.);
#3997=EDGE_CURVE('',#3183,#3183,#2603,.F.);
#3998=EDGE_CURVE('',#3184,#3184,#2604,.F.);
#3999=EDGE_CURVE('',#3185,#3185,#2605,.F.);
#4000=EDGE_CURVE('',#3186,#3186,#2606,.F.);
#4001=EDGE_CURVE('',#3187,#3187,#2607,.F.);
#4002=EDGE_CURVE('',#3188,#3188,#2608,.F.);
#4003=EDGE_CURVE('',#3189,#3189,#2609,.F.);
#4004=EDGE_CURVE('',#3190,#3190,#2610,.F.);
#4005=EDGE_CURVE('',#3191,#3191,#2611,.F.);
#4006=EDGE_CURVE('',#3192,#3192,#2612,.F.);
#4007=EDGE_CURVE('',#3193,#3193,#2613,.F.);
#4008=EDGE_CURVE('',#3194,#3194,#2614,.F.);
#4009=EDGE_CURVE('',#3195,#3195,#2615,.F.);
#4010=EDGE_CURVE('',#3196,#3196,#2616,.F.);
#4011=EDGE_CURVE('',#3197,#3197,#2617,.F.);
#4012=EDGE_CURVE('',#3198,#3198,#2618,.F.);
#4013=EDGE_CURVE('',#3199,#3199,#2619,.F.);
#4014=EDGE_CURVE('',#3200,#3200,#2620,.F.);
#4015=EDGE_CURVE('',#3201,#3201,#2621,.F.);
#4016=EDGE_CURVE('',#3202,#3202,#2622,.F.);
#4017=EDGE_CURVE('',#3203,#3203,#2623,.F.);
#4018=EDGE_CURVE('',#3204,#3204,#2624,.F.);
#4019=EDGE_CURVE('',#3205,#3205,#2625,.F.);
#4020=EDGE_CURVE('',#3206,#3206,#2626,.F.);
#4021=EDGE_CURVE('',#3207,#3207,#2627,.F.);
#4022=EDGE_CURVE('',#3208,#3208,#2628,.F.);
#4023=EDGE_CURVE('',#3209,#3209,#2629,.F.);
#4024=EDGE_CURVE('',#3210,#3210,#2630,.F.);
#4025=EDGE_CURVE('',#3211,#3211,#2631,.F.);
#4026=EDGE_CURVE('',#3212,#3212,#2632,.F.);
#4027=EDGE_CURVE('',#3213,#3213,#2633,.F.);
#4028=EDGE_CURVE('',#3214,#3214,#2634,.F.);
#4029=EDGE_CURVE('',#3215,#3215,#2635,.F.);
#4030=EDGE_CURVE('',#3216,#3216,#2636,.F.);
#4031=EDGE_CURVE('',#3217,#3217,#2637,.F.);
#4032=EDGE_CURVE('',#3218,#3218,#2638,.F.);
#4033=EDGE_CURVE('',#3218,#3154,#1600,.T.);
#4034=EDGE_CURVE('',#3219,#3219,#2639,.F.);
#4035=EDGE_CURVE('',#3219,#3155,#1601,.T.);
#4036=EDGE_CURVE('',#3220,#3220,#2640,.F.);
#4037=EDGE_CURVE('',#3220,#3156,#1602,.T.);
#4038=EDGE_CURVE('',#3221,#3221,#2641,.F.);
#4039=EDGE_CURVE('',#3221,#3222,#1603,.T.);
#4040=EDGE_CURVE('',#3222,#3222,#2642,.F.);
#4041=EDGE_CURVE('',#3223,#3223,#2643,.F.);
#4042=EDGE_CURVE('',#3223,#3224,#1604,.T.);
#4043=EDGE_CURVE('',#3224,#3224,#2644,.F.);
#4044=EDGE_CURVE('',#3225,#3225,#2645,.F.);
#4045=EDGE_CURVE('',#3225,#3157,#1605,.T.);
#4046=EDGE_CURVE('',#3226,#3226,#2646,.F.);
#4047=EDGE_CURVE('',#3226,#3227,#1606,.T.);
#4048=EDGE_CURVE('',#3227,#3227,#2647,.F.);
#4049=EDGE_CURVE('',#3228,#3228,#2648,.F.);
#4050=EDGE_CURVE('',#3228,#3158,#1607,.T.);
#4051=EDGE_CURVE('',#3229,#3229,#2649,.F.);
#4052=EDGE_CURVE('',#3229,#3230,#1608,.T.);
#4053=EDGE_CURVE('',#3230,#3230,#2650,.F.);
#4054=EDGE_CURVE('',#3231,#3231,#2651,.F.);
#4055=EDGE_CURVE('',#3231,#3159,#1609,.T.);
#4056=EDGE_CURVE('',#3232,#3232,#2652,.F.);
#4057=EDGE_CURVE('',#3232,#3233,#1610,.T.);
#4058=EDGE_CURVE('',#3233,#3233,#2653,.F.);
#4059=EDGE_CURVE('',#3234,#3234,#2654,.F.);
#4060=EDGE_CURVE('',#3234,#3160,#1611,.T.);
#4061=EDGE_CURVE('',#3235,#3235,#2655,.F.);
#4062=EDGE_CURVE('',#3235,#3236,#1612,.T.);
#4063=EDGE_CURVE('',#3236,#3236,#2656,.F.);
#4064=EDGE_CURVE('',#3237,#3237,#2657,.F.);
#4065=EDGE_CURVE('',#3237,#3161,#1613,.T.);
#4066=EDGE_CURVE('',#3238,#3238,#2658,.F.);
#4067=EDGE_CURVE('',#3238,#3239,#1614,.T.);
#4068=EDGE_CURVE('',#3239,#3239,#2659,.F.);
#4069=EDGE_CURVE('',#3240,#3240,#2660,.F.);
#4070=EDGE_CURVE('',#3240,#3241,#1615,.T.);
#4071=EDGE_CURVE('',#3241,#3241,#2661,.F.);
#4072=EDGE_CURVE('',#3242,#3242,#2662,.F.);
#4073=EDGE_CURVE('',#3242,#3162,#1616,.T.);
#4074=EDGE_CURVE('',#3243,#3243,#2663,.F.);
#4075=EDGE_CURVE('',#3243,#3163,#1617,.T.);
#4076=EDGE_CURVE('',#3244,#3244,#2664,.F.);
#4077=EDGE_CURVE('',#3244,#3164,#1618,.T.);
#4078=EDGE_CURVE('',#3245,#3245,#2665,.F.);
#4079=EDGE_CURVE('',#3245,#3165,#1619,.T.);
#4080=EDGE_CURVE('',#3246,#3246,#2666,.F.);
#4081=EDGE_CURVE('',#3246,#3166,#1620,.T.);
#4082=EDGE_CURVE('',#3247,#3247,#2667,.F.);
#4083=EDGE_CURVE('',#3247,#3167,#1621,.T.);
#4084=EDGE_CURVE('',#3248,#3248,#2668,.F.);
#4085=EDGE_CURVE('',#3248,#3168,#1622,.T.);
#4086=EDGE_CURVE('',#3249,#3249,#2669,.F.);
#4087=EDGE_CURVE('',#3249,#3169,#1623,.T.);
#4088=EDGE_CURVE('',#3250,#3250,#2670,.F.);
#4089=EDGE_CURVE('',#3250,#3170,#1624,.T.);
#4090=EDGE_CURVE('',#3251,#3251,#2671,.F.);
#4091=EDGE_CURVE('',#3251,#3171,#1625,.T.);
#4092=EDGE_CURVE('',#3252,#3252,#2672,.F.);
#4093=EDGE_CURVE('',#3252,#3172,#1626,.T.);
#4094=EDGE_CURVE('',#3253,#3253,#2673,.F.);
#4095=EDGE_CURVE('',#3253,#3173,#1627,.T.);
#4096=EDGE_CURVE('',#3254,#3254,#2674,.F.);
#4097=EDGE_CURVE('',#3254,#3255,#1628,.T.);
#4098=EDGE_CURVE('',#3255,#3255,#2675,.F.);
#4099=EDGE_CURVE('',#3256,#3256,#2676,.F.);
#4100=EDGE_CURVE('',#3256,#3257,#1629,.T.);
#4101=EDGE_CURVE('',#3257,#3257,#2677,.F.);
#4102=EDGE_CURVE('',#3258,#3258,#2678,.F.);
#4103=EDGE_CURVE('',#3258,#3174,#1630,.T.);
#4104=EDGE_CURVE('',#3259,#3259,#2679,.F.);
#4105=EDGE_CURVE('',#3259,#3175,#1631,.T.);
#4106=EDGE_CURVE('',#3260,#3260,#2680,.F.);
#4107=EDGE_CURVE('',#3260,#3176,#1632,.T.);
#4108=EDGE_CURVE('',#3261,#3261,#2681,.F.);
#4109=EDGE_CURVE('',#3261,#3177,#1633,.T.);
#4110=EDGE_CURVE('',#3262,#3262,#2682,.F.);
#4111=EDGE_CURVE('',#3262,#3178,#1634,.T.);
#4112=EDGE_CURVE('',#3263,#3263,#2683,.F.);
#4113=EDGE_CURVE('',#3263,#3264,#1635,.T.);
#4114=EDGE_CURVE('',#3264,#3264,#2684,.F.);
#4115=EDGE_CURVE('',#3265,#3265,#2685,.F.);
#4116=EDGE_CURVE('',#3265,#3179,#1636,.T.);
#4117=EDGE_CURVE('',#3266,#3266,#2686,.F.);
#4118=EDGE_CURVE('',#3266,#3180,#1637,.T.);
#4119=EDGE_CURVE('',#3267,#3267,#2687,.F.);
#4120=EDGE_CURVE('',#3267,#3268,#1638,.T.);
#4121=EDGE_CURVE('',#3268,#3268,#2688,.F.);
#4122=EDGE_CURVE('',#3269,#3269,#2689,.F.);
#4123=EDGE_CURVE('',#3269,#3270,#1639,.T.);
#4124=EDGE_CURVE('',#3270,#3270,#2690,.F.);
#4125=EDGE_CURVE('',#3271,#3271,#2691,.F.);
#4126=EDGE_CURVE('',#3271,#3181,#1640,.T.);
#4127=EDGE_CURVE('',#3272,#3272,#2692,.F.);
#4128=EDGE_CURVE('',#3272,#3273,#1641,.T.);
#4129=EDGE_CURVE('',#3273,#3273,#2693,.F.);
#4130=EDGE_CURVE('',#3274,#3274,#2694,.F.);
#4131=EDGE_CURVE('',#3274,#3182,#1642,.T.);
#4132=EDGE_CURVE('',#3275,#3275,#2695,.F.);
#4133=EDGE_CURVE('',#3275,#3276,#1643,.T.);
#4134=EDGE_CURVE('',#3276,#3276,#2696,.F.);
#4135=EDGE_CURVE('',#3277,#3277,#2697,.F.);
#4136=EDGE_CURVE('',#3277,#3183,#1644,.T.);
#4137=EDGE_CURVE('',#3278,#3278,#2698,.F.);
#4138=EDGE_CURVE('',#3278,#3184,#1645,.T.);
#4139=EDGE_CURVE('',#3279,#3279,#2699,.F.);
#4140=EDGE_CURVE('',#3279,#3185,#1646,.T.);
#4141=EDGE_CURVE('',#3280,#3280,#2700,.F.);
#4142=EDGE_CURVE('',#3280,#3186,#1647,.T.);
#4143=EDGE_CURVE('',#3281,#3281,#2701,.F.);
#4144=EDGE_CURVE('',#3281,#3187,#1648,.T.);
#4145=EDGE_CURVE('',#3282,#3282,#2702,.F.);
#4146=EDGE_CURVE('',#3282,#3283,#1649,.T.);
#4147=EDGE_CURVE('',#3283,#3283,#2703,.F.);
#4148=EDGE_CURVE('',#3284,#3284,#2704,.F.);
#4149=EDGE_CURVE('',#3284,#3188,#1650,.T.);
#4150=EDGE_CURVE('',#3285,#3285,#2705,.F.);
#4151=EDGE_CURVE('',#3285,#3286,#1651,.T.);
#4152=EDGE_CURVE('',#3286,#3286,#2706,.F.);
#4153=EDGE_CURVE('',#3287,#3287,#2707,.F.);
#4154=EDGE_CURVE('',#3287,#3189,#1652,.T.);
#4155=EDGE_CURVE('',#3288,#3288,#2708,.F.);
#4156=EDGE_CURVE('',#3288,#3289,#1653,.T.);
#4157=EDGE_CURVE('',#3289,#3289,#2709,.F.);
#4158=EDGE_CURVE('',#3290,#3290,#2710,.F.);
#4159=EDGE_CURVE('',#3290,#3190,#1654,.T.);
#4160=EDGE_CURVE('',#3291,#3291,#2711,.F.);
#4161=EDGE_CURVE('',#3291,#3292,#1655,.T.);
#4162=EDGE_CURVE('',#3292,#3292,#2712,.F.);
#4163=EDGE_CURVE('',#3293,#3293,#2713,.F.);
#4164=EDGE_CURVE('',#3293,#3191,#1656,.T.);
#4165=EDGE_CURVE('',#3294,#3294,#2714,.F.);
#4166=EDGE_CURVE('',#3294,#3192,#1657,.T.);
#4167=EDGE_CURVE('',#3295,#3295,#2715,.F.);
#4168=EDGE_CURVE('',#3295,#3193,#1658,.T.);
#4169=EDGE_CURVE('',#3296,#3296,#2716,.F.);
#4170=EDGE_CURVE('',#3296,#3297,#1659,.T.);
#4171=EDGE_CURVE('',#3297,#3297,#2717,.F.);
#4172=EDGE_CURVE('',#3298,#3298,#2718,.F.);
#4173=EDGE_CURVE('',#3298,#3299,#1660,.T.);
#4174=EDGE_CURVE('',#3299,#3299,#2719,.F.);
#4175=EDGE_CURVE('',#3300,#3300,#2720,.F.);
#4176=EDGE_CURVE('',#3300,#3194,#1661,.T.);
#4177=EDGE_CURVE('',#3301,#3301,#2721,.F.);
#4178=EDGE_CURVE('',#3301,#3195,#1662,.T.);
#4179=EDGE_CURVE('',#3302,#3302,#2722,.F.);
#4180=EDGE_CURVE('',#3302,#3196,#1663,.T.);
#4181=EDGE_CURVE('',#3303,#3303,#2723,.F.);
#4182=EDGE_CURVE('',#3303,#3197,#1664,.T.);
#4183=EDGE_CURVE('',#3304,#3304,#2724,.F.);
#4184=EDGE_CURVE('',#3304,#3198,#1665,.T.);
#4185=EDGE_CURVE('',#3305,#3305,#2725,.F.);
#4186=EDGE_CURVE('',#3305,#3199,#1666,.T.);
#4187=EDGE_CURVE('',#3306,#3306,#2726,.F.);
#4188=EDGE_CURVE('',#3306,#3200,#1667,.T.);
#4189=EDGE_CURVE('',#3307,#3307,#2727,.F.);
#4190=EDGE_CURVE('',#3307,#3201,#1668,.T.);
#4191=EDGE_CURVE('',#3308,#3308,#2728,.F.);
#4192=EDGE_CURVE('',#3308,#3309,#1669,.T.);
#4193=EDGE_CURVE('',#3309,#3309,#2729,.F.);
#4194=EDGE_CURVE('',#3310,#3310,#2730,.F.);
#4195=EDGE_CURVE('',#3310,#3311,#1670,.T.);
#4196=EDGE_CURVE('',#3311,#3311,#2731,.F.);
#4197=EDGE_CURVE('',#3312,#3312,#2732,.F.);
#4198=EDGE_CURVE('',#3312,#3202,#1671,.T.);
#4199=EDGE_CURVE('',#3313,#3313,#2733,.F.);
#4200=EDGE_CURVE('',#3313,#3203,#1672,.T.);
#4201=EDGE_CURVE('',#3314,#3314,#2734,.F.);
#4202=EDGE_CURVE('',#3314,#3204,#1673,.T.);
#4203=EDGE_CURVE('',#3315,#3315,#2735,.F.);
#4204=EDGE_CURVE('',#3315,#3205,#1674,.T.);
#4205=EDGE_CURVE('',#3316,#3316,#2736,.F.);
#4206=EDGE_CURVE('',#3316,#3206,#1675,.T.);
#4207=EDGE_CURVE('',#3317,#3317,#2737,.F.);
#4208=EDGE_CURVE('',#3317,#3207,#1676,.T.);
#4209=EDGE_CURVE('',#3318,#3318,#2738,.F.);
#4210=EDGE_CURVE('',#3318,#3208,#1677,.T.);
#4211=EDGE_CURVE('',#3319,#3319,#2739,.F.);
#4212=EDGE_CURVE('',#3319,#3209,#1678,.T.);
#4213=EDGE_CURVE('',#3320,#3320,#2740,.F.);
#4214=EDGE_CURVE('',#3320,#3321,#1679,.T.);
#4215=EDGE_CURVE('',#3321,#3321,#2741,.F.);
#4216=EDGE_CURVE('',#3322,#3322,#2742,.F.);
#4217=EDGE_CURVE('',#3322,#3323,#1680,.T.);
#4218=EDGE_CURVE('',#3323,#3323,#2743,.F.);
#4219=EDGE_CURVE('',#3324,#3324,#2744,.F.);
#4220=EDGE_CURVE('',#3324,#3210,#1681,.T.);
#4221=EDGE_CURVE('',#3325,#3325,#2745,.F.);
#4222=EDGE_CURVE('',#3325,#3211,#1682,.T.);
#4223=EDGE_CURVE('',#3326,#3326,#2746,.F.);
#4224=EDGE_CURVE('',#3326,#3212,#1683,.T.);
#4225=EDGE_CURVE('',#3327,#3327,#2747,.F.);
#4226=EDGE_CURVE('',#3327,#3213,#1684,.T.);
#4227=EDGE_CURVE('',#3328,#3328,#2748,.F.);
#4228=EDGE_CURVE('',#3328,#3214,#1685,.T.);
#4229=EDGE_CURVE('',#3329,#3329,#2749,.F.);
#4230=EDGE_CURVE('',#3329,#3215,#1686,.T.);
#4231=EDGE_CURVE('',#3330,#3330,#2750,.F.);
#4232=EDGE_CURVE('',#3330,#3216,#1687,.T.);
#4233=EDGE_CURVE('',#3331,#3331,#2751,.F.);
#4234=EDGE_CURVE('',#3331,#3217,#1688,.T.);
#4235=EDGE_CURVE('',#3332,#3332,#2752,.F.);
#4236=EDGE_CURVE('',#3332,#3333,#1689,.T.);
#4237=EDGE_CURVE('',#3333,#3333,#2753,.F.);
#4238=EDGE_CURVE('',#3334,#3334,#2754,.F.);
#4239=EDGE_CURVE('',#3334,#3335,#1690,.T.);
#4240=EDGE_CURVE('',#3335,#3335,#2755,.F.);
#4241=EDGE_CURVE('',#3336,#3336,#2756,.F.);
#4242=EDGE_CURVE('',#3336,#3337,#1691,.T.);
#4243=EDGE_CURVE('',#3337,#3337,#2757,.F.);
#4244=EDGE_CURVE('',#3338,#3338,#2758,.F.);
#4245=EDGE_CURVE('',#3338,#3339,#1692,.T.);
#4246=EDGE_CURVE('',#3339,#3339,#2759,.F.);
#4247=EDGE_CURVE('',#3340,#3340,#2760,.F.);
#4248=EDGE_CURVE('',#3340,#3341,#1693,.T.);
#4249=EDGE_CURVE('',#3341,#3341,#2761,.F.);
#4250=EDGE_CURVE('',#3342,#3342,#2762,.F.);
#4251=EDGE_CURVE('',#3342,#3343,#1694,.T.);
#4252=EDGE_CURVE('',#3343,#3343,#2763,.F.);
#4253=EDGE_CURVE('',#3344,#3344,#2764,.F.);
#4254=EDGE_CURVE('',#3344,#3345,#1695,.T.);
#4255=EDGE_CURVE('',#3345,#3345,#2765,.F.);
#4256=EDGE_CURVE('',#3346,#3346,#2766,.F.);
#4257=EDGE_CURVE('',#3346,#3347,#1696,.T.);
#4258=EDGE_CURVE('',#3347,#3347,#2767,.F.);
#4259=EDGE_CURVE('',#3348,#3348,#2768,.F.);
#4260=EDGE_CURVE('',#3348,#3349,#1697,.T.);
#4261=EDGE_CURVE('',#3349,#3349,#2769,.F.);
#4262=EDGE_CURVE('',#3350,#3350,#2770,.F.);
#4263=EDGE_CURVE('',#3350,#3351,#1698,.T.);
#4264=EDGE_CURVE('',#3351,#3351,#2771,.F.);
#4265=EDGE_CURVE('',#3352,#3352,#2772,.F.);
#4266=EDGE_CURVE('',#3352,#3353,#1699,.T.);
#4267=EDGE_CURVE('',#3353,#3353,#2773,.F.);
#4268=EDGE_CURVE('',#3354,#3355,#2774,.T.);
#4269=EDGE_CURVE('',#3354,#3356,#1700,.T.);
#4270=EDGE_CURVE('',#3357,#3356,#2775,.T.);
#4271=EDGE_CURVE('',#3355,#3357,#1701,.T.);
#4272=EDGE_CURVE('',#3358,#3355,#1702,.T.);
#4273=EDGE_CURVE('',#3359,#3357,#1703,.T.);
#4274=EDGE_CURVE('',#3358,#3359,#1704,.T.);
#4275=EDGE_CURVE('',#3358,#3360,#2776,.T.);
#4276=EDGE_CURVE('',#3361,#3359,#2777,.T.);
#4277=EDGE_CURVE('',#3360,#3361,#1705,.T.);
#4278=EDGE_CURVE('',#3362,#3360,#1706,.T.);
#4279=EDGE_CURVE('',#3363,#3361,#1707,.T.);
#4280=EDGE_CURVE('',#3362,#3363,#1708,.T.);
#4281=EDGE_CURVE('',#3362,#3364,#2778,.T.);
#4282=EDGE_CURVE('',#3365,#3363,#2779,.T.);
#4283=EDGE_CURVE('',#3364,#3365,#1709,.T.);
#4284=EDGE_CURVE('',#3366,#3364,#1710,.T.);
#4285=EDGE_CURVE('',#3367,#3365,#1711,.T.);
#4286=EDGE_CURVE('',#3366,#3367,#1712,.T.);
#4287=EDGE_CURVE('',#3366,#3368,#2780,.T.);
#4288=EDGE_CURVE('',#3369,#3367,#2781,.T.);
#4289=EDGE_CURVE('',#3368,#3369,#1713,.T.);
#4290=EDGE_CURVE('',#3370,#3368,#1714,.T.);
#4291=EDGE_CURVE('',#3371,#3369,#1715,.T.);
#4292=EDGE_CURVE('',#3370,#3371,#1716,.T.);
#4293=EDGE_CURVE('',#3370,#3372,#2782,.T.);
#4294=EDGE_CURVE('',#3373,#3371,#2783,.T.);
#4295=EDGE_CURVE('',#3372,#3373,#1717,.T.);
#4296=EDGE_CURVE('',#3374,#3372,#1718,.T.);
#4297=EDGE_CURVE('',#3375,#3373,#1719,.T.);
#4298=EDGE_CURVE('',#3374,#3375,#1720,.T.);
#4299=EDGE_CURVE('',#3374,#3376,#2784,.T.);
#4300=EDGE_CURVE('',#3377,#3375,#2785,.T.);
#4301=EDGE_CURVE('',#3376,#3377,#1721,.T.);
#4302=EDGE_CURVE('',#3378,#3376,#1722,.T.);
#4303=EDGE_CURVE('',#3379,#3377,#1723,.T.);
#4304=EDGE_CURVE('',#3378,#3379,#1724,.T.);
#4305=EDGE_CURVE('',#3378,#3380,#2786,.T.);
#4306=EDGE_CURVE('',#3381,#3379,#2787,.T.);
#4307=EDGE_CURVE('',#3380,#3381,#1725,.T.);
#4308=EDGE_CURVE('',#3382,#3380,#1726,.T.);
#4309=EDGE_CURVE('',#3383,#3381,#1727,.T.);
#4310=EDGE_CURVE('',#3382,#3383,#1728,.T.);
#4311=EDGE_CURVE('',#3382,#3384,#2788,.T.);
#4312=EDGE_CURVE('',#3385,#3383,#2789,.T.);
#4313=EDGE_CURVE('',#3384,#3385,#1729,.T.);
#4314=EDGE_CURVE('',#3386,#3384,#1730,.T.);
#4315=EDGE_CURVE('',#3387,#3385,#1731,.T.);
#4316=EDGE_CURVE('',#3386,#3387,#1732,.T.);
#4317=EDGE_CURVE('',#3386,#3388,#2790,.T.);
#4318=EDGE_CURVE('',#3389,#3387,#2791,.T.);
#4319=EDGE_CURVE('',#3388,#3389,#1733,.T.);
#4320=EDGE_CURVE('',#3390,#3388,#1734,.T.);
#4321=EDGE_CURVE('',#3391,#3389,#1735,.T.);
#4322=EDGE_CURVE('',#3390,#3391,#1736,.T.);
#4323=EDGE_CURVE('',#3392,#3390,#1737,.T.);
#4324=EDGE_CURVE('',#3393,#3391,#1738,.T.);
#4325=EDGE_CURVE('',#3392,#3393,#1739,.T.);
#4326=EDGE_CURVE('',#3392,#3394,#2792,.T.);
#4327=EDGE_CURVE('',#3395,#3393,#2793,.T.);
#4328=EDGE_CURVE('',#3394,#3395,#1740,.T.);
#4329=EDGE_CURVE('',#3396,#3394,#1741,.T.);
#4330=EDGE_CURVE('',#3397,#3395,#1742,.T.);
#4331=EDGE_CURVE('',#3396,#3397,#1743,.T.);
#4332=EDGE_CURVE('',#3396,#3398,#2794,.T.);
#4333=EDGE_CURVE('',#3399,#3397,#2795,.T.);
#4334=EDGE_CURVE('',#3398,#3399,#1744,.T.);
#4335=EDGE_CURVE('',#3400,#3398,#1745,.T.);
#4336=EDGE_CURVE('',#3401,#3399,#1746,.T.);
#4337=EDGE_CURVE('',#3400,#3401,#1747,.T.);
#4338=EDGE_CURVE('',#3400,#3402,#2796,.T.);
#4339=EDGE_CURVE('',#3403,#3401,#2797,.T.);
#4340=EDGE_CURVE('',#3402,#3403,#1748,.T.);
#4341=EDGE_CURVE('',#3404,#3402,#1749,.T.);
#4342=EDGE_CURVE('',#3405,#3403,#1750,.T.);
#4343=EDGE_CURVE('',#3404,#3405,#1751,.T.);
#4344=EDGE_CURVE('',#3404,#3406,#2798,.T.);
#4345=EDGE_CURVE('',#3407,#3405,#2799,.T.);
#4346=EDGE_CURVE('',#3406,#3407,#1752,.T.);
#4347=EDGE_CURVE('',#3408,#3406,#1753,.T.);
#4348=EDGE_CURVE('',#3409,#3407,#1754,.T.);
#4349=EDGE_CURVE('',#3408,#3409,#1755,.T.);
#4350=EDGE_CURVE('',#3408,#3410,#2800,.T.);
#4351=EDGE_CURVE('',#3411,#3409,#2801,.T.);
#4352=EDGE_CURVE('',#3410,#3411,#1756,.T.);
#4353=EDGE_CURVE('',#3412,#3410,#1757,.T.);
#4354=EDGE_CURVE('',#3413,#3411,#1758,.T.);
#4355=EDGE_CURVE('',#3412,#3413,#1759,.T.);
#4356=EDGE_CURVE('',#3412,#3414,#2802,.T.);
#4357=EDGE_CURVE('',#3415,#3413,#2803,.T.);
#4358=EDGE_CURVE('',#3414,#3415,#1760,.T.);
#4359=EDGE_CURVE('',#3416,#3414,#1761,.T.);
#4360=EDGE_CURVE('',#3417,#3415,#1762,.T.);
#4361=EDGE_CURVE('',#3416,#3417,#1763,.T.);
#4362=EDGE_CURVE('',#3416,#3418,#2804,.T.);
#4363=EDGE_CURVE('',#3419,#3417,#2805,.T.);
#4364=EDGE_CURVE('',#3418,#3419,#1764,.T.);
#4365=EDGE_CURVE('',#3420,#3418,#1765,.T.);
#4366=EDGE_CURVE('',#3421,#3419,#1766,.T.);
#4367=EDGE_CURVE('',#3420,#3421,#1767,.T.);
#4368=EDGE_CURVE('',#3420,#3422,#2806,.T.);
#4369=EDGE_CURVE('',#3423,#3421,#2807,.T.);
#4370=EDGE_CURVE('',#3422,#3423,#1768,.T.);
#4371=EDGE_CURVE('',#3424,#3422,#1769,.T.);
#4372=EDGE_CURVE('',#3425,#3423,#1770,.T.);
#4373=EDGE_CURVE('',#3424,#3425,#1771,.T.);
#4374=EDGE_CURVE('',#3424,#3426,#2808,.T.);
#4375=EDGE_CURVE('',#3427,#3425,#2809,.T.);
#4376=EDGE_CURVE('',#3426,#3427,#1772,.T.);
#4377=EDGE_CURVE('',#3428,#3426,#1773,.T.);
#4378=EDGE_CURVE('',#3429,#3427,#1774,.T.);
#4379=EDGE_CURVE('',#3428,#3429,#1775,.T.);
#4380=EDGE_CURVE('',#3430,#3428,#1776,.T.);
#4381=EDGE_CURVE('',#3431,#3429,#1777,.T.);
#4382=EDGE_CURVE('',#3430,#3431,#1778,.F.);
#4383=EDGE_CURVE('',#3432,#3430,#2810,.F.);
#4384=EDGE_CURVE('',#3433,#3431,#2811,.F.);
#4385=EDGE_CURVE('',#3432,#3433,#1779,.T.);
#4386=EDGE_CURVE('',#3434,#3432,#1780,.T.);
#4387=EDGE_CURVE('',#3435,#3433,#1781,.T.);
#4388=EDGE_CURVE('',#3434,#3435,#1782,.F.);
#4389=EDGE_CURVE('',#3436,#3434,#2812,.F.);
#4390=EDGE_CURVE('',#3437,#3435,#2813,.F.);
#4391=EDGE_CURVE('',#3436,#3437,#1783,.T.);
#4392=EDGE_CURVE('',#3438,#3436,#1784,.T.);
#4393=EDGE_CURVE('',#3439,#3437,#1785,.T.);
#4394=EDGE_CURVE('',#3438,#3439,#1786,.F.);
#4395=EDGE_CURVE('',#3440,#3438,#2814,.F.);
#4396=EDGE_CURVE('',#3441,#3439,#2815,.F.);
#4397=EDGE_CURVE('',#3440,#3441,#1787,.T.);
#4398=EDGE_CURVE('',#3442,#3440,#1788,.T.);
#4399=EDGE_CURVE('',#3443,#3441,#1789,.T.);
#4400=EDGE_CURVE('',#3442,#3443,#1790,.F.);
#4401=EDGE_CURVE('',#3444,#3442,#2816,.F.);
#4402=EDGE_CURVE('',#3445,#3443,#2817,.F.);
#4403=EDGE_CURVE('',#3444,#3445,#1791,.T.);
#4404=EDGE_CURVE('',#3446,#3444,#1792,.T.);
#4405=EDGE_CURVE('',#3447,#3445,#1793,.T.);
#4406=EDGE_CURVE('',#3446,#3447,#1794,.F.);
#4407=EDGE_CURVE('',#3448,#3446,#2818,.F.);
#4408=EDGE_CURVE('',#3449,#3447,#2819,.F.);
#4409=EDGE_CURVE('',#3448,#3449,#1795,.T.);
#4410=EDGE_CURVE('',#3450,#3448,#1796,.T.);
#4411=EDGE_CURVE('',#3451,#3449,#1797,.T.);
#4412=EDGE_CURVE('',#3450,#3451,#1798,.F.);
#4413=EDGE_CURVE('',#3452,#3450,#2820,.F.);
#4414=EDGE_CURVE('',#3453,#3451,#2821,.F.);
#4415=EDGE_CURVE('',#3452,#3453,#1799,.T.);
#4416=EDGE_CURVE('',#3454,#3452,#1800,.T.);
#4417=EDGE_CURVE('',#3455,#3453,#1801,.T.);
#4418=EDGE_CURVE('',#3454,#3455,#1802,.F.);
#4419=EDGE_CURVE('',#3456,#3454,#2822,.F.);
#4420=EDGE_CURVE('',#3457,#3455,#2823,.F.);
#4421=EDGE_CURVE('',#3456,#3457,#1803,.T.);
#4422=EDGE_CURVE('',#3458,#3456,#1804,.T.);
#4423=EDGE_CURVE('',#3459,#3457,#1805,.T.);
#4424=EDGE_CURVE('',#3458,#3459,#1806,.F.);
#4425=EDGE_CURVE('',#3460,#3458,#2824,.F.);
#4426=EDGE_CURVE('',#3461,#3459,#2825,.F.);
#4427=EDGE_CURVE('',#3460,#3461,#1807,.T.);
#4428=EDGE_CURVE('',#3462,#3460,#1808,.T.);
#4429=EDGE_CURVE('',#3463,#3461,#1809,.T.);
#4430=EDGE_CURVE('',#3462,#3463,#1810,.F.);
#4431=EDGE_CURVE('',#3464,#3462,#2826,.F.);
#4432=EDGE_CURVE('',#3465,#3463,#2827,.F.);
#4433=EDGE_CURVE('',#3464,#3465,#1811,.T.);
#4434=EDGE_CURVE('',#3466,#3464,#1812,.T.);
#4435=EDGE_CURVE('',#3467,#3465,#1813,.T.);
#4436=EDGE_CURVE('',#3466,#3467,#1814,.T.);
#4437=EDGE_CURVE('',#3468,#3466,#1815,.T.);
#4438=EDGE_CURVE('',#3469,#3467,#1816,.T.);
#4439=EDGE_CURVE('',#3468,#3469,#1817,.F.);
#4440=EDGE_CURVE('',#3470,#3468,#2828,.F.);
#4441=EDGE_CURVE('',#3471,#3469,#2829,.F.);
#4442=EDGE_CURVE('',#3470,#3471,#1818,.T.);
#4443=EDGE_CURVE('',#3472,#3470,#1819,.T.);
#4444=EDGE_CURVE('',#3473,#3471,#1820,.T.);
#4445=EDGE_CURVE('',#3472,#3473,#1821,.F.);
#4446=EDGE_CURVE('',#3474,#3472,#2830,.F.);
#4447=EDGE_CURVE('',#3475,#3473,#2831,.F.);
#4448=EDGE_CURVE('',#3474,#3475,#1822,.T.);
#4449=EDGE_CURVE('',#3476,#3474,#1823,.T.);
#4450=EDGE_CURVE('',#3477,#3475,#1824,.T.);
#4451=EDGE_CURVE('',#3476,#3477,#1825,.F.);
#4452=EDGE_CURVE('',#3478,#3476,#2832,.F.);
#4453=EDGE_CURVE('',#3479,#3477,#2833,.F.);
#4454=EDGE_CURVE('',#3478,#3479,#1826,.T.);
#4455=EDGE_CURVE('',#3480,#3478,#1827,.T.);
#4456=EDGE_CURVE('',#3481,#3479,#1828,.T.);
#4457=EDGE_CURVE('',#3480,#3481,#1829,.F.);
#4458=EDGE_CURVE('',#3482,#3480,#2834,.F.);
#4459=EDGE_CURVE('',#3483,#3481,#2835,.F.);
#4460=EDGE_CURVE('',#3482,#3483,#1830,.T.);
#4461=EDGE_CURVE('',#3484,#3482,#1831,.T.);
#4462=EDGE_CURVE('',#3485,#3483,#1832,.T.);
#4463=EDGE_CURVE('',#3484,#3485,#1833,.F.);
#4464=EDGE_CURVE('',#3486,#3484,#2836,.F.);
#4465=EDGE_CURVE('',#3487,#3485,#2837,.F.);
#4466=EDGE_CURVE('',#3486,#3487,#1834,.T.);
#4467=EDGE_CURVE('',#3488,#3486,#1835,.T.);
#4468=EDGE_CURVE('',#3489,#3487,#1836,.T.);
#4469=EDGE_CURVE('',#3488,#3489,#1837,.F.);
#4470=EDGE_CURVE('',#3490,#3488,#2838,.F.);
#4471=EDGE_CURVE('',#3491,#3489,#2839,.F.);
#4472=EDGE_CURVE('',#3490,#3491,#1838,.T.);
#4473=EDGE_CURVE('',#3492,#3490,#1839,.T.);
#4474=EDGE_CURVE('',#3493,#3491,#1840,.T.);
#4475=EDGE_CURVE('',#3492,#3493,#1841,.F.);
#4476=EDGE_CURVE('',#3494,#3492,#2840,.F.);
#4477=EDGE_CURVE('',#3495,#3493,#2841,.F.);
#4478=EDGE_CURVE('',#3494,#3495,#1842,.T.);
#4479=EDGE_CURVE('',#3496,#3494,#1843,.T.);
#4480=EDGE_CURVE('',#3497,#3495,#1844,.T.);
#4481=EDGE_CURVE('',#3496,#3497,#1845,.F.);
#4482=EDGE_CURVE('',#3498,#3496,#2842,.F.);
#4483=EDGE_CURVE('',#3499,#3497,#2843,.F.);
#4484=EDGE_CURVE('',#3498,#3499,#1846,.T.);
#4485=EDGE_CURVE('',#3500,#3498,#1847,.T.);
#4486=EDGE_CURVE('',#3501,#3499,#1848,.T.);
#4487=EDGE_CURVE('',#3500,#3501,#1849,.F.);
#4488=EDGE_CURVE('',#3502,#3500,#2844,.F.);
#4489=EDGE_CURVE('',#3503,#3501,#2845,.F.);
#4490=EDGE_CURVE('',#3502,#3503,#1850,.T.);
#4491=EDGE_CURVE('',#3504,#3502,#1851,.T.);
#4492=EDGE_CURVE('',#3505,#3503,#1852,.T.);
#4493=EDGE_CURVE('',#3504,#3505,#1853,.T.);
#4494=EDGE_CURVE('',#3354,#3504,#1854,.T.);
#4495=EDGE_CURVE('',#3356,#3505,#1855,.T.);
#4496=ORIENTED_EDGE('',*,*,#3506,.F.);
#4497=ORIENTED_EDGE('',*,*,#3507,.T.);
#4498=ORIENTED_EDGE('',*,*,#3508,.F.);
#4499=ORIENTED_EDGE('',*,*,#3509,.F.);
#4500=ORIENTED_EDGE('',*,*,#3510,.F.);
#4501=ORIENTED_EDGE('',*,*,#3511,.F.);
#4502=ORIENTED_EDGE('',*,*,#3512,.F.);
#4503=ORIENTED_EDGE('',*,*,#3507,.F.);
#4504=ORIENTED_EDGE('',*,*,#3513,.F.);
#4505=ORIENTED_EDGE('',*,*,#3514,.T.);
#4506=ORIENTED_EDGE('',*,*,#3515,.F.);
#4507=ORIENTED_EDGE('',*,*,#3516,.F.);
#4508=ORIENTED_EDGE('',*,*,#3517,.F.);
#4509=ORIENTED_EDGE('',*,*,#3518,.F.);
#4510=ORIENTED_EDGE('',*,*,#3519,.F.);
#4511=ORIENTED_EDGE('',*,*,#3514,.F.);
#4512=ORIENTED_EDGE('',*,*,#3520,.F.);
#4513=ORIENTED_EDGE('',*,*,#3521,.T.);
#4514=ORIENTED_EDGE('',*,*,#3522,.F.);
#4515=ORIENTED_EDGE('',*,*,#3523,.F.);
#4516=ORIENTED_EDGE('',*,*,#3524,.F.);
#4517=ORIENTED_EDGE('',*,*,#3525,.F.);
#4518=ORIENTED_EDGE('',*,*,#3526,.F.);
#4519=ORIENTED_EDGE('',*,*,#3521,.F.);
#4520=ORIENTED_EDGE('',*,*,#3527,.F.);
#4521=ORIENTED_EDGE('',*,*,#3528,.T.);
#4522=ORIENTED_EDGE('',*,*,#3529,.F.);
#4523=ORIENTED_EDGE('',*,*,#3530,.F.);
#4524=ORIENTED_EDGE('',*,*,#3531,.F.);
#4525=ORIENTED_EDGE('',*,*,#3532,.F.);
#4526=ORIENTED_EDGE('',*,*,#3533,.F.);
#4527=ORIENTED_EDGE('',*,*,#3528,.F.);
#4528=ORIENTED_EDGE('',*,*,#3534,.F.);
#4529=ORIENTED_EDGE('',*,*,#3535,.T.);
#4530=ORIENTED_EDGE('',*,*,#3536,.F.);
#4531=ORIENTED_EDGE('',*,*,#3537,.F.);
#4532=ORIENTED_EDGE('',*,*,#3538,.F.);
#4533=ORIENTED_EDGE('',*,*,#3539,.F.);
#4534=ORIENTED_EDGE('',*,*,#3540,.F.);
#4535=ORIENTED_EDGE('',*,*,#3535,.F.);
#4536=ORIENTED_EDGE('',*,*,#3541,.F.);
#4537=ORIENTED_EDGE('',*,*,#3542,.T.);
#4538=ORIENTED_EDGE('',*,*,#3543,.F.);
#4539=ORIENTED_EDGE('',*,*,#3544,.F.);
#4540=ORIENTED_EDGE('',*,*,#3545,.F.);
#4541=ORIENTED_EDGE('',*,*,#3546,.F.);
#4542=ORIENTED_EDGE('',*,*,#3547,.F.);
#4543=ORIENTED_EDGE('',*,*,#3542,.F.);
#4544=ORIENTED_EDGE('',*,*,#3548,.F.);
#4545=ORIENTED_EDGE('',*,*,#3549,.T.);
#4546=ORIENTED_EDGE('',*,*,#3550,.F.);
#4547=ORIENTED_EDGE('',*,*,#3551,.F.);
#4548=ORIENTED_EDGE('',*,*,#3552,.F.);
#4549=ORIENTED_EDGE('',*,*,#3553,.F.);
#4550=ORIENTED_EDGE('',*,*,#3554,.F.);
#4551=ORIENTED_EDGE('',*,*,#3549,.F.);
#4552=ORIENTED_EDGE('',*,*,#3555,.F.);
#4553=ORIENTED_EDGE('',*,*,#3556,.T.);
#4554=ORIENTED_EDGE('',*,*,#3557,.F.);
#4555=ORIENTED_EDGE('',*,*,#3558,.F.);
#4556=ORIENTED_EDGE('',*,*,#3559,.F.);
#4557=ORIENTED_EDGE('',*,*,#3560,.F.);
#4558=ORIENTED_EDGE('',*,*,#3561,.F.);
#4559=ORIENTED_EDGE('',*,*,#3556,.F.);
#4560=ORIENTED_EDGE('',*,*,#3562,.F.);
#4561=ORIENTED_EDGE('',*,*,#3563,.T.);
#4562=ORIENTED_EDGE('',*,*,#3564,.F.);
#4563=ORIENTED_EDGE('',*,*,#3565,.F.);
#4564=ORIENTED_EDGE('',*,*,#3566,.F.);
#4565=ORIENTED_EDGE('',*,*,#3567,.F.);
#4566=ORIENTED_EDGE('',*,*,#3568,.F.);
#4567=ORIENTED_EDGE('',*,*,#3563,.F.);
#4568=ORIENTED_EDGE('',*,*,#3569,.F.);
#4569=ORIENTED_EDGE('',*,*,#3570,.T.);
#4570=ORIENTED_EDGE('',*,*,#3571,.F.);
#4571=ORIENTED_EDGE('',*,*,#3572,.F.);
#4572=ORIENTED_EDGE('',*,*,#3573,.F.);
#4573=ORIENTED_EDGE('',*,*,#3574,.F.);
#4574=ORIENTED_EDGE('',*,*,#3575,.F.);
#4575=ORIENTED_EDGE('',*,*,#3570,.F.);
#4576=ORIENTED_EDGE('',*,*,#3576,.F.);
#4577=ORIENTED_EDGE('',*,*,#3577,.T.);
#4578=ORIENTED_EDGE('',*,*,#3578,.F.);
#4579=ORIENTED_EDGE('',*,*,#3579,.F.);
#4580=ORIENTED_EDGE('',*,*,#3580,.F.);
#4581=ORIENTED_EDGE('',*,*,#3581,.F.);
#4582=ORIENTED_EDGE('',*,*,#3582,.F.);
#4583=ORIENTED_EDGE('',*,*,#3577,.F.);
#4584=ORIENTED_EDGE('',*,*,#3583,.F.);
#4585=ORIENTED_EDGE('',*,*,#3584,.T.);
#4586=ORIENTED_EDGE('',*,*,#3585,.F.);
#4587=ORIENTED_EDGE('',*,*,#3586,.F.);
#4588=ORIENTED_EDGE('',*,*,#3587,.F.);
#4589=ORIENTED_EDGE('',*,*,#3588,.F.);
#4590=ORIENTED_EDGE('',*,*,#3589,.F.);
#4591=ORIENTED_EDGE('',*,*,#3584,.F.);
#4592=ORIENTED_EDGE('',*,*,#3590,.F.);
#4593=ORIENTED_EDGE('',*,*,#3591,.T.);
#4594=ORIENTED_EDGE('',*,*,#3592,.F.);
#4595=ORIENTED_EDGE('',*,*,#3593,.F.);
#4596=ORIENTED_EDGE('',*,*,#3594,.F.);
#4597=ORIENTED_EDGE('',*,*,#3595,.F.);
#4598=ORIENTED_EDGE('',*,*,#3596,.F.);
#4599=ORIENTED_EDGE('',*,*,#3591,.F.);
#4600=ORIENTED_EDGE('',*,*,#3597,.F.);
#4601=ORIENTED_EDGE('',*,*,#3598,.T.);
#4602=ORIENTED_EDGE('',*,*,#3599,.F.);
#4603=ORIENTED_EDGE('',*,*,#3600,.F.);
#4604=ORIENTED_EDGE('',*,*,#3601,.F.);
#4605=ORIENTED_EDGE('',*,*,#3602,.F.);
#4606=ORIENTED_EDGE('',*,*,#3603,.F.);
#4607=ORIENTED_EDGE('',*,*,#3598,.F.);
#4608=ORIENTED_EDGE('',*,*,#3604,.F.);
#4609=ORIENTED_EDGE('',*,*,#3605,.T.);
#4610=ORIENTED_EDGE('',*,*,#3606,.F.);
#4611=ORIENTED_EDGE('',*,*,#3607,.F.);
#4612=ORIENTED_EDGE('',*,*,#3608,.F.);
#4613=ORIENTED_EDGE('',*,*,#3609,.F.);
#4614=ORIENTED_EDGE('',*,*,#3610,.F.);
#4615=ORIENTED_EDGE('',*,*,#3605,.F.);
#4616=ORIENTED_EDGE('',*,*,#3611,.F.);
#4617=ORIENTED_EDGE('',*,*,#3612,.T.);
#4618=ORIENTED_EDGE('',*,*,#3613,.F.);
#4619=ORIENTED_EDGE('',*,*,#3614,.F.);
#4620=ORIENTED_EDGE('',*,*,#3615,.F.);
#4621=ORIENTED_EDGE('',*,*,#3616,.F.);
#4622=ORIENTED_EDGE('',*,*,#3617,.F.);
#4623=ORIENTED_EDGE('',*,*,#3612,.F.);
#4624=ORIENTED_EDGE('',*,*,#3618,.F.);
#4625=ORIENTED_EDGE('',*,*,#3619,.T.);
#4626=ORIENTED_EDGE('',*,*,#3620,.F.);
#4627=ORIENTED_EDGE('',*,*,#3621,.F.);
#4628=ORIENTED_EDGE('',*,*,#3622,.F.);
#4629=ORIENTED_EDGE('',*,*,#3623,.F.);
#4630=ORIENTED_EDGE('',*,*,#3624,.F.);
#4631=ORIENTED_EDGE('',*,*,#3619,.F.);
#4632=ORIENTED_EDGE('',*,*,#3625,.F.);
#4633=ORIENTED_EDGE('',*,*,#3626,.T.);
#4634=ORIENTED_EDGE('',*,*,#3627,.F.);
#4635=ORIENTED_EDGE('',*,*,#3628,.F.);
#4636=ORIENTED_EDGE('',*,*,#3629,.F.);
#4637=ORIENTED_EDGE('',*,*,#3630,.F.);
#4638=ORIENTED_EDGE('',*,*,#3631,.F.);
#4639=ORIENTED_EDGE('',*,*,#3626,.F.);
#4640=ORIENTED_EDGE('',*,*,#3513,.T.);
#4641=ORIENTED_EDGE('',*,*,#3632,.T.);
#4642=ORIENTED_EDGE('',*,*,#3510,.T.);
#4643=ORIENTED_EDGE('',*,*,#3506,.T.);
#4644=ORIENTED_EDGE('',*,*,#3633,.T.);
#4645=ORIENTED_EDGE('',*,*,#3634,.T.);
#4646=ORIENTED_EDGE('',*,*,#3635,.T.);
#4647=ORIENTED_EDGE('',*,*,#3636,.T.);
#4648=ORIENTED_EDGE('',*,*,#3637,.T.);
#4649=ORIENTED_EDGE('',*,*,#3638,.T.);
#4650=ORIENTED_EDGE('',*,*,#3639,.T.);
#4651=ORIENTED_EDGE('',*,*,#3640,.T.);
#4652=ORIENTED_EDGE('',*,*,#3641,.T.);
#4653=ORIENTED_EDGE('',*,*,#3642,.T.);
#4654=ORIENTED_EDGE('',*,*,#3643,.T.);
#4655=ORIENTED_EDGE('',*,*,#3644,.T.);
#4656=ORIENTED_EDGE('',*,*,#3645,.T.);
#4657=ORIENTED_EDGE('',*,*,#3646,.T.);
#4658=ORIENTED_EDGE('',*,*,#3647,.T.);
#4659=ORIENTED_EDGE('',*,*,#3648,.T.);
#4660=ORIENTED_EDGE('',*,*,#3649,.T.);
#4661=ORIENTED_EDGE('',*,*,#3650,.T.);
#4662=ORIENTED_EDGE('',*,*,#3651,.T.);
#4663=ORIENTED_EDGE('',*,*,#3652,.T.);
#4664=ORIENTED_EDGE('',*,*,#3653,.T.);
#4665=ORIENTED_EDGE('',*,*,#3654,.T.);
#4666=ORIENTED_EDGE('',*,*,#3655,.T.);
#4667=ORIENTED_EDGE('',*,*,#3656,.T.);
#4668=ORIENTED_EDGE('',*,*,#3657,.T.);
#4669=ORIENTED_EDGE('',*,*,#3658,.T.);
#4670=ORIENTED_EDGE('',*,*,#3659,.T.);
#4671=ORIENTED_EDGE('',*,*,#3660,.T.);
#4672=ORIENTED_EDGE('',*,*,#3661,.T.);
#4673=ORIENTED_EDGE('',*,*,#3662,.T.);
#4674=ORIENTED_EDGE('',*,*,#3663,.T.);
#4675=ORIENTED_EDGE('',*,*,#3664,.T.);
#4676=ORIENTED_EDGE('',*,*,#3665,.T.);
#4677=ORIENTED_EDGE('',*,*,#3666,.T.);
#4678=ORIENTED_EDGE('',*,*,#3667,.T.);
#4679=ORIENTED_EDGE('',*,*,#3668,.T.);
#4680=ORIENTED_EDGE('',*,*,#3669,.T.);
#4681=ORIENTED_EDGE('',*,*,#3629,.T.);
#4682=ORIENTED_EDGE('',*,*,#3625,.T.);
#4683=ORIENTED_EDGE('',*,*,#3670,.T.);
#4684=ORIENTED_EDGE('',*,*,#3622,.T.);
#4685=ORIENTED_EDGE('',*,*,#3618,.T.);
#4686=ORIENTED_EDGE('',*,*,#3671,.T.);
#4687=ORIENTED_EDGE('',*,*,#3615,.T.);
#4688=ORIENTED_EDGE('',*,*,#3611,.T.);
#4689=ORIENTED_EDGE('',*,*,#3672,.T.);
#4690=ORIENTED_EDGE('',*,*,#3608,.T.);
#4691=ORIENTED_EDGE('',*,*,#3604,.T.);
#4692=ORIENTED_EDGE('',*,*,#3673,.T.);
#4693=ORIENTED_EDGE('',*,*,#3601,.T.);
#4694=ORIENTED_EDGE('',*,*,#3597,.T.);
#4695=ORIENTED_EDGE('',*,*,#3674,.T.);
#4696=ORIENTED_EDGE('',*,*,#3594,.T.);
#4697=ORIENTED_EDGE('',*,*,#3590,.T.);
#4698=ORIENTED_EDGE('',*,*,#3675,.T.);
#4699=ORIENTED_EDGE('',*,*,#3587,.T.);
#4700=ORIENTED_EDGE('',*,*,#3583,.T.);
#4701=ORIENTED_EDGE('',*,*,#3676,.T.);
#4702=ORIENTED_EDGE('',*,*,#3580,.T.);
#4703=ORIENTED_EDGE('',*,*,#3576,.T.);
#4704=ORIENTED_EDGE('',*,*,#3677,.T.);
#4705=ORIENTED_EDGE('',*,*,#3573,.T.);
#4706=ORIENTED_EDGE('',*,*,#3569,.T.);
#4707=ORIENTED_EDGE('',*,*,#3678,.T.);
#4708=ORIENTED_EDGE('',*,*,#3566,.T.);
#4709=ORIENTED_EDGE('',*,*,#3562,.T.);
#4710=ORIENTED_EDGE('',*,*,#3679,.T.);
#4711=ORIENTED_EDGE('',*,*,#3559,.T.);
#4712=ORIENTED_EDGE('',*,*,#3555,.T.);
#4713=ORIENTED_EDGE('',*,*,#3680,.T.);
#4714=ORIENTED_EDGE('',*,*,#3552,.T.);
#4715=ORIENTED_EDGE('',*,*,#3548,.T.);
#4716=ORIENTED_EDGE('',*,*,#3681,.T.);
#4717=ORIENTED_EDGE('',*,*,#3545,.T.);
#4718=ORIENTED_EDGE('',*,*,#3541,.T.);
#4719=ORIENTED_EDGE('',*,*,#3682,.T.);
#4720=ORIENTED_EDGE('',*,*,#3538,.T.);
#4721=ORIENTED_EDGE('',*,*,#3534,.T.);
#4722=ORIENTED_EDGE('',*,*,#3683,.T.);
#4723=ORIENTED_EDGE('',*,*,#3531,.T.);
#4724=ORIENTED_EDGE('',*,*,#3527,.T.);
#4725=ORIENTED_EDGE('',*,*,#3684,.T.);
#4726=ORIENTED_EDGE('',*,*,#3524,.T.);
#4727=ORIENTED_EDGE('',*,*,#3520,.T.);
#4728=ORIENTED_EDGE('',*,*,#3685,.T.);
#4729=ORIENTED_EDGE('',*,*,#3517,.T.);
#4730=ORIENTED_EDGE('',*,*,#3686,.T.);
#4731=ORIENTED_EDGE('',*,*,#3687,.T.);
#4732=ORIENTED_EDGE('',*,*,#3688,.T.);
#4733=ORIENTED_EDGE('',*,*,#3689,.T.);
#4734=ORIENTED_EDGE('',*,*,#3690,.T.);
#4735=ORIENTED_EDGE('',*,*,#3691,.T.);
#4736=ORIENTED_EDGE('',*,*,#3692,.T.);
#4737=ORIENTED_EDGE('',*,*,#3693,.T.);
#4738=ORIENTED_EDGE('',*,*,#3694,.T.);
#4739=ORIENTED_EDGE('',*,*,#3695,.T.);
#4740=ORIENTED_EDGE('',*,*,#3696,.T.);
#4741=ORIENTED_EDGE('',*,*,#3697,.T.);
#4742=ORIENTED_EDGE('',*,*,#3698,.T.);
#4743=ORIENTED_EDGE('',*,*,#3699,.T.);
#4744=ORIENTED_EDGE('',*,*,#3700,.T.);
#4745=ORIENTED_EDGE('',*,*,#3701,.T.);
#4746=ORIENTED_EDGE('',*,*,#3702,.T.);
#4747=ORIENTED_EDGE('',*,*,#3703,.T.);
#4748=ORIENTED_EDGE('',*,*,#3704,.T.);
#4749=ORIENTED_EDGE('',*,*,#3705,.T.);
#4750=ORIENTED_EDGE('',*,*,#3706,.T.);
#4751=ORIENTED_EDGE('',*,*,#3707,.T.);
#4752=ORIENTED_EDGE('',*,*,#3708,.T.);
#4753=ORIENTED_EDGE('',*,*,#3709,.T.);
#4754=ORIENTED_EDGE('',*,*,#3710,.T.);
#4755=ORIENTED_EDGE('',*,*,#3711,.T.);
#4756=ORIENTED_EDGE('',*,*,#3712,.T.);
#4757=ORIENTED_EDGE('',*,*,#3713,.T.);
#4758=ORIENTED_EDGE('',*,*,#3714,.T.);
#4759=ORIENTED_EDGE('',*,*,#3715,.T.);
#4760=ORIENTED_EDGE('',*,*,#3716,.T.);
#4761=ORIENTED_EDGE('',*,*,#3717,.T.);
#4762=ORIENTED_EDGE('',*,*,#3718,.T.);
#4763=ORIENTED_EDGE('',*,*,#3719,.T.);
#4764=ORIENTED_EDGE('',*,*,#3720,.T.);
#4765=ORIENTED_EDGE('',*,*,#3721,.T.);
#4766=ORIENTED_EDGE('',*,*,#3722,.T.);
#4767=ORIENTED_EDGE('',*,*,#3723,.T.);
#4768=ORIENTED_EDGE('',*,*,#3724,.T.);
#4769=ORIENTED_EDGE('',*,*,#3725,.T.);
#4770=ORIENTED_EDGE('',*,*,#3726,.T.);
#4771=ORIENTED_EDGE('',*,*,#3727,.T.);
#4772=ORIENTED_EDGE('',*,*,#3728,.T.);
#4773=ORIENTED_EDGE('',*,*,#3729,.T.);
#4774=ORIENTED_EDGE('',*,*,#3730,.T.);
#4775=ORIENTED_EDGE('',*,*,#3731,.T.);
#4776=ORIENTED_EDGE('',*,*,#3732,.T.);
#4777=ORIENTED_EDGE('',*,*,#3733,.T.);
#4778=ORIENTED_EDGE('',*,*,#3734,.T.);
#4779=ORIENTED_EDGE('',*,*,#3735,.T.);
#4780=ORIENTED_EDGE('',*,*,#3736,.T.);
#4781=ORIENTED_EDGE('',*,*,#3737,.T.);
#4782=ORIENTED_EDGE('',*,*,#3738,.T.);
#4783=ORIENTED_EDGE('',*,*,#3739,.T.);
#4784=ORIENTED_EDGE('',*,*,#3740,.T.);
#4785=ORIENTED_EDGE('',*,*,#3741,.T.);
#4786=ORIENTED_EDGE('',*,*,#3742,.T.);
#4787=ORIENTED_EDGE('',*,*,#3743,.T.);
#4788=ORIENTED_EDGE('',*,*,#3744,.T.);
#4789=ORIENTED_EDGE('',*,*,#3745,.T.);
#4790=ORIENTED_EDGE('',*,*,#3746,.T.);
#4791=ORIENTED_EDGE('',*,*,#3747,.T.);
#4792=ORIENTED_EDGE('',*,*,#3748,.T.);
#4793=ORIENTED_EDGE('',*,*,#3749,.T.);
#4794=ORIENTED_EDGE('',*,*,#3668,.F.);
#4795=ORIENTED_EDGE('',*,*,#3750,.T.);
#4796=ORIENTED_EDGE('',*,*,#3751,.F.);
#4797=ORIENTED_EDGE('',*,*,#3752,.T.);
#4798=ORIENTED_EDGE('',*,*,#3666,.F.);
#4799=ORIENTED_EDGE('',*,*,#3753,.T.);
#4800=ORIENTED_EDGE('',*,*,#3754,.F.);
#4801=ORIENTED_EDGE('',*,*,#3755,.T.);
#4802=ORIENTED_EDGE('',*,*,#3664,.F.);
#4803=ORIENTED_EDGE('',*,*,#3756,.T.);
#4804=ORIENTED_EDGE('',*,*,#3757,.F.);
#4805=ORIENTED_EDGE('',*,*,#3758,.T.);
#4806=ORIENTED_EDGE('',*,*,#3662,.F.);
#4807=ORIENTED_EDGE('',*,*,#3759,.T.);
#4808=ORIENTED_EDGE('',*,*,#3760,.F.);
#4809=ORIENTED_EDGE('',*,*,#3761,.T.);
#4810=ORIENTED_EDGE('',*,*,#3660,.F.);
#4811=ORIENTED_EDGE('',*,*,#3762,.T.);
#4812=ORIENTED_EDGE('',*,*,#3763,.F.);
#4813=ORIENTED_EDGE('',*,*,#3764,.T.);
#4814=ORIENTED_EDGE('',*,*,#3658,.F.);
#4815=ORIENTED_EDGE('',*,*,#3765,.T.);
#4816=ORIENTED_EDGE('',*,*,#3766,.F.);
#4817=ORIENTED_EDGE('',*,*,#3767,.T.);
#4818=ORIENTED_EDGE('',*,*,#3656,.F.);
#4819=ORIENTED_EDGE('',*,*,#3768,.T.);
#4820=ORIENTED_EDGE('',*,*,#3769,.F.);
#4821=ORIENTED_EDGE('',*,*,#3770,.T.);
#4822=ORIENTED_EDGE('',*,*,#3654,.F.);
#4823=ORIENTED_EDGE('',*,*,#3771,.T.);
#4824=ORIENTED_EDGE('',*,*,#3772,.F.);
#4825=ORIENTED_EDGE('',*,*,#3773,.T.);
#4826=ORIENTED_EDGE('',*,*,#3652,.F.);
#4827=ORIENTED_EDGE('',*,*,#3774,.T.);
#4828=ORIENTED_EDGE('',*,*,#3775,.F.);
#4829=ORIENTED_EDGE('',*,*,#3776,.T.);
#4830=ORIENTED_EDGE('',*,*,#3777,.F.);
#4831=ORIENTED_EDGE('',*,*,#3778,.T.);
#4832=ORIENTED_EDGE('',*,*,#3650,.F.);
#4833=ORIENTED_EDGE('',*,*,#3779,.T.);
#4834=ORIENTED_EDGE('',*,*,#3780,.F.);
#4835=ORIENTED_EDGE('',*,*,#3781,.T.);
#4836=ORIENTED_EDGE('',*,*,#3648,.F.);
#4837=ORIENTED_EDGE('',*,*,#3782,.T.);
#4838=ORIENTED_EDGE('',*,*,#3783,.F.);
#4839=ORIENTED_EDGE('',*,*,#3784,.T.);
#4840=ORIENTED_EDGE('',*,*,#3646,.F.);
#4841=ORIENTED_EDGE('',*,*,#3785,.T.);
#4842=ORIENTED_EDGE('',*,*,#3786,.F.);
#4843=ORIENTED_EDGE('',*,*,#3787,.T.);
#4844=ORIENTED_EDGE('',*,*,#3644,.F.);
#4845=ORIENTED_EDGE('',*,*,#3788,.T.);
#4846=ORIENTED_EDGE('',*,*,#3789,.F.);
#4847=ORIENTED_EDGE('',*,*,#3790,.T.);
#4848=ORIENTED_EDGE('',*,*,#3642,.F.);
#4849=ORIENTED_EDGE('',*,*,#3791,.T.);
#4850=ORIENTED_EDGE('',*,*,#3792,.F.);
#4851=ORIENTED_EDGE('',*,*,#3793,.T.);
#4852=ORIENTED_EDGE('',*,*,#3640,.F.);
#4853=ORIENTED_EDGE('',*,*,#3794,.T.);
#4854=ORIENTED_EDGE('',*,*,#3795,.F.);
#4855=ORIENTED_EDGE('',*,*,#3796,.T.);
#4856=ORIENTED_EDGE('',*,*,#3638,.F.);
#4857=ORIENTED_EDGE('',*,*,#3797,.T.);
#4858=ORIENTED_EDGE('',*,*,#3798,.F.);
#4859=ORIENTED_EDGE('',*,*,#3799,.T.);
#4860=ORIENTED_EDGE('',*,*,#3636,.F.);
#4861=ORIENTED_EDGE('',*,*,#3800,.T.);
#4862=ORIENTED_EDGE('',*,*,#3801,.F.);
#4863=ORIENTED_EDGE('',*,*,#3802,.T.);
#4864=ORIENTED_EDGE('',*,*,#3634,.F.);
#4865=ORIENTED_EDGE('',*,*,#3803,.T.);
#4866=ORIENTED_EDGE('',*,*,#3678,.F.);
#4867=ORIENTED_EDGE('',*,*,#3572,.T.);
#4868=ORIENTED_EDGE('',*,*,#3804,.F.);
#4869=ORIENTED_EDGE('',*,*,#3567,.T.);
#4870=ORIENTED_EDGE('',*,*,#3805,.F.);
#4871=ORIENTED_EDGE('',*,*,#3574,.T.);
#4872=ORIENTED_EDGE('',*,*,#3677,.F.);
#4873=ORIENTED_EDGE('',*,*,#3579,.T.);
#4874=ORIENTED_EDGE('',*,*,#3806,.F.);
#4875=ORIENTED_EDGE('',*,*,#3581,.T.);
#4876=ORIENTED_EDGE('',*,*,#3676,.F.);
#4877=ORIENTED_EDGE('',*,*,#3586,.T.);
#4878=ORIENTED_EDGE('',*,*,#3807,.F.);
#4879=ORIENTED_EDGE('',*,*,#3588,.T.);
#4880=ORIENTED_EDGE('',*,*,#3675,.F.);
#4881=ORIENTED_EDGE('',*,*,#3593,.T.);
#4882=ORIENTED_EDGE('',*,*,#3808,.F.);
#4883=ORIENTED_EDGE('',*,*,#3595,.T.);
#4884=ORIENTED_EDGE('',*,*,#3674,.F.);
#4885=ORIENTED_EDGE('',*,*,#3600,.T.);
#4886=ORIENTED_EDGE('',*,*,#3809,.F.);
#4887=ORIENTED_EDGE('',*,*,#3602,.T.);
#4888=ORIENTED_EDGE('',*,*,#3673,.F.);
#4889=ORIENTED_EDGE('',*,*,#3607,.T.);
#4890=ORIENTED_EDGE('',*,*,#3810,.F.);
#4891=ORIENTED_EDGE('',*,*,#3609,.T.);
#4892=ORIENTED_EDGE('',*,*,#3672,.F.);
#4893=ORIENTED_EDGE('',*,*,#3614,.T.);
#4894=ORIENTED_EDGE('',*,*,#3811,.F.);
#4895=ORIENTED_EDGE('',*,*,#3616,.T.);
#4896=ORIENTED_EDGE('',*,*,#3671,.F.);
#4897=ORIENTED_EDGE('',*,*,#3621,.T.);
#4898=ORIENTED_EDGE('',*,*,#3812,.F.);
#4899=ORIENTED_EDGE('',*,*,#3623,.T.);
#4900=ORIENTED_EDGE('',*,*,#3670,.F.);
#4901=ORIENTED_EDGE('',*,*,#3628,.T.);
#4902=ORIENTED_EDGE('',*,*,#3813,.F.);
#4903=ORIENTED_EDGE('',*,*,#3630,.T.);
#4904=ORIENTED_EDGE('',*,*,#3669,.F.);
#4905=ORIENTED_EDGE('',*,*,#3752,.F.);
#4906=ORIENTED_EDGE('',*,*,#3679,.F.);
#4907=ORIENTED_EDGE('',*,*,#3565,.T.);
#4908=ORIENTED_EDGE('',*,*,#3814,.F.);
#4909=ORIENTED_EDGE('',*,*,#3560,.T.);
#4910=ORIENTED_EDGE('',*,*,#3815,.F.);
#4911=ORIENTED_EDGE('',*,*,#3816,.T.);
#4912=ORIENTED_EDGE('',*,*,#3749,.F.);
#4913=ORIENTED_EDGE('',*,*,#3816,.F.);
#4914=ORIENTED_EDGE('',*,*,#3817,.F.);
#4915=ORIENTED_EDGE('',*,*,#3818,.T.);
#4916=ORIENTED_EDGE('',*,*,#3748,.F.);
#4917=ORIENTED_EDGE('',*,*,#3818,.F.);
#4918=ORIENTED_EDGE('',*,*,#3819,.F.);
#4919=ORIENTED_EDGE('',*,*,#3820,.T.);
#4920=ORIENTED_EDGE('',*,*,#3747,.F.);
#4921=ORIENTED_EDGE('',*,*,#3820,.F.);
#4922=ORIENTED_EDGE('',*,*,#3821,.F.);
#4923=ORIENTED_EDGE('',*,*,#3822,.T.);
#4924=ORIENTED_EDGE('',*,*,#3746,.F.);
#4925=ORIENTED_EDGE('',*,*,#3822,.F.);
#4926=ORIENTED_EDGE('',*,*,#3823,.F.);
#4927=ORIENTED_EDGE('',*,*,#3824,.T.);
#4928=ORIENTED_EDGE('',*,*,#3745,.F.);
#4929=ORIENTED_EDGE('',*,*,#3824,.F.);
#4930=ORIENTED_EDGE('',*,*,#3825,.F.);
#4931=ORIENTED_EDGE('',*,*,#3826,.T.);
#4932=ORIENTED_EDGE('',*,*,#3744,.F.);
#4933=ORIENTED_EDGE('',*,*,#3826,.F.);
#4934=ORIENTED_EDGE('',*,*,#3827,.F.);
#4935=ORIENTED_EDGE('',*,*,#3828,.T.);
#4936=ORIENTED_EDGE('',*,*,#3743,.F.);
#4937=ORIENTED_EDGE('',*,*,#3828,.F.);
#4938=ORIENTED_EDGE('',*,*,#3829,.F.);
#4939=ORIENTED_EDGE('',*,*,#3830,.T.);
#4940=ORIENTED_EDGE('',*,*,#3742,.F.);
#4941=ORIENTED_EDGE('',*,*,#3830,.F.);
#4942=ORIENTED_EDGE('',*,*,#3667,.F.);
#4943=ORIENTED_EDGE('',*,*,#3755,.F.);
#4944=ORIENTED_EDGE('',*,*,#3831,.F.);
#4945=ORIENTED_EDGE('',*,*,#3750,.F.);
#4946=ORIENTED_EDGE('',*,*,#3680,.F.);
#4947=ORIENTED_EDGE('',*,*,#3558,.T.);
#4948=ORIENTED_EDGE('',*,*,#3832,.F.);
#4949=ORIENTED_EDGE('',*,*,#3553,.T.);
#4950=ORIENTED_EDGE('',*,*,#3833,.F.);
#4951=ORIENTED_EDGE('',*,*,#3834,.T.);
#4952=ORIENTED_EDGE('',*,*,#3741,.F.);
#4953=ORIENTED_EDGE('',*,*,#3834,.F.);
#4954=ORIENTED_EDGE('',*,*,#3835,.F.);
#4955=ORIENTED_EDGE('',*,*,#3836,.T.);
#4956=ORIENTED_EDGE('',*,*,#3740,.F.);
#4957=ORIENTED_EDGE('',*,*,#3836,.F.);
#4958=ORIENTED_EDGE('',*,*,#3837,.F.);
#4959=ORIENTED_EDGE('',*,*,#3838,.T.);
#4960=ORIENTED_EDGE('',*,*,#3739,.F.);
#4961=ORIENTED_EDGE('',*,*,#3838,.F.);
#4962=ORIENTED_EDGE('',*,*,#3839,.F.);
#4963=ORIENTED_EDGE('',*,*,#3840,.T.);
#4964=ORIENTED_EDGE('',*,*,#3738,.F.);
#4965=ORIENTED_EDGE('',*,*,#3840,.F.);
#4966=ORIENTED_EDGE('',*,*,#3841,.F.);
#4967=ORIENTED_EDGE('',*,*,#3842,.T.);
#4968=ORIENTED_EDGE('',*,*,#3737,.F.);
#4969=ORIENTED_EDGE('',*,*,#3842,.F.);
#4970=ORIENTED_EDGE('',*,*,#3843,.F.);
#4971=ORIENTED_EDGE('',*,*,#3844,.T.);
#4972=ORIENTED_EDGE('',*,*,#3736,.F.);
#4973=ORIENTED_EDGE('',*,*,#3844,.F.);
#4974=ORIENTED_EDGE('',*,*,#3845,.F.);
#4975=ORIENTED_EDGE('',*,*,#3846,.T.);
#4976=ORIENTED_EDGE('',*,*,#3735,.F.);
#4977=ORIENTED_EDGE('',*,*,#3846,.F.);
#4978=ORIENTED_EDGE('',*,*,#3847,.F.);
#4979=ORIENTED_EDGE('',*,*,#3848,.T.);
#4980=ORIENTED_EDGE('',*,*,#3734,.F.);
#4981=ORIENTED_EDGE('',*,*,#3848,.F.);
#4982=ORIENTED_EDGE('',*,*,#3665,.F.);
#4983=ORIENTED_EDGE('',*,*,#3758,.F.);
#4984=ORIENTED_EDGE('',*,*,#3849,.F.);
#4985=ORIENTED_EDGE('',*,*,#3753,.F.);
#4986=ORIENTED_EDGE('',*,*,#3681,.F.);
#4987=ORIENTED_EDGE('',*,*,#3551,.T.);
#4988=ORIENTED_EDGE('',*,*,#3850,.F.);
#4989=ORIENTED_EDGE('',*,*,#3546,.T.);
#4990=ORIENTED_EDGE('',*,*,#3851,.F.);
#4991=ORIENTED_EDGE('',*,*,#3852,.T.);
#4992=ORIENTED_EDGE('',*,*,#3733,.F.);
#4993=ORIENTED_EDGE('',*,*,#3852,.F.);
#4994=ORIENTED_EDGE('',*,*,#3853,.F.);
#4995=ORIENTED_EDGE('',*,*,#3854,.T.);
#4996=ORIENTED_EDGE('',*,*,#3732,.F.);
#4997=ORIENTED_EDGE('',*,*,#3854,.F.);
#4998=ORIENTED_EDGE('',*,*,#3855,.F.);
#4999=ORIENTED_EDGE('',*,*,#3856,.T.);
#5000=ORIENTED_EDGE('',*,*,#3731,.F.);
#5001=ORIENTED_EDGE('',*,*,#3856,.F.);
#5002=ORIENTED_EDGE('',*,*,#3857,.F.);
#5003=ORIENTED_EDGE('',*,*,#3858,.T.);
#5004=ORIENTED_EDGE('',*,*,#3730,.F.);
#5005=ORIENTED_EDGE('',*,*,#3858,.F.);
#5006=ORIENTED_EDGE('',*,*,#3859,.F.);
#5007=ORIENTED_EDGE('',*,*,#3860,.T.);
#5008=ORIENTED_EDGE('',*,*,#3729,.F.);
#5009=ORIENTED_EDGE('',*,*,#3860,.F.);
#5010=ORIENTED_EDGE('',*,*,#3861,.F.);
#5011=ORIENTED_EDGE('',*,*,#3862,.T.);
#5012=ORIENTED_EDGE('',*,*,#3728,.F.);
#5013=ORIENTED_EDGE('',*,*,#3862,.F.);
#5014=ORIENTED_EDGE('',*,*,#3863,.F.);
#5015=ORIENTED_EDGE('',*,*,#3864,.T.);
#5016=ORIENTED_EDGE('',*,*,#3727,.F.);
#5017=ORIENTED_EDGE('',*,*,#3864,.F.);
#5018=ORIENTED_EDGE('',*,*,#3865,.F.);
#5019=ORIENTED_EDGE('',*,*,#3866,.T.);
#5020=ORIENTED_EDGE('',*,*,#3726,.F.);
#5021=ORIENTED_EDGE('',*,*,#3866,.F.);
#5022=ORIENTED_EDGE('',*,*,#3663,.F.);
#5023=ORIENTED_EDGE('',*,*,#3761,.F.);
#5024=ORIENTED_EDGE('',*,*,#3867,.F.);
#5025=ORIENTED_EDGE('',*,*,#3756,.F.);
#5026=ORIENTED_EDGE('',*,*,#3682,.F.);
#5027=ORIENTED_EDGE('',*,*,#3544,.T.);
#5028=ORIENTED_EDGE('',*,*,#3868,.F.);
#5029=ORIENTED_EDGE('',*,*,#3539,.T.);
#5030=ORIENTED_EDGE('',*,*,#3869,.F.);
#5031=ORIENTED_EDGE('',*,*,#3870,.T.);
#5032=ORIENTED_EDGE('',*,*,#3725,.F.);
#5033=ORIENTED_EDGE('',*,*,#3870,.F.);
#5034=ORIENTED_EDGE('',*,*,#3871,.F.);
#5035=ORIENTED_EDGE('',*,*,#3872,.T.);
#5036=ORIENTED_EDGE('',*,*,#3724,.F.);
#5037=ORIENTED_EDGE('',*,*,#3872,.F.);
#5038=ORIENTED_EDGE('',*,*,#3873,.F.);
#5039=ORIENTED_EDGE('',*,*,#3874,.T.);
#5040=ORIENTED_EDGE('',*,*,#3723,.F.);
#5041=ORIENTED_EDGE('',*,*,#3874,.F.);
#5042=ORIENTED_EDGE('',*,*,#3799,.F.);
#5043=ORIENTED_EDGE('',*,*,#3875,.F.);
#5044=ORIENTED_EDGE('',*,*,#3797,.F.);
#5045=ORIENTED_EDGE('',*,*,#3637,.F.);
#5046=ORIENTED_EDGE('',*,*,#3876,.F.);
#5047=ORIENTED_EDGE('',*,*,#3877,.T.);
#5048=ORIENTED_EDGE('',*,*,#3722,.F.);
#5049=ORIENTED_EDGE('',*,*,#3877,.F.);
#5050=ORIENTED_EDGE('',*,*,#3793,.F.);
#5051=ORIENTED_EDGE('',*,*,#3878,.F.);
#5052=ORIENTED_EDGE('',*,*,#3791,.F.);
#5053=ORIENTED_EDGE('',*,*,#3641,.F.);
#5054=ORIENTED_EDGE('',*,*,#3879,.F.);
#5055=ORIENTED_EDGE('',*,*,#3880,.T.);
#5056=ORIENTED_EDGE('',*,*,#3721,.F.);
#5057=ORIENTED_EDGE('',*,*,#3880,.F.);
#5058=ORIENTED_EDGE('',*,*,#3790,.F.);
#5059=ORIENTED_EDGE('',*,*,#3881,.F.);
#5060=ORIENTED_EDGE('',*,*,#3788,.F.);
#5061=ORIENTED_EDGE('',*,*,#3643,.F.);
#5062=ORIENTED_EDGE('',*,*,#3882,.F.);
#5063=ORIENTED_EDGE('',*,*,#3883,.T.);
#5064=ORIENTED_EDGE('',*,*,#3720,.F.);
#5065=ORIENTED_EDGE('',*,*,#3883,.F.);
#5066=ORIENTED_EDGE('',*,*,#3661,.F.);
#5067=ORIENTED_EDGE('',*,*,#3764,.F.);
#5068=ORIENTED_EDGE('',*,*,#3884,.F.);
#5069=ORIENTED_EDGE('',*,*,#3759,.F.);
#5070=ORIENTED_EDGE('',*,*,#3885,.F.);
#5071=ORIENTED_EDGE('',*,*,#3886,.T.);
#5072=ORIENTED_EDGE('',*,*,#3695,.F.);
#5073=ORIENTED_EDGE('',*,*,#3886,.F.);
#5074=ORIENTED_EDGE('',*,*,#3887,.F.);
#5075=ORIENTED_EDGE('',*,*,#3888,.T.);
#5076=ORIENTED_EDGE('',*,*,#3686,.F.);
#5077=ORIENTED_EDGE('',*,*,#3888,.F.);
#5078=ORIENTED_EDGE('',*,*,#3889,.F.);
#5079=ORIENTED_EDGE('',*,*,#3890,.T.);
#5080=ORIENTED_EDGE('',*,*,#3713,.F.);
#5081=ORIENTED_EDGE('',*,*,#3890,.F.);
#5082=ORIENTED_EDGE('',*,*,#3891,.F.);
#5083=ORIENTED_EDGE('',*,*,#3892,.T.);
#5084=ORIENTED_EDGE('',*,*,#3719,.F.);
#5085=ORIENTED_EDGE('',*,*,#3892,.F.);
#5086=ORIENTED_EDGE('',*,*,#3893,.F.);
#5087=ORIENTED_EDGE('',*,*,#3894,.T.);
#5088=ORIENTED_EDGE('',*,*,#3718,.F.);
#5089=ORIENTED_EDGE('',*,*,#3894,.F.);
#5090=ORIENTED_EDGE('',*,*,#3796,.F.);
#5091=ORIENTED_EDGE('',*,*,#3895,.F.);
#5092=ORIENTED_EDGE('',*,*,#3794,.F.);
#5093=ORIENTED_EDGE('',*,*,#3639,.F.);
#5094=ORIENTED_EDGE('',*,*,#3896,.F.);
#5095=ORIENTED_EDGE('',*,*,#3897,.T.);
#5096=ORIENTED_EDGE('',*,*,#3717,.F.);
#5097=ORIENTED_EDGE('',*,*,#3897,.F.);
#5098=ORIENTED_EDGE('',*,*,#3683,.F.);
#5099=ORIENTED_EDGE('',*,*,#3537,.T.);
#5100=ORIENTED_EDGE('',*,*,#3898,.F.);
#5101=ORIENTED_EDGE('',*,*,#3532,.T.);
#5102=ORIENTED_EDGE('',*,*,#3899,.F.);
#5103=ORIENTED_EDGE('',*,*,#3900,.T.);
#5104=ORIENTED_EDGE('',*,*,#3705,.F.);
#5105=ORIENTED_EDGE('',*,*,#3900,.F.);
#5106=ORIENTED_EDGE('',*,*,#3632,.F.);
#5107=ORIENTED_EDGE('',*,*,#3516,.T.);
#5108=ORIENTED_EDGE('',*,*,#3901,.F.);
#5109=ORIENTED_EDGE('',*,*,#3511,.T.);
#5110=ORIENTED_EDGE('',*,*,#3657,.F.);
#5111=ORIENTED_EDGE('',*,*,#3770,.F.);
#5112=ORIENTED_EDGE('',*,*,#3902,.F.);
#5113=ORIENTED_EDGE('',*,*,#3765,.F.);
#5114=ORIENTED_EDGE('',*,*,#3903,.F.);
#5115=ORIENTED_EDGE('',*,*,#3904,.T.);
#5116=ORIENTED_EDGE('',*,*,#3709,.F.);
#5117=ORIENTED_EDGE('',*,*,#3904,.F.);
#5118=ORIENTED_EDGE('',*,*,#3905,.F.);
#5119=ORIENTED_EDGE('',*,*,#3906,.T.);
#5120=ORIENTED_EDGE('',*,*,#3701,.F.);
#5121=ORIENTED_EDGE('',*,*,#3906,.F.);
#5122=ORIENTED_EDGE('',*,*,#3685,.F.);
#5123=ORIENTED_EDGE('',*,*,#3523,.T.);
#5124=ORIENTED_EDGE('',*,*,#3907,.F.);
#5125=ORIENTED_EDGE('',*,*,#3518,.T.);
#5126=ORIENTED_EDGE('',*,*,#3908,.F.);
#5127=ORIENTED_EDGE('',*,*,#3909,.T.);
#5128=ORIENTED_EDGE('',*,*,#3696,.F.);
#5129=ORIENTED_EDGE('',*,*,#3909,.F.);
#5130=ORIENTED_EDGE('',*,*,#3910,.F.);
#5131=ORIENTED_EDGE('',*,*,#3911,.T.);
#5132=ORIENTED_EDGE('',*,*,#3694,.F.);
#5133=ORIENTED_EDGE('',*,*,#3911,.F.);
#5134=ORIENTED_EDGE('',*,*,#3912,.F.);
#5135=ORIENTED_EDGE('',*,*,#3913,.T.);
#5136=ORIENTED_EDGE('',*,*,#3690,.F.);
#5137=ORIENTED_EDGE('',*,*,#3913,.F.);
#5138=ORIENTED_EDGE('',*,*,#3914,.F.);
#5139=ORIENTED_EDGE('',*,*,#3915,.T.);
#5140=ORIENTED_EDGE('',*,*,#3691,.F.);
#5141=ORIENTED_EDGE('',*,*,#3915,.F.);
#5142=ORIENTED_EDGE('',*,*,#3916,.F.);
#5143=ORIENTED_EDGE('',*,*,#3917,.T.);
#5144=ORIENTED_EDGE('',*,*,#3687,.F.);
#5145=ORIENTED_EDGE('',*,*,#3917,.F.);
#5146=ORIENTED_EDGE('',*,*,#3803,.F.);
#5147=ORIENTED_EDGE('',*,*,#3633,.F.);
#5148=ORIENTED_EDGE('',*,*,#3509,.T.);
#5149=ORIENTED_EDGE('',*,*,#3918,.F.);
#5150=ORIENTED_EDGE('',*,*,#3802,.F.);
#5151=ORIENTED_EDGE('',*,*,#3919,.F.);
#5152=ORIENTED_EDGE('',*,*,#3800,.F.);
#5153=ORIENTED_EDGE('',*,*,#3635,.F.);
#5154=ORIENTED_EDGE('',*,*,#3920,.F.);
#5155=ORIENTED_EDGE('',*,*,#3921,.T.);
#5156=ORIENTED_EDGE('',*,*,#3715,.F.);
#5157=ORIENTED_EDGE('',*,*,#3921,.F.);
#5158=ORIENTED_EDGE('',*,*,#3922,.F.);
#5159=ORIENTED_EDGE('',*,*,#3923,.T.);
#5160=ORIENTED_EDGE('',*,*,#3707,.F.);
#5161=ORIENTED_EDGE('',*,*,#3923,.F.);
#5162=ORIENTED_EDGE('',*,*,#3924,.F.);
#5163=ORIENTED_EDGE('',*,*,#3925,.T.);
#5164=ORIENTED_EDGE('',*,*,#3714,.F.);
#5165=ORIENTED_EDGE('',*,*,#3925,.F.);
#5166=ORIENTED_EDGE('',*,*,#3926,.F.);
#5167=ORIENTED_EDGE('',*,*,#3927,.T.);
#5168=ORIENTED_EDGE('',*,*,#3711,.F.);
#5169=ORIENTED_EDGE('',*,*,#3927,.F.);
#5170=ORIENTED_EDGE('',*,*,#3928,.F.);
#5171=ORIENTED_EDGE('',*,*,#3929,.T.);
#5172=ORIENTED_EDGE('',*,*,#3700,.F.);
#5173=ORIENTED_EDGE('',*,*,#3929,.F.);
#5174=ORIENTED_EDGE('',*,*,#3930,.F.);
#5175=ORIENTED_EDGE('',*,*,#3931,.T.);
#5176=ORIENTED_EDGE('',*,*,#3710,.F.);
#5177=ORIENTED_EDGE('',*,*,#3931,.F.);
#5178=ORIENTED_EDGE('',*,*,#3932,.F.);
#5179=ORIENTED_EDGE('',*,*,#3933,.T.);
#5180=ORIENTED_EDGE('',*,*,#3693,.F.);
#5181=ORIENTED_EDGE('',*,*,#3933,.F.);
#5182=ORIENTED_EDGE('',*,*,#3934,.F.);
#5183=ORIENTED_EDGE('',*,*,#3935,.T.);
#5184=ORIENTED_EDGE('',*,*,#3716,.F.);
#5185=ORIENTED_EDGE('',*,*,#3935,.F.);
#5186=ORIENTED_EDGE('',*,*,#3936,.F.);
#5187=ORIENTED_EDGE('',*,*,#3937,.T.);
#5188=ORIENTED_EDGE('',*,*,#3712,.F.);
#5189=ORIENTED_EDGE('',*,*,#3937,.F.);
#5190=ORIENTED_EDGE('',*,*,#3938,.F.);
#5191=ORIENTED_EDGE('',*,*,#3939,.T.);
#5192=ORIENTED_EDGE('',*,*,#3689,.F.);
#5193=ORIENTED_EDGE('',*,*,#3939,.F.);
#5194=ORIENTED_EDGE('',*,*,#3940,.F.);
#5195=ORIENTED_EDGE('',*,*,#3941,.T.);
#5196=ORIENTED_EDGE('',*,*,#3692,.F.);
#5197=ORIENTED_EDGE('',*,*,#3941,.F.);
#5198=ORIENTED_EDGE('',*,*,#3942,.F.);
#5199=ORIENTED_EDGE('',*,*,#3943,.T.);
#5200=ORIENTED_EDGE('',*,*,#3699,.F.);
#5201=ORIENTED_EDGE('',*,*,#3943,.F.);
#5202=ORIENTED_EDGE('',*,*,#3684,.F.);
#5203=ORIENTED_EDGE('',*,*,#3530,.T.);
#5204=ORIENTED_EDGE('',*,*,#3944,.F.);
#5205=ORIENTED_EDGE('',*,*,#3525,.T.);
#5206=ORIENTED_EDGE('',*,*,#3774,.F.);
#5207=ORIENTED_EDGE('',*,*,#3651,.F.);
#5208=ORIENTED_EDGE('',*,*,#3778,.F.);
#5209=ORIENTED_EDGE('',*,*,#3945,.F.);
#5210=ORIENTED_EDGE('',*,*,#3946,.F.);
#5211=ORIENTED_EDGE('',*,*,#3947,.T.);
#5212=ORIENTED_EDGE('',*,*,#3698,.F.);
#5213=ORIENTED_EDGE('',*,*,#3947,.F.);
#5214=ORIENTED_EDGE('',*,*,#3659,.F.);
#5215=ORIENTED_EDGE('',*,*,#3767,.F.);
#5216=ORIENTED_EDGE('',*,*,#3948,.F.);
#5217=ORIENTED_EDGE('',*,*,#3762,.F.);
#5218=ORIENTED_EDGE('',*,*,#3949,.F.);
#5219=ORIENTED_EDGE('',*,*,#3950,.T.);
#5220=ORIENTED_EDGE('',*,*,#3688,.F.);
#5221=ORIENTED_EDGE('',*,*,#3950,.F.);
#5222=ORIENTED_EDGE('',*,*,#3653,.F.);
#5223=ORIENTED_EDGE('',*,*,#3776,.F.);
#5224=ORIENTED_EDGE('',*,*,#3951,.F.);
#5225=ORIENTED_EDGE('',*,*,#3771,.F.);
#5226=ORIENTED_EDGE('',*,*,#3952,.F.);
#5227=ORIENTED_EDGE('',*,*,#3953,.T.);
#5228=ORIENTED_EDGE('',*,*,#3703,.F.);
#5229=ORIENTED_EDGE('',*,*,#3953,.F.);
#5230=ORIENTED_EDGE('',*,*,#3781,.F.);
#5231=ORIENTED_EDGE('',*,*,#3954,.F.);
#5232=ORIENTED_EDGE('',*,*,#3779,.F.);
#5233=ORIENTED_EDGE('',*,*,#3649,.F.);
#5234=ORIENTED_EDGE('',*,*,#3955,.F.);
#5235=ORIENTED_EDGE('',*,*,#3956,.T.);
#5236=ORIENTED_EDGE('',*,*,#3704,.F.);
#5237=ORIENTED_EDGE('',*,*,#3956,.F.);
#5238=ORIENTED_EDGE('',*,*,#3787,.F.);
#5239=ORIENTED_EDGE('',*,*,#3957,.F.);
#5240=ORIENTED_EDGE('',*,*,#3785,.F.);
#5241=ORIENTED_EDGE('',*,*,#3645,.F.);
#5242=ORIENTED_EDGE('',*,*,#3958,.F.);
#5243=ORIENTED_EDGE('',*,*,#3959,.T.);
#5244=ORIENTED_EDGE('',*,*,#3708,.F.);
#5245=ORIENTED_EDGE('',*,*,#3959,.F.);
#5246=ORIENTED_EDGE('',*,*,#3784,.F.);
#5247=ORIENTED_EDGE('',*,*,#3960,.F.);
#5248=ORIENTED_EDGE('',*,*,#3782,.F.);
#5249=ORIENTED_EDGE('',*,*,#3647,.F.);
#5250=ORIENTED_EDGE('',*,*,#3655,.F.);
#5251=ORIENTED_EDGE('',*,*,#3773,.F.);
#5252=ORIENTED_EDGE('',*,*,#3961,.F.);
#5253=ORIENTED_EDGE('',*,*,#3768,.F.);
#5254=ORIENTED_EDGE('',*,*,#3962,.F.);
#5255=ORIENTED_EDGE('',*,*,#3963,.T.);
#5256=ORIENTED_EDGE('',*,*,#3702,.F.);
#5257=ORIENTED_EDGE('',*,*,#3963,.F.);
#5258=ORIENTED_EDGE('',*,*,#3964,.F.);
#5259=ORIENTED_EDGE('',*,*,#3965,.T.);
#5260=ORIENTED_EDGE('',*,*,#3697,.F.);
#5261=ORIENTED_EDGE('',*,*,#3965,.F.);
#5262=ORIENTED_EDGE('',*,*,#3966,.F.);
#5263=ORIENTED_EDGE('',*,*,#3967,.T.);
#5264=ORIENTED_EDGE('',*,*,#3706,.F.);
#5265=ORIENTED_EDGE('',*,*,#3967,.F.);
#5266=ORIENTED_EDGE('',*,*,#3966,.T.);
#5267=ORIENTED_EDGE('',*,*,#3968,.F.);
#5268=ORIENTED_EDGE('',*,*,#3964,.T.);
#5269=ORIENTED_EDGE('',*,*,#3969,.F.);
#5270=ORIENTED_EDGE('',*,*,#3962,.T.);
#5271=ORIENTED_EDGE('',*,*,#3970,.F.);
#5272=ORIENTED_EDGE('',*,*,#3958,.T.);
#5273=ORIENTED_EDGE('',*,*,#3971,.F.);
#5274=ORIENTED_EDGE('',*,*,#3955,.T.);
#5275=ORIENTED_EDGE('',*,*,#3972,.F.);
#5276=ORIENTED_EDGE('',*,*,#3952,.T.);
#5277=ORIENTED_EDGE('',*,*,#3973,.F.);
#5278=ORIENTED_EDGE('',*,*,#3949,.T.);
#5279=ORIENTED_EDGE('',*,*,#3974,.F.);
#5280=ORIENTED_EDGE('',*,*,#3946,.T.);
#5281=ORIENTED_EDGE('',*,*,#3975,.F.);
#5282=ORIENTED_EDGE('',*,*,#3942,.T.);
#5283=ORIENTED_EDGE('',*,*,#3976,.F.);
#5284=ORIENTED_EDGE('',*,*,#3940,.T.);
#5285=ORIENTED_EDGE('',*,*,#3977,.F.);
#5286=ORIENTED_EDGE('',*,*,#3938,.T.);
#5287=ORIENTED_EDGE('',*,*,#3978,.F.);
#5288=ORIENTED_EDGE('',*,*,#3936,.T.);
#5289=ORIENTED_EDGE('',*,*,#3979,.F.);
#5290=ORIENTED_EDGE('',*,*,#3934,.T.);
#5291=ORIENTED_EDGE('',*,*,#3980,.F.);
#5292=ORIENTED_EDGE('',*,*,#3932,.T.);
#5293=ORIENTED_EDGE('',*,*,#3981,.F.);
#5294=ORIENTED_EDGE('',*,*,#3930,.T.);
#5295=ORIENTED_EDGE('',*,*,#3982,.F.);
#5296=ORIENTED_EDGE('',*,*,#3928,.T.);
#5297=ORIENTED_EDGE('',*,*,#3983,.F.);
#5298=ORIENTED_EDGE('',*,*,#3926,.T.);
#5299=ORIENTED_EDGE('',*,*,#3984,.F.);
#5300=ORIENTED_EDGE('',*,*,#3924,.T.);
#5301=ORIENTED_EDGE('',*,*,#3985,.F.);
#5302=ORIENTED_EDGE('',*,*,#3922,.T.);
#5303=ORIENTED_EDGE('',*,*,#3986,.F.);
#5304=ORIENTED_EDGE('',*,*,#3920,.T.);
#5305=ORIENTED_EDGE('',*,*,#3987,.F.);
#5306=ORIENTED_EDGE('',*,*,#3916,.T.);
#5307=ORIENTED_EDGE('',*,*,#3988,.F.);
#5308=ORIENTED_EDGE('',*,*,#3914,.T.);
#5309=ORIENTED_EDGE('',*,*,#3989,.F.);
#5310=ORIENTED_EDGE('',*,*,#3912,.T.);
#5311=ORIENTED_EDGE('',*,*,#3990,.F.);
#5312=ORIENTED_EDGE('',*,*,#3910,.T.);
#5313=ORIENTED_EDGE('',*,*,#3991,.F.);
#5314=ORIENTED_EDGE('',*,*,#3908,.T.);
#5315=ORIENTED_EDGE('',*,*,#3992,.F.);
#5316=ORIENTED_EDGE('',*,*,#3905,.T.);
#5317=ORIENTED_EDGE('',*,*,#3993,.F.);
#5318=ORIENTED_EDGE('',*,*,#3903,.T.);
#5319=ORIENTED_EDGE('',*,*,#3994,.F.);
#5320=ORIENTED_EDGE('',*,*,#3899,.T.);
#5321=ORIENTED_EDGE('',*,*,#3995,.F.);
#5322=ORIENTED_EDGE('',*,*,#3896,.T.);
#5323=ORIENTED_EDGE('',*,*,#3996,.F.);
#5324=ORIENTED_EDGE('',*,*,#3893,.T.);
#5325=ORIENTED_EDGE('',*,*,#3997,.F.);
#5326=ORIENTED_EDGE('',*,*,#3891,.T.);
#5327=ORIENTED_EDGE('',*,*,#3998,.F.);
#5328=ORIENTED_EDGE('',*,*,#3889,.T.);
#5329=ORIENTED_EDGE('',*,*,#3999,.F.);
#5330=ORIENTED_EDGE('',*,*,#3887,.T.);
#5331=ORIENTED_EDGE('',*,*,#4000,.F.);
#5332=ORIENTED_EDGE('',*,*,#3885,.T.);
#5333=ORIENTED_EDGE('',*,*,#4001,.F.);
#5334=ORIENTED_EDGE('',*,*,#3882,.T.);
#5335=ORIENTED_EDGE('',*,*,#4002,.F.);
#5336=ORIENTED_EDGE('',*,*,#3879,.T.);
#5337=ORIENTED_EDGE('',*,*,#4003,.F.);
#5338=ORIENTED_EDGE('',*,*,#3876,.T.);
#5339=ORIENTED_EDGE('',*,*,#4004,.F.);
#5340=ORIENTED_EDGE('',*,*,#3873,.T.);
#5341=ORIENTED_EDGE('',*,*,#4005,.F.);
#5342=ORIENTED_EDGE('',*,*,#3871,.T.);
#5343=ORIENTED_EDGE('',*,*,#4006,.F.);
#5344=ORIENTED_EDGE('',*,*,#3869,.T.);
#5345=ORIENTED_EDGE('',*,*,#4007,.F.);
#5346=ORIENTED_EDGE('',*,*,#3865,.T.);
#5347=ORIENTED_EDGE('',*,*,#4008,.F.);
#5348=ORIENTED_EDGE('',*,*,#3863,.T.);
#5349=ORIENTED_EDGE('',*,*,#4009,.F.);
#5350=ORIENTED_EDGE('',*,*,#3861,.T.);
#5351=ORIENTED_EDGE('',*,*,#4010,.F.);
#5352=ORIENTED_EDGE('',*,*,#3859,.T.);
#5353=ORIENTED_EDGE('',*,*,#4011,.F.);
#5354=ORIENTED_EDGE('',*,*,#3857,.T.);
#5355=ORIENTED_EDGE('',*,*,#4012,.F.);
#5356=ORIENTED_EDGE('',*,*,#3855,.T.);
#5357=ORIENTED_EDGE('',*,*,#4013,.F.);
#5358=ORIENTED_EDGE('',*,*,#3853,.T.);
#5359=ORIENTED_EDGE('',*,*,#4014,.F.);
#5360=ORIENTED_EDGE('',*,*,#3851,.T.);
#5361=ORIENTED_EDGE('',*,*,#4015,.F.);
#5362=ORIENTED_EDGE('',*,*,#3847,.T.);
#5363=ORIENTED_EDGE('',*,*,#4016,.F.);
#5364=ORIENTED_EDGE('',*,*,#3845,.T.);
#5365=ORIENTED_EDGE('',*,*,#4017,.F.);
#5366=ORIENTED_EDGE('',*,*,#3843,.T.);
#5367=ORIENTED_EDGE('',*,*,#4018,.F.);
#5368=ORIENTED_EDGE('',*,*,#3841,.T.);
#5369=ORIENTED_EDGE('',*,*,#4019,.F.);
#5370=ORIENTED_EDGE('',*,*,#3839,.T.);
#5371=ORIENTED_EDGE('',*,*,#4020,.F.);
#5372=ORIENTED_EDGE('',*,*,#3837,.T.);
#5373=ORIENTED_EDGE('',*,*,#4021,.F.);
#5374=ORIENTED_EDGE('',*,*,#3835,.T.);
#5375=ORIENTED_EDGE('',*,*,#4022,.F.);
#5376=ORIENTED_EDGE('',*,*,#3833,.T.);
#5377=ORIENTED_EDGE('',*,*,#4023,.F.);
#5378=ORIENTED_EDGE('',*,*,#3829,.T.);
#5379=ORIENTED_EDGE('',*,*,#4024,.F.);
#5380=ORIENTED_EDGE('',*,*,#3827,.T.);
#5381=ORIENTED_EDGE('',*,*,#4025,.F.);
#5382=ORIENTED_EDGE('',*,*,#3825,.T.);
#5383=ORIENTED_EDGE('',*,*,#4026,.F.);
#5384=ORIENTED_EDGE('',*,*,#3823,.T.);
#5385=ORIENTED_EDGE('',*,*,#4027,.F.);
#5386=ORIENTED_EDGE('',*,*,#3821,.T.);
#5387=ORIENTED_EDGE('',*,*,#4028,.F.);
#5388=ORIENTED_EDGE('',*,*,#3819,.T.);
#5389=ORIENTED_EDGE('',*,*,#4029,.F.);
#5390=ORIENTED_EDGE('',*,*,#3817,.T.);
#5391=ORIENTED_EDGE('',*,*,#4030,.F.);
#5392=ORIENTED_EDGE('',*,*,#3815,.T.);
#5393=ORIENTED_EDGE('',*,*,#4031,.F.);
#5394=ORIENTED_EDGE('',*,*,#4032,.F.);
#5395=ORIENTED_EDGE('',*,*,#4033,.T.);
#5396=ORIENTED_EDGE('',*,*,#3968,.T.);
#5397=ORIENTED_EDGE('',*,*,#4033,.F.);
#5398=ORIENTED_EDGE('',*,*,#4034,.F.);
#5399=ORIENTED_EDGE('',*,*,#4035,.T.);
#5400=ORIENTED_EDGE('',*,*,#3969,.T.);
#5401=ORIENTED_EDGE('',*,*,#4035,.F.);
#5402=ORIENTED_EDGE('',*,*,#4036,.F.);
#5403=ORIENTED_EDGE('',*,*,#4037,.T.);
#5404=ORIENTED_EDGE('',*,*,#3970,.T.);
#5405=ORIENTED_EDGE('',*,*,#4037,.F.);
#5406=ORIENTED_EDGE('',*,*,#4038,.F.);
#5407=ORIENTED_EDGE('',*,*,#4039,.T.);
#5408=ORIENTED_EDGE('',*,*,#4040,.T.);
#5409=ORIENTED_EDGE('',*,*,#4039,.F.);
#5410=ORIENTED_EDGE('',*,*,#4041,.F.);
#5411=ORIENTED_EDGE('',*,*,#4042,.T.);
#5412=ORIENTED_EDGE('',*,*,#4043,.T.);
#5413=ORIENTED_EDGE('',*,*,#4042,.F.);
#5414=ORIENTED_EDGE('',*,*,#4044,.F.);
#5415=ORIENTED_EDGE('',*,*,#4045,.T.);
#5416=ORIENTED_EDGE('',*,*,#3971,.T.);
#5417=ORIENTED_EDGE('',*,*,#4045,.F.);
#5418=ORIENTED_EDGE('',*,*,#4046,.F.);
#5419=ORIENTED_EDGE('',*,*,#4047,.T.);
#5420=ORIENTED_EDGE('',*,*,#4048,.T.);
#5421=ORIENTED_EDGE('',*,*,#4047,.F.);
#5422=ORIENTED_EDGE('',*,*,#4049,.F.);
#5423=ORIENTED_EDGE('',*,*,#4050,.T.);
#5424=ORIENTED_EDGE('',*,*,#3972,.T.);
#5425=ORIENTED_EDGE('',*,*,#4050,.F.);
#5426=ORIENTED_EDGE('',*,*,#4051,.F.);
#5427=ORIENTED_EDGE('',*,*,#4052,.T.);
#5428=ORIENTED_EDGE('',*,*,#4053,.T.);
#5429=ORIENTED_EDGE('',*,*,#4052,.F.);
#5430=ORIENTED_EDGE('',*,*,#4054,.F.);
#5431=ORIENTED_EDGE('',*,*,#4055,.T.);
#5432=ORIENTED_EDGE('',*,*,#3973,.T.);
#5433=ORIENTED_EDGE('',*,*,#4055,.F.);
#5434=ORIENTED_EDGE('',*,*,#4056,.F.);
#5435=ORIENTED_EDGE('',*,*,#4057,.T.);
#5436=ORIENTED_EDGE('',*,*,#4058,.T.);
#5437=ORIENTED_EDGE('',*,*,#4057,.F.);
#5438=ORIENTED_EDGE('',*,*,#4059,.F.);
#5439=ORIENTED_EDGE('',*,*,#4060,.T.);
#5440=ORIENTED_EDGE('',*,*,#3974,.T.);
#5441=ORIENTED_EDGE('',*,*,#4060,.F.);
#5442=ORIENTED_EDGE('',*,*,#4061,.F.);
#5443=ORIENTED_EDGE('',*,*,#4062,.T.);
#5444=ORIENTED_EDGE('',*,*,#4063,.T.);
#5445=ORIENTED_EDGE('',*,*,#4062,.F.);
#5446=ORIENTED_EDGE('',*,*,#4064,.F.);
#5447=ORIENTED_EDGE('',*,*,#4065,.T.);
#5448=ORIENTED_EDGE('',*,*,#3975,.T.);
#5449=ORIENTED_EDGE('',*,*,#4065,.F.);
#5450=ORIENTED_EDGE('',*,*,#4066,.F.);
#5451=ORIENTED_EDGE('',*,*,#4067,.T.);
#5452=ORIENTED_EDGE('',*,*,#4068,.T.);
#5453=ORIENTED_EDGE('',*,*,#4067,.F.);
#5454=ORIENTED_EDGE('',*,*,#4069,.F.);
#5455=ORIENTED_EDGE('',*,*,#4070,.T.);
#5456=ORIENTED_EDGE('',*,*,#4071,.T.);
#5457=ORIENTED_EDGE('',*,*,#4070,.F.);
#5458=ORIENTED_EDGE('',*,*,#4072,.F.);
#5459=ORIENTED_EDGE('',*,*,#4073,.T.);
#5460=ORIENTED_EDGE('',*,*,#3976,.T.);
#5461=ORIENTED_EDGE('',*,*,#4073,.F.);
#5462=ORIENTED_EDGE('',*,*,#4074,.F.);
#5463=ORIENTED_EDGE('',*,*,#4075,.T.);
#5464=ORIENTED_EDGE('',*,*,#3977,.T.);
#5465=ORIENTED_EDGE('',*,*,#4075,.F.);
#5466=ORIENTED_EDGE('',*,*,#4076,.F.);
#5467=ORIENTED_EDGE('',*,*,#4077,.T.);
#5468=ORIENTED_EDGE('',*,*,#3978,.T.);
#5469=ORIENTED_EDGE('',*,*,#4077,.F.);
#5470=ORIENTED_EDGE('',*,*,#4078,.F.);
#5471=ORIENTED_EDGE('',*,*,#4079,.T.);
#5472=ORIENTED_EDGE('',*,*,#3979,.T.);
#5473=ORIENTED_EDGE('',*,*,#4079,.F.);
#5474=ORIENTED_EDGE('',*,*,#4080,.F.);
#5475=ORIENTED_EDGE('',*,*,#4081,.T.);
#5476=ORIENTED_EDGE('',*,*,#3980,.T.);
#5477=ORIENTED_EDGE('',*,*,#4081,.F.);
#5478=ORIENTED_EDGE('',*,*,#4082,.F.);
#5479=ORIENTED_EDGE('',*,*,#4083,.T.);
#5480=ORIENTED_EDGE('',*,*,#3981,.T.);
#5481=ORIENTED_EDGE('',*,*,#4083,.F.);
#5482=ORIENTED_EDGE('',*,*,#4084,.F.);
#5483=ORIENTED_EDGE('',*,*,#4085,.T.);
#5484=ORIENTED_EDGE('',*,*,#3982,.T.);
#5485=ORIENTED_EDGE('',*,*,#4085,.F.);
#5486=ORIENTED_EDGE('',*,*,#4086,.F.);
#5487=ORIENTED_EDGE('',*,*,#4087,.T.);
#5488=ORIENTED_EDGE('',*,*,#3983,.T.);
#5489=ORIENTED_EDGE('',*,*,#4087,.F.);
#5490=ORIENTED_EDGE('',*,*,#4088,.F.);
#5491=ORIENTED_EDGE('',*,*,#4089,.T.);
#5492=ORIENTED_EDGE('',*,*,#3984,.T.);
#5493=ORIENTED_EDGE('',*,*,#4089,.F.);
#5494=ORIENTED_EDGE('',*,*,#4090,.F.);
#5495=ORIENTED_EDGE('',*,*,#4091,.T.);
#5496=ORIENTED_EDGE('',*,*,#3985,.T.);
#5497=ORIENTED_EDGE('',*,*,#4091,.F.);
#5498=ORIENTED_EDGE('',*,*,#4092,.F.);
#5499=ORIENTED_EDGE('',*,*,#4093,.T.);
#5500=ORIENTED_EDGE('',*,*,#3986,.T.);
#5501=ORIENTED_EDGE('',*,*,#4093,.F.);
#5502=ORIENTED_EDGE('',*,*,#4094,.F.);
#5503=ORIENTED_EDGE('',*,*,#4095,.T.);
#5504=ORIENTED_EDGE('',*,*,#3987,.T.);
#5505=ORIENTED_EDGE('',*,*,#4095,.F.);
#5506=ORIENTED_EDGE('',*,*,#4096,.F.);
#5507=ORIENTED_EDGE('',*,*,#4097,.T.);
#5508=ORIENTED_EDGE('',*,*,#4098,.T.);
#5509=ORIENTED_EDGE('',*,*,#4097,.F.);
#5510=ORIENTED_EDGE('',*,*,#4099,.F.);
#5511=ORIENTED_EDGE('',*,*,#4100,.T.);
#5512=ORIENTED_EDGE('',*,*,#4101,.T.);
#5513=ORIENTED_EDGE('',*,*,#4100,.F.);
#5514=ORIENTED_EDGE('',*,*,#4102,.F.);
#5515=ORIENTED_EDGE('',*,*,#4103,.T.);
#5516=ORIENTED_EDGE('',*,*,#3988,.T.);
#5517=ORIENTED_EDGE('',*,*,#4103,.F.);
#5518=ORIENTED_EDGE('',*,*,#4104,.F.);
#5519=ORIENTED_EDGE('',*,*,#4105,.T.);
#5520=ORIENTED_EDGE('',*,*,#3989,.T.);
#5521=ORIENTED_EDGE('',*,*,#4105,.F.);
#5522=ORIENTED_EDGE('',*,*,#4106,.F.);
#5523=ORIENTED_EDGE('',*,*,#4107,.T.);
#5524=ORIENTED_EDGE('',*,*,#3990,.T.);
#5525=ORIENTED_EDGE('',*,*,#4107,.F.);
#5526=ORIENTED_EDGE('',*,*,#4108,.F.);
#5527=ORIENTED_EDGE('',*,*,#4109,.T.);
#5528=ORIENTED_EDGE('',*,*,#3991,.T.);
#5529=ORIENTED_EDGE('',*,*,#4109,.F.);
#5530=ORIENTED_EDGE('',*,*,#4110,.F.);
#5531=ORIENTED_EDGE('',*,*,#4111,.T.);
#5532=ORIENTED_EDGE('',*,*,#3992,.T.);
#5533=ORIENTED_EDGE('',*,*,#4111,.F.);
#5534=ORIENTED_EDGE('',*,*,#4112,.F.);
#5535=ORIENTED_EDGE('',*,*,#4113,.T.);
#5536=ORIENTED_EDGE('',*,*,#4114,.T.);
#5537=ORIENTED_EDGE('',*,*,#4113,.F.);
#5538=ORIENTED_EDGE('',*,*,#4115,.F.);
#5539=ORIENTED_EDGE('',*,*,#4116,.T.);
#5540=ORIENTED_EDGE('',*,*,#3993,.T.);
#5541=ORIENTED_EDGE('',*,*,#4116,.F.);
#5542=ORIENTED_EDGE('',*,*,#4117,.F.);
#5543=ORIENTED_EDGE('',*,*,#4118,.T.);
#5544=ORIENTED_EDGE('',*,*,#3994,.T.);
#5545=ORIENTED_EDGE('',*,*,#4118,.F.);
#5546=ORIENTED_EDGE('',*,*,#4119,.F.);
#5547=ORIENTED_EDGE('',*,*,#4120,.T.);
#5548=ORIENTED_EDGE('',*,*,#4121,.T.);
#5549=ORIENTED_EDGE('',*,*,#4120,.F.);
#5550=ORIENTED_EDGE('',*,*,#4122,.F.);
#5551=ORIENTED_EDGE('',*,*,#4123,.T.);
#5552=ORIENTED_EDGE('',*,*,#4124,.T.);
#5553=ORIENTED_EDGE('',*,*,#4123,.F.);
#5554=ORIENTED_EDGE('',*,*,#4125,.F.);
#5555=ORIENTED_EDGE('',*,*,#4126,.T.);
#5556=ORIENTED_EDGE('',*,*,#3995,.T.);
#5557=ORIENTED_EDGE('',*,*,#4126,.F.);
#5558=ORIENTED_EDGE('',*,*,#4127,.F.);
#5559=ORIENTED_EDGE('',*,*,#4128,.T.);
#5560=ORIENTED_EDGE('',*,*,#4129,.T.);
#5561=ORIENTED_EDGE('',*,*,#4128,.F.);
#5562=ORIENTED_EDGE('',*,*,#4130,.F.);
#5563=ORIENTED_EDGE('',*,*,#4131,.T.);
#5564=ORIENTED_EDGE('',*,*,#3996,.T.);
#5565=ORIENTED_EDGE('',*,*,#4131,.F.);
#5566=ORIENTED_EDGE('',*,*,#4132,.F.);
#5567=ORIENTED_EDGE('',*,*,#4133,.T.);
#5568=ORIENTED_EDGE('',*,*,#4134,.T.);
#5569=ORIENTED_EDGE('',*,*,#4133,.F.);
#5570=ORIENTED_EDGE('',*,*,#4135,.F.);
#5571=ORIENTED_EDGE('',*,*,#4136,.T.);
#5572=ORIENTED_EDGE('',*,*,#3997,.T.);
#5573=ORIENTED_EDGE('',*,*,#4136,.F.);
#5574=ORIENTED_EDGE('',*,*,#4137,.F.);
#5575=ORIENTED_EDGE('',*,*,#4138,.T.);
#5576=ORIENTED_EDGE('',*,*,#3998,.T.);
#5577=ORIENTED_EDGE('',*,*,#4138,.F.);
#5578=ORIENTED_EDGE('',*,*,#4139,.F.);
#5579=ORIENTED_EDGE('',*,*,#4140,.T.);
#5580=ORIENTED_EDGE('',*,*,#3999,.T.);
#5581=ORIENTED_EDGE('',*,*,#4140,.F.);
#5582=ORIENTED_EDGE('',*,*,#4141,.F.);
#5583=ORIENTED_EDGE('',*,*,#4142,.T.);
#5584=ORIENTED_EDGE('',*,*,#4000,.T.);
#5585=ORIENTED_EDGE('',*,*,#4142,.F.);
#5586=ORIENTED_EDGE('',*,*,#4143,.F.);
#5587=ORIENTED_EDGE('',*,*,#4144,.T.);
#5588=ORIENTED_EDGE('',*,*,#4001,.T.);
#5589=ORIENTED_EDGE('',*,*,#4144,.F.);
#5590=ORIENTED_EDGE('',*,*,#4145,.F.);
#5591=ORIENTED_EDGE('',*,*,#4146,.T.);
#5592=ORIENTED_EDGE('',*,*,#4147,.T.);
#5593=ORIENTED_EDGE('',*,*,#4146,.F.);
#5594=ORIENTED_EDGE('',*,*,#4148,.F.);
#5595=ORIENTED_EDGE('',*,*,#4149,.T.);
#5596=ORIENTED_EDGE('',*,*,#4002,.T.);
#5597=ORIENTED_EDGE('',*,*,#4149,.F.);
#5598=ORIENTED_EDGE('',*,*,#4150,.F.);
#5599=ORIENTED_EDGE('',*,*,#4151,.T.);
#5600=ORIENTED_EDGE('',*,*,#4152,.T.);
#5601=ORIENTED_EDGE('',*,*,#4151,.F.);
#5602=ORIENTED_EDGE('',*,*,#4153,.F.);
#5603=ORIENTED_EDGE('',*,*,#4154,.T.);
#5604=ORIENTED_EDGE('',*,*,#4003,.T.);
#5605=ORIENTED_EDGE('',*,*,#4154,.F.);
#5606=ORIENTED_EDGE('',*,*,#4155,.F.);
#5607=ORIENTED_EDGE('',*,*,#4156,.T.);
#5608=ORIENTED_EDGE('',*,*,#4157,.T.);
#5609=ORIENTED_EDGE('',*,*,#4156,.F.);
#5610=ORIENTED_EDGE('',*,*,#4158,.F.);
#5611=ORIENTED_EDGE('',*,*,#4159,.T.);
#5612=ORIENTED_EDGE('',*,*,#4004,.T.);
#5613=ORIENTED_EDGE('',*,*,#4159,.F.);
#5614=ORIENTED_EDGE('',*,*,#4160,.F.);
#5615=ORIENTED_EDGE('',*,*,#4161,.T.);
#5616=ORIENTED_EDGE('',*,*,#4162,.T.);
#5617=ORIENTED_EDGE('',*,*,#4161,.F.);
#5618=ORIENTED_EDGE('',*,*,#4163,.F.);
#5619=ORIENTED_EDGE('',*,*,#4164,.T.);
#5620=ORIENTED_EDGE('',*,*,#4005,.T.);
#5621=ORIENTED_EDGE('',*,*,#4164,.F.);
#5622=ORIENTED_EDGE('',*,*,#4165,.F.);
#5623=ORIENTED_EDGE('',*,*,#4166,.T.);
#5624=ORIENTED_EDGE('',*,*,#4006,.T.);
#5625=ORIENTED_EDGE('',*,*,#4166,.F.);
#5626=ORIENTED_EDGE('',*,*,#4167,.F.);
#5627=ORIENTED_EDGE('',*,*,#4168,.T.);
#5628=ORIENTED_EDGE('',*,*,#4007,.T.);
#5629=ORIENTED_EDGE('',*,*,#4168,.F.);
#5630=ORIENTED_EDGE('',*,*,#4169,.F.);
#5631=ORIENTED_EDGE('',*,*,#4170,.T.);
#5632=ORIENTED_EDGE('',*,*,#4171,.T.);
#5633=ORIENTED_EDGE('',*,*,#4170,.F.);
#5634=ORIENTED_EDGE('',*,*,#4172,.F.);
#5635=ORIENTED_EDGE('',*,*,#4173,.T.);
#5636=ORIENTED_EDGE('',*,*,#4174,.T.);
#5637=ORIENTED_EDGE('',*,*,#4173,.F.);
#5638=ORIENTED_EDGE('',*,*,#4175,.F.);
#5639=ORIENTED_EDGE('',*,*,#4176,.T.);
#5640=ORIENTED_EDGE('',*,*,#4008,.T.);
#5641=ORIENTED_EDGE('',*,*,#4176,.F.);
#5642=ORIENTED_EDGE('',*,*,#4177,.F.);
#5643=ORIENTED_EDGE('',*,*,#4178,.T.);
#5644=ORIENTED_EDGE('',*,*,#4009,.T.);
#5645=ORIENTED_EDGE('',*,*,#4178,.F.);
#5646=ORIENTED_EDGE('',*,*,#4179,.F.);
#5647=ORIENTED_EDGE('',*,*,#4180,.T.);
#5648=ORIENTED_EDGE('',*,*,#4010,.T.);
#5649=ORIENTED_EDGE('',*,*,#4180,.F.);
#5650=ORIENTED_EDGE('',*,*,#4181,.F.);
#5651=ORIENTED_EDGE('',*,*,#4182,.T.);
#5652=ORIENTED_EDGE('',*,*,#4011,.T.);
#5653=ORIENTED_EDGE('',*,*,#4182,.F.);
#5654=ORIENTED_EDGE('',*,*,#4183,.F.);
#5655=ORIENTED_EDGE('',*,*,#4184,.T.);
#5656=ORIENTED_EDGE('',*,*,#4012,.T.);
#5657=ORIENTED_EDGE('',*,*,#4184,.F.);
#5658=ORIENTED_EDGE('',*,*,#4185,.F.);
#5659=ORIENTED_EDGE('',*,*,#4186,.T.);
#5660=ORIENTED_EDGE('',*,*,#4013,.T.);
#5661=ORIENTED_EDGE('',*,*,#4186,.F.);
#5662=ORIENTED_EDGE('',*,*,#4187,.F.);
#5663=ORIENTED_EDGE('',*,*,#4188,.T.);
#5664=ORIENTED_EDGE('',*,*,#4014,.T.);
#5665=ORIENTED_EDGE('',*,*,#4188,.F.);
#5666=ORIENTED_EDGE('',*,*,#4189,.F.);
#5667=ORIENTED_EDGE('',*,*,#4190,.T.);
#5668=ORIENTED_EDGE('',*,*,#4015,.T.);
#5669=ORIENTED_EDGE('',*,*,#4190,.F.);
#5670=ORIENTED_EDGE('',*,*,#4191,.F.);
#5671=ORIENTED_EDGE('',*,*,#4192,.T.);
#5672=ORIENTED_EDGE('',*,*,#4193,.T.);
#5673=ORIENTED_EDGE('',*,*,#4192,.F.);
#5674=ORIENTED_EDGE('',*,*,#4194,.F.);
#5675=ORIENTED_EDGE('',*,*,#4195,.T.);
#5676=ORIENTED_EDGE('',*,*,#4196,.T.);
#5677=ORIENTED_EDGE('',*,*,#4195,.F.);
#5678=ORIENTED_EDGE('',*,*,#4197,.F.);
#5679=ORIENTED_EDGE('',*,*,#4198,.T.);
#5680=ORIENTED_EDGE('',*,*,#4016,.T.);
#5681=ORIENTED_EDGE('',*,*,#4198,.F.);
#5682=ORIENTED_EDGE('',*,*,#4199,.F.);
#5683=ORIENTED_EDGE('',*,*,#4200,.T.);
#5684=ORIENTED_EDGE('',*,*,#4017,.T.);
#5685=ORIENTED_EDGE('',*,*,#4200,.F.);
#5686=ORIENTED_EDGE('',*,*,#4201,.F.);
#5687=ORIENTED_EDGE('',*,*,#4202,.T.);
#5688=ORIENTED_EDGE('',*,*,#4018,.T.);
#5689=ORIENTED_EDGE('',*,*,#4202,.F.);
#5690=ORIENTED_EDGE('',*,*,#4203,.F.);
#5691=ORIENTED_EDGE('',*,*,#4204,.T.);
#5692=ORIENTED_EDGE('',*,*,#4019,.T.);
#5693=ORIENTED_EDGE('',*,*,#4204,.F.);
#5694=ORIENTED_EDGE('',*,*,#4205,.F.);
#5695=ORIENTED_EDGE('',*,*,#4206,.T.);
#5696=ORIENTED_EDGE('',*,*,#4020,.T.);
#5697=ORIENTED_EDGE('',*,*,#4206,.F.);
#5698=ORIENTED_EDGE('',*,*,#4207,.F.);
#5699=ORIENTED_EDGE('',*,*,#4208,.T.);
#5700=ORIENTED_EDGE('',*,*,#4021,.T.);
#5701=ORIENTED_EDGE('',*,*,#4208,.F.);
#5702=ORIENTED_EDGE('',*,*,#4209,.F.);
#5703=ORIENTED_EDGE('',*,*,#4210,.T.);
#5704=ORIENTED_EDGE('',*,*,#4022,.T.);
#5705=ORIENTED_EDGE('',*,*,#4210,.F.);
#5706=ORIENTED_EDGE('',*,*,#4211,.F.);
#5707=ORIENTED_EDGE('',*,*,#4212,.T.);
#5708=ORIENTED_EDGE('',*,*,#4023,.T.);
#5709=ORIENTED_EDGE('',*,*,#4212,.F.);
#5710=ORIENTED_EDGE('',*,*,#4213,.F.);
#5711=ORIENTED_EDGE('',*,*,#4214,.T.);
#5712=ORIENTED_EDGE('',*,*,#4215,.T.);
#5713=ORIENTED_EDGE('',*,*,#4214,.F.);
#5714=ORIENTED_EDGE('',*,*,#4216,.F.);
#5715=ORIENTED_EDGE('',*,*,#4217,.T.);
#5716=ORIENTED_EDGE('',*,*,#4218,.T.);
#5717=ORIENTED_EDGE('',*,*,#4217,.F.);
#5718=ORIENTED_EDGE('',*,*,#4219,.F.);
#5719=ORIENTED_EDGE('',*,*,#4220,.T.);
#5720=ORIENTED_EDGE('',*,*,#4024,.T.);
#5721=ORIENTED_EDGE('',*,*,#4220,.F.);
#5722=ORIENTED_EDGE('',*,*,#4221,.F.);
#5723=ORIENTED_EDGE('',*,*,#4222,.T.);
#5724=ORIENTED_EDGE('',*,*,#4025,.T.);
#5725=ORIENTED_EDGE('',*,*,#4222,.F.);
#5726=ORIENTED_EDGE('',*,*,#4223,.F.);
#5727=ORIENTED_EDGE('',*,*,#4224,.T.);
#5728=ORIENTED_EDGE('',*,*,#4026,.T.);
#5729=ORIENTED_EDGE('',*,*,#4224,.F.);
#5730=ORIENTED_EDGE('',*,*,#4225,.F.);
#5731=ORIENTED_EDGE('',*,*,#4226,.T.);
#5732=ORIENTED_EDGE('',*,*,#4027,.T.);
#5733=ORIENTED_EDGE('',*,*,#4226,.F.);
#5734=ORIENTED_EDGE('',*,*,#4227,.F.);
#5735=ORIENTED_EDGE('',*,*,#4228,.T.);
#5736=ORIENTED_EDGE('',*,*,#4028,.T.);
#5737=ORIENTED_EDGE('',*,*,#4228,.F.);
#5738=ORIENTED_EDGE('',*,*,#4229,.F.);
#5739=ORIENTED_EDGE('',*,*,#4230,.T.);
#5740=ORIENTED_EDGE('',*,*,#4029,.T.);
#5741=ORIENTED_EDGE('',*,*,#4230,.F.);
#5742=ORIENTED_EDGE('',*,*,#4231,.F.);
#5743=ORIENTED_EDGE('',*,*,#4232,.T.);
#5744=ORIENTED_EDGE('',*,*,#4030,.T.);
#5745=ORIENTED_EDGE('',*,*,#4232,.F.);
#5746=ORIENTED_EDGE('',*,*,#4233,.F.);
#5747=ORIENTED_EDGE('',*,*,#4234,.T.);
#5748=ORIENTED_EDGE('',*,*,#4031,.T.);
#5749=ORIENTED_EDGE('',*,*,#4234,.F.);
#5750=ORIENTED_EDGE('',*,*,#4235,.F.);
#5751=ORIENTED_EDGE('',*,*,#4236,.T.);
#5752=ORIENTED_EDGE('',*,*,#4237,.T.);
#5753=ORIENTED_EDGE('',*,*,#4236,.F.);
#5754=ORIENTED_EDGE('',*,*,#4238,.F.);
#5755=ORIENTED_EDGE('',*,*,#4239,.T.);
#5756=ORIENTED_EDGE('',*,*,#4240,.T.);
#5757=ORIENTED_EDGE('',*,*,#4239,.F.);
#5758=ORIENTED_EDGE('',*,*,#4241,.F.);
#5759=ORIENTED_EDGE('',*,*,#4242,.T.);
#5760=ORIENTED_EDGE('',*,*,#4243,.T.);
#5761=ORIENTED_EDGE('',*,*,#4242,.F.);
#5762=ORIENTED_EDGE('',*,*,#4244,.F.);
#5763=ORIENTED_EDGE('',*,*,#4245,.T.);
#5764=ORIENTED_EDGE('',*,*,#4246,.T.);
#5765=ORIENTED_EDGE('',*,*,#4245,.F.);
#5766=ORIENTED_EDGE('',*,*,#4247,.F.);
#5767=ORIENTED_EDGE('',*,*,#4248,.T.);
#5768=ORIENTED_EDGE('',*,*,#4249,.T.);
#5769=ORIENTED_EDGE('',*,*,#4248,.F.);
#5770=ORIENTED_EDGE('',*,*,#4250,.F.);
#5771=ORIENTED_EDGE('',*,*,#4251,.T.);
#5772=ORIENTED_EDGE('',*,*,#4252,.T.);
#5773=ORIENTED_EDGE('',*,*,#4251,.F.);
#5774=ORIENTED_EDGE('',*,*,#4253,.F.);
#5775=ORIENTED_EDGE('',*,*,#4254,.T.);
#5776=ORIENTED_EDGE('',*,*,#4255,.T.);
#5777=ORIENTED_EDGE('',*,*,#4254,.F.);
#5778=ORIENTED_EDGE('',*,*,#4256,.F.);
#5779=ORIENTED_EDGE('',*,*,#4257,.T.);
#5780=ORIENTED_EDGE('',*,*,#4258,.T.);
#5781=ORIENTED_EDGE('',*,*,#4257,.F.);
#5782=ORIENTED_EDGE('',*,*,#4259,.F.);
#5783=ORIENTED_EDGE('',*,*,#4260,.T.);
#5784=ORIENTED_EDGE('',*,*,#4261,.T.);
#5785=ORIENTED_EDGE('',*,*,#4260,.F.);
#5786=ORIENTED_EDGE('',*,*,#4262,.F.);
#5787=ORIENTED_EDGE('',*,*,#4263,.T.);
#5788=ORIENTED_EDGE('',*,*,#4264,.T.);
#5789=ORIENTED_EDGE('',*,*,#4263,.F.);
#5790=ORIENTED_EDGE('',*,*,#4265,.F.);
#5791=ORIENTED_EDGE('',*,*,#4266,.T.);
#5792=ORIENTED_EDGE('',*,*,#4267,.T.);
#5793=ORIENTED_EDGE('',*,*,#4266,.F.);
#5794=ORIENTED_EDGE('',*,*,#4268,.F.);
#5795=ORIENTED_EDGE('',*,*,#4269,.T.);
#5796=ORIENTED_EDGE('',*,*,#4270,.F.);
#5797=ORIENTED_EDGE('',*,*,#4271,.F.);
#5798=ORIENTED_EDGE('',*,*,#4272,.T.);
#5799=ORIENTED_EDGE('',*,*,#4271,.T.);
#5800=ORIENTED_EDGE('',*,*,#4273,.F.);
#5801=ORIENTED_EDGE('',*,*,#4274,.F.);
#5802=ORIENTED_EDGE('',*,*,#4275,.F.);
#5803=ORIENTED_EDGE('',*,*,#4274,.T.);
#5804=ORIENTED_EDGE('',*,*,#4276,.F.);
#5805=ORIENTED_EDGE('',*,*,#4277,.F.);
#5806=ORIENTED_EDGE('',*,*,#4278,.T.);
#5807=ORIENTED_EDGE('',*,*,#4277,.T.);
#5808=ORIENTED_EDGE('',*,*,#4279,.F.);
#5809=ORIENTED_EDGE('',*,*,#4280,.F.);
#5810=ORIENTED_EDGE('',*,*,#4281,.F.);
#5811=ORIENTED_EDGE('',*,*,#4280,.T.);
#5812=ORIENTED_EDGE('',*,*,#4282,.F.);
#5813=ORIENTED_EDGE('',*,*,#4283,.F.);
#5814=ORIENTED_EDGE('',*,*,#4284,.T.);
#5815=ORIENTED_EDGE('',*,*,#4283,.T.);
#5816=ORIENTED_EDGE('',*,*,#4285,.F.);
#5817=ORIENTED_EDGE('',*,*,#4286,.F.);
#5818=ORIENTED_EDGE('',*,*,#4287,.F.);
#5819=ORIENTED_EDGE('',*,*,#4286,.T.);
#5820=ORIENTED_EDGE('',*,*,#4288,.F.);
#5821=ORIENTED_EDGE('',*,*,#4289,.F.);
#5822=ORIENTED_EDGE('',*,*,#4290,.T.);
#5823=ORIENTED_EDGE('',*,*,#4289,.T.);
#5824=ORIENTED_EDGE('',*,*,#4291,.F.);
#5825=ORIENTED_EDGE('',*,*,#4292,.F.);
#5826=ORIENTED_EDGE('',*,*,#4293,.F.);
#5827=ORIENTED_EDGE('',*,*,#4292,.T.);
#5828=ORIENTED_EDGE('',*,*,#4294,.F.);
#5829=ORIENTED_EDGE('',*,*,#4295,.F.);
#5830=ORIENTED_EDGE('',*,*,#4296,.T.);
#5831=ORIENTED_EDGE('',*,*,#4295,.T.);
#5832=ORIENTED_EDGE('',*,*,#4297,.F.);
#5833=ORIENTED_EDGE('',*,*,#4298,.F.);
#5834=ORIENTED_EDGE('',*,*,#4299,.F.);
#5835=ORIENTED_EDGE('',*,*,#4298,.T.);
#5836=ORIENTED_EDGE('',*,*,#4300,.F.);
#5837=ORIENTED_EDGE('',*,*,#4301,.F.);
#5838=ORIENTED_EDGE('',*,*,#4302,.T.);
#5839=ORIENTED_EDGE('',*,*,#4301,.T.);
#5840=ORIENTED_EDGE('',*,*,#4303,.F.);
#5841=ORIENTED_EDGE('',*,*,#4304,.F.);
#5842=ORIENTED_EDGE('',*,*,#4305,.F.);
#5843=ORIENTED_EDGE('',*,*,#4304,.T.);
#5844=ORIENTED_EDGE('',*,*,#4306,.F.);
#5845=ORIENTED_EDGE('',*,*,#4307,.F.);
#5846=ORIENTED_EDGE('',*,*,#4308,.T.);
#5847=ORIENTED_EDGE('',*,*,#4307,.T.);
#5848=ORIENTED_EDGE('',*,*,#4309,.F.);
#5849=ORIENTED_EDGE('',*,*,#4310,.F.);
#5850=ORIENTED_EDGE('',*,*,#4311,.F.);
#5851=ORIENTED_EDGE('',*,*,#4310,.T.);
#5852=ORIENTED_EDGE('',*,*,#4312,.F.);
#5853=ORIENTED_EDGE('',*,*,#4313,.F.);
#5854=ORIENTED_EDGE('',*,*,#4314,.T.);
#5855=ORIENTED_EDGE('',*,*,#4313,.T.);
#5856=ORIENTED_EDGE('',*,*,#4315,.F.);
#5857=ORIENTED_EDGE('',*,*,#4316,.F.);
#5858=ORIENTED_EDGE('',*,*,#4317,.F.);
#5859=ORIENTED_EDGE('',*,*,#4316,.T.);
#5860=ORIENTED_EDGE('',*,*,#4318,.F.);
#5861=ORIENTED_EDGE('',*,*,#4319,.F.);
#5862=ORIENTED_EDGE('',*,*,#4320,.T.);
#5863=ORIENTED_EDGE('',*,*,#4319,.T.);
#5864=ORIENTED_EDGE('',*,*,#4321,.F.);
#5865=ORIENTED_EDGE('',*,*,#4322,.F.);
#5866=ORIENTED_EDGE('',*,*,#4323,.T.);
#5867=ORIENTED_EDGE('',*,*,#4322,.T.);
#5868=ORIENTED_EDGE('',*,*,#4324,.F.);
#5869=ORIENTED_EDGE('',*,*,#4325,.F.);
#5870=ORIENTED_EDGE('',*,*,#4326,.F.);
#5871=ORIENTED_EDGE('',*,*,#4325,.T.);
#5872=ORIENTED_EDGE('',*,*,#4327,.F.);
#5873=ORIENTED_EDGE('',*,*,#4328,.F.);
#5874=ORIENTED_EDGE('',*,*,#4329,.T.);
#5875=ORIENTED_EDGE('',*,*,#4328,.T.);
#5876=ORIENTED_EDGE('',*,*,#4330,.F.);
#5877=ORIENTED_EDGE('',*,*,#4331,.F.);
#5878=ORIENTED_EDGE('',*,*,#4332,.F.);
#5879=ORIENTED_EDGE('',*,*,#4331,.T.);
#5880=ORIENTED_EDGE('',*,*,#4333,.F.);
#5881=ORIENTED_EDGE('',*,*,#4334,.F.);
#5882=ORIENTED_EDGE('',*,*,#4335,.T.);
#5883=ORIENTED_EDGE('',*,*,#4334,.T.);
#5884=ORIENTED_EDGE('',*,*,#4336,.F.);
#5885=ORIENTED_EDGE('',*,*,#4337,.F.);
#5886=ORIENTED_EDGE('',*,*,#4338,.F.);
#5887=ORIENTED_EDGE('',*,*,#4337,.T.);
#5888=ORIENTED_EDGE('',*,*,#4339,.F.);
#5889=ORIENTED_EDGE('',*,*,#4340,.F.);
#5890=ORIENTED_EDGE('',*,*,#4341,.T.);
#5891=ORIENTED_EDGE('',*,*,#4340,.T.);
#5892=ORIENTED_EDGE('',*,*,#4342,.F.);
#5893=ORIENTED_EDGE('',*,*,#4343,.F.);
#5894=ORIENTED_EDGE('',*,*,#4344,.F.);
#5895=ORIENTED_EDGE('',*,*,#4343,.T.);
#5896=ORIENTED_EDGE('',*,*,#4345,.F.);
#5897=ORIENTED_EDGE('',*,*,#4346,.F.);
#5898=ORIENTED_EDGE('',*,*,#4347,.T.);
#5899=ORIENTED_EDGE('',*,*,#4346,.T.);
#5900=ORIENTED_EDGE('',*,*,#4348,.F.);
#5901=ORIENTED_EDGE('',*,*,#4349,.F.);
#5902=ORIENTED_EDGE('',*,*,#4350,.F.);
#5903=ORIENTED_EDGE('',*,*,#4349,.T.);
#5904=ORIENTED_EDGE('',*,*,#4351,.F.);
#5905=ORIENTED_EDGE('',*,*,#4352,.F.);
#5906=ORIENTED_EDGE('',*,*,#4353,.T.);
#5907=ORIENTED_EDGE('',*,*,#4352,.T.);
#5908=ORIENTED_EDGE('',*,*,#4354,.F.);
#5909=ORIENTED_EDGE('',*,*,#4355,.F.);
#5910=ORIENTED_EDGE('',*,*,#4356,.F.);
#5911=ORIENTED_EDGE('',*,*,#4355,.T.);
#5912=ORIENTED_EDGE('',*,*,#4357,.F.);
#5913=ORIENTED_EDGE('',*,*,#4358,.F.);
#5914=ORIENTED_EDGE('',*,*,#4359,.T.);
#5915=ORIENTED_EDGE('',*,*,#4358,.T.);
#5916=ORIENTED_EDGE('',*,*,#4360,.F.);
#5917=ORIENTED_EDGE('',*,*,#4361,.F.);
#5918=ORIENTED_EDGE('',*,*,#4362,.F.);
#5919=ORIENTED_EDGE('',*,*,#4361,.T.);
#5920=ORIENTED_EDGE('',*,*,#4363,.F.);
#5921=ORIENTED_EDGE('',*,*,#4364,.F.);
#5922=ORIENTED_EDGE('',*,*,#4365,.T.);
#5923=ORIENTED_EDGE('',*,*,#4364,.T.);
#5924=ORIENTED_EDGE('',*,*,#4366,.F.);
#5925=ORIENTED_EDGE('',*,*,#4367,.F.);
#5926=ORIENTED_EDGE('',*,*,#4368,.F.);
#5927=ORIENTED_EDGE('',*,*,#4367,.T.);
#5928=ORIENTED_EDGE('',*,*,#4369,.F.);
#5929=ORIENTED_EDGE('',*,*,#4370,.F.);
#5930=ORIENTED_EDGE('',*,*,#4371,.T.);
#5931=ORIENTED_EDGE('',*,*,#4370,.T.);
#5932=ORIENTED_EDGE('',*,*,#4372,.F.);
#5933=ORIENTED_EDGE('',*,*,#4373,.F.);
#5934=ORIENTED_EDGE('',*,*,#4374,.F.);
#5935=ORIENTED_EDGE('',*,*,#4373,.T.);
#5936=ORIENTED_EDGE('',*,*,#4375,.F.);
#5937=ORIENTED_EDGE('',*,*,#4376,.F.);
#5938=ORIENTED_EDGE('',*,*,#4377,.T.);
#5939=ORIENTED_EDGE('',*,*,#4376,.T.);
#5940=ORIENTED_EDGE('',*,*,#4378,.F.);
#5941=ORIENTED_EDGE('',*,*,#4379,.F.);
#5942=ORIENTED_EDGE('',*,*,#4380,.T.);
#5943=ORIENTED_EDGE('',*,*,#4379,.T.);
#5944=ORIENTED_EDGE('',*,*,#4381,.F.);
#5945=ORIENTED_EDGE('',*,*,#4382,.F.);
#5946=ORIENTED_EDGE('',*,*,#4383,.T.);
#5947=ORIENTED_EDGE('',*,*,#4382,.T.);
#5948=ORIENTED_EDGE('',*,*,#4384,.F.);
#5949=ORIENTED_EDGE('',*,*,#4385,.F.);
#5950=ORIENTED_EDGE('',*,*,#4386,.T.);
#5951=ORIENTED_EDGE('',*,*,#4385,.T.);
#5952=ORIENTED_EDGE('',*,*,#4387,.F.);
#5953=ORIENTED_EDGE('',*,*,#4388,.F.);
#5954=ORIENTED_EDGE('',*,*,#4389,.T.);
#5955=ORIENTED_EDGE('',*,*,#4388,.T.);
#5956=ORIENTED_EDGE('',*,*,#4390,.F.);
#5957=ORIENTED_EDGE('',*,*,#4391,.F.);
#5958=ORIENTED_EDGE('',*,*,#4392,.T.);
#5959=ORIENTED_EDGE('',*,*,#4391,.T.);
#5960=ORIENTED_EDGE('',*,*,#4393,.F.);
#5961=ORIENTED_EDGE('',*,*,#4394,.F.);
#5962=ORIENTED_EDGE('',*,*,#4395,.T.);
#5963=ORIENTED_EDGE('',*,*,#4394,.T.);
#5964=ORIENTED_EDGE('',*,*,#4396,.F.);
#5965=ORIENTED_EDGE('',*,*,#4397,.F.);
#5966=ORIENTED_EDGE('',*,*,#4398,.T.);
#5967=ORIENTED_EDGE('',*,*,#4397,.T.);
#5968=ORIENTED_EDGE('',*,*,#4399,.F.);
#5969=ORIENTED_EDGE('',*,*,#4400,.F.);
#5970=ORIENTED_EDGE('',*,*,#4401,.T.);
#5971=ORIENTED_EDGE('',*,*,#4400,.T.);
#5972=ORIENTED_EDGE('',*,*,#4402,.F.);
#5973=ORIENTED_EDGE('',*,*,#4403,.F.);
#5974=ORIENTED_EDGE('',*,*,#4404,.T.);
#5975=ORIENTED_EDGE('',*,*,#4403,.T.);
#5976=ORIENTED_EDGE('',*,*,#4405,.F.);
#5977=ORIENTED_EDGE('',*,*,#4406,.F.);
#5978=ORIENTED_EDGE('',*,*,#4407,.T.);
#5979=ORIENTED_EDGE('',*,*,#4406,.T.);
#5980=ORIENTED_EDGE('',*,*,#4408,.F.);
#5981=ORIENTED_EDGE('',*,*,#4409,.F.);
#5982=ORIENTED_EDGE('',*,*,#4410,.T.);
#5983=ORIENTED_EDGE('',*,*,#4409,.T.);
#5984=ORIENTED_EDGE('',*,*,#4411,.F.);
#5985=ORIENTED_EDGE('',*,*,#4412,.F.);
#5986=ORIENTED_EDGE('',*,*,#4413,.T.);
#5987=ORIENTED_EDGE('',*,*,#4412,.T.);
#5988=ORIENTED_EDGE('',*,*,#4414,.F.);
#5989=ORIENTED_EDGE('',*,*,#4415,.F.);
#5990=ORIENTED_EDGE('',*,*,#4416,.T.);
#5991=ORIENTED_EDGE('',*,*,#4415,.T.);
#5992=ORIENTED_EDGE('',*,*,#4417,.F.);
#5993=ORIENTED_EDGE('',*,*,#4418,.F.);
#5994=ORIENTED_EDGE('',*,*,#4419,.T.);
#5995=ORIENTED_EDGE('',*,*,#4418,.T.);
#5996=ORIENTED_EDGE('',*,*,#4420,.F.);
#5997=ORIENTED_EDGE('',*,*,#4421,.F.);
#5998=ORIENTED_EDGE('',*,*,#4422,.T.);
#5999=ORIENTED_EDGE('',*,*,#4421,.T.);
#6000=ORIENTED_EDGE('',*,*,#4423,.F.);
#6001=ORIENTED_EDGE('',*,*,#4424,.F.);
#6002=ORIENTED_EDGE('',*,*,#4425,.T.);
#6003=ORIENTED_EDGE('',*,*,#4424,.T.);
#6004=ORIENTED_EDGE('',*,*,#4426,.F.);
#6005=ORIENTED_EDGE('',*,*,#4427,.F.);
#6006=ORIENTED_EDGE('',*,*,#4428,.T.);
#6007=ORIENTED_EDGE('',*,*,#4427,.T.);
#6008=ORIENTED_EDGE('',*,*,#4429,.F.);
#6009=ORIENTED_EDGE('',*,*,#4430,.F.);
#6010=ORIENTED_EDGE('',*,*,#4431,.T.);
#6011=ORIENTED_EDGE('',*,*,#4430,.T.);
#6012=ORIENTED_EDGE('',*,*,#4432,.F.);
#6013=ORIENTED_EDGE('',*,*,#4433,.F.);
#6014=ORIENTED_EDGE('',*,*,#4434,.T.);
#6015=ORIENTED_EDGE('',*,*,#4433,.T.);
#6016=ORIENTED_EDGE('',*,*,#4435,.F.);
#6017=ORIENTED_EDGE('',*,*,#4436,.F.);
#6018=ORIENTED_EDGE('',*,*,#4437,.T.);
#6019=ORIENTED_EDGE('',*,*,#4436,.T.);
#6020=ORIENTED_EDGE('',*,*,#4438,.F.);
#6021=ORIENTED_EDGE('',*,*,#4439,.F.);
#6022=ORIENTED_EDGE('',*,*,#4440,.T.);
#6023=ORIENTED_EDGE('',*,*,#4439,.T.);
#6024=ORIENTED_EDGE('',*,*,#4441,.F.);
#6025=ORIENTED_EDGE('',*,*,#4442,.F.);
#6026=ORIENTED_EDGE('',*,*,#4443,.T.);
#6027=ORIENTED_EDGE('',*,*,#4442,.T.);
#6028=ORIENTED_EDGE('',*,*,#4444,.F.);
#6029=ORIENTED_EDGE('',*,*,#4445,.F.);
#6030=ORIENTED_EDGE('',*,*,#4446,.T.);
#6031=ORIENTED_EDGE('',*,*,#4445,.T.);
#6032=ORIENTED_EDGE('',*,*,#4447,.F.);
#6033=ORIENTED_EDGE('',*,*,#4448,.F.);
#6034=ORIENTED_EDGE('',*,*,#4449,.T.);
#6035=ORIENTED_EDGE('',*,*,#4448,.T.);
#6036=ORIENTED_EDGE('',*,*,#4450,.F.);
#6037=ORIENTED_EDGE('',*,*,#4451,.F.);
#6038=ORIENTED_EDGE('',*,*,#4452,.T.);
#6039=ORIENTED_EDGE('',*,*,#4451,.T.);
#6040=ORIENTED_EDGE('',*,*,#4453,.F.);
#6041=ORIENTED_EDGE('',*,*,#4454,.F.);
#6042=ORIENTED_EDGE('',*,*,#4455,.T.);
#6043=ORIENTED_EDGE('',*,*,#4454,.T.);
#6044=ORIENTED_EDGE('',*,*,#4456,.F.);
#6045=ORIENTED_EDGE('',*,*,#4457,.F.);
#6046=ORIENTED_EDGE('',*,*,#4458,.T.);
#6047=ORIENTED_EDGE('',*,*,#4457,.T.);
#6048=ORIENTED_EDGE('',*,*,#4459,.F.);
#6049=ORIENTED_EDGE('',*,*,#4460,.F.);
#6050=ORIENTED_EDGE('',*,*,#4461,.T.);
#6051=ORIENTED_EDGE('',*,*,#4460,.T.);
#6052=ORIENTED_EDGE('',*,*,#4462,.F.);
#6053=ORIENTED_EDGE('',*,*,#4463,.F.);
#6054=ORIENTED_EDGE('',*,*,#4464,.T.);
#6055=ORIENTED_EDGE('',*,*,#4463,.T.);
#6056=ORIENTED_EDGE('',*,*,#4465,.F.);
#6057=ORIENTED_EDGE('',*,*,#4466,.F.);
#6058=ORIENTED_EDGE('',*,*,#4467,.T.);
#6059=ORIENTED_EDGE('',*,*,#4466,.T.);
#6060=ORIENTED_EDGE('',*,*,#4468,.F.);
#6061=ORIENTED_EDGE('',*,*,#4469,.F.);
#6062=ORIENTED_EDGE('',*,*,#4470,.T.);
#6063=ORIENTED_EDGE('',*,*,#4469,.T.);
#6064=ORIENTED_EDGE('',*,*,#4471,.F.);
#6065=ORIENTED_EDGE('',*,*,#4472,.F.);
#6066=ORIENTED_EDGE('',*,*,#4473,.T.);
#6067=ORIENTED_EDGE('',*,*,#4472,.T.);
#6068=ORIENTED_EDGE('',*,*,#4474,.F.);
#6069=ORIENTED_EDGE('',*,*,#4475,.F.);
#6070=ORIENTED_EDGE('',*,*,#4476,.T.);
#6071=ORIENTED_EDGE('',*,*,#4475,.T.);
#6072=ORIENTED_EDGE('',*,*,#4477,.F.);
#6073=ORIENTED_EDGE('',*,*,#4478,.F.);
#6074=ORIENTED_EDGE('',*,*,#4479,.T.);
#6075=ORIENTED_EDGE('',*,*,#4478,.T.);
#6076=ORIENTED_EDGE('',*,*,#4480,.F.);
#6077=ORIENTED_EDGE('',*,*,#4481,.F.);
#6078=ORIENTED_EDGE('',*,*,#4482,.T.);
#6079=ORIENTED_EDGE('',*,*,#4481,.T.);
#6080=ORIENTED_EDGE('',*,*,#4483,.F.);
#6081=ORIENTED_EDGE('',*,*,#4484,.F.);
#6082=ORIENTED_EDGE('',*,*,#4485,.T.);
#6083=ORIENTED_EDGE('',*,*,#4484,.T.);
#6084=ORIENTED_EDGE('',*,*,#4486,.F.);
#6085=ORIENTED_EDGE('',*,*,#4487,.F.);
#6086=ORIENTED_EDGE('',*,*,#4488,.T.);
#6087=ORIENTED_EDGE('',*,*,#4487,.T.);
#6088=ORIENTED_EDGE('',*,*,#4489,.F.);
#6089=ORIENTED_EDGE('',*,*,#4490,.F.);
#6090=ORIENTED_EDGE('',*,*,#4491,.T.);
#6091=ORIENTED_EDGE('',*,*,#4490,.T.);
#6092=ORIENTED_EDGE('',*,*,#4492,.F.);
#6093=ORIENTED_EDGE('',*,*,#4493,.F.);
#6094=ORIENTED_EDGE('',*,*,#4494,.T.);
#6095=ORIENTED_EDGE('',*,*,#4493,.T.);
#6096=ORIENTED_EDGE('',*,*,#4495,.F.);
#6097=ORIENTED_EDGE('',*,*,#4269,.F.);
#6098=ORIENTED_EDGE('',*,*,#4495,.T.);
#6099=ORIENTED_EDGE('',*,*,#4492,.T.);
#6100=ORIENTED_EDGE('',*,*,#4489,.T.);
#6101=ORIENTED_EDGE('',*,*,#4486,.T.);
#6102=ORIENTED_EDGE('',*,*,#4483,.T.);
#6103=ORIENTED_EDGE('',*,*,#4480,.T.);
#6104=ORIENTED_EDGE('',*,*,#4477,.T.);
#6105=ORIENTED_EDGE('',*,*,#4474,.T.);
#6106=ORIENTED_EDGE('',*,*,#4471,.T.);
#6107=ORIENTED_EDGE('',*,*,#4468,.T.);
#6108=ORIENTED_EDGE('',*,*,#4465,.T.);
#6109=ORIENTED_EDGE('',*,*,#4462,.T.);
#6110=ORIENTED_EDGE('',*,*,#4459,.T.);
#6111=ORIENTED_EDGE('',*,*,#4456,.T.);
#6112=ORIENTED_EDGE('',*,*,#4453,.T.);
#6113=ORIENTED_EDGE('',*,*,#4450,.T.);
#6114=ORIENTED_EDGE('',*,*,#4447,.T.);
#6115=ORIENTED_EDGE('',*,*,#4444,.T.);
#6116=ORIENTED_EDGE('',*,*,#4441,.T.);
#6117=ORIENTED_EDGE('',*,*,#4438,.T.);
#6118=ORIENTED_EDGE('',*,*,#4435,.T.);
#6119=ORIENTED_EDGE('',*,*,#4432,.T.);
#6120=ORIENTED_EDGE('',*,*,#4429,.T.);
#6121=ORIENTED_EDGE('',*,*,#4426,.T.);
#6122=ORIENTED_EDGE('',*,*,#4423,.T.);
#6123=ORIENTED_EDGE('',*,*,#4420,.T.);
#6124=ORIENTED_EDGE('',*,*,#4417,.T.);
#6125=ORIENTED_EDGE('',*,*,#4414,.T.);
#6126=ORIENTED_EDGE('',*,*,#4411,.T.);
#6127=ORIENTED_EDGE('',*,*,#4408,.T.);
#6128=ORIENTED_EDGE('',*,*,#4405,.T.);
#6129=ORIENTED_EDGE('',*,*,#4402,.T.);
#6130=ORIENTED_EDGE('',*,*,#4399,.T.);
#6131=ORIENTED_EDGE('',*,*,#4396,.T.);
#6132=ORIENTED_EDGE('',*,*,#4393,.T.);
#6133=ORIENTED_EDGE('',*,*,#4390,.T.);
#6134=ORIENTED_EDGE('',*,*,#4387,.T.);
#6135=ORIENTED_EDGE('',*,*,#4384,.T.);
#6136=ORIENTED_EDGE('',*,*,#4381,.T.);
#6137=ORIENTED_EDGE('',*,*,#4378,.T.);
#6138=ORIENTED_EDGE('',*,*,#4375,.T.);
#6139=ORIENTED_EDGE('',*,*,#4372,.T.);
#6140=ORIENTED_EDGE('',*,*,#4369,.T.);
#6141=ORIENTED_EDGE('',*,*,#4366,.T.);
#6142=ORIENTED_EDGE('',*,*,#4363,.T.);
#6143=ORIENTED_EDGE('',*,*,#4360,.T.);
#6144=ORIENTED_EDGE('',*,*,#4357,.T.);
#6145=ORIENTED_EDGE('',*,*,#4354,.T.);
#6146=ORIENTED_EDGE('',*,*,#4351,.T.);
#6147=ORIENTED_EDGE('',*,*,#4348,.T.);
#6148=ORIENTED_EDGE('',*,*,#4345,.T.);
#6149=ORIENTED_EDGE('',*,*,#4342,.T.);
#6150=ORIENTED_EDGE('',*,*,#4339,.T.);
#6151=ORIENTED_EDGE('',*,*,#4336,.T.);
#6152=ORIENTED_EDGE('',*,*,#4333,.T.);
#6153=ORIENTED_EDGE('',*,*,#4330,.T.);
#6154=ORIENTED_EDGE('',*,*,#4327,.T.);
#6155=ORIENTED_EDGE('',*,*,#4324,.T.);
#6156=ORIENTED_EDGE('',*,*,#4321,.T.);
#6157=ORIENTED_EDGE('',*,*,#4318,.T.);
#6158=ORIENTED_EDGE('',*,*,#4315,.T.);
#6159=ORIENTED_EDGE('',*,*,#4312,.T.);
#6160=ORIENTED_EDGE('',*,*,#4309,.T.);
#6161=ORIENTED_EDGE('',*,*,#4306,.T.);
#6162=ORIENTED_EDGE('',*,*,#4303,.T.);
#6163=ORIENTED_EDGE('',*,*,#4300,.T.);
#6164=ORIENTED_EDGE('',*,*,#4297,.T.);
#6165=ORIENTED_EDGE('',*,*,#4294,.T.);
#6166=ORIENTED_EDGE('',*,*,#4291,.T.);
#6167=ORIENTED_EDGE('',*,*,#4288,.T.);
#6168=ORIENTED_EDGE('',*,*,#4285,.T.);
#6169=ORIENTED_EDGE('',*,*,#4282,.T.);
#6170=ORIENTED_EDGE('',*,*,#4279,.T.);
#6171=ORIENTED_EDGE('',*,*,#4276,.T.);
#6172=ORIENTED_EDGE('',*,*,#4273,.T.);
#6173=ORIENTED_EDGE('',*,*,#4270,.T.);
#6174=ORIENTED_EDGE('',*,*,#4265,.T.);
#6175=ORIENTED_EDGE('',*,*,#4262,.T.);
#6176=ORIENTED_EDGE('',*,*,#4259,.T.);
#6177=ORIENTED_EDGE('',*,*,#4256,.T.);
#6178=ORIENTED_EDGE('',*,*,#4253,.T.);
#6179=ORIENTED_EDGE('',*,*,#4250,.T.);
#6180=ORIENTED_EDGE('',*,*,#4247,.T.);
#6181=ORIENTED_EDGE('',*,*,#4244,.T.);
#6182=ORIENTED_EDGE('',*,*,#4241,.T.);
#6183=ORIENTED_EDGE('',*,*,#4238,.T.);
#6184=ORIENTED_EDGE('',*,*,#4235,.T.);
#6185=ORIENTED_EDGE('',*,*,#4233,.T.);
#6186=ORIENTED_EDGE('',*,*,#4231,.T.);
#6187=ORIENTED_EDGE('',*,*,#4229,.T.);
#6188=ORIENTED_EDGE('',*,*,#4227,.T.);
#6189=ORIENTED_EDGE('',*,*,#4225,.T.);
#6190=ORIENTED_EDGE('',*,*,#4223,.T.);
#6191=ORIENTED_EDGE('',*,*,#4221,.T.);
#6192=ORIENTED_EDGE('',*,*,#4219,.T.);
#6193=ORIENTED_EDGE('',*,*,#4216,.T.);
#6194=ORIENTED_EDGE('',*,*,#4213,.T.);
#6195=ORIENTED_EDGE('',*,*,#4211,.T.);
#6196=ORIENTED_EDGE('',*,*,#4209,.T.);
#6197=ORIENTED_EDGE('',*,*,#4207,.T.);
#6198=ORIENTED_EDGE('',*,*,#4205,.T.);
#6199=ORIENTED_EDGE('',*,*,#4203,.T.);
#6200=ORIENTED_EDGE('',*,*,#4201,.T.);
#6201=ORIENTED_EDGE('',*,*,#4199,.T.);
#6202=ORIENTED_EDGE('',*,*,#4197,.T.);
#6203=ORIENTED_EDGE('',*,*,#4194,.T.);
#6204=ORIENTED_EDGE('',*,*,#4191,.T.);
#6205=ORIENTED_EDGE('',*,*,#4189,.T.);
#6206=ORIENTED_EDGE('',*,*,#4187,.T.);
#6207=ORIENTED_EDGE('',*,*,#4185,.T.);
#6208=ORIENTED_EDGE('',*,*,#4183,.T.);
#6209=ORIENTED_EDGE('',*,*,#4181,.T.);
#6210=ORIENTED_EDGE('',*,*,#4179,.T.);
#6211=ORIENTED_EDGE('',*,*,#4177,.T.);
#6212=ORIENTED_EDGE('',*,*,#4175,.T.);
#6213=ORIENTED_EDGE('',*,*,#4172,.T.);
#6214=ORIENTED_EDGE('',*,*,#4169,.T.);
#6215=ORIENTED_EDGE('',*,*,#4167,.T.);
#6216=ORIENTED_EDGE('',*,*,#4165,.T.);
#6217=ORIENTED_EDGE('',*,*,#4163,.T.);
#6218=ORIENTED_EDGE('',*,*,#4160,.T.);
#6219=ORIENTED_EDGE('',*,*,#4158,.T.);
#6220=ORIENTED_EDGE('',*,*,#4155,.T.);
#6221=ORIENTED_EDGE('',*,*,#4153,.T.);
#6222=ORIENTED_EDGE('',*,*,#4150,.T.);
#6223=ORIENTED_EDGE('',*,*,#4148,.T.);
#6224=ORIENTED_EDGE('',*,*,#4145,.T.);
#6225=ORIENTED_EDGE('',*,*,#4143,.T.);
#6226=ORIENTED_EDGE('',*,*,#4141,.T.);
#6227=ORIENTED_EDGE('',*,*,#4139,.T.);
#6228=ORIENTED_EDGE('',*,*,#4137,.T.);
#6229=ORIENTED_EDGE('',*,*,#4135,.T.);
#6230=ORIENTED_EDGE('',*,*,#4132,.T.);
#6231=ORIENTED_EDGE('',*,*,#4130,.T.);
#6232=ORIENTED_EDGE('',*,*,#4127,.T.);
#6233=ORIENTED_EDGE('',*,*,#4125,.T.);
#6234=ORIENTED_EDGE('',*,*,#4122,.T.);
#6235=ORIENTED_EDGE('',*,*,#4119,.T.);
#6236=ORIENTED_EDGE('',*,*,#4117,.T.);
#6237=ORIENTED_EDGE('',*,*,#4115,.T.);
#6238=ORIENTED_EDGE('',*,*,#4112,.T.);
#6239=ORIENTED_EDGE('',*,*,#4110,.T.);
#6240=ORIENTED_EDGE('',*,*,#4108,.T.);
#6241=ORIENTED_EDGE('',*,*,#4106,.T.);
#6242=ORIENTED_EDGE('',*,*,#4104,.T.);
#6243=ORIENTED_EDGE('',*,*,#4102,.T.);
#6244=ORIENTED_EDGE('',*,*,#4099,.T.);
#6245=ORIENTED_EDGE('',*,*,#4096,.T.);
#6246=ORIENTED_EDGE('',*,*,#4094,.T.);
#6247=ORIENTED_EDGE('',*,*,#4092,.T.);
#6248=ORIENTED_EDGE('',*,*,#4090,.T.);
#6249=ORIENTED_EDGE('',*,*,#4088,.T.);
#6250=ORIENTED_EDGE('',*,*,#4086,.T.);
#6251=ORIENTED_EDGE('',*,*,#4084,.T.);
#6252=ORIENTED_EDGE('',*,*,#4082,.T.);
#6253=ORIENTED_EDGE('',*,*,#4080,.T.);
#6254=ORIENTED_EDGE('',*,*,#4078,.T.);
#6255=ORIENTED_EDGE('',*,*,#4076,.T.);
#6256=ORIENTED_EDGE('',*,*,#4074,.T.);
#6257=ORIENTED_EDGE('',*,*,#4072,.T.);
#6258=ORIENTED_EDGE('',*,*,#4069,.T.);
#6259=ORIENTED_EDGE('',*,*,#4066,.T.);
#6260=ORIENTED_EDGE('',*,*,#4064,.T.);
#6261=ORIENTED_EDGE('',*,*,#4061,.T.);
#6262=ORIENTED_EDGE('',*,*,#4059,.T.);
#6263=ORIENTED_EDGE('',*,*,#4056,.T.);
#6264=ORIENTED_EDGE('',*,*,#4054,.T.);
#6265=ORIENTED_EDGE('',*,*,#4051,.T.);
#6266=ORIENTED_EDGE('',*,*,#4049,.T.);
#6267=ORIENTED_EDGE('',*,*,#4046,.T.);
#6268=ORIENTED_EDGE('',*,*,#4044,.T.);
#6269=ORIENTED_EDGE('',*,*,#4041,.T.);
#6270=ORIENTED_EDGE('',*,*,#4038,.T.);
#6271=ORIENTED_EDGE('',*,*,#4036,.T.);
#6272=ORIENTED_EDGE('',*,*,#4034,.T.);
#6273=ORIENTED_EDGE('',*,*,#4032,.T.);
#6274=ORIENTED_EDGE('',*,*,#4494,.F.);
#6275=ORIENTED_EDGE('',*,*,#4268,.T.);
#6276=ORIENTED_EDGE('',*,*,#4272,.F.);
#6277=ORIENTED_EDGE('',*,*,#4275,.T.);
#6278=ORIENTED_EDGE('',*,*,#4278,.F.);
#6279=ORIENTED_EDGE('',*,*,#4281,.T.);
#6280=ORIENTED_EDGE('',*,*,#4284,.F.);
#6281=ORIENTED_EDGE('',*,*,#4287,.T.);
#6282=ORIENTED_EDGE('',*,*,#4290,.F.);
#6283=ORIENTED_EDGE('',*,*,#4293,.T.);
#6284=ORIENTED_EDGE('',*,*,#4296,.F.);
#6285=ORIENTED_EDGE('',*,*,#4299,.T.);
#6286=ORIENTED_EDGE('',*,*,#4302,.F.);
#6287=ORIENTED_EDGE('',*,*,#4305,.T.);
#6288=ORIENTED_EDGE('',*,*,#4308,.F.);
#6289=ORIENTED_EDGE('',*,*,#4311,.T.);
#6290=ORIENTED_EDGE('',*,*,#4314,.F.);
#6291=ORIENTED_EDGE('',*,*,#4317,.T.);
#6292=ORIENTED_EDGE('',*,*,#4320,.F.);
#6293=ORIENTED_EDGE('',*,*,#4323,.F.);
#6294=ORIENTED_EDGE('',*,*,#4326,.T.);
#6295=ORIENTED_EDGE('',*,*,#4329,.F.);
#6296=ORIENTED_EDGE('',*,*,#4332,.T.);
#6297=ORIENTED_EDGE('',*,*,#4335,.F.);
#6298=ORIENTED_EDGE('',*,*,#4338,.T.);
#6299=ORIENTED_EDGE('',*,*,#4341,.F.);
#6300=ORIENTED_EDGE('',*,*,#4344,.T.);
#6301=ORIENTED_EDGE('',*,*,#4347,.F.);
#6302=ORIENTED_EDGE('',*,*,#4350,.T.);
#6303=ORIENTED_EDGE('',*,*,#4353,.F.);
#6304=ORIENTED_EDGE('',*,*,#4356,.T.);
#6305=ORIENTED_EDGE('',*,*,#4359,.F.);
#6306=ORIENTED_EDGE('',*,*,#4362,.T.);
#6307=ORIENTED_EDGE('',*,*,#4365,.F.);
#6308=ORIENTED_EDGE('',*,*,#4368,.T.);
#6309=ORIENTED_EDGE('',*,*,#4371,.F.);
#6310=ORIENTED_EDGE('',*,*,#4374,.T.);
#6311=ORIENTED_EDGE('',*,*,#4377,.F.);
#6312=ORIENTED_EDGE('',*,*,#4380,.F.);
#6313=ORIENTED_EDGE('',*,*,#4383,.F.);
#6314=ORIENTED_EDGE('',*,*,#4386,.F.);
#6315=ORIENTED_EDGE('',*,*,#4389,.F.);
#6316=ORIENTED_EDGE('',*,*,#4392,.F.);
#6317=ORIENTED_EDGE('',*,*,#4395,.F.);
#6318=ORIENTED_EDGE('',*,*,#4398,.F.);
#6319=ORIENTED_EDGE('',*,*,#4401,.F.);
#6320=ORIENTED_EDGE('',*,*,#4404,.F.);
#6321=ORIENTED_EDGE('',*,*,#4407,.F.);
#6322=ORIENTED_EDGE('',*,*,#4410,.F.);
#6323=ORIENTED_EDGE('',*,*,#4413,.F.);
#6324=ORIENTED_EDGE('',*,*,#4416,.F.);
#6325=ORIENTED_EDGE('',*,*,#4419,.F.);
#6326=ORIENTED_EDGE('',*,*,#4422,.F.);
#6327=ORIENTED_EDGE('',*,*,#4425,.F.);
#6328=ORIENTED_EDGE('',*,*,#4428,.F.);
#6329=ORIENTED_EDGE('',*,*,#4431,.F.);
#6330=ORIENTED_EDGE('',*,*,#4434,.F.);
#6331=ORIENTED_EDGE('',*,*,#4437,.F.);
#6332=ORIENTED_EDGE('',*,*,#4440,.F.);
#6333=ORIENTED_EDGE('',*,*,#4443,.F.);
#6334=ORIENTED_EDGE('',*,*,#4446,.F.);
#6335=ORIENTED_EDGE('',*,*,#4449,.F.);
#6336=ORIENTED_EDGE('',*,*,#4452,.F.);
#6337=ORIENTED_EDGE('',*,*,#4455,.F.);
#6338=ORIENTED_EDGE('',*,*,#4458,.F.);
#6339=ORIENTED_EDGE('',*,*,#4461,.F.);
#6340=ORIENTED_EDGE('',*,*,#4464,.F.);
#6341=ORIENTED_EDGE('',*,*,#4467,.F.);
#6342=ORIENTED_EDGE('',*,*,#4470,.F.);
#6343=ORIENTED_EDGE('',*,*,#4473,.F.);
#6344=ORIENTED_EDGE('',*,*,#4476,.F.);
#6345=ORIENTED_EDGE('',*,*,#4479,.F.);
#6346=ORIENTED_EDGE('',*,*,#4482,.F.);
#6347=ORIENTED_EDGE('',*,*,#4485,.F.);
#6348=ORIENTED_EDGE('',*,*,#4488,.F.);
#6349=ORIENTED_EDGE('',*,*,#4491,.F.);
#6350=ORIENTED_EDGE('',*,*,#3801,.T.);
#6351=ORIENTED_EDGE('',*,*,#3918,.T.);
#6352=ORIENTED_EDGE('',*,*,#3508,.T.);
#6353=ORIENTED_EDGE('',*,*,#3512,.T.);
#6354=ORIENTED_EDGE('',*,*,#3901,.T.);
#6355=ORIENTED_EDGE('',*,*,#3515,.T.);
#6356=ORIENTED_EDGE('',*,*,#3519,.T.);
#6357=ORIENTED_EDGE('',*,*,#3907,.T.);
#6358=ORIENTED_EDGE('',*,*,#3522,.T.);
#6359=ORIENTED_EDGE('',*,*,#3526,.T.);
#6360=ORIENTED_EDGE('',*,*,#3944,.T.);
#6361=ORIENTED_EDGE('',*,*,#3529,.T.);
#6362=ORIENTED_EDGE('',*,*,#3533,.T.);
#6363=ORIENTED_EDGE('',*,*,#3898,.T.);
#6364=ORIENTED_EDGE('',*,*,#3536,.T.);
#6365=ORIENTED_EDGE('',*,*,#3540,.T.);
#6366=ORIENTED_EDGE('',*,*,#3868,.T.);
#6367=ORIENTED_EDGE('',*,*,#3543,.T.);
#6368=ORIENTED_EDGE('',*,*,#3547,.T.);
#6369=ORIENTED_EDGE('',*,*,#3850,.T.);
#6370=ORIENTED_EDGE('',*,*,#3550,.T.);
#6371=ORIENTED_EDGE('',*,*,#3554,.T.);
#6372=ORIENTED_EDGE('',*,*,#3832,.T.);
#6373=ORIENTED_EDGE('',*,*,#3557,.T.);
#6374=ORIENTED_EDGE('',*,*,#3561,.T.);
#6375=ORIENTED_EDGE('',*,*,#3814,.T.);
#6376=ORIENTED_EDGE('',*,*,#3564,.T.);
#6377=ORIENTED_EDGE('',*,*,#3568,.T.);
#6378=ORIENTED_EDGE('',*,*,#3804,.T.);
#6379=ORIENTED_EDGE('',*,*,#3571,.T.);
#6380=ORIENTED_EDGE('',*,*,#3575,.T.);
#6381=ORIENTED_EDGE('',*,*,#3805,.T.);
#6382=ORIENTED_EDGE('',*,*,#3578,.T.);
#6383=ORIENTED_EDGE('',*,*,#3582,.T.);
#6384=ORIENTED_EDGE('',*,*,#3806,.T.);
#6385=ORIENTED_EDGE('',*,*,#3585,.T.);
#6386=ORIENTED_EDGE('',*,*,#3589,.T.);
#6387=ORIENTED_EDGE('',*,*,#3807,.T.);
#6388=ORIENTED_EDGE('',*,*,#3592,.T.);
#6389=ORIENTED_EDGE('',*,*,#3596,.T.);
#6390=ORIENTED_EDGE('',*,*,#3808,.T.);
#6391=ORIENTED_EDGE('',*,*,#3599,.T.);
#6392=ORIENTED_EDGE('',*,*,#3603,.T.);
#6393=ORIENTED_EDGE('',*,*,#3809,.T.);
#6394=ORIENTED_EDGE('',*,*,#3606,.T.);
#6395=ORIENTED_EDGE('',*,*,#3610,.T.);
#6396=ORIENTED_EDGE('',*,*,#3810,.T.);
#6397=ORIENTED_EDGE('',*,*,#3613,.T.);
#6398=ORIENTED_EDGE('',*,*,#3617,.T.);
#6399=ORIENTED_EDGE('',*,*,#3811,.T.);
#6400=ORIENTED_EDGE('',*,*,#3620,.T.);
#6401=ORIENTED_EDGE('',*,*,#3624,.T.);
#6402=ORIENTED_EDGE('',*,*,#3812,.T.);
#6403=ORIENTED_EDGE('',*,*,#3627,.T.);
#6404=ORIENTED_EDGE('',*,*,#3631,.T.);
#6405=ORIENTED_EDGE('',*,*,#3813,.T.);
#6406=ORIENTED_EDGE('',*,*,#3751,.T.);
#6407=ORIENTED_EDGE('',*,*,#3831,.T.);
#6408=ORIENTED_EDGE('',*,*,#3754,.T.);
#6409=ORIENTED_EDGE('',*,*,#3849,.T.);
#6410=ORIENTED_EDGE('',*,*,#3757,.T.);
#6411=ORIENTED_EDGE('',*,*,#3867,.T.);
#6412=ORIENTED_EDGE('',*,*,#3760,.T.);
#6413=ORIENTED_EDGE('',*,*,#3884,.T.);
#6414=ORIENTED_EDGE('',*,*,#3763,.T.);
#6415=ORIENTED_EDGE('',*,*,#3948,.T.);
#6416=ORIENTED_EDGE('',*,*,#3766,.T.);
#6417=ORIENTED_EDGE('',*,*,#3902,.T.);
#6418=ORIENTED_EDGE('',*,*,#3769,.T.);
#6419=ORIENTED_EDGE('',*,*,#3961,.T.);
#6420=ORIENTED_EDGE('',*,*,#3772,.T.);
#6421=ORIENTED_EDGE('',*,*,#3951,.T.);
#6422=ORIENTED_EDGE('',*,*,#3775,.T.);
#6423=ORIENTED_EDGE('',*,*,#3945,.T.);
#6424=ORIENTED_EDGE('',*,*,#3777,.T.);
#6425=ORIENTED_EDGE('',*,*,#3954,.T.);
#6426=ORIENTED_EDGE('',*,*,#3780,.T.);
#6427=ORIENTED_EDGE('',*,*,#3960,.T.);
#6428=ORIENTED_EDGE('',*,*,#3783,.T.);
#6429=ORIENTED_EDGE('',*,*,#3957,.T.);
#6430=ORIENTED_EDGE('',*,*,#3786,.T.);
#6431=ORIENTED_EDGE('',*,*,#3881,.T.);
#6432=ORIENTED_EDGE('',*,*,#3789,.T.);
#6433=ORIENTED_EDGE('',*,*,#3878,.T.);
#6434=ORIENTED_EDGE('',*,*,#3792,.T.);
#6435=ORIENTED_EDGE('',*,*,#3895,.T.);
#6436=ORIENTED_EDGE('',*,*,#3795,.T.);
#6437=ORIENTED_EDGE('',*,*,#3875,.T.);
#6438=ORIENTED_EDGE('',*,*,#3798,.T.);
#6439=ORIENTED_EDGE('',*,*,#3919,.T.);
#6440=ORIENTED_EDGE('',*,*,#4267,.F.);
#6441=ORIENTED_EDGE('',*,*,#4264,.F.);
#6442=ORIENTED_EDGE('',*,*,#4261,.F.);
#6443=ORIENTED_EDGE('',*,*,#4258,.F.);
#6444=ORIENTED_EDGE('',*,*,#4255,.F.);
#6445=ORIENTED_EDGE('',*,*,#4252,.F.);
#6446=ORIENTED_EDGE('',*,*,#4249,.F.);
#6447=ORIENTED_EDGE('',*,*,#4246,.F.);
#6448=ORIENTED_EDGE('',*,*,#4243,.F.);
#6449=ORIENTED_EDGE('',*,*,#4240,.F.);
#6450=ORIENTED_EDGE('',*,*,#4237,.F.);
#6451=ORIENTED_EDGE('',*,*,#4218,.F.);
#6452=ORIENTED_EDGE('',*,*,#4215,.F.);
#6453=ORIENTED_EDGE('',*,*,#4196,.F.);
#6454=ORIENTED_EDGE('',*,*,#4193,.F.);
#6455=ORIENTED_EDGE('',*,*,#4174,.F.);
#6456=ORIENTED_EDGE('',*,*,#4171,.F.);
#6457=ORIENTED_EDGE('',*,*,#4162,.F.);
#6458=ORIENTED_EDGE('',*,*,#4157,.F.);
#6459=ORIENTED_EDGE('',*,*,#4152,.F.);
#6460=ORIENTED_EDGE('',*,*,#4147,.F.);
#6461=ORIENTED_EDGE('',*,*,#4134,.F.);
#6462=ORIENTED_EDGE('',*,*,#4129,.F.);
#6463=ORIENTED_EDGE('',*,*,#4124,.F.);
#6464=ORIENTED_EDGE('',*,*,#4121,.F.);
#6465=ORIENTED_EDGE('',*,*,#4114,.F.);
#6466=ORIENTED_EDGE('',*,*,#4101,.F.);
#6467=ORIENTED_EDGE('',*,*,#4098,.F.);
#6468=ORIENTED_EDGE('',*,*,#4071,.F.);
#6469=ORIENTED_EDGE('',*,*,#4068,.F.);
#6470=ORIENTED_EDGE('',*,*,#4063,.F.);
#6471=ORIENTED_EDGE('',*,*,#4058,.F.);
#6472=ORIENTED_EDGE('',*,*,#4053,.F.);
#6473=ORIENTED_EDGE('',*,*,#4048,.F.);
#6474=ORIENTED_EDGE('',*,*,#4043,.F.);
#6475=ORIENTED_EDGE('',*,*,#4040,.F.);
#6476=CYLINDRICAL_SURFACE('',#7177,2.5);
#6477=CYLINDRICAL_SURFACE('',#7180,2.5);
#6478=CYLINDRICAL_SURFACE('',#7183,2.5);
#6479=CYLINDRICAL_SURFACE('',#7186,2.5);
#6480=CYLINDRICAL_SURFACE('',#7189,2.5);
#6481=CYLINDRICAL_SURFACE('',#7192,2.5);
#6482=CYLINDRICAL_SURFACE('',#7195,2.5);
#6483=CYLINDRICAL_SURFACE('',#7198,2.5);
#6484=CYLINDRICAL_SURFACE('',#7201,2.5);
#6485=CYLINDRICAL_SURFACE('',#7204,2.5);
#6486=CYLINDRICAL_SURFACE('',#7207,2.5);
#6487=CYLINDRICAL_SURFACE('',#7210,2.5);
#6488=CYLINDRICAL_SURFACE('',#7213,2.5);
#6489=CYLINDRICAL_SURFACE('',#7216,2.5);
#6490=CYLINDRICAL_SURFACE('',#7219,2.5);
#6491=CYLINDRICAL_SURFACE('',#7222,2.5);
#6492=CYLINDRICAL_SURFACE('',#7225,2.5);
#6493=CYLINDRICAL_SURFACE('',#7228,2.5);
#6494=CYLINDRICAL_SURFACE('',#7231,2.5);
#6495=CYLINDRICAL_SURFACE('',#7234,2.5);
#6496=CYLINDRICAL_SURFACE('',#7237,2.5);
#6497=CYLINDRICAL_SURFACE('',#7240,2.5);
#6498=CYLINDRICAL_SURFACE('',#7243,2.5);
#6499=CYLINDRICAL_SURFACE('',#7246,2.5);
#6500=CYLINDRICAL_SURFACE('',#7249,2.5);
#6501=CYLINDRICAL_SURFACE('',#7252,2.5);
#6502=CYLINDRICAL_SURFACE('',#7255,2.5);
#6503=CYLINDRICAL_SURFACE('',#7258,2.5);
#6504=CYLINDRICAL_SURFACE('',#7261,2.5);
#6505=CYLINDRICAL_SURFACE('',#7264,2.5);
#6506=CYLINDRICAL_SURFACE('',#7267,2.5);
#6507=CYLINDRICAL_SURFACE('',#7270,2.5);
#6508=CYLINDRICAL_SURFACE('',#7273,2.5);
#6509=CYLINDRICAL_SURFACE('',#7276,2.5);
#6510=CYLINDRICAL_SURFACE('',#7279,2.5);
#6511=CYLINDRICAL_SURFACE('',#7282,2.5);
#6512=CYLINDRICAL_SURFACE('',#7404,4.5);
#6513=CYLINDRICAL_SURFACE('',#7406,4.5);
#6514=CYLINDRICAL_SURFACE('',#7408,4.5);
#6515=CYLINDRICAL_SURFACE('',#7410,4.5);
#6516=CYLINDRICAL_SURFACE('',#7412,4.5);
#6517=CYLINDRICAL_SURFACE('',#7414,4.5);
#6518=CYLINDRICAL_SURFACE('',#7416,4.5);
#6519=CYLINDRICAL_SURFACE('',#7418,4.5);
#6520=CYLINDRICAL_SURFACE('',#7420,4.5);
#6521=CYLINDRICAL_SURFACE('',#7422,4.5);
#6522=CYLINDRICAL_SURFACE('',#7424,4.5);
#6523=CYLINDRICAL_SURFACE('',#7426,4.5);
#6524=CYLINDRICAL_SURFACE('',#7428,4.5);
#6525=CYLINDRICAL_SURFACE('',#7430,4.5);
#6526=CYLINDRICAL_SURFACE('',#7432,4.5);
#6527=CYLINDRICAL_SURFACE('',#7434,4.5);
#6528=CYLINDRICAL_SURFACE('',#7436,4.5);
#6529=CYLINDRICAL_SURFACE('',#7438,4.5);
#6530=CYLINDRICAL_SURFACE('',#7440,4.166);
#6531=CYLINDRICAL_SURFACE('',#7442,4.166);
#6532=CYLINDRICAL_SURFACE('',#7444,4.166);
#6533=CYLINDRICAL_SURFACE('',#7446,4.166);
#6534=CYLINDRICAL_SURFACE('',#7448,4.166);
#6535=CYLINDRICAL_SURFACE('',#7450,4.166);
#6536=CYLINDRICAL_SURFACE('',#7452,4.166);
#6537=CYLINDRICAL_SURFACE('',#7454,4.166);
#6538=CYLINDRICAL_SURFACE('',#7456,4.166);
#6539=CYLINDRICAL_SURFACE('',#7458,4.166);
#6540=CYLINDRICAL_SURFACE('',#7460,4.166);
#6541=CYLINDRICAL_SURFACE('',#7462,4.166);
#6542=CYLINDRICAL_SURFACE('',#7464,4.166);
#6543=CYLINDRICAL_SURFACE('',#7466,4.166);
#6544=CYLINDRICAL_SURFACE('',#7468,4.166);
#6545=CYLINDRICAL_SURFACE('',#7470,4.166);
#6546=CYLINDRICAL_SURFACE('',#7472,4.166);
#6547=CYLINDRICAL_SURFACE('',#7474,4.166);
#6548=CYLINDRICAL_SURFACE('',#7476,4.166);
#6549=CYLINDRICAL_SURFACE('',#7478,4.166);
#6550=CYLINDRICAL_SURFACE('',#7480,4.166);
#6551=CYLINDRICAL_SURFACE('',#7482,4.166);
#6552=CYLINDRICAL_SURFACE('',#7484,4.166);
#6553=CYLINDRICAL_SURFACE('',#7486,4.166);
#6554=CYLINDRICAL_SURFACE('',#7488,4.166);
#6555=CYLINDRICAL_SURFACE('',#7490,4.166);
#6556=CYLINDRICAL_SURFACE('',#7492,4.166);
#6557=CYLINDRICAL_SURFACE('',#7494,4.166);
#6558=CYLINDRICAL_SURFACE('',#7496,4.166);
#6559=CYLINDRICAL_SURFACE('',#7498,4.166);
#6560=CYLINDRICAL_SURFACE('',#7500,4.166);
#6561=CYLINDRICAL_SURFACE('',#7502,4.166);
#6562=CYLINDRICAL_SURFACE('',#7504,4.166);
#6563=CYLINDRICAL_SURFACE('',#7506,4.166);
#6564=CYLINDRICAL_SURFACE('',#7508,4.166);
#6565=CYLINDRICAL_SURFACE('',#7510,4.166);
#6566=CYLINDRICAL_SURFACE('',#7512,4.166);
#6567=CYLINDRICAL_SURFACE('',#7514,4.166);
#6568=CYLINDRICAL_SURFACE('',#7516,4.166);
#6569=CYLINDRICAL_SURFACE('',#7518,4.166);
#6570=CYLINDRICAL_SURFACE('',#7520,4.166);
#6571=CYLINDRICAL_SURFACE('',#7522,4.166);
#6572=CYLINDRICAL_SURFACE('',#7524,4.166);
#6573=CYLINDRICAL_SURFACE('',#7526,4.166);
#6574=CYLINDRICAL_SURFACE('',#7528,4.166);
#6575=CYLINDRICAL_SURFACE('',#7530,4.166);
#6576=CYLINDRICAL_SURFACE('',#7532,4.166);
#6577=CYLINDRICAL_SURFACE('',#7534,4.166);
#6578=CYLINDRICAL_SURFACE('',#7536,4.166);
#6579=CYLINDRICAL_SURFACE('',#7538,4.166);
#6580=CYLINDRICAL_SURFACE('',#7540,4.166);
#6581=CYLINDRICAL_SURFACE('',#7542,4.166);
#6582=CYLINDRICAL_SURFACE('',#7544,4.166);
#6583=CYLINDRICAL_SURFACE('',#7546,4.166);
#6584=CYLINDRICAL_SURFACE('',#7548,4.166);
#6585=CYLINDRICAL_SURFACE('',#7550,4.166);
#6586=CYLINDRICAL_SURFACE('',#7552,4.166);
#6587=CYLINDRICAL_SURFACE('',#7554,4.166);
#6588=CYLINDRICAL_SURFACE('',#7556,4.166);
#6589=CYLINDRICAL_SURFACE('',#7558,4.166);
#6590=CYLINDRICAL_SURFACE('',#7560,4.166);
#6591=CYLINDRICAL_SURFACE('',#7562,4.166);
#6592=CYLINDRICAL_SURFACE('',#7564,4.166);
#6593=CYLINDRICAL_SURFACE('',#7566,4.166);
#6594=CYLINDRICAL_SURFACE('',#7568,4.166);
#6595=CYLINDRICAL_SURFACE('',#7570,4.166);
#6596=CYLINDRICAL_SURFACE('',#7572,4.166);
#6597=CYLINDRICAL_SURFACE('',#7574,4.166);
#6598=CYLINDRICAL_SURFACE('',#7576,4.166);
#6599=CYLINDRICAL_SURFACE('',#7578,4.166);
#6600=CYLINDRICAL_SURFACE('',#7580,4.166);
#6601=CYLINDRICAL_SURFACE('',#7582,4.166);
#6602=CYLINDRICAL_SURFACE('',#7584,4.166);
#6603=CYLINDRICAL_SURFACE('',#7586,4.166);
#6604=CYLINDRICAL_SURFACE('',#7588,4.166);
#6605=CYLINDRICAL_SURFACE('',#7590,4.166);
#6606=CYLINDRICAL_SURFACE('',#7592,4.166);
#6607=CYLINDRICAL_SURFACE('',#7594,4.166);
#6608=CYLINDRICAL_SURFACE('',#7596,4.166);
#6609=CYLINDRICAL_SURFACE('',#7598,4.166);
#6610=CYLINDRICAL_SURFACE('',#7600,4.166);
#6611=CYLINDRICAL_SURFACE('',#7602,4.166);
#6612=CYLINDRICAL_SURFACE('',#7604,4.166);
#6613=CYLINDRICAL_SURFACE('',#7606,4.166);
#6614=CYLINDRICAL_SURFACE('',#7608,4.166);
#6615=CYLINDRICAL_SURFACE('',#7610,4.166);
#6616=CYLINDRICAL_SURFACE('',#7612,4.166);
#6617=CYLINDRICAL_SURFACE('',#7614,4.166);
#6618=CYLINDRICAL_SURFACE('',#7616,4.166);
#6619=CYLINDRICAL_SURFACE('',#7618,4.166);
#6620=CYLINDRICAL_SURFACE('',#7620,4.166);
#6621=CYLINDRICAL_SURFACE('',#7622,4.166);
#6622=CYLINDRICAL_SURFACE('',#7624,4.166);
#6623=CYLINDRICAL_SURFACE('',#7626,4.166);
#6624=CYLINDRICAL_SURFACE('',#7628,4.166);
#6625=CYLINDRICAL_SURFACE('',#7630,4.166);
#6626=CYLINDRICAL_SURFACE('',#7632,4.166);
#6627=CYLINDRICAL_SURFACE('',#7634,4.166);
#6628=CYLINDRICAL_SURFACE('',#7636,4.166);
#6629=CYLINDRICAL_SURFACE('',#7638,4.166);
#6630=CYLINDRICAL_SURFACE('',#7768,1.666);
#6631=CYLINDRICAL_SURFACE('',#7770,1.666);
#6632=CYLINDRICAL_SURFACE('',#7772,1.666);
#6633=CYLINDRICAL_SURFACE('',#7774,1.666);
#6634=CYLINDRICAL_SURFACE('',#7777,1.666);
#6635=CYLINDRICAL_SURFACE('',#7780,1.666);
#6636=CYLINDRICAL_SURFACE('',#7782,1.666);
#6637=CYLINDRICAL_SURFACE('',#7785,1.666);
#6638=CYLINDRICAL_SURFACE('',#7787,1.666);
#6639=CYLINDRICAL_SURFACE('',#7790,1.666);
#6640=CYLINDRICAL_SURFACE('',#7792,1.666);
#6641=CYLINDRICAL_SURFACE('',#7795,1.666);
#6642=CYLINDRICAL_SURFACE('',#7797,1.666);
#6643=CYLINDRICAL_SURFACE('',#7800,1.666);
#6644=CYLINDRICAL_SURFACE('',#7802,1.666);
#6645=CYLINDRICAL_SURFACE('',#7805,1.666);
#6646=CYLINDRICAL_SURFACE('',#7808,1.666);
#6647=CYLINDRICAL_SURFACE('',#7810,1.666);
#6648=CYLINDRICAL_SURFACE('',#7812,1.666);
#6649=CYLINDRICAL_SURFACE('',#7814,1.666);
#6650=CYLINDRICAL_SURFACE('',#7816,1.666);
#6651=CYLINDRICAL_SURFACE('',#7818,1.666);
#6652=CYLINDRICAL_SURFACE('',#7820,1.666);
#6653=CYLINDRICAL_SURFACE('',#7822,1.666);
#6654=CYLINDRICAL_SURFACE('',#7824,1.666);
#6655=CYLINDRICAL_SURFACE('',#7826,1.666);
#6656=CYLINDRICAL_SURFACE('',#7828,1.666);
#6657=CYLINDRICAL_SURFACE('',#7830,1.666);
#6658=CYLINDRICAL_SURFACE('',#7832,1.666);
#6659=CYLINDRICAL_SURFACE('',#7835,1.666);
#6660=CYLINDRICAL_SURFACE('',#7838,1.666);
#6661=CYLINDRICAL_SURFACE('',#7840,1.666);
#6662=CYLINDRICAL_SURFACE('',#7842,1.666);
#6663=CYLINDRICAL_SURFACE('',#7844,1.666);
#6664=CYLINDRICAL_SURFACE('',#7846,1.666);
#6665=CYLINDRICAL_SURFACE('',#7848,1.666);
#6666=CYLINDRICAL_SURFACE('',#7851,1.666);
#6667=CYLINDRICAL_SURFACE('',#7853,1.666);
#6668=CYLINDRICAL_SURFACE('',#7855,1.666);
#6669=CYLINDRICAL_SURFACE('',#7858,1.666);
#6670=CYLINDRICAL_SURFACE('',#7861,1.666);
#6671=CYLINDRICAL_SURFACE('',#7863,1.666);
#6672=CYLINDRICAL_SURFACE('',#7866,1.666);
#6673=CYLINDRICAL_SURFACE('',#7868,1.666);
#6674=CYLINDRICAL_SURFACE('',#7871,1.666);
#6675=CYLINDRICAL_SURFACE('',#7873,1.666);
#6676=CYLINDRICAL_SURFACE('',#7875,1.666);
#6677=CYLINDRICAL_SURFACE('',#7877,1.666);
#6678=CYLINDRICAL_SURFACE('',#7879,1.666);
#6679=CYLINDRICAL_SURFACE('',#7881,1.666);
#6680=CYLINDRICAL_SURFACE('',#7884,1.666);
#6681=CYLINDRICAL_SURFACE('',#7886,1.666);
#6682=CYLINDRICAL_SURFACE('',#7889,1.666);
#6683=CYLINDRICAL_SURFACE('',#7891,1.666);
#6684=CYLINDRICAL_SURFACE('',#7894,1.666);
#6685=CYLINDRICAL_SURFACE('',#7896,1.666);
#6686=CYLINDRICAL_SURFACE('',#7899,1.666);
#6687=CYLINDRICAL_SURFACE('',#7901,1.666);
#6688=CYLINDRICAL_SURFACE('',#7903,1.666);
#6689=CYLINDRICAL_SURFACE('',#7905,1.666);
#6690=CYLINDRICAL_SURFACE('',#7908,1.666);
#6691=CYLINDRICAL_SURFACE('',#7911,1.666);
#6692=CYLINDRICAL_SURFACE('',#7913,1.666);
#6693=CYLINDRICAL_SURFACE('',#7915,1.666);
#6694=CYLINDRICAL_SURFACE('',#7917,1.666);
#6695=CYLINDRICAL_SURFACE('',#7919,1.666);
#6696=CYLINDRICAL_SURFACE('',#7921,1.666);
#6697=CYLINDRICAL_SURFACE('',#7923,1.666);
#6698=CYLINDRICAL_SURFACE('',#7925,1.666);
#6699=CYLINDRICAL_SURFACE('',#7927,1.666);
#6700=CYLINDRICAL_SURFACE('',#7930,1.666);
#6701=CYLINDRICAL_SURFACE('',#7933,1.666);
#6702=CYLINDRICAL_SURFACE('',#7935,1.666);
#6703=CYLINDRICAL_SURFACE('',#7937,1.666);
#6704=CYLINDRICAL_SURFACE('',#7939,1.666);
#6705=CYLINDRICAL_SURFACE('',#7941,1.666);
#6706=CYLINDRICAL_SURFACE('',#7943,1.666);
#6707=CYLINDRICAL_SURFACE('',#7945,1.666);
#6708=CYLINDRICAL_SURFACE('',#7947,1.666);
#6709=CYLINDRICAL_SURFACE('',#7949,1.666);
#6710=CYLINDRICAL_SURFACE('',#7952,1.666);
#6711=CYLINDRICAL_SURFACE('',#7955,1.666);
#6712=CYLINDRICAL_SURFACE('',#7957,1.666);
#6713=CYLINDRICAL_SURFACE('',#7959,1.666);
#6714=CYLINDRICAL_SURFACE('',#7961,1.666);
#6715=CYLINDRICAL_SURFACE('',#7963,1.666);
#6716=CYLINDRICAL_SURFACE('',#7965,1.666);
#6717=CYLINDRICAL_SURFACE('',#7967,1.666);
#6718=CYLINDRICAL_SURFACE('',#7969,1.666);
#6719=CYLINDRICAL_SURFACE('',#7971,1.666);
#6720=CYLINDRICAL_SURFACE('',#7974,1.666);
#6721=CYLINDRICAL_SURFACE('',#7977,1.666);
#6722=CYLINDRICAL_SURFACE('',#7980,1.666);
#6723=CYLINDRICAL_SURFACE('',#7983,1.666);
#6724=CYLINDRICAL_SURFACE('',#7986,1.666);
#6725=CYLINDRICAL_SURFACE('',#7989,1.666);
#6726=CYLINDRICAL_SURFACE('',#7992,1.666);
#6727=CYLINDRICAL_SURFACE('',#7995,1.666);
#6728=CYLINDRICAL_SURFACE('',#7998,1.666);
#6729=CYLINDRICAL_SURFACE('',#8001,1.666);
#6730=CYLINDRICAL_SURFACE('',#8004,2.);
#6731=CYLINDRICAL_SURFACE('',#8008,2.);
#6732=CYLINDRICAL_SURFACE('',#8012,2.);
#6733=CYLINDRICAL_SURFACE('',#8016,2.);
#6734=CYLINDRICAL_SURFACE('',#8020,2.);
#6735=CYLINDRICAL_SURFACE('',#8024,2.);
#6736=CYLINDRICAL_SURFACE('',#8028,2.);
#6737=CYLINDRICAL_SURFACE('',#8032,2.);
#6738=CYLINDRICAL_SURFACE('',#8036,2.);
#6739=CYLINDRICAL_SURFACE('',#8041,2.);
#6740=CYLINDRICAL_SURFACE('',#8045,2.);
#6741=CYLINDRICAL_SURFACE('',#8049,2.);
#6742=CYLINDRICAL_SURFACE('',#8053,2.);
#6743=CYLINDRICAL_SURFACE('',#8057,2.);
#6744=CYLINDRICAL_SURFACE('',#8061,2.);
#6745=CYLINDRICAL_SURFACE('',#8065,2.);
#6746=CYLINDRICAL_SURFACE('',#8069,2.);
#6747=CYLINDRICAL_SURFACE('',#8073,2.);
#6748=CYLINDRICAL_SURFACE('',#8078,1.89999999999999);
#6749=CYLINDRICAL_SURFACE('',#8082,1.89999999999999);
#6750=CYLINDRICAL_SURFACE('',#8086,1.89999999999999);
#6751=CYLINDRICAL_SURFACE('',#8090,1.89999999999999);
#6752=CYLINDRICAL_SURFACE('',#8094,1.89999999999999);
#6753=CYLINDRICAL_SURFACE('',#8098,1.89999999999999);
#6754=CYLINDRICAL_SURFACE('',#8102,1.89999999999999);
#6755=CYLINDRICAL_SURFACE('',#8106,1.89999999999999);
#6756=CYLINDRICAL_SURFACE('',#8110,1.89999999999999);
#6757=CYLINDRICAL_SURFACE('',#8115,1.89999999999999);
#6758=CYLINDRICAL_SURFACE('',#8119,1.89999999999999);
#6759=CYLINDRICAL_SURFACE('',#8123,1.89999999999999);
#6760=CYLINDRICAL_SURFACE('',#8127,1.89999999999999);
#6761=CYLINDRICAL_SURFACE('',#8131,1.89999999999999);
#6762=CYLINDRICAL_SURFACE('',#8135,1.89999999999999);
#6763=CYLINDRICAL_SURFACE('',#8139,1.89999999999999);
#6764=CYLINDRICAL_SURFACE('',#8143,1.89999999999999);
#6765=CYLINDRICAL_SURFACE('',#8147,1.89999999999999);
#6766=ADVANCED_FACE('',(#387),#6476,.T.);
#6767=ADVANCED_FACE('',(#388),#6477,.T.);
#6768=ADVANCED_FACE('',(#389),#6478,.T.);
#6769=ADVANCED_FACE('',(#390),#6479,.T.);
#6770=ADVANCED_FACE('',(#391),#6480,.T.);
#6771=ADVANCED_FACE('',(#392),#6481,.T.);
#6772=ADVANCED_FACE('',(#393),#6482,.T.);
#6773=ADVANCED_FACE('',(#394),#6483,.T.);
#6774=ADVANCED_FACE('',(#395),#6484,.T.);
#6775=ADVANCED_FACE('',(#396),#6485,.T.);
#6776=ADVANCED_FACE('',(#397),#6486,.T.);
#6777=ADVANCED_FACE('',(#398),#6487,.T.);
#6778=ADVANCED_FACE('',(#399),#6488,.T.);
#6779=ADVANCED_FACE('',(#400),#6489,.T.);
#6780=ADVANCED_FACE('',(#401),#6490,.T.);
#6781=ADVANCED_FACE('',(#402),#6491,.T.);
#6782=ADVANCED_FACE('',(#403),#6492,.T.);
#6783=ADVANCED_FACE('',(#404),#6493,.T.);
#6784=ADVANCED_FACE('',(#405),#6494,.T.);
#6785=ADVANCED_FACE('',(#406),#6495,.T.);
#6786=ADVANCED_FACE('',(#407),#6496,.T.);
#6787=ADVANCED_FACE('',(#408),#6497,.T.);
#6788=ADVANCED_FACE('',(#409),#6498,.T.);
#6789=ADVANCED_FACE('',(#410),#6499,.T.);
#6790=ADVANCED_FACE('',(#411),#6500,.T.);
#6791=ADVANCED_FACE('',(#412),#6501,.T.);
#6792=ADVANCED_FACE('',(#413),#6502,.T.);
#6793=ADVANCED_FACE('',(#414),#6503,.T.);
#6794=ADVANCED_FACE('',(#415),#6504,.T.);
#6795=ADVANCED_FACE('',(#416),#6505,.T.);
#6796=ADVANCED_FACE('',(#417),#6506,.T.);
#6797=ADVANCED_FACE('',(#418),#6507,.T.);
#6798=ADVANCED_FACE('',(#419),#6508,.T.);
#6799=ADVANCED_FACE('',(#420),#6509,.T.);
#6800=ADVANCED_FACE('',(#421),#6510,.T.);
#6801=ADVANCED_FACE('',(#422),#6511,.T.);
#6802=ADVANCED_FACE('',(#423,#15,#16,#17,#18,#19,#20,#21,#22,#23,#24,#25,
#26,#27,#28,#29,#30,#31,#32,#33,#34,#35,#36,#37,#38,#39,#40,#41,#42,#43,
#44,#45,#46,#47,#48,#49,#50,#51,#52,#53,#54,#55,#56,#57,#58,#59,#60,#61,
#62,#63,#64,#65,#66,#67,#68,#69,#70,#71,#72,#73,#74,#75,#76,#77,#78),#280,
 .F.);
#6803=ADVANCED_FACE('',(#424),#6512,.T.);
#6804=ADVANCED_FACE('',(#425),#6513,.T.);
#6805=ADVANCED_FACE('',(#426),#6514,.T.);
#6806=ADVANCED_FACE('',(#427),#6515,.T.);
#6807=ADVANCED_FACE('',(#428),#6516,.T.);
#6808=ADVANCED_FACE('',(#429),#6517,.T.);
#6809=ADVANCED_FACE('',(#430),#6518,.T.);
#6810=ADVANCED_FACE('',(#431),#6519,.T.);
#6811=ADVANCED_FACE('',(#432),#6520,.T.);
#6812=ADVANCED_FACE('',(#433),#6521,.T.);
#6813=ADVANCED_FACE('',(#434),#6522,.T.);
#6814=ADVANCED_FACE('',(#435),#6523,.T.);
#6815=ADVANCED_FACE('',(#436),#6524,.T.);
#6816=ADVANCED_FACE('',(#437),#6525,.T.);
#6817=ADVANCED_FACE('',(#438),#6526,.T.);
#6818=ADVANCED_FACE('',(#439),#6527,.T.);
#6819=ADVANCED_FACE('',(#440),#6528,.T.);
#6820=ADVANCED_FACE('',(#441),#6529,.T.);
#6821=ADVANCED_FACE('',(#442),#6530,.T.);
#6822=ADVANCED_FACE('',(#443),#6531,.T.);
#6823=ADVANCED_FACE('',(#444),#6532,.T.);
#6824=ADVANCED_FACE('',(#445),#6533,.T.);
#6825=ADVANCED_FACE('',(#446),#6534,.T.);
#6826=ADVANCED_FACE('',(#447),#6535,.T.);
#6827=ADVANCED_FACE('',(#448),#6536,.T.);
#6828=ADVANCED_FACE('',(#449),#6537,.T.);
#6829=ADVANCED_FACE('',(#450),#6538,.T.);
#6830=ADVANCED_FACE('',(#451),#6539,.T.);
#6831=ADVANCED_FACE('',(#452),#6540,.T.);
#6832=ADVANCED_FACE('',(#453),#6541,.T.);
#6833=ADVANCED_FACE('',(#454),#6542,.T.);
#6834=ADVANCED_FACE('',(#455),#6543,.T.);
#6835=ADVANCED_FACE('',(#456),#6544,.T.);
#6836=ADVANCED_FACE('',(#457),#6545,.T.);
#6837=ADVANCED_FACE('',(#458),#6546,.T.);
#6838=ADVANCED_FACE('',(#459),#6547,.T.);
#6839=ADVANCED_FACE('',(#460),#6548,.T.);
#6840=ADVANCED_FACE('',(#461),#6549,.T.);
#6841=ADVANCED_FACE('',(#462),#6550,.T.);
#6842=ADVANCED_FACE('',(#463),#6551,.T.);
#6843=ADVANCED_FACE('',(#464),#6552,.T.);
#6844=ADVANCED_FACE('',(#465),#6553,.T.);
#6845=ADVANCED_FACE('',(#466),#6554,.T.);
#6846=ADVANCED_FACE('',(#467),#6555,.T.);
#6847=ADVANCED_FACE('',(#468),#6556,.T.);
#6848=ADVANCED_FACE('',(#469),#6557,.T.);
#6849=ADVANCED_FACE('',(#470),#6558,.T.);
#6850=ADVANCED_FACE('',(#471),#6559,.T.);
#6851=ADVANCED_FACE('',(#472),#6560,.T.);
#6852=ADVANCED_FACE('',(#473),#6561,.T.);
#6853=ADVANCED_FACE('',(#474),#6562,.T.);
#6854=ADVANCED_FACE('',(#475),#6563,.T.);
#6855=ADVANCED_FACE('',(#476),#6564,.T.);
#6856=ADVANCED_FACE('',(#477),#6565,.T.);
#6857=ADVANCED_FACE('',(#478),#6566,.T.);
#6858=ADVANCED_FACE('',(#479),#6567,.T.);
#6859=ADVANCED_FACE('',(#480),#6568,.T.);
#6860=ADVANCED_FACE('',(#481),#6569,.T.);
#6861=ADVANCED_FACE('',(#482),#6570,.T.);
#6862=ADVANCED_FACE('',(#483),#6571,.T.);
#6863=ADVANCED_FACE('',(#484),#6572,.T.);
#6864=ADVANCED_FACE('',(#485),#6573,.T.);
#6865=ADVANCED_FACE('',(#486),#6574,.T.);
#6866=ADVANCED_FACE('',(#487),#6575,.T.);
#6867=ADVANCED_FACE('',(#488),#6576,.T.);
#6868=ADVANCED_FACE('',(#489),#6577,.T.);
#6869=ADVANCED_FACE('',(#490),#6578,.T.);
#6870=ADVANCED_FACE('',(#491),#6579,.T.);
#6871=ADVANCED_FACE('',(#492),#6580,.T.);
#6872=ADVANCED_FACE('',(#493),#6581,.T.);
#6873=ADVANCED_FACE('',(#494),#6582,.T.);
#6874=ADVANCED_FACE('',(#495),#6583,.T.);
#6875=ADVANCED_FACE('',(#496),#6584,.T.);
#6876=ADVANCED_FACE('',(#497),#6585,.T.);
#6877=ADVANCED_FACE('',(#498),#6586,.T.);
#6878=ADVANCED_FACE('',(#499),#6587,.T.);
#6879=ADVANCED_FACE('',(#500),#6588,.T.);
#6880=ADVANCED_FACE('',(#501),#6589,.T.);
#6881=ADVANCED_FACE('',(#502),#6590,.T.);
#6882=ADVANCED_FACE('',(#503),#6591,.T.);
#6883=ADVANCED_FACE('',(#504),#6592,.T.);
#6884=ADVANCED_FACE('',(#505),#6593,.T.);
#6885=ADVANCED_FACE('',(#506),#6594,.T.);
#6886=ADVANCED_FACE('',(#507),#6595,.T.);
#6887=ADVANCED_FACE('',(#508),#6596,.T.);
#6888=ADVANCED_FACE('',(#509),#6597,.T.);
#6889=ADVANCED_FACE('',(#510),#6598,.T.);
#6890=ADVANCED_FACE('',(#511),#6599,.T.);
#6891=ADVANCED_FACE('',(#512),#6600,.T.);
#6892=ADVANCED_FACE('',(#513),#6601,.T.);
#6893=ADVANCED_FACE('',(#514),#6602,.T.);
#6894=ADVANCED_FACE('',(#515),#6603,.T.);
#6895=ADVANCED_FACE('',(#516),#6604,.T.);
#6896=ADVANCED_FACE('',(#517),#6605,.T.);
#6897=ADVANCED_FACE('',(#518),#6606,.T.);
#6898=ADVANCED_FACE('',(#519),#6607,.T.);
#6899=ADVANCED_FACE('',(#520),#6608,.T.);
#6900=ADVANCED_FACE('',(#521),#6609,.T.);
#6901=ADVANCED_FACE('',(#522),#6610,.T.);
#6902=ADVANCED_FACE('',(#523),#6611,.T.);
#6903=ADVANCED_FACE('',(#524),#6612,.T.);
#6904=ADVANCED_FACE('',(#525),#6613,.T.);
#6905=ADVANCED_FACE('',(#526),#6614,.T.);
#6906=ADVANCED_FACE('',(#527),#6615,.T.);
#6907=ADVANCED_FACE('',(#528),#6616,.T.);
#6908=ADVANCED_FACE('',(#529),#6617,.T.);
#6909=ADVANCED_FACE('',(#530),#6618,.T.);
#6910=ADVANCED_FACE('',(#531),#6619,.T.);
#6911=ADVANCED_FACE('',(#532),#6620,.T.);
#6912=ADVANCED_FACE('',(#533),#6621,.T.);
#6913=ADVANCED_FACE('',(#534),#6622,.T.);
#6914=ADVANCED_FACE('',(#535),#6623,.T.);
#6915=ADVANCED_FACE('',(#536),#6624,.T.);
#6916=ADVANCED_FACE('',(#537),#6625,.T.);
#6917=ADVANCED_FACE('',(#538),#6626,.T.);
#6918=ADVANCED_FACE('',(#539),#6627,.T.);
#6919=ADVANCED_FACE('',(#540),#6628,.T.);
#6920=ADVANCED_FACE('',(#541),#6629,.T.);
#6921=ADVANCED_FACE('',(#542,#79),#281,.F.);
#6922=ADVANCED_FACE('',(#543,#80),#282,.F.);
#6923=ADVANCED_FACE('',(#544,#81),#283,.F.);
#6924=ADVANCED_FACE('',(#545,#82),#284,.F.);
#6925=ADVANCED_FACE('',(#546,#83),#285,.F.);
#6926=ADVANCED_FACE('',(#547,#84),#286,.F.);
#6927=ADVANCED_FACE('',(#548,#85),#287,.F.);
#6928=ADVANCED_FACE('',(#549,#86),#288,.F.);
#6929=ADVANCED_FACE('',(#550,#87),#289,.F.);
#6930=ADVANCED_FACE('',(#551,#88),#290,.F.);
#6931=ADVANCED_FACE('',(#552,#89),#291,.F.);
#6932=ADVANCED_FACE('',(#553,#90),#292,.F.);
#6933=ADVANCED_FACE('',(#554,#91),#293,.F.);
#6934=ADVANCED_FACE('',(#555,#92),#294,.F.);
#6935=ADVANCED_FACE('',(#556,#93),#295,.F.);
#6936=ADVANCED_FACE('',(#557,#94),#296,.F.);
#6937=ADVANCED_FACE('',(#558,#95),#297,.F.);
#6938=ADVANCED_FACE('',(#559,#96),#298,.F.);
#6939=ADVANCED_FACE('',(#560,#97),#299,.F.);
#6940=ADVANCED_FACE('',(#561,#98),#300,.F.);
#6941=ADVANCED_FACE('',(#562,#99),#301,.F.);
#6942=ADVANCED_FACE('',(#563,#100),#302,.F.);
#6943=ADVANCED_FACE('',(#564,#101),#303,.F.);
#6944=ADVANCED_FACE('',(#565,#102),#304,.F.);
#6945=ADVANCED_FACE('',(#566,#103),#305,.F.);
#6946=ADVANCED_FACE('',(#567,#104),#306,.F.);
#6947=ADVANCED_FACE('',(#568,#105),#307,.F.);
#6948=ADVANCED_FACE('',(#569,#106),#308,.F.);
#6949=ADVANCED_FACE('',(#570,#107),#309,.F.);
#6950=ADVANCED_FACE('',(#571,#108),#310,.F.);
#6951=ADVANCED_FACE('',(#572,#109),#311,.F.);
#6952=ADVANCED_FACE('',(#573,#110),#312,.F.);
#6953=ADVANCED_FACE('',(#574,#111),#313,.F.);
#6954=ADVANCED_FACE('',(#575,#112),#314,.F.);
#6955=ADVANCED_FACE('',(#576,#113),#315,.F.);
#6956=ADVANCED_FACE('',(#577,#114),#316,.F.);
#6957=ADVANCED_FACE('',(#578,#115),#317,.F.);
#6958=ADVANCED_FACE('',(#579,#116),#318,.F.);
#6959=ADVANCED_FACE('',(#580,#117),#319,.F.);
#6960=ADVANCED_FACE('',(#581,#118),#320,.F.);
#6961=ADVANCED_FACE('',(#582,#119),#321,.F.);
#6962=ADVANCED_FACE('',(#583,#120),#322,.F.);
#6963=ADVANCED_FACE('',(#584,#121),#323,.F.);
#6964=ADVANCED_FACE('',(#585,#122),#324,.F.);
#6965=ADVANCED_FACE('',(#586,#123),#325,.F.);
#6966=ADVANCED_FACE('',(#587,#124),#326,.F.);
#6967=ADVANCED_FACE('',(#588,#125),#327,.F.);
#6968=ADVANCED_FACE('',(#589,#126),#328,.F.);
#6969=ADVANCED_FACE('',(#590,#127),#329,.F.);
#6970=ADVANCED_FACE('',(#591,#128),#330,.F.);
#6971=ADVANCED_FACE('',(#592,#129),#331,.F.);
#6972=ADVANCED_FACE('',(#593,#130),#332,.F.);
#6973=ADVANCED_FACE('',(#594,#131),#333,.F.);
#6974=ADVANCED_FACE('',(#595,#132),#334,.F.);
#6975=ADVANCED_FACE('',(#596,#133),#335,.F.);
#6976=ADVANCED_FACE('',(#597,#134),#336,.F.);
#6977=ADVANCED_FACE('',(#598,#135),#337,.F.);
#6978=ADVANCED_FACE('',(#599,#136),#338,.F.);
#6979=ADVANCED_FACE('',(#600,#137),#339,.F.);
#6980=ADVANCED_FACE('',(#601,#138),#340,.F.);
#6981=ADVANCED_FACE('',(#602,#139),#341,.F.);
#6982=ADVANCED_FACE('',(#603,#140),#342,.F.);
#6983=ADVANCED_FACE('',(#604,#141),#343,.F.);
#6984=ADVANCED_FACE('',(#605,#142),#344,.F.);
#6985=ADVANCED_FACE('',(#606),#6630,.F.);
#6986=ADVANCED_FACE('',(#607),#6631,.F.);
#6987=ADVANCED_FACE('',(#608),#6632,.F.);
#6988=ADVANCED_FACE('',(#609),#6633,.F.);
#6989=ADVANCED_FACE('',(#610),#6634,.F.);
#6990=ADVANCED_FACE('',(#611),#6635,.F.);
#6991=ADVANCED_FACE('',(#612),#6636,.F.);
#6992=ADVANCED_FACE('',(#613),#6637,.F.);
#6993=ADVANCED_FACE('',(#614),#6638,.F.);
#6994=ADVANCED_FACE('',(#615),#6639,.F.);
#6995=ADVANCED_FACE('',(#616),#6640,.F.);
#6996=ADVANCED_FACE('',(#617),#6641,.F.);
#6997=ADVANCED_FACE('',(#618),#6642,.F.);
#6998=ADVANCED_FACE('',(#619),#6643,.F.);
#6999=ADVANCED_FACE('',(#620),#6644,.F.);
#7000=ADVANCED_FACE('',(#621),#6645,.F.);
#7001=ADVANCED_FACE('',(#622),#6646,.F.);
#7002=ADVANCED_FACE('',(#623),#6647,.F.);
#7003=ADVANCED_FACE('',(#624),#6648,.F.);
#7004=ADVANCED_FACE('',(#625),#6649,.F.);
#7005=ADVANCED_FACE('',(#626),#6650,.F.);
#7006=ADVANCED_FACE('',(#627),#6651,.F.);
#7007=ADVANCED_FACE('',(#628),#6652,.F.);
#7008=ADVANCED_FACE('',(#629),#6653,.F.);
#7009=ADVANCED_FACE('',(#630),#6654,.F.);
#7010=ADVANCED_FACE('',(#631),#6655,.F.);
#7011=ADVANCED_FACE('',(#632),#6656,.F.);
#7012=ADVANCED_FACE('',(#633),#6657,.F.);
#7013=ADVANCED_FACE('',(#634),#6658,.F.);
#7014=ADVANCED_FACE('',(#635),#6659,.F.);
#7015=ADVANCED_FACE('',(#636),#6660,.F.);
#7016=ADVANCED_FACE('',(#637),#6661,.F.);
#7017=ADVANCED_FACE('',(#638),#6662,.F.);
#7018=ADVANCED_FACE('',(#639),#6663,.F.);
#7019=ADVANCED_FACE('',(#640),#6664,.F.);
#7020=ADVANCED_FACE('',(#641),#6665,.F.);
#7021=ADVANCED_FACE('',(#642),#6666,.F.);
#7022=ADVANCED_FACE('',(#643),#6667,.F.);
#7023=ADVANCED_FACE('',(#644),#6668,.F.);
#7024=ADVANCED_FACE('',(#645),#6669,.F.);
#7025=ADVANCED_FACE('',(#646),#6670,.F.);
#7026=ADVANCED_FACE('',(#647),#6671,.F.);
#7027=ADVANCED_FACE('',(#648),#6672,.F.);
#7028=ADVANCED_FACE('',(#649),#6673,.F.);
#7029=ADVANCED_FACE('',(#650),#6674,.F.);
#7030=ADVANCED_FACE('',(#651),#6675,.F.);
#7031=ADVANCED_FACE('',(#652),#6676,.F.);
#7032=ADVANCED_FACE('',(#653),#6677,.F.);
#7033=ADVANCED_FACE('',(#654),#6678,.F.);
#7034=ADVANCED_FACE('',(#655),#6679,.F.);
#7035=ADVANCED_FACE('',(#656),#6680,.F.);
#7036=ADVANCED_FACE('',(#657),#6681,.F.);
#7037=ADVANCED_FACE('',(#658),#6682,.F.);
#7038=ADVANCED_FACE('',(#659),#6683,.F.);
#7039=ADVANCED_FACE('',(#660),#6684,.F.);
#7040=ADVANCED_FACE('',(#661),#6685,.F.);
#7041=ADVANCED_FACE('',(#662),#6686,.F.);
#7042=ADVANCED_FACE('',(#663),#6687,.F.);
#7043=ADVANCED_FACE('',(#664),#6688,.F.);
#7044=ADVANCED_FACE('',(#665),#6689,.F.);
#7045=ADVANCED_FACE('',(#666),#6690,.F.);
#7046=ADVANCED_FACE('',(#667),#6691,.F.);
#7047=ADVANCED_FACE('',(#668),#6692,.F.);
#7048=ADVANCED_FACE('',(#669),#6693,.F.);
#7049=ADVANCED_FACE('',(#670),#6694,.F.);
#7050=ADVANCED_FACE('',(#671),#6695,.F.);
#7051=ADVANCED_FACE('',(#672),#6696,.F.);
#7052=ADVANCED_FACE('',(#673),#6697,.F.);
#7053=ADVANCED_FACE('',(#674),#6698,.F.);
#7054=ADVANCED_FACE('',(#675),#6699,.F.);
#7055=ADVANCED_FACE('',(#676),#6700,.F.);
#7056=ADVANCED_FACE('',(#677),#6701,.F.);
#7057=ADVANCED_FACE('',(#678),#6702,.F.);
#7058=ADVANCED_FACE('',(#679),#6703,.F.);
#7059=ADVANCED_FACE('',(#680),#6704,.F.);
#7060=ADVANCED_FACE('',(#681),#6705,.F.);
#7061=ADVANCED_FACE('',(#682),#6706,.F.);
#7062=ADVANCED_FACE('',(#683),#6707,.F.);
#7063=ADVANCED_FACE('',(#684),#6708,.F.);
#7064=ADVANCED_FACE('',(#685),#6709,.F.);
#7065=ADVANCED_FACE('',(#686),#6710,.F.);
#7066=ADVANCED_FACE('',(#687),#6711,.F.);
#7067=ADVANCED_FACE('',(#688),#6712,.F.);
#7068=ADVANCED_FACE('',(#689),#6713,.F.);
#7069=ADVANCED_FACE('',(#690),#6714,.F.);
#7070=ADVANCED_FACE('',(#691),#6715,.F.);
#7071=ADVANCED_FACE('',(#692),#6716,.F.);
#7072=ADVANCED_FACE('',(#693),#6717,.F.);
#7073=ADVANCED_FACE('',(#694),#6718,.F.);
#7074=ADVANCED_FACE('',(#695),#6719,.F.);
#7075=ADVANCED_FACE('',(#696),#6720,.F.);
#7076=ADVANCED_FACE('',(#697),#6721,.F.);
#7077=ADVANCED_FACE('',(#698),#6722,.F.);
#7078=ADVANCED_FACE('',(#699),#6723,.F.);
#7079=ADVANCED_FACE('',(#700),#6724,.F.);
#7080=ADVANCED_FACE('',(#701),#6725,.F.);
#7081=ADVANCED_FACE('',(#702),#6726,.F.);
#7082=ADVANCED_FACE('',(#703),#6727,.F.);
#7083=ADVANCED_FACE('',(#704),#6728,.F.);
#7084=ADVANCED_FACE('',(#705),#6729,.F.);
#7085=ADVANCED_FACE('',(#706),#6730,.F.);
#7086=ADVANCED_FACE('',(#707),#345,.T.);
#7087=ADVANCED_FACE('',(#708),#6731,.F.);
#7088=ADVANCED_FACE('',(#709),#346,.T.);
#7089=ADVANCED_FACE('',(#710),#6732,.F.);
#7090=ADVANCED_FACE('',(#711),#347,.T.);
#7091=ADVANCED_FACE('',(#712),#6733,.F.);
#7092=ADVANCED_FACE('',(#713),#348,.T.);
#7093=ADVANCED_FACE('',(#714),#6734,.F.);
#7094=ADVANCED_FACE('',(#715),#349,.T.);
#7095=ADVANCED_FACE('',(#716),#6735,.F.);
#7096=ADVANCED_FACE('',(#717),#350,.T.);
#7097=ADVANCED_FACE('',(#718),#6736,.F.);
#7098=ADVANCED_FACE('',(#719),#351,.T.);
#7099=ADVANCED_FACE('',(#720),#6737,.F.);
#7100=ADVANCED_FACE('',(#721),#352,.T.);
#7101=ADVANCED_FACE('',(#722),#6738,.F.);
#7102=ADVANCED_FACE('',(#723),#353,.T.);
#7103=ADVANCED_FACE('',(#724),#354,.T.);
#7104=ADVANCED_FACE('',(#725),#6739,.F.);
#7105=ADVANCED_FACE('',(#726),#355,.T.);
#7106=ADVANCED_FACE('',(#727),#6740,.F.);
#7107=ADVANCED_FACE('',(#728),#356,.T.);
#7108=ADVANCED_FACE('',(#729),#6741,.F.);
#7109=ADVANCED_FACE('',(#730),#357,.T.);
#7110=ADVANCED_FACE('',(#731),#6742,.F.);
#7111=ADVANCED_FACE('',(#732),#358,.T.);
#7112=ADVANCED_FACE('',(#733),#6743,.F.);
#7113=ADVANCED_FACE('',(#734),#359,.T.);
#7114=ADVANCED_FACE('',(#735),#6744,.F.);
#7115=ADVANCED_FACE('',(#736),#360,.T.);
#7116=ADVANCED_FACE('',(#737),#6745,.F.);
#7117=ADVANCED_FACE('',(#738),#361,.T.);
#7118=ADVANCED_FACE('',(#739),#6746,.F.);
#7119=ADVANCED_FACE('',(#740),#362,.T.);
#7120=ADVANCED_FACE('',(#741),#6747,.F.);
#7121=ADVANCED_FACE('',(#742),#363,.T.);
#7122=ADVANCED_FACE('',(#743),#364,.T.);
#7123=ADVANCED_FACE('',(#744),#6748,.T.);
#7124=ADVANCED_FACE('',(#745),#365,.T.);
#7125=ADVANCED_FACE('',(#746),#6749,.T.);
#7126=ADVANCED_FACE('',(#747),#366,.T.);
#7127=ADVANCED_FACE('',(#748),#6750,.T.);
#7128=ADVANCED_FACE('',(#749),#367,.T.);
#7129=ADVANCED_FACE('',(#750),#6751,.T.);
#7130=ADVANCED_FACE('',(#751),#368,.T.);
#7131=ADVANCED_FACE('',(#752),#6752,.T.);
#7132=ADVANCED_FACE('',(#753),#369,.T.);
#7133=ADVANCED_FACE('',(#754),#6753,.T.);
#7134=ADVANCED_FACE('',(#755),#370,.T.);
#7135=ADVANCED_FACE('',(#756),#6754,.T.);
#7136=ADVANCED_FACE('',(#757),#371,.T.);
#7137=ADVANCED_FACE('',(#758),#6755,.T.);
#7138=ADVANCED_FACE('',(#759),#372,.T.);
#7139=ADVANCED_FACE('',(#760),#6756,.T.);
#7140=ADVANCED_FACE('',(#761),#373,.T.);
#7141=ADVANCED_FACE('',(#762),#374,.T.);
#7142=ADVANCED_FACE('',(#763),#6757,.T.);
#7143=ADVANCED_FACE('',(#764),#375,.T.);
#7144=ADVANCED_FACE('',(#765),#6758,.T.);
#7145=ADVANCED_FACE('',(#766),#376,.T.);
#7146=ADVANCED_FACE('',(#767),#6759,.T.);
#7147=ADVANCED_FACE('',(#768),#377,.T.);
#7148=ADVANCED_FACE('',(#769),#6760,.T.);
#7149=ADVANCED_FACE('',(#770),#378,.T.);
#7150=ADVANCED_FACE('',(#771),#6761,.T.);
#7151=ADVANCED_FACE('',(#772),#379,.T.);
#7152=ADVANCED_FACE('',(#773),#6762,.T.);
#7153=ADVANCED_FACE('',(#774),#380,.T.);
#7154=ADVANCED_FACE('',(#775),#6763,.T.);
#7155=ADVANCED_FACE('',(#776),#381,.T.);
#7156=ADVANCED_FACE('',(#777),#6764,.T.);
#7157=ADVANCED_FACE('',(#778),#382,.T.);
#7158=ADVANCED_FACE('',(#779),#6765,.T.);
#7159=ADVANCED_FACE('',(#780),#383,.T.);
#7160=ADVANCED_FACE('',(#781),#384,.T.);
#7161=ADVANCED_FACE('',(#782,#143,#144,#145,#146,#147,#148,#149,#150,#151,
#152,#153,#154,#155,#156,#157,#158,#159,#160,#161,#162,#163,#164,#165,#166,
#167,#168,#169,#170,#171,#172,#173,#174,#175,#176,#177,#178,#179,#180,#181,
#182,#183,#184,#185,#186,#187,#188,#189,#190,#191,#192,#193,#194,#195,#196,
#197,#198,#199,#200,#201,#202,#203,#204,#205,#206,#207,#208,#209,#210,#211,
#212,#213,#214,#215,#216,#217,#218,#219,#220,#221,#222,#223,#224,#225,#226,
#227,#228,#229,#230,#231,#232,#233,#234,#235,#236,#237,#238,#239,#240,#241,
#242),#385,.T.);
#7162=ADVANCED_FACE('',(#783,#243,#244,#245,#246,#247,#248,#249,#250,#251,
#252,#253,#254,#255,#256,#257,#258,#259,#260,#261,#262,#263,#264,#265,#266,
#267,#268,#269,#270,#271,#272,#273,#274,#275,#276,#277,#278,#279),#386,
 .F.);
#7163=CLOSED_SHELL('',(#6766,#6767,#6768,#6769,#6770,#6771,#6772,#6773,
#6774,#6775,#6776,#6777,#6778,#6779,#6780,#6781,#6782,#6783,#6784,#6785,
#6786,#6787,#6788,#6789,#6790,#6791,#6792,#6793,#6794,#6795,#6796,#6797,
#6798,#6799,#6800,#6801,#6802,#6803,#6804,#6805,#6806,#6807,#6808,#6809,
#6810,#6811,#6812,#6813,#6814,#6815,#6816,#6817,#6818,#6819,#6820,#6821,
#6822,#6823,#6824,#6825,#6826,#6827,#6828,#6829,#6830,#6831,#6832,#6833,
#6834,#6835,#6836,#6837,#6838,#6839,#6840,#6841,#6842,#6843,#6844,#6845,
#6846,#6847,#6848,#6849,#6850,#6851,#6852,#6853,#6854,#6855,#6856,#6857,
#6858,#6859,#6860,#6861,#6862,#6863,#6864,#6865,#6866,#6867,#6868,#6869,
#6870,#6871,#6872,#6873,#6874,#6875,#6876,#6877,#6878,#6879,#6880,#6881,
#6882,#6883,#6884,#6885,#6886,#6887,#6888,#6889,#6890,#6891,#6892,#6893,
#6894,#6895,#6896,#6897,#6898,#6899,#6900,#6901,#6902,#6903,#6904,#6905,
#6906,#6907,#6908,#6909,#6910,#6911,#6912,#6913,#6914,#6915,#6916,#6917,
#6918,#6919,#6920,#6921,#6922,#6923,#6924,#6925,#6926,#6927,#6928,#6929,
#6930,#6931,#6932,#6933,#6934,#6935,#6936,#6937,#6938,#6939,#6940,#6941,
#6942,#6943,#6944,#6945,#6946,#6947,#6948,#6949,#6950,#6951,#6952,#6953,
#6954,#6955,#6956,#6957,#6958,#6959,#6960,#6961,#6962,#6963,#6964,#6965,
#6966,#6967,#6968,#6969,#6970,#6971,#6972,#6973,#6974,#6975,#6976,#6977,
#6978,#6979,#6980,#6981,#6982,#6983,#6984,#6985,#6986,#6987,#6988,#6989,
#6990,#6991,#6992,#6993,#6994,#6995,#6996,#6997,#6998,#6999,#7000,#7001,
#7002,#7003,#7004,#7005,#7006,#7007,#7008,#7009,#7010,#7011,#7012,#7013,
#7014,#7015,#7016,#7017,#7018,#7019,#7020,#7021,#7022,#7023,#7024,#7025,
#7026,#7027,#7028,#7029,#7030,#7031,#7032,#7033,#7034,#7035,#7036,#7037,
#7038,#7039,#7040,#7041,#7042,#7043,#7044,#7045,#7046,#7047,#7048,#7049,
#7050,#7051,#7052,#7053,#7054,#7055,#7056,#7057,#7058,#7059,#7060,#7061,
#7062,#7063,#7064,#7065,#7066,#7067,#7068,#7069,#7070,#7071,#7072,#7073,
#7074,#7075,#7076,#7077,#7078,#7079,#7080,#7081,#7082,#7083,#7084,#7085,
#7086,#7087,#7088,#7089,#7090,#7091,#7092,#7093,#7094,#7095,#7096,#7097,
#7098,#7099,#7100,#7101,#7102,#7103,#7104,#7105,#7106,#7107,#7108,#7109,
#7110,#7111,#7112,#7113,#7114,#7115,#7116,#7117,#7118,#7119,#7120,#7121,
#7122,#7123,#7124,#7125,#7126,#7127,#7128,#7129,#7130,#7131,#7132,#7133,
#7134,#7135,#7136,#7137,#7138,#7139,#7140,#7141,#7142,#7143,#7144,#7145,
#7146,#7147,#7148,#7149,#7150,#7151,#7152,#7153,#7154,#7155,#7156,#7157,
#7158,#7159,#7160,#7161,#7162));
#7164=DERIVED_UNIT_ELEMENT(#7166,1.);
#7165=DERIVED_UNIT_ELEMENT(#12573,-3.);
#7166=(
MASS_UNIT()
NAMED_UNIT(*)
SI_UNIT(.KILO.,.GRAM.)
);
#7167=DERIVED_UNIT((#7164,#7165));
#7168=MEASURE_REPRESENTATION_ITEM('density measure',
POSITIVE_RATIO_MEASURE(7850.),#7167);
#7169=PROPERTY_DEFINITION_REPRESENTATION(#7174,#7171);
#7170=PROPERTY_DEFINITION_REPRESENTATION(#7175,#7172);
#7171=REPRESENTATION('material name',(#7173),#12570);
#7172=REPRESENTATION('density',(#7168),#12570);
#7173=DESCRIPTIVE_REPRESENTATION_ITEM('Steel','Steel');
#7174=PROPERTY_DEFINITION('material property','material name',#12580);
#7175=PROPERTY_DEFINITION('material property','density of part',#12580);
#7176=AXIS2_PLACEMENT_3D('',#10520,#8154,#8155);
#7177=AXIS2_PLACEMENT_3D('',#10521,#8156,#8157);
#7178=AXIS2_PLACEMENT_3D('',#10524,#8158,#8159);
#7179=AXIS2_PLACEMENT_3D('',#10528,#8161,#8162);
#7180=AXIS2_PLACEMENT_3D('',#10530,#8164,#8165);
#7181=AXIS2_PLACEMENT_3D('',#10532,#8166,#8167);
#7182=AXIS2_PLACEMENT_3D('',#10535,#8169,#8170);
#7183=AXIS2_PLACEMENT_3D('',#10536,#8171,#8172);
#7184=AXIS2_PLACEMENT_3D('',#10539,#8173,#8174);
#7185=AXIS2_PLACEMENT_3D('',#10543,#8176,#8177);
#7186=AXIS2_PLACEMENT_3D('',#10545,#8179,#8180);
#7187=AXIS2_PLACEMENT_3D('',#10547,#8181,#8182);
#7188=AXIS2_PLACEMENT_3D('',#10550,#8184,#8185);
#7189=AXIS2_PLACEMENT_3D('',#10551,#8186,#8187);
#7190=AXIS2_PLACEMENT_3D('',#10554,#8188,#8189);
#7191=AXIS2_PLACEMENT_3D('',#10558,#8191,#8192);
#7192=AXIS2_PLACEMENT_3D('',#10560,#8194,#8195);
#7193=AXIS2_PLACEMENT_3D('',#10562,#8196,#8197);
#7194=AXIS2_PLACEMENT_3D('',#10565,#8199,#8200);
#7195=AXIS2_PLACEMENT_3D('',#10566,#8201,#8202);
#7196=AXIS2_PLACEMENT_3D('',#10569,#8203,#8204);
#7197=AXIS2_PLACEMENT_3D('',#10573,#8206,#8207);
#7198=AXIS2_PLACEMENT_3D('',#10575,#8209,#8210);
#7199=AXIS2_PLACEMENT_3D('',#10577,#8211,#8212);
#7200=AXIS2_PLACEMENT_3D('',#10580,#8214,#8215);
#7201=AXIS2_PLACEMENT_3D('',#10581,#8216,#8217);
#7202=AXIS2_PLACEMENT_3D('',#10584,#8218,#8219);
#7203=AXIS2_PLACEMENT_3D('',#10588,#8221,#8222);
#7204=AXIS2_PLACEMENT_3D('',#10590,#8224,#8225);
#7205=AXIS2_PLACEMENT_3D('',#10592,#8226,#8227);
#7206=AXIS2_PLACEMENT_3D('',#10595,#8229,#8230);
#7207=AXIS2_PLACEMENT_3D('',#10596,#8231,#8232);
#7208=AXIS2_PLACEMENT_3D('',#10599,#8233,#8234);
#7209=AXIS2_PLACEMENT_3D('',#10603,#8236,#8237);
#7210=AXIS2_PLACEMENT_3D('',#10605,#8239,#8240);
#7211=AXIS2_PLACEMENT_3D('',#10607,#8241,#8242);
#7212=AXIS2_PLACEMENT_3D('',#10610,#8244,#8245);
#7213=AXIS2_PLACEMENT_3D('',#10611,#8246,#8247);
#7214=AXIS2_PLACEMENT_3D('',#10614,#8248,#8249);
#7215=AXIS2_PLACEMENT_3D('',#10618,#8251,#8252);
#7216=AXIS2_PLACEMENT_3D('',#10620,#8254,#8255);
#7217=AXIS2_PLACEMENT_3D('',#10622,#8256,#8257);
#7218=AXIS2_PLACEMENT_3D('',#10625,#8259,#8260);
#7219=AXIS2_PLACEMENT_3D('',#10626,#8261,#8262);
#7220=AXIS2_PLACEMENT_3D('',#10629,#8263,#8264);
#7221=AXIS2_PLACEMENT_3D('',#10633,#8266,#8267);
#7222=AXIS2_PLACEMENT_3D('',#10635,#8269,#8270);
#7223=AXIS2_PLACEMENT_3D('',#10637,#8271,#8272);
#7224=AXIS2_PLACEMENT_3D('',#10640,#8274,#8275);
#7225=AXIS2_PLACEMENT_3D('',#10641,#8276,#8277);
#7226=AXIS2_PLACEMENT_3D('',#10644,#8278,#8279);
#7227=AXIS2_PLACEMENT_3D('',#10648,#8281,#8282);
#7228=AXIS2_PLACEMENT_3D('',#10650,#8284,#8285);
#7229=AXIS2_PLACEMENT_3D('',#10652,#8286,#8287);
#7230=AXIS2_PLACEMENT_3D('',#10655,#8289,#8290);
#7231=AXIS2_PLACEMENT_3D('',#10656,#8291,#8292);
#7232=AXIS2_PLACEMENT_3D('',#10659,#8293,#8294);
#7233=AXIS2_PLACEMENT_3D('',#10663,#8296,#8297);
#7234=AXIS2_PLACEMENT_3D('',#10665,#8299,#8300);
#7235=AXIS2_PLACEMENT_3D('',#10667,#8301,#8302);
#7236=AXIS2_PLACEMENT_3D('',#10670,#8304,#8305);
#7237=AXIS2_PLACEMENT_3D('',#10671,#8306,#8307);
#7238=AXIS2_PLACEMENT_3D('',#10674,#8308,#8309);
#7239=AXIS2_PLACEMENT_3D('',#10678,#8311,#8312);
#7240=AXIS2_PLACEMENT_3D('',#10680,#8314,#8315);
#7241=AXIS2_PLACEMENT_3D('',#10682,#8316,#8317);
#7242=AXIS2_PLACEMENT_3D('',#10685,#8319,#8320);
#7243=AXIS2_PLACEMENT_3D('',#10686,#8321,#8322);
#7244=AXIS2_PLACEMENT_3D('',#10689,#8323,#8324);
#7245=AXIS2_PLACEMENT_3D('',#10693,#8326,#8327);
#7246=AXIS2_PLACEMENT_3D('',#10695,#8329,#8330);
#7247=AXIS2_PLACEMENT_3D('',#10697,#8331,#8332);
#7248=AXIS2_PLACEMENT_3D('',#10700,#8334,#8335);
#7249=AXIS2_PLACEMENT_3D('',#10701,#8336,#8337);
#7250=AXIS2_PLACEMENT_3D('',#10704,#8338,#8339);
#7251=AXIS2_PLACEMENT_3D('',#10708,#8341,#8342);
#7252=AXIS2_PLACEMENT_3D('',#10710,#8344,#8345);
#7253=AXIS2_PLACEMENT_3D('',#10712,#8346,#8347);
#7254=AXIS2_PLACEMENT_3D('',#10715,#8349,#8350);
#7255=AXIS2_PLACEMENT_3D('',#10716,#8351,#8352);
#7256=AXIS2_PLACEMENT_3D('',#10719,#8353,#8354);
#7257=AXIS2_PLACEMENT_3D('',#10723,#8356,#8357);
#7258=AXIS2_PLACEMENT_3D('',#10725,#8359,#8360);
#7259=AXIS2_PLACEMENT_3D('',#10727,#8361,#8362);
#7260=AXIS2_PLACEMENT_3D('',#10730,#8364,#8365);
#7261=AXIS2_PLACEMENT_3D('',#10731,#8366,#8367);
#7262=AXIS2_PLACEMENT_3D('',#10734,#8368,#8369);
#7263=AXIS2_PLACEMENT_3D('',#10738,#8371,#8372);
#7264=AXIS2_PLACEMENT_3D('',#10740,#8374,#8375);
#7265=AXIS2_PLACEMENT_3D('',#10742,#8376,#8377);
#7266=AXIS2_PLACEMENT_3D('',#10745,#8379,#8380);
#7267=AXIS2_PLACEMENT_3D('',#10746,#8381,#8382);
#7268=AXIS2_PLACEMENT_3D('',#10749,#8383,#8384);
#7269=AXIS2_PLACEMENT_3D('',#10753,#8386,#8387);
#7270=AXIS2_PLACEMENT_3D('',#10755,#8389,#8390);
#7271=AXIS2_PLACEMENT_3D('',#10757,#8391,#8392);
#7272=AXIS2_PLACEMENT_3D('',#10760,#8394,#8395);
#7273=AXIS2_PLACEMENT_3D('',#10761,#8396,#8397);
#7274=AXIS2_PLACEMENT_3D('',#10764,#8398,#8399);
#7275=AXIS2_PLACEMENT_3D('',#10768,#8401,#8402);
#7276=AXIS2_PLACEMENT_3D('',#10770,#8404,#8405);
#7277=AXIS2_PLACEMENT_3D('',#10772,#8406,#8407);
#7278=AXIS2_PLACEMENT_3D('',#10775,#8409,#8410);
#7279=AXIS2_PLACEMENT_3D('',#10776,#8411,#8412);
#7280=AXIS2_PLACEMENT_3D('',#10779,#8413,#8414);
#7281=AXIS2_PLACEMENT_3D('',#10783,#8416,#8417);
#7282=AXIS2_PLACEMENT_3D('',#10785,#8419,#8420);
#7283=AXIS2_PLACEMENT_3D('',#10787,#8421,#8422);
#7284=AXIS2_PLACEMENT_3D('',#10790,#8424,#8425);
#7285=AXIS2_PLACEMENT_3D('',#10791,#8426,#8427);
#7286=AXIS2_PLACEMENT_3D('',#10792,#8428,#8429);
#7287=AXIS2_PLACEMENT_3D('',#10794,#8430,#8431);
#7288=AXIS2_PLACEMENT_3D('',#10796,#8432,#8433);
#7289=AXIS2_PLACEMENT_3D('',#10798,#8434,#8435);
#7290=AXIS2_PLACEMENT_3D('',#10800,#8436,#8437);
#7291=AXIS2_PLACEMENT_3D('',#10802,#8438,#8439);
#7292=AXIS2_PLACEMENT_3D('',#10804,#8440,#8441);
#7293=AXIS2_PLACEMENT_3D('',#10806,#8442,#8443);
#7294=AXIS2_PLACEMENT_3D('',#10808,#8444,#8445);
#7295=AXIS2_PLACEMENT_3D('',#10810,#8446,#8447);
#7296=AXIS2_PLACEMENT_3D('',#10812,#8448,#8449);
#7297=AXIS2_PLACEMENT_3D('',#10814,#8450,#8451);
#7298=AXIS2_PLACEMENT_3D('',#10816,#8452,#8453);
#7299=AXIS2_PLACEMENT_3D('',#10818,#8454,#8455);
#7300=AXIS2_PLACEMENT_3D('',#10820,#8456,#8457);
#7301=AXIS2_PLACEMENT_3D('',#10822,#8458,#8459);
#7302=AXIS2_PLACEMENT_3D('',#10824,#8460,#8461);
#7303=AXIS2_PLACEMENT_3D('',#10826,#8462,#8463);
#7304=AXIS2_PLACEMENT_3D('',#10828,#8464,#8465);
#7305=AXIS2_PLACEMENT_3D('',#10830,#8466,#8467);
#7306=AXIS2_PLACEMENT_3D('',#10832,#8468,#8469);
#7307=AXIS2_PLACEMENT_3D('',#10834,#8470,#8471);
#7308=AXIS2_PLACEMENT_3D('',#10836,#8472,#8473);
#7309=AXIS2_PLACEMENT_3D('',#10838,#8474,#8475);
#7310=AXIS2_PLACEMENT_3D('',#10840,#8476,#8477);
#7311=AXIS2_PLACEMENT_3D('',#10842,#8478,#8479);
#7312=AXIS2_PLACEMENT_3D('',#10844,#8480,#8481);
#7313=AXIS2_PLACEMENT_3D('',#10846,#8482,#8483);
#7314=AXIS2_PLACEMENT_3D('',#10848,#8484,#8485);
#7315=AXIS2_PLACEMENT_3D('',#10850,#8486,#8487);
#7316=AXIS2_PLACEMENT_3D('',#10852,#8488,#8489);
#7317=AXIS2_PLACEMENT_3D('',#10854,#8490,#8491);
#7318=AXIS2_PLACEMENT_3D('',#10856,#8492,#8493);
#7319=AXIS2_PLACEMENT_3D('',#10858,#8494,#8495);
#7320=AXIS2_PLACEMENT_3D('',#10860,#8496,#8497);
#7321=AXIS2_PLACEMENT_3D('',#10862,#8498,#8499);
#7322=AXIS2_PLACEMENT_3D('',#10864,#8500,#8501);
#7323=AXIS2_PLACEMENT_3D('',#10865,#8502,#8503);
#7324=AXIS2_PLACEMENT_3D('',#10866,#8504,#8505);
#7325=AXIS2_PLACEMENT_3D('',#10867,#8506,#8507);
#7326=AXIS2_PLACEMENT_3D('',#10868,#8508,#8509);
#7327=AXIS2_PLACEMENT_3D('',#10869,#8510,#8511);
#7328=AXIS2_PLACEMENT_3D('',#10870,#8512,#8513);
#7329=AXIS2_PLACEMENT_3D('',#10871,#8514,#8515);
#7330=AXIS2_PLACEMENT_3D('',#10872,#8516,#8517);
#7331=AXIS2_PLACEMENT_3D('',#10873,#8518,#8519);
#7332=AXIS2_PLACEMENT_3D('',#10874,#8520,#8521);
#7333=AXIS2_PLACEMENT_3D('',#10875,#8522,#8523);
#7334=AXIS2_PLACEMENT_3D('',#10876,#8524,#8525);
#7335=AXIS2_PLACEMENT_3D('',#10877,#8526,#8527);
#7336=AXIS2_PLACEMENT_3D('',#10878,#8528,#8529);
#7337=AXIS2_PLACEMENT_3D('',#10879,#8530,#8531);
#7338=AXIS2_PLACEMENT_3D('',#10880,#8532,#8533);
#7339=AXIS2_PLACEMENT_3D('',#10881,#8534,#8535);
#7340=AXIS2_PLACEMENT_3D('',#10883,#8536,#8537);
#7341=AXIS2_PLACEMENT_3D('',#10885,#8538,#8539);
#7342=AXIS2_PLACEMENT_3D('',#10887,#8540,#8541);
#7343=AXIS2_PLACEMENT_3D('',#10889,#8542,#8543);
#7344=AXIS2_PLACEMENT_3D('',#10891,#8544,#8545);
#7345=AXIS2_PLACEMENT_3D('',#10893,#8546,#8547);
#7346=AXIS2_PLACEMENT_3D('',#10895,#8548,#8549);
#7347=AXIS2_PLACEMENT_3D('',#10897,#8550,#8551);
#7348=AXIS2_PLACEMENT_3D('',#10899,#8552,#8553);
#7349=AXIS2_PLACEMENT_3D('',#10901,#8554,#8555);
#7350=AXIS2_PLACEMENT_3D('',#10903,#8556,#8557);
#7351=AXIS2_PLACEMENT_3D('',#10905,#8558,#8559);
#7352=AXIS2_PLACEMENT_3D('',#10907,#8560,#8561);
#7353=AXIS2_PLACEMENT_3D('',#10909,#8562,#8563);
#7354=AXIS2_PLACEMENT_3D('',#10911,#8564,#8565);
#7355=AXIS2_PLACEMENT_3D('',#10913,#8566,#8567);
#7356=AXIS2_PLACEMENT_3D('',#10915,#8568,#8569);
#7357=AXIS2_PLACEMENT_3D('',#10917,#8570,#8571);
#7358=AXIS2_PLACEMENT_3D('',#10919,#8572,#8573);
#7359=AXIS2_PLACEMENT_3D('',#10921,#8574,#8575);
#7360=AXIS2_PLACEMENT_3D('',#10923,#8576,#8577);
#7361=AXIS2_PLACEMENT_3D('',#10925,#8578,#8579);
#7362=AXIS2_PLACEMENT_3D('',#10927,#8580,#8581);
#7363=AXIS2_PLACEMENT_3D('',#10929,#8582,#8583);
#7364=AXIS2_PLACEMENT_3D('',#10931,#8584,#8585);
#7365=AXIS2_PLACEMENT_3D('',#10933,#8586,#8587);
#7366=AXIS2_PLACEMENT_3D('',#10935,#8588,#8589);
#7367=AXIS2_PLACEMENT_3D('',#10937,#8590,#8591);
#7368=AXIS2_PLACEMENT_3D('',#10939,#8592,#8593);
#7369=AXIS2_PLACEMENT_3D('',#10941,#8594,#8595);
#7370=AXIS2_PLACEMENT_3D('',#10943,#8596,#8597);
#7371=AXIS2_PLACEMENT_3D('',#10945,#8598,#8599);
#7372=AXIS2_PLACEMENT_3D('',#10947,#8600,#8601);
#7373=AXIS2_PLACEMENT_3D('',#10949,#8602,#8603);
#7374=AXIS2_PLACEMENT_3D('',#10951,#8604,#8605);
#7375=AXIS2_PLACEMENT_3D('',#10953,#8606,#8607);
#7376=AXIS2_PLACEMENT_3D('',#10955,#8608,#8609);
#7377=AXIS2_PLACEMENT_3D('',#10957,#8610,#8611);
#7378=AXIS2_PLACEMENT_3D('',#10959,#8612,#8613);
#7379=AXIS2_PLACEMENT_3D('',#10961,#8614,#8615);
#7380=AXIS2_PLACEMENT_3D('',#10963,#8616,#8617);
#7381=AXIS2_PLACEMENT_3D('',#10965,#8618,#8619);
#7382=AXIS2_PLACEMENT_3D('',#10967,#8620,#8621);
#7383=AXIS2_PLACEMENT_3D('',#10969,#8622,#8623);
#7384=AXIS2_PLACEMENT_3D('',#10971,#8624,#8625);
#7385=AXIS2_PLACEMENT_3D('',#10973,#8626,#8627);
#7386=AXIS2_PLACEMENT_3D('',#10975,#8628,#8629);
#7387=AXIS2_PLACEMENT_3D('',#10977,#8630,#8631);
#7388=AXIS2_PLACEMENT_3D('',#10979,#8632,#8633);
#7389=AXIS2_PLACEMENT_3D('',#10981,#8634,#8635);
#7390=AXIS2_PLACEMENT_3D('',#10983,#8636,#8637);
#7391=AXIS2_PLACEMENT_3D('',#10985,#8638,#8639);
#7392=AXIS2_PLACEMENT_3D('',#10987,#8640,#8641);
#7393=AXIS2_PLACEMENT_3D('',#10989,#8642,#8643);
#7394=AXIS2_PLACEMENT_3D('',#10991,#8644,#8645);
#7395=AXIS2_PLACEMENT_3D('',#10993,#8646,#8647);
#7396=AXIS2_PLACEMENT_3D('',#10995,#8648,#8649);
#7397=AXIS2_PLACEMENT_3D('',#10997,#8650,#8651);
#7398=AXIS2_PLACEMENT_3D('',#10999,#8652,#8653);
#7399=AXIS2_PLACEMENT_3D('',#11001,#8654,#8655);
#7400=AXIS2_PLACEMENT_3D('',#11003,#8656,#8657);
#7401=AXIS2_PLACEMENT_3D('',#11005,#8658,#8659);
#7402=AXIS2_PLACEMENT_3D('',#11007,#8660,#8661);
#7403=AXIS2_PLACEMENT_3D('',#11009,#8662,#8663);
#7404=AXIS2_PLACEMENT_3D('',#11010,#8664,#8665);
#7405=AXIS2_PLACEMENT_3D('',#11014,#8667,#8668);
#7406=AXIS2_PLACEMENT_3D('',#11016,#8670,#8671);
#7407=AXIS2_PLACEMENT_3D('',#11020,#8673,#8674);
#7408=AXIS2_PLACEMENT_3D('',#11022,#8676,#8677);
#7409=AXIS2_PLACEMENT_3D('',#11026,#8679,#8680);
#7410=AXIS2_PLACEMENT_3D('',#11028,#8682,#8683);
#7411=AXIS2_PLACEMENT_3D('',#11032,#8685,#8686);
#7412=AXIS2_PLACEMENT_3D('',#11034,#8688,#8689);
#7413=AXIS2_PLACEMENT_3D('',#11038,#8691,#8692);
#7414=AXIS2_PLACEMENT_3D('',#11040,#8694,#8695);
#7415=AXIS2_PLACEMENT_3D('',#11044,#8697,#8698);
#7416=AXIS2_PLACEMENT_3D('',#11046,#8700,#8701);
#7417=AXIS2_PLACEMENT_3D('',#11050,#8703,#8704);
#7418=AXIS2_PLACEMENT_3D('',#11052,#8706,#8707);
#7419=AXIS2_PLACEMENT_3D('',#11056,#8709,#8710);
#7420=AXIS2_PLACEMENT_3D('',#11058,#8712,#8713);
#7421=AXIS2_PLACEMENT_3D('',#11062,#8715,#8716);
#7422=AXIS2_PLACEMENT_3D('',#11064,#8718,#8719);
#7423=AXIS2_PLACEMENT_3D('',#11067,#8720,#8721);
#7424=AXIS2_PLACEMENT_3D('',#11070,#8724,#8725);
#7425=AXIS2_PLACEMENT_3D('',#11073,#8726,#8727);
#7426=AXIS2_PLACEMENT_3D('',#11076,#8730,#8731);
#7427=AXIS2_PLACEMENT_3D('',#11079,#8732,#8733);
#7428=AXIS2_PLACEMENT_3D('',#11082,#8736,#8737);
#7429=AXIS2_PLACEMENT_3D('',#11085,#8738,#8739);
#7430=AXIS2_PLACEMENT_3D('',#11088,#8742,#8743);
#7431=AXIS2_PLACEMENT_3D('',#11091,#8744,#8745);
#7432=AXIS2_PLACEMENT_3D('',#11094,#8748,#8749);
#7433=AXIS2_PLACEMENT_3D('',#11097,#8750,#8751);
#7434=AXIS2_PLACEMENT_3D('',#11100,#8754,#8755);
#7435=AXIS2_PLACEMENT_3D('',#11103,#8756,#8757);
#7436=AXIS2_PLACEMENT_3D('',#11106,#8760,#8761);
#7437=AXIS2_PLACEMENT_3D('',#11109,#8762,#8763);
#7438=AXIS2_PLACEMENT_3D('',#11112,#8766,#8767);
#7439=AXIS2_PLACEMENT_3D('',#11115,#8768,#8769);
#7440=AXIS2_PLACEMENT_3D('',#11118,#8772,#8773);
#7441=AXIS2_PLACEMENT_3D('',#11119,#8774,#8775);
#7442=AXIS2_PLACEMENT_3D('',#11120,#8776,#8777);
#7443=AXIS2_PLACEMENT_3D('',#11121,#8778,#8779);
#7444=AXIS2_PLACEMENT_3D('',#11122,#8780,#8781);
#7445=AXIS2_PLACEMENT_3D('',#11123,#8782,#8783);
#7446=AXIS2_PLACEMENT_3D('',#11124,#8784,#8785);
#7447=AXIS2_PLACEMENT_3D('',#11125,#8786,#8787);
#7448=AXIS2_PLACEMENT_3D('',#11126,#8788,#8789);
#7449=AXIS2_PLACEMENT_3D('',#11127,#8790,#8791);
#7450=AXIS2_PLACEMENT_3D('',#11128,#8792,#8793);
#7451=AXIS2_PLACEMENT_3D('',#11129,#8794,#8795);
#7452=AXIS2_PLACEMENT_3D('',#11130,#8796,#8797);
#7453=AXIS2_PLACEMENT_3D('',#11131,#8798,#8799);
#7454=AXIS2_PLACEMENT_3D('',#11132,#8800,#8801);
#7455=AXIS2_PLACEMENT_3D('',#11133,#8802,#8803);
#7456=AXIS2_PLACEMENT_3D('',#11134,#8804,#8805);
#7457=AXIS2_PLACEMENT_3D('',#11135,#8806,#8807);
#7458=AXIS2_PLACEMENT_3D('',#11136,#8808,#8809);
#7459=AXIS2_PLACEMENT_3D('',#11137,#8810,#8811);
#7460=AXIS2_PLACEMENT_3D('',#11138,#8812,#8813);
#7461=AXIS2_PLACEMENT_3D('',#11139,#8814,#8815);
#7462=AXIS2_PLACEMENT_3D('',#11140,#8816,#8817);
#7463=AXIS2_PLACEMENT_3D('',#11142,#8818,#8819);
#7464=AXIS2_PLACEMENT_3D('',#11144,#8821,#8822);
#7465=AXIS2_PLACEMENT_3D('',#11146,#8823,#8824);
#7466=AXIS2_PLACEMENT_3D('',#11148,#8826,#8827);
#7467=AXIS2_PLACEMENT_3D('',#11150,#8828,#8829);
#7468=AXIS2_PLACEMENT_3D('',#11152,#8831,#8832);
#7469=AXIS2_PLACEMENT_3D('',#11154,#8833,#8834);
#7470=AXIS2_PLACEMENT_3D('',#11156,#8836,#8837);
#7471=AXIS2_PLACEMENT_3D('',#11158,#8838,#8839);
#7472=AXIS2_PLACEMENT_3D('',#11160,#8841,#8842);
#7473=AXIS2_PLACEMENT_3D('',#11162,#8843,#8844);
#7474=AXIS2_PLACEMENT_3D('',#11164,#8846,#8847);
#7475=AXIS2_PLACEMENT_3D('',#11166,#8848,#8849);
#7476=AXIS2_PLACEMENT_3D('',#11168,#8851,#8852);
#7477=AXIS2_PLACEMENT_3D('',#11170,#8853,#8854);
#7478=AXIS2_PLACEMENT_3D('',#11172,#8856,#8857);
#7479=AXIS2_PLACEMENT_3D('',#11173,#8858,#8859);
#7480=AXIS2_PLACEMENT_3D('',#11174,#8860,#8861);
#7481=AXIS2_PLACEMENT_3D('',#11175,#8862,#8863);
#7482=AXIS2_PLACEMENT_3D('',#11176,#8864,#8865);
#7483=AXIS2_PLACEMENT_3D('',#11178,#8866,#8867);
#7484=AXIS2_PLACEMENT_3D('',#11180,#8869,#8870);
#7485=AXIS2_PLACEMENT_3D('',#11182,#8871,#8872);
#7486=AXIS2_PLACEMENT_3D('',#11184,#8874,#8875);
#7487=AXIS2_PLACEMENT_3D('',#11186,#8876,#8877);
#7488=AXIS2_PLACEMENT_3D('',#11188,#8879,#8880);
#7489=AXIS2_PLACEMENT_3D('',#11190,#8881,#8882);
#7490=AXIS2_PLACEMENT_3D('',#11192,#8884,#8885);
#7491=AXIS2_PLACEMENT_3D('',#11194,#8886,#8887);
#7492=AXIS2_PLACEMENT_3D('',#11196,#8889,#8890);
#7493=AXIS2_PLACEMENT_3D('',#11198,#8891,#8892);
#7494=AXIS2_PLACEMENT_3D('',#11200,#8894,#8895);
#7495=AXIS2_PLACEMENT_3D('',#11202,#8896,#8897);
#7496=AXIS2_PLACEMENT_3D('',#11204,#8899,#8900);
#7497=AXIS2_PLACEMENT_3D('',#11206,#8901,#8902);
#7498=AXIS2_PLACEMENT_3D('',#11208,#8904,#8905);
#7499=AXIS2_PLACEMENT_3D('',#11209,#8906,#8907);
#7500=AXIS2_PLACEMENT_3D('',#11210,#8908,#8909);
#7501=AXIS2_PLACEMENT_3D('',#11211,#8910,#8911);
#7502=AXIS2_PLACEMENT_3D('',#11212,#8912,#8913);
#7503=AXIS2_PLACEMENT_3D('',#11214,#8914,#8915);
#7504=AXIS2_PLACEMENT_3D('',#11216,#8917,#8918);
#7505=AXIS2_PLACEMENT_3D('',#11218,#8919,#8920);
#7506=AXIS2_PLACEMENT_3D('',#11220,#8922,#8923);
#7507=AXIS2_PLACEMENT_3D('',#11222,#8924,#8925);
#7508=AXIS2_PLACEMENT_3D('',#11224,#8927,#8928);
#7509=AXIS2_PLACEMENT_3D('',#11226,#8929,#8930);
#7510=AXIS2_PLACEMENT_3D('',#11228,#8932,#8933);
#7511=AXIS2_PLACEMENT_3D('',#11230,#8934,#8935);
#7512=AXIS2_PLACEMENT_3D('',#11232,#8937,#8938);
#7513=AXIS2_PLACEMENT_3D('',#11234,#8939,#8940);
#7514=AXIS2_PLACEMENT_3D('',#11236,#8942,#8943);
#7515=AXIS2_PLACEMENT_3D('',#11238,#8944,#8945);
#7516=AXIS2_PLACEMENT_3D('',#11240,#8947,#8948);
#7517=AXIS2_PLACEMENT_3D('',#11242,#8949,#8950);
#7518=AXIS2_PLACEMENT_3D('',#11244,#8952,#8953);
#7519=AXIS2_PLACEMENT_3D('',#11245,#8954,#8955);
#7520=AXIS2_PLACEMENT_3D('',#11246,#8956,#8957);
#7521=AXIS2_PLACEMENT_3D('',#11247,#8958,#8959);
#7522=AXIS2_PLACEMENT_3D('',#11248,#8960,#8961);
#7523=AXIS2_PLACEMENT_3D('',#11250,#8962,#8963);
#7524=AXIS2_PLACEMENT_3D('',#11252,#8965,#8966);
#7525=AXIS2_PLACEMENT_3D('',#11254,#8967,#8968);
#7526=AXIS2_PLACEMENT_3D('',#11256,#8970,#8971);
#7527=AXIS2_PLACEMENT_3D('',#11258,#8972,#8973);
#7528=AXIS2_PLACEMENT_3D('',#11260,#8975,#8976);
#7529=AXIS2_PLACEMENT_3D('',#11261,#8977,#8978);
#7530=AXIS2_PLACEMENT_3D('',#11262,#8979,#8980);
#7531=AXIS2_PLACEMENT_3D('',#11264,#8981,#8982);
#7532=AXIS2_PLACEMENT_3D('',#11266,#8984,#8985);
#7533=AXIS2_PLACEMENT_3D('',#11267,#8986,#8987);
#7534=AXIS2_PLACEMENT_3D('',#11268,#8988,#8989);
#7535=AXIS2_PLACEMENT_3D('',#11270,#8990,#8991);
#7536=AXIS2_PLACEMENT_3D('',#11272,#8993,#8994);
#7537=AXIS2_PLACEMENT_3D('',#11273,#8995,#8996);
#7538=AXIS2_PLACEMENT_3D('',#11274,#8997,#8998);
#7539=AXIS2_PLACEMENT_3D('',#11276,#8999,#9000);
#7540=AXIS2_PLACEMENT_3D('',#11278,#9002,#9003);
#7541=AXIS2_PLACEMENT_3D('',#11279,#9004,#9005);
#7542=AXIS2_PLACEMENT_3D('',#11280,#9006,#9007);
#7543=AXIS2_PLACEMENT_3D('',#11282,#9008,#9009);
#7544=AXIS2_PLACEMENT_3D('',#11284,#9011,#9012);
#7545=AXIS2_PLACEMENT_3D('',#11286,#9013,#9014);
#7546=AXIS2_PLACEMENT_3D('',#11288,#9016,#9017);
#7547=AXIS2_PLACEMENT_3D('',#11290,#9018,#9019);
#7548=AXIS2_PLACEMENT_3D('',#11292,#9021,#9022);
#7549=AXIS2_PLACEMENT_3D('',#11294,#9023,#9024);
#7550=AXIS2_PLACEMENT_3D('',#11296,#9026,#9027);
#7551=AXIS2_PLACEMENT_3D('',#11298,#9028,#9029);
#7552=AXIS2_PLACEMENT_3D('',#11300,#9031,#9032);
#7553=AXIS2_PLACEMENT_3D('',#11301,#9033,#9034);
#7554=AXIS2_PLACEMENT_3D('',#11302,#9035,#9036);
#7555=AXIS2_PLACEMENT_3D('',#11304,#9037,#9038);
#7556=AXIS2_PLACEMENT_3D('',#11306,#9040,#9041);
#7557=AXIS2_PLACEMENT_3D('',#11307,#9042,#9043);
#7558=AXIS2_PLACEMENT_3D('',#11308,#9044,#9045);
#7559=AXIS2_PLACEMENT_3D('',#11310,#9046,#9047);
#7560=AXIS2_PLACEMENT_3D('',#11312,#9049,#9050);
#7561=AXIS2_PLACEMENT_3D('',#11313,#9051,#9052);
#7562=AXIS2_PLACEMENT_3D('',#11314,#9053,#9054);
#7563=AXIS2_PLACEMENT_3D('',#11315,#9055,#9056);
#7564=AXIS2_PLACEMENT_3D('',#11316,#9057,#9058);
#7565=AXIS2_PLACEMENT_3D('',#11318,#9059,#9060);
#7566=AXIS2_PLACEMENT_3D('',#11320,#9062,#9063);
#7567=AXIS2_PLACEMENT_3D('',#11322,#9064,#9065);
#7568=AXIS2_PLACEMENT_3D('',#11324,#9067,#9068);
#7569=AXIS2_PLACEMENT_3D('',#11325,#9069,#9070);
#7570=AXIS2_PLACEMENT_3D('',#11326,#9071,#9072);
#7571=AXIS2_PLACEMENT_3D('',#11328,#9073,#9074);
#7572=AXIS2_PLACEMENT_3D('',#11330,#9076,#9077);
#7573=AXIS2_PLACEMENT_3D('',#11332,#9078,#9079);
#7574=AXIS2_PLACEMENT_3D('',#11334,#9081,#9082);
#7575=AXIS2_PLACEMENT_3D('',#11336,#9083,#9084);
#7576=AXIS2_PLACEMENT_3D('',#11338,#9086,#9087);
#7577=AXIS2_PLACEMENT_3D('',#11340,#9088,#9089);
#7578=AXIS2_PLACEMENT_3D('',#11342,#9091,#9092);
#7579=AXIS2_PLACEMENT_3D('',#11344,#9093,#9094);
#7580=AXIS2_PLACEMENT_3D('',#11346,#9096,#9097);
#7581=AXIS2_PLACEMENT_3D('',#11347,#9098,#9099);
#7582=AXIS2_PLACEMENT_3D('',#11348,#9100,#9101);
#7583=AXIS2_PLACEMENT_3D('',#11349,#9102,#9103);
#7584=AXIS2_PLACEMENT_3D('',#11350,#9104,#9105);
#7585=AXIS2_PLACEMENT_3D('',#11352,#9106,#9107);
#7586=AXIS2_PLACEMENT_3D('',#11354,#9109,#9110);
#7587=AXIS2_PLACEMENT_3D('',#11356,#9111,#9112);
#7588=AXIS2_PLACEMENT_3D('',#11358,#9114,#9115);
#7589=AXIS2_PLACEMENT_3D('',#11360,#9116,#9117);
#7590=AXIS2_PLACEMENT_3D('',#11362,#9119,#9120);
#7591=AXIS2_PLACEMENT_3D('',#11364,#9121,#9122);
#7592=AXIS2_PLACEMENT_3D('',#11366,#9124,#9125);
#7593=AXIS2_PLACEMENT_3D('',#11368,#9126,#9127);
#7594=AXIS2_PLACEMENT_3D('',#11370,#9129,#9130);
#7595=AXIS2_PLACEMENT_3D('',#11372,#9131,#9132);
#7596=AXIS2_PLACEMENT_3D('',#11374,#9134,#9135);
#7597=AXIS2_PLACEMENT_3D('',#11376,#9136,#9137);
#7598=AXIS2_PLACEMENT_3D('',#11378,#9139,#9140);
#7599=AXIS2_PLACEMENT_3D('',#11380,#9141,#9142);
#7600=AXIS2_PLACEMENT_3D('',#11382,#9144,#9145);
#7601=AXIS2_PLACEMENT_3D('',#11384,#9146,#9147);
#7602=AXIS2_PLACEMENT_3D('',#11386,#9149,#9150);
#7603=AXIS2_PLACEMENT_3D('',#11388,#9151,#9152);
#7604=AXIS2_PLACEMENT_3D('',#11390,#9154,#9155);
#7605=AXIS2_PLACEMENT_3D('',#11392,#9156,#9157);
#7606=AXIS2_PLACEMENT_3D('',#11394,#9159,#9160);
#7607=AXIS2_PLACEMENT_3D('',#11396,#9161,#9162);
#7608=AXIS2_PLACEMENT_3D('',#11398,#9164,#9165);
#7609=AXIS2_PLACEMENT_3D('',#11399,#9166,#9167);
#7610=AXIS2_PLACEMENT_3D('',#11400,#9168,#9169);
#7611=AXIS2_PLACEMENT_3D('',#11401,#9170,#9171);
#7612=AXIS2_PLACEMENT_3D('',#11402,#9172,#9173);
#7613=AXIS2_PLACEMENT_3D('',#11404,#9174,#9175);
#7614=AXIS2_PLACEMENT_3D('',#11406,#9177,#9178);
#7615=AXIS2_PLACEMENT_3D('',#11407,#9179,#9180);
#7616=AXIS2_PLACEMENT_3D('',#11408,#9181,#9182);
#7617=AXIS2_PLACEMENT_3D('',#11410,#9183,#9184);
#7618=AXIS2_PLACEMENT_3D('',#11412,#9186,#9187);
#7619=AXIS2_PLACEMENT_3D('',#11413,#9188,#9189);
#7620=AXIS2_PLACEMENT_3D('',#11414,#9190,#9191);
#7621=AXIS2_PLACEMENT_3D('',#11416,#9192,#9193);
#7622=AXIS2_PLACEMENT_3D('',#11418,#9195,#9196);
#7623=AXIS2_PLACEMENT_3D('',#11419,#9197,#9198);
#7624=AXIS2_PLACEMENT_3D('',#11420,#9199,#9200);
#7625=AXIS2_PLACEMENT_3D('',#11422,#9201,#9202);
#7626=AXIS2_PLACEMENT_3D('',#11424,#9204,#9205);
#7627=AXIS2_PLACEMENT_3D('',#11425,#9206,#9207);
#7628=AXIS2_PLACEMENT_3D('',#11426,#9208,#9209);
#7629=AXIS2_PLACEMENT_3D('',#11428,#9210,#9211);
#7630=AXIS2_PLACEMENT_3D('',#11430,#9213,#9214);
#7631=AXIS2_PLACEMENT_3D('',#11431,#9215,#9216);
#7632=AXIS2_PLACEMENT_3D('',#11432,#9217,#9218);
#7633=AXIS2_PLACEMENT_3D('',#11433,#9219,#9220);
#7634=AXIS2_PLACEMENT_3D('',#11434,#9221,#9222);
#7635=AXIS2_PLACEMENT_3D('',#11436,#9223,#9224);
#7636=AXIS2_PLACEMENT_3D('',#11438,#9226,#9227);
#7637=AXIS2_PLACEMENT_3D('',#11440,#9228,#9229);
#7638=AXIS2_PLACEMENT_3D('',#11442,#9231,#9232);
#7639=AXIS2_PLACEMENT_3D('',#11444,#9233,#9234);
#7640=AXIS2_PLACEMENT_3D('',#11446,#9236,#9237);
#7641=AXIS2_PLACEMENT_3D('',#11448,#9238,#9239);
#7642=AXIS2_PLACEMENT_3D('',#11449,#9240,#9241);
#7643=AXIS2_PLACEMENT_3D('',#11451,#9242,#9243);
#7644=AXIS2_PLACEMENT_3D('',#11452,#9244,#9245);
#7645=AXIS2_PLACEMENT_3D('',#11454,#9246,#9247);
#7646=AXIS2_PLACEMENT_3D('',#11455,#9248,#9249);
#7647=AXIS2_PLACEMENT_3D('',#11457,#9250,#9251);
#7648=AXIS2_PLACEMENT_3D('',#11458,#9252,#9253);
#7649=AXIS2_PLACEMENT_3D('',#11460,#9254,#9255);
#7650=AXIS2_PLACEMENT_3D('',#11461,#9256,#9257);
#7651=AXIS2_PLACEMENT_3D('',#11463,#9258,#9259);
#7652=AXIS2_PLACEMENT_3D('',#11464,#9260,#9261);
#7653=AXIS2_PLACEMENT_3D('',#11466,#9262,#9263);
#7654=AXIS2_PLACEMENT_3D('',#11467,#9264,#9265);
#7655=AXIS2_PLACEMENT_3D('',#11469,#9266,#9267);
#7656=AXIS2_PLACEMENT_3D('',#11470,#9268,#9269);
#7657=AXIS2_PLACEMENT_3D('',#11472,#9270,#9271);
#7658=AXIS2_PLACEMENT_3D('',#11473,#9272,#9273);
#7659=AXIS2_PLACEMENT_3D('',#11475,#9274,#9275);
#7660=AXIS2_PLACEMENT_3D('',#11476,#9276,#9277);
#7661=AXIS2_PLACEMENT_3D('',#11478,#9278,#9279);
#7662=AXIS2_PLACEMENT_3D('',#11479,#9280,#9281);
#7663=AXIS2_PLACEMENT_3D('',#11481,#9282,#9283);
#7664=AXIS2_PLACEMENT_3D('',#11482,#9284,#9285);
#7665=AXIS2_PLACEMENT_3D('',#11484,#9286,#9287);
#7666=AXIS2_PLACEMENT_3D('',#11485,#9288,#9289);
#7667=AXIS2_PLACEMENT_3D('',#11487,#9290,#9291);
#7668=AXIS2_PLACEMENT_3D('',#11488,#9292,#9293);
#7669=AXIS2_PLACEMENT_3D('',#11490,#9294,#9295);
#7670=AXIS2_PLACEMENT_3D('',#11491,#9296,#9297);
#7671=AXIS2_PLACEMENT_3D('',#11493,#9298,#9299);
#7672=AXIS2_PLACEMENT_3D('',#11494,#9300,#9301);
#7673=AXIS2_PLACEMENT_3D('',#11496,#9302,#9303);
#7674=AXIS2_PLACEMENT_3D('',#11497,#9304,#9305);
#7675=AXIS2_PLACEMENT_3D('',#11499,#9306,#9307);
#7676=AXIS2_PLACEMENT_3D('',#11500,#9308,#9309);
#7677=AXIS2_PLACEMENT_3D('',#11502,#9310,#9311);
#7678=AXIS2_PLACEMENT_3D('',#11503,#9312,#9313);
#7679=AXIS2_PLACEMENT_3D('',#11505,#9314,#9315);
#7680=AXIS2_PLACEMENT_3D('',#11506,#9316,#9317);
#7681=AXIS2_PLACEMENT_3D('',#11508,#9318,#9319);
#7682=AXIS2_PLACEMENT_3D('',#11509,#9320,#9321);
#7683=AXIS2_PLACEMENT_3D('',#11511,#9322,#9323);
#7684=AXIS2_PLACEMENT_3D('',#11512,#9324,#9325);
#7685=AXIS2_PLACEMENT_3D('',#11514,#9326,#9327);
#7686=AXIS2_PLACEMENT_3D('',#11515,#9328,#9329);
#7687=AXIS2_PLACEMENT_3D('',#11517,#9330,#9331);
#7688=AXIS2_PLACEMENT_3D('',#11518,#9332,#9333);
#7689=AXIS2_PLACEMENT_3D('',#11520,#9334,#9335);
#7690=AXIS2_PLACEMENT_3D('',#11521,#9336,#9337);
#7691=AXIS2_PLACEMENT_3D('',#11523,#9338,#9339);
#7692=AXIS2_PLACEMENT_3D('',#11524,#9340,#9341);
#7693=AXIS2_PLACEMENT_3D('',#11526,#9342,#9343);
#7694=AXIS2_PLACEMENT_3D('',#11527,#9344,#9345);
#7695=AXIS2_PLACEMENT_3D('',#11529,#9346,#9347);
#7696=AXIS2_PLACEMENT_3D('',#11530,#9348,#9349);
#7697=AXIS2_PLACEMENT_3D('',#11532,#9350,#9351);
#7698=AXIS2_PLACEMENT_3D('',#11533,#9352,#9353);
#7699=AXIS2_PLACEMENT_3D('',#11535,#9354,#9355);
#7700=AXIS2_PLACEMENT_3D('',#11536,#9356,#9357);
#7701=AXIS2_PLACEMENT_3D('',#11538,#9358,#9359);
#7702=AXIS2_PLACEMENT_3D('',#11539,#9360,#9361);
#7703=AXIS2_PLACEMENT_3D('',#11541,#9362,#9363);
#7704=AXIS2_PLACEMENT_3D('',#11542,#9364,#9365);
#7705=AXIS2_PLACEMENT_3D('',#11544,#9366,#9367);
#7706=AXIS2_PLACEMENT_3D('',#11545,#9368,#9369);
#7707=AXIS2_PLACEMENT_3D('',#11547,#9370,#9371);
#7708=AXIS2_PLACEMENT_3D('',#11548,#9372,#9373);
#7709=AXIS2_PLACEMENT_3D('',#11550,#9374,#9375);
#7710=AXIS2_PLACEMENT_3D('',#11551,#9376,#9377);
#7711=AXIS2_PLACEMENT_3D('',#11553,#9378,#9379);
#7712=AXIS2_PLACEMENT_3D('',#11554,#9380,#9381);
#7713=AXIS2_PLACEMENT_3D('',#11556,#9382,#9383);
#7714=AXIS2_PLACEMENT_3D('',#11557,#9384,#9385);
#7715=AXIS2_PLACEMENT_3D('',#11559,#9386,#9387);
#7716=AXIS2_PLACEMENT_3D('',#11560,#9388,#9389);
#7717=AXIS2_PLACEMENT_3D('',#11562,#9390,#9391);
#7718=AXIS2_PLACEMENT_3D('',#11563,#9392,#9393);
#7719=AXIS2_PLACEMENT_3D('',#11565,#9394,#9395);
#7720=AXIS2_PLACEMENT_3D('',#11566,#9396,#9397);
#7721=AXIS2_PLACEMENT_3D('',#11568,#9398,#9399);
#7722=AXIS2_PLACEMENT_3D('',#11569,#9400,#9401);
#7723=AXIS2_PLACEMENT_3D('',#11571,#9402,#9403);
#7724=AXIS2_PLACEMENT_3D('',#11572,#9404,#9405);
#7725=AXIS2_PLACEMENT_3D('',#11574,#9406,#9407);
#7726=AXIS2_PLACEMENT_3D('',#11575,#9408,#9409);
#7727=AXIS2_PLACEMENT_3D('',#11577,#9410,#9411);
#7728=AXIS2_PLACEMENT_3D('',#11578,#9412,#9413);
#7729=AXIS2_PLACEMENT_3D('',#11580,#9414,#9415);
#7730=AXIS2_PLACEMENT_3D('',#11581,#9416,#9417);
#7731=AXIS2_PLACEMENT_3D('',#11583,#9418,#9419);
#7732=AXIS2_PLACEMENT_3D('',#11584,#9420,#9421);
#7733=AXIS2_PLACEMENT_3D('',#11586,#9422,#9423);
#7734=AXIS2_PLACEMENT_3D('',#11587,#9424,#9425);
#7735=AXIS2_PLACEMENT_3D('',#11589,#9426,#9427);
#7736=AXIS2_PLACEMENT_3D('',#11590,#9428,#9429);
#7737=AXIS2_PLACEMENT_3D('',#11592,#9430,#9431);
#7738=AXIS2_PLACEMENT_3D('',#11593,#9432,#9433);
#7739=AXIS2_PLACEMENT_3D('',#11595,#9434,#9435);
#7740=AXIS2_PLACEMENT_3D('',#11596,#9436,#9437);
#7741=AXIS2_PLACEMENT_3D('',#11598,#9438,#9439);
#7742=AXIS2_PLACEMENT_3D('',#11599,#9440,#9441);
#7743=AXIS2_PLACEMENT_3D('',#11601,#9442,#9443);
#7744=AXIS2_PLACEMENT_3D('',#11602,#9444,#9445);
#7745=AXIS2_PLACEMENT_3D('',#11604,#9446,#9447);
#7746=AXIS2_PLACEMENT_3D('',#11605,#9448,#9449);
#7747=AXIS2_PLACEMENT_3D('',#11607,#9450,#9451);
#7748=AXIS2_PLACEMENT_3D('',#11608,#9452,#9453);
#7749=AXIS2_PLACEMENT_3D('',#11610,#9454,#9455);
#7750=AXIS2_PLACEMENT_3D('',#11611,#9456,#9457);
#7751=AXIS2_PLACEMENT_3D('',#11613,#9458,#9459);
#7752=AXIS2_PLACEMENT_3D('',#11614,#9460,#9461);
#7753=AXIS2_PLACEMENT_3D('',#11616,#9462,#9463);
#7754=AXIS2_PLACEMENT_3D('',#11617,#9464,#9465);
#7755=AXIS2_PLACEMENT_3D('',#11619,#9466,#9467);
#7756=AXIS2_PLACEMENT_3D('',#11620,#9468,#9469);
#7757=AXIS2_PLACEMENT_3D('',#11622,#9470,#9471);
#7758=AXIS2_PLACEMENT_3D('',#11623,#9472,#9473);
#7759=AXIS2_PLACEMENT_3D('',#11625,#9474,#9475);
#7760=AXIS2_PLACEMENT_3D('',#11626,#9476,#9477);
#7761=AXIS2_PLACEMENT_3D('',#11628,#9478,#9479);
#7762=AXIS2_PLACEMENT_3D('',#11629,#9480,#9481);
#7763=AXIS2_PLACEMENT_3D('',#11631,#9482,#9483);
#7764=AXIS2_PLACEMENT_3D('',#11632,#9484,#9485);
#7765=AXIS2_PLACEMENT_3D('',#11634,#9486,#9487);
#7766=AXIS2_PLACEMENT_3D('',#11635,#9488,#9489);
#7767=AXIS2_PLACEMENT_3D('',#11637,#9490,#9491);
#7768=AXIS2_PLACEMENT_3D('',#11638,#9492,#9493);
#7769=AXIS2_PLACEMENT_3D('',#11640,#9494,#9495);
#7770=AXIS2_PLACEMENT_3D('',#11642,#9497,#9498);
#7771=AXIS2_PLACEMENT_3D('',#11644,#9499,#9500);
#7772=AXIS2_PLACEMENT_3D('',#11646,#9502,#9503);
#7773=AXIS2_PLACEMENT_3D('',#11648,#9504,#9505);
#7774=AXIS2_PLACEMENT_3D('',#11650,#9507,#9508);
#7775=AXIS2_PLACEMENT_3D('',#11652,#9509,#9510);
#7776=AXIS2_PLACEMENT_3D('',#11655,#9512,#9513);
#7777=AXIS2_PLACEMENT_3D('',#11656,#9514,#9515);
#7778=AXIS2_PLACEMENT_3D('',#11658,#9516,#9517);
#7779=AXIS2_PLACEMENT_3D('',#11661,#9519,#9520);
#7780=AXIS2_PLACEMENT_3D('',#11662,#9521,#9522);
#7781=AXIS2_PLACEMENT_3D('',#11664,#9523,#9524);
#7782=AXIS2_PLACEMENT_3D('',#11666,#9526,#9527);
#7783=AXIS2_PLACEMENT_3D('',#11668,#9528,#9529);
#7784=AXIS2_PLACEMENT_3D('',#11671,#9531,#9532);
#7785=AXIS2_PLACEMENT_3D('',#11672,#9533,#9534);
#7786=AXIS2_PLACEMENT_3D('',#11674,#9535,#9536);
#7787=AXIS2_PLACEMENT_3D('',#11676,#9538,#9539);
#7788=AXIS2_PLACEMENT_3D('',#11678,#9540,#9541);
#7789=AXIS2_PLACEMENT_3D('',#11681,#9543,#9544);
#7790=AXIS2_PLACEMENT_3D('',#11682,#9545,#9546);
#7791=AXIS2_PLACEMENT_3D('',#11684,#9547,#9548);
#7792=AXIS2_PLACEMENT_3D('',#11686,#9550,#9551);
#7793=AXIS2_PLACEMENT_3D('',#11688,#9552,#9553);
#7794=AXIS2_PLACEMENT_3D('',#11691,#9555,#9556);
#7795=AXIS2_PLACEMENT_3D('',#11692,#9557,#9558);
#7796=AXIS2_PLACEMENT_3D('',#11694,#9559,#9560);
#7797=AXIS2_PLACEMENT_3D('',#11696,#9562,#9563);
#7798=AXIS2_PLACEMENT_3D('',#11698,#9564,#9565);
#7799=AXIS2_PLACEMENT_3D('',#11701,#9567,#9568);
#7800=AXIS2_PLACEMENT_3D('',#11702,#9569,#9570);
#7801=AXIS2_PLACEMENT_3D('',#11704,#9571,#9572);
#7802=AXIS2_PLACEMENT_3D('',#11706,#9574,#9575);
#7803=AXIS2_PLACEMENT_3D('',#11708,#9576,#9577);
#7804=AXIS2_PLACEMENT_3D('',#11711,#9579,#9580);
#7805=AXIS2_PLACEMENT_3D('',#11712,#9581,#9582);
#7806=AXIS2_PLACEMENT_3D('',#11714,#9583,#9584);
#7807=AXIS2_PLACEMENT_3D('',#11717,#9586,#9587);
#7808=AXIS2_PLACEMENT_3D('',#11718,#9588,#9589);
#7809=AXIS2_PLACEMENT_3D('',#11720,#9590,#9591);
#7810=AXIS2_PLACEMENT_3D('',#11722,#9593,#9594);
#7811=AXIS2_PLACEMENT_3D('',#11724,#9595,#9596);
#7812=AXIS2_PLACEMENT_3D('',#11726,#9598,#9599);
#7813=AXIS2_PLACEMENT_3D('',#11728,#9600,#9601);
#7814=AXIS2_PLACEMENT_3D('',#11730,#9603,#9604);
#7815=AXIS2_PLACEMENT_3D('',#11732,#9605,#9606);
#7816=AXIS2_PLACEMENT_3D('',#11734,#9608,#9609);
#7817=AXIS2_PLACEMENT_3D('',#11736,#9610,#9611);
#7818=AXIS2_PLACEMENT_3D('',#11738,#9613,#9614);
#7819=AXIS2_PLACEMENT_3D('',#11740,#9615,#9616);
#7820=AXIS2_PLACEMENT_3D('',#11742,#9618,#9619);
#7821=AXIS2_PLACEMENT_3D('',#11744,#9620,#9621);
#7822=AXIS2_PLACEMENT_3D('',#11746,#9623,#9624);
#7823=AXIS2_PLACEMENT_3D('',#11748,#9625,#9626);
#7824=AXIS2_PLACEMENT_3D('',#11750,#9628,#9629);
#7825=AXIS2_PLACEMENT_3D('',#11752,#9630,#9631);
#7826=AXIS2_PLACEMENT_3D('',#11754,#9633,#9634);
#7827=AXIS2_PLACEMENT_3D('',#11756,#9635,#9636);
#7828=AXIS2_PLACEMENT_3D('',#11758,#9638,#9639);
#7829=AXIS2_PLACEMENT_3D('',#11760,#9640,#9641);
#7830=AXIS2_PLACEMENT_3D('',#11762,#9643,#9644);
#7831=AXIS2_PLACEMENT_3D('',#11764,#9645,#9646);
#7832=AXIS2_PLACEMENT_3D('',#11766,#9648,#9649);
#7833=AXIS2_PLACEMENT_3D('',#11768,#9650,#9651);
#7834=AXIS2_PLACEMENT_3D('',#11771,#9653,#9654);
#7835=AXIS2_PLACEMENT_3D('',#11772,#9655,#9656);
#7836=AXIS2_PLACEMENT_3D('',#11774,#9657,#9658);
#7837=AXIS2_PLACEMENT_3D('',#11777,#9660,#9661);
#7838=AXIS2_PLACEMENT_3D('',#11778,#9662,#9663);
#7839=AXIS2_PLACEMENT_3D('',#11780,#9664,#9665);
#7840=AXIS2_PLACEMENT_3D('',#11782,#9667,#9668);
#7841=AXIS2_PLACEMENT_3D('',#11784,#9669,#9670);
#7842=AXIS2_PLACEMENT_3D('',#11786,#9672,#9673);
#7843=AXIS2_PLACEMENT_3D('',#11788,#9674,#9675);
#7844=AXIS2_PLACEMENT_3D('',#11790,#9677,#9678);
#7845=AXIS2_PLACEMENT_3D('',#11792,#9679,#9680);
#7846=AXIS2_PLACEMENT_3D('',#11794,#9682,#9683);
#7847=AXIS2_PLACEMENT_3D('',#11796,#9684,#9685);
#7848=AXIS2_PLACEMENT_3D('',#11798,#9687,#9688);
#7849=AXIS2_PLACEMENT_3D('',#11800,#9689,#9690);
#7850=AXIS2_PLACEMENT_3D('',#11803,#9692,#9693);
#7851=AXIS2_PLACEMENT_3D('',#11804,#9694,#9695);
#7852=AXIS2_PLACEMENT_3D('',#11806,#9696,#9697);
#7853=AXIS2_PLACEMENT_3D('',#11808,#9699,#9700);
#7854=AXIS2_PLACEMENT_3D('',#11810,#9701,#9702);
#7855=AXIS2_PLACEMENT_3D('',#11812,#9704,#9705);
#7856=AXIS2_PLACEMENT_3D('',#11814,#9706,#9707);
#7857=AXIS2_PLACEMENT_3D('',#11817,#9709,#9710);
#7858=AXIS2_PLACEMENT_3D('',#11818,#9711,#9712);
#7859=AXIS2_PLACEMENT_3D('',#11820,#9713,#9714);
#7860=AXIS2_PLACEMENT_3D('',#11823,#9716,#9717);
#7861=AXIS2_PLACEMENT_3D('',#11824,#9718,#9719);
#7862=AXIS2_PLACEMENT_3D('',#11826,#9720,#9721);
#7863=AXIS2_PLACEMENT_3D('',#11828,#9723,#9724);
#7864=AXIS2_PLACEMENT_3D('',#11830,#9725,#9726);
#7865=AXIS2_PLACEMENT_3D('',#11833,#9728,#9729);
#7866=AXIS2_PLACEMENT_3D('',#11834,#9730,#9731);
#7867=AXIS2_PLACEMENT_3D('',#11836,#9732,#9733);
#7868=AXIS2_PLACEMENT_3D('',#11838,#9735,#9736);
#7869=AXIS2_PLACEMENT_3D('',#11840,#9737,#9738);
#7870=AXIS2_PLACEMENT_3D('',#11843,#9740,#9741);
#7871=AXIS2_PLACEMENT_3D('',#11844,#9742,#9743);
#7872=AXIS2_PLACEMENT_3D('',#11846,#9744,#9745);
#7873=AXIS2_PLACEMENT_3D('',#11848,#9747,#9748);
#7874=AXIS2_PLACEMENT_3D('',#11850,#9749,#9750);
#7875=AXIS2_PLACEMENT_3D('',#11852,#9752,#9753);
#7876=AXIS2_PLACEMENT_3D('',#11854,#9754,#9755);
#7877=AXIS2_PLACEMENT_3D('',#11856,#9757,#9758);
#7878=AXIS2_PLACEMENT_3D('',#11858,#9759,#9760);
#7879=AXIS2_PLACEMENT_3D('',#11860,#9762,#9763);
#7880=AXIS2_PLACEMENT_3D('',#11862,#9764,#9765);
#7881=AXIS2_PLACEMENT_3D('',#11864,#9767,#9768);
#7882=AXIS2_PLACEMENT_3D('',#11866,#9769,#9770);
#7883=AXIS2_PLACEMENT_3D('',#11869,#9772,#9773);
#7884=AXIS2_PLACEMENT_3D('',#11870,#9774,#9775);
#7885=AXIS2_PLACEMENT_3D('',#11872,#9776,#9777);
#7886=AXIS2_PLACEMENT_3D('',#11874,#9779,#9780);
#7887=AXIS2_PLACEMENT_3D('',#11876,#9781,#9782);
#7888=AXIS2_PLACEMENT_3D('',#11879,#9784,#9785);
#7889=AXIS2_PLACEMENT_3D('',#11880,#9786,#9787);
#7890=AXIS2_PLACEMENT_3D('',#11882,#9788,#9789);
#7891=AXIS2_PLACEMENT_3D('',#11884,#9791,#9792);
#7892=AXIS2_PLACEMENT_3D('',#11886,#9793,#9794);
#7893=AXIS2_PLACEMENT_3D('',#11889,#9796,#9797);
#7894=AXIS2_PLACEMENT_3D('',#11890,#9798,#9799);
#7895=AXIS2_PLACEMENT_3D('',#11892,#9800,#9801);
#7896=AXIS2_PLACEMENT_3D('',#11894,#9803,#9804);
#7897=AXIS2_PLACEMENT_3D('',#11896,#9805,#9806);
#7898=AXIS2_PLACEMENT_3D('',#11899,#9808,#9809);
#7899=AXIS2_PLACEMENT_3D('',#11900,#9810,#9811);
#7900=AXIS2_PLACEMENT_3D('',#11902,#9812,#9813);
#7901=AXIS2_PLACEMENT_3D('',#11904,#9815,#9816);
#7902=AXIS2_PLACEMENT_3D('',#11906,#9817,#9818);
#7903=AXIS2_PLACEMENT_3D('',#11908,#9820,#9821);
#7904=AXIS2_PLACEMENT_3D('',#11910,#9822,#9823);
#7905=AXIS2_PLACEMENT_3D('',#11912,#9825,#9826);
#7906=AXIS2_PLACEMENT_3D('',#11914,#9827,#9828);
#7907=AXIS2_PLACEMENT_3D('',#11917,#9830,#9831);
#7908=AXIS2_PLACEMENT_3D('',#11918,#9832,#9833);
#7909=AXIS2_PLACEMENT_3D('',#11920,#9834,#9835);
#7910=AXIS2_PLACEMENT_3D('',#11923,#9837,#9838);
#7911=AXIS2_PLACEMENT_3D('',#11924,#9839,#9840);
#7912=AXIS2_PLACEMENT_3D('',#11926,#9841,#9842);
#7913=AXIS2_PLACEMENT_3D('',#11928,#9844,#9845);
#7914=AXIS2_PLACEMENT_3D('',#11930,#9846,#9847);
#7915=AXIS2_PLACEMENT_3D('',#11932,#9849,#9850);
#7916=AXIS2_PLACEMENT_3D('',#11934,#9851,#9852);
#7917=AXIS2_PLACEMENT_3D('',#11936,#9854,#9855);
#7918=AXIS2_PLACEMENT_3D('',#11938,#9856,#9857);
#7919=AXIS2_PLACEMENT_3D('',#11940,#9859,#9860);
#7920=AXIS2_PLACEMENT_3D('',#11942,#9861,#9862);
#7921=AXIS2_PLACEMENT_3D('',#11944,#9864,#9865);
#7922=AXIS2_PLACEMENT_3D('',#11946,#9866,#9867);
#7923=AXIS2_PLACEMENT_3D('',#11948,#9869,#9870);
#7924=AXIS2_PLACEMENT_3D('',#11950,#9871,#9872);
#7925=AXIS2_PLACEMENT_3D('',#11952,#9874,#9875);
#7926=AXIS2_PLACEMENT_3D('',#11954,#9876,#9877);
#7927=AXIS2_PLACEMENT_3D('',#11956,#9879,#9880);
#7928=AXIS2_PLACEMENT_3D('',#11958,#9881,#9882);
#7929=AXIS2_PLACEMENT_3D('',#11961,#9884,#9885);
#7930=AXIS2_PLACEMENT_3D('',#11962,#9886,#9887);
#7931=AXIS2_PLACEMENT_3D('',#11964,#9888,#9889);
#7932=AXIS2_PLACEMENT_3D('',#11967,#9891,#9892);
#7933=AXIS2_PLACEMENT_3D('',#11968,#9893,#9894);
#7934=AXIS2_PLACEMENT_3D('',#11970,#9895,#9896);
#7935=AXIS2_PLACEMENT_3D('',#11972,#9898,#9899);
#7936=AXIS2_PLACEMENT_3D('',#11974,#9900,#9901);
#7937=AXIS2_PLACEMENT_3D('',#11976,#9903,#9904);
#7938=AXIS2_PLACEMENT_3D('',#11978,#9905,#9906);
#7939=AXIS2_PLACEMENT_3D('',#11980,#9908,#9909);
#7940=AXIS2_PLACEMENT_3D('',#11982,#9910,#9911);
#7941=AXIS2_PLACEMENT_3D('',#11984,#9913,#9914);
#7942=AXIS2_PLACEMENT_3D('',#11986,#9915,#9916);
#7943=AXIS2_PLACEMENT_3D('',#11988,#9918,#9919);
#7944=AXIS2_PLACEMENT_3D('',#11990,#9920,#9921);
#7945=AXIS2_PLACEMENT_3D('',#11992,#9923,#9924);
#7946=AXIS2_PLACEMENT_3D('',#11994,#9925,#9926);
#7947=AXIS2_PLACEMENT_3D('',#11996,#9928,#9929);
#7948=AXIS2_PLACEMENT_3D('',#11998,#9930,#9931);
#7949=AXIS2_PLACEMENT_3D('',#12000,#9933,#9934);
#7950=AXIS2_PLACEMENT_3D('',#12002,#9935,#9936);
#7951=AXIS2_PLACEMENT_3D('',#12005,#9938,#9939);
#7952=AXIS2_PLACEMENT_3D('',#12006,#9940,#9941);
#7953=AXIS2_PLACEMENT_3D('',#12008,#9942,#9943);
#7954=AXIS2_PLACEMENT_3D('',#12011,#9945,#9946);
#7955=AXIS2_PLACEMENT_3D('',#12012,#9947,#9948);
#7956=AXIS2_PLACEMENT_3D('',#12014,#9949,#9950);
#7957=AXIS2_PLACEMENT_3D('',#12016,#9952,#9953);
#7958=AXIS2_PLACEMENT_3D('',#12018,#9954,#9955);
#7959=AXIS2_PLACEMENT_3D('',#12020,#9957,#9958);
#7960=AXIS2_PLACEMENT_3D('',#12022,#9959,#9960);
#7961=AXIS2_PLACEMENT_3D('',#12024,#9962,#9963);
#7962=AXIS2_PLACEMENT_3D('',#12026,#9964,#9965);
#7963=AXIS2_PLACEMENT_3D('',#12028,#9967,#9968);
#7964=AXIS2_PLACEMENT_3D('',#12030,#9969,#9970);
#7965=AXIS2_PLACEMENT_3D('',#12032,#9972,#9973);
#7966=AXIS2_PLACEMENT_3D('',#12034,#9974,#9975);
#7967=AXIS2_PLACEMENT_3D('',#12036,#9977,#9978);
#7968=AXIS2_PLACEMENT_3D('',#12038,#9979,#9980);
#7969=AXIS2_PLACEMENT_3D('',#12040,#9982,#9983);
#7970=AXIS2_PLACEMENT_3D('',#12042,#9984,#9985);
#7971=AXIS2_PLACEMENT_3D('',#12044,#9987,#9988);
#7972=AXIS2_PLACEMENT_3D('',#12046,#9989,#9990);
#7973=AXIS2_PLACEMENT_3D('',#12049,#9992,#9993);
#7974=AXIS2_PLACEMENT_3D('',#12050,#9994,#9995);
#7975=AXIS2_PLACEMENT_3D('',#12052,#9996,#9997);
#7976=AXIS2_PLACEMENT_3D('',#12055,#9999,#10000);
#7977=AXIS2_PLACEMENT_3D('',#12056,#10001,#10002);
#7978=AXIS2_PLACEMENT_3D('',#12058,#10003,#10004);
#7979=AXIS2_PLACEMENT_3D('',#12061,#10006,#10007);
#7980=AXIS2_PLACEMENT_3D('',#12062,#10008,#10009);
#7981=AXIS2_PLACEMENT_3D('',#12064,#10010,#10011);
#7982=AXIS2_PLACEMENT_3D('',#12067,#10013,#10014);
#7983=AXIS2_PLACEMENT_3D('',#12068,#10015,#10016);
#7984=AXIS2_PLACEMENT_3D('',#12070,#10017,#10018);
#7985=AXIS2_PLACEMENT_3D('',#12073,#10020,#10021);
#7986=AXIS2_PLACEMENT_3D('',#12074,#10022,#10023);
#7987=AXIS2_PLACEMENT_3D('',#12076,#10024,#10025);
#7988=AXIS2_PLACEMENT_3D('',#12079,#10027,#10028);
#7989=AXIS2_PLACEMENT_3D('',#12080,#10029,#10030);
#7990=AXIS2_PLACEMENT_3D('',#12082,#10031,#10032);
#7991=AXIS2_PLACEMENT_3D('',#12085,#10034,#10035);
#7992=AXIS2_PLACEMENT_3D('',#12086,#10036,#10037);
#7993=AXIS2_PLACEMENT_3D('',#12088,#10038,#10039);
#7994=AXIS2_PLACEMENT_3D('',#12091,#10041,#10042);
#7995=AXIS2_PLACEMENT_3D('',#12092,#10043,#10044);
#7996=AXIS2_PLACEMENT_3D('',#12094,#10045,#10046);
#7997=AXIS2_PLACEMENT_3D('',#12097,#10048,#10049);
#7998=AXIS2_PLACEMENT_3D('',#12098,#10050,#10051);
#7999=AXIS2_PLACEMENT_3D('',#12100,#10052,#10053);
#8000=AXIS2_PLACEMENT_3D('',#12103,#10055,#10056);
#8001=AXIS2_PLACEMENT_3D('',#12104,#10057,#10058);
#8002=AXIS2_PLACEMENT_3D('',#12106,#10059,#10060);
#8003=AXIS2_PLACEMENT_3D('',#12109,#10062,#10063);
#8004=AXIS2_PLACEMENT_3D('',#12110,#10064,#10065);
#8005=AXIS2_PLACEMENT_3D('',#12113,#10066,#10067);
#8006=AXIS2_PLACEMENT_3D('',#12117,#10069,#10070);
#8007=AXIS2_PLACEMENT_3D('',#12119,#10072,#10073);
#8008=AXIS2_PLACEMENT_3D('',#12125,#10077,#10078);
#8009=AXIS2_PLACEMENT_3D('',#12127,#10079,#10080);
#8010=AXIS2_PLACEMENT_3D('',#12129,#10081,#10082);
#8011=AXIS2_PLACEMENT_3D('',#12131,#10084,#10085);
#8012=AXIS2_PLACEMENT_3D('',#12137,#10089,#10090);
#8013=AXIS2_PLACEMENT_3D('',#12139,#10091,#10092);
#8014=AXIS2_PLACEMENT_3D('',#12141,#10093,#10094);
#8015=AXIS2_PLACEMENT_3D('',#12143,#10096,#10097);
#8016=AXIS2_PLACEMENT_3D('',#12149,#10101,#10102);
#8017=AXIS2_PLACEMENT_3D('',#12151,#10103,#10104);
#8018=AXIS2_PLACEMENT_3D('',#12153,#10105,#10106);
#8019=AXIS2_PLACEMENT_3D('',#12155,#10108,#10109);
#8020=AXIS2_PLACEMENT_3D('',#12161,#10113,#10114);
#8021=AXIS2_PLACEMENT_3D('',#12163,#10115,#10116);
#8022=AXIS2_PLACEMENT_3D('',#12165,#10117,#10118);
#8023=AXIS2_PLACEMENT_3D('',#12167,#10120,#10121);
#8024=AXIS2_PLACEMENT_3D('',#12173,#10125,#10126);
#8025=AXIS2_PLACEMENT_3D('',#12175,#10127,#10128);
#8026=AXIS2_PLACEMENT_3D('',#12177,#10129,#10130);
#8027=AXIS2_PLACEMENT_3D('',#12179,#10132,#10133);
#8028=AXIS2_PLACEMENT_3D('',#12185,#10137,#10138);
#8029=AXIS2_PLACEMENT_3D('',#12187,#10139,#10140);
#8030=AXIS2_PLACEMENT_3D('',#12189,#10141,#10142);
#8031=AXIS2_PLACEMENT_3D('',#12191,#10144,#10145);
#8032=AXIS2_PLACEMENT_3D('',#12197,#10149,#10150);
#8033=AXIS2_PLACEMENT_3D('',#12199,#10151,#10152);
#8034=AXIS2_PLACEMENT_3D('',#12201,#10153,#10154);
#8035=AXIS2_PLACEMENT_3D('',#12203,#10156,#10157);
#8036=AXIS2_PLACEMENT_3D('',#12209,#10161,#10162);
#8037=AXIS2_PLACEMENT_3D('',#12211,#10163,#10164);
#8038=AXIS2_PLACEMENT_3D('',#12213,#10165,#10166);
#8039=AXIS2_PLACEMENT_3D('',#12215,#10168,#10169);
#8040=AXIS2_PLACEMENT_3D('',#12221,#10173,#10174);
#8041=AXIS2_PLACEMENT_3D('',#12227,#10178,#10179);
#8042=AXIS2_PLACEMENT_3D('',#12229,#10180,#10181);
#8043=AXIS2_PLACEMENT_3D('',#12231,#10182,#10183);
#8044=AXIS2_PLACEMENT_3D('',#12233,#10185,#10186);
#8045=AXIS2_PLACEMENT_3D('',#12239,#10190,#10191);
#8046=AXIS2_PLACEMENT_3D('',#12241,#10192,#10193);
#8047=AXIS2_PLACEMENT_3D('',#12243,#10194,#10195);
#8048=AXIS2_PLACEMENT_3D('',#12245,#10197,#10198);
#8049=AXIS2_PLACEMENT_3D('',#12251,#10202,#10203);
#8050=AXIS2_PLACEMENT_3D('',#12253,#10204,#10205);
#8051=AXIS2_PLACEMENT_3D('',#12255,#10206,#10207);
#8052=AXIS2_PLACEMENT_3D('',#12257,#10209,#10210);
#8053=AXIS2_PLACEMENT_3D('',#12263,#10214,#10215);
#8054=AXIS2_PLACEMENT_3D('',#12265,#10216,#10217);
#8055=AXIS2_PLACEMENT_3D('',#12267,#10218,#10219);
#8056=AXIS2_PLACEMENT_3D('',#12269,#10221,#10222);
#8057=AXIS2_PLACEMENT_3D('',#12275,#10226,#10227);
#8058=AXIS2_PLACEMENT_3D('',#12277,#10228,#10229);
#8059=AXIS2_PLACEMENT_3D('',#12279,#10230,#10231);
#8060=AXIS2_PLACEMENT_3D('',#12281,#10233,#10234);
#8061=AXIS2_PLACEMENT_3D('',#12287,#10238,#10239);
#8062=AXIS2_PLACEMENT_3D('',#12289,#10240,#10241);
#8063=AXIS2_PLACEMENT_3D('',#12291,#10242,#10243);
#8064=AXIS2_PLACEMENT_3D('',#12293,#10245,#10246);
#8065=AXIS2_PLACEMENT_3D('',#12299,#10250,#10251);
#8066=AXIS2_PLACEMENT_3D('',#12301,#10252,#10253);
#8067=AXIS2_PLACEMENT_3D('',#12303,#10254,#10255);
#8068=AXIS2_PLACEMENT_3D('',#12305,#10257,#10258);
#8069=AXIS2_PLACEMENT_3D('',#12311,#10262,#10263);
#8070=AXIS2_PLACEMENT_3D('',#12313,#10264,#10265);
#8071=AXIS2_PLACEMENT_3D('',#12315,#10266,#10267);
#8072=AXIS2_PLACEMENT_3D('',#12317,#10269,#10270);
#8073=AXIS2_PLACEMENT_3D('',#12323,#10274,#10275);
#8074=AXIS2_PLACEMENT_3D('',#12325,#10276,#10277);
#8075=AXIS2_PLACEMENT_3D('',#12327,#10278,#10279);
#8076=AXIS2_PLACEMENT_3D('',#12329,#10281,#10282);
#8077=AXIS2_PLACEMENT_3D('',#12335,#10286,#10287);
#8078=AXIS2_PLACEMENT_3D('',#12341,#10291,#10292);
#8079=AXIS2_PLACEMENT_3D('',#12343,#10293,#10294);
#8080=AXIS2_PLACEMENT_3D('',#12345,#10295,#10296);
#8081=AXIS2_PLACEMENT_3D('',#12347,#10298,#10299);
#8082=AXIS2_PLACEMENT_3D('',#12353,#10303,#10304);
#8083=AXIS2_PLACEMENT_3D('',#12355,#10305,#10306);
#8084=AXIS2_PLACEMENT_3D('',#12357,#10307,#10308);
#8085=AXIS2_PLACEMENT_3D('',#12359,#10310,#10311);
#8086=AXIS2_PLACEMENT_3D('',#12365,#10315,#10316);
#8087=AXIS2_PLACEMENT_3D('',#12367,#10317,#10318);
#8088=AXIS2_PLACEMENT_3D('',#12369,#10319,#10320);
#8089=AXIS2_PLACEMENT_3D('',#12371,#10322,#10323);
#8090=AXIS2_PLACEMENT_3D('',#12377,#10327,#10328);
#8091=AXIS2_PLACEMENT_3D('',#12379,#10329,#10330);
#8092=AXIS2_PLACEMENT_3D('',#12381,#10331,#10332);
#8093=AXIS2_PLACEMENT_3D('',#12383,#10334,#10335);
#8094=AXIS2_PLACEMENT_3D('',#12389,#10339,#10340);
#8095=AXIS2_PLACEMENT_3D('',#12391,#10341,#10342);
#8096=AXIS2_PLACEMENT_3D('',#12393,#10343,#10344);
#8097=AXIS2_PLACEMENT_3D('',#12395,#10346,#10347);
#8098=AXIS2_PLACEMENT_3D('',#12401,#10351,#10352);
#8099=AXIS2_PLACEMENT_3D('',#12403,#10353,#10354);
#8100=AXIS2_PLACEMENT_3D('',#12405,#10355,#10356);
#8101=AXIS2_PLACEMENT_3D('',#12407,#10358,#10359);
#8102=AXIS2_PLACEMENT_3D('',#12413,#10363,#10364);
#8103=AXIS2_PLACEMENT_3D('',#12415,#10365,#10366);
#8104=AXIS2_PLACEMENT_3D('',#12417,#10367,#10368);
#8105=AXIS2_PLACEMENT_3D('',#12419,#10370,#10371);
#8106=AXIS2_PLACEMENT_3D('',#12425,#10375,#10376);
#8107=AXIS2_PLACEMENT_3D('',#12427,#10377,#10378);
#8108=AXIS2_PLACEMENT_3D('',#12429,#10379,#10380);
#8109=AXIS2_PLACEMENT_3D('',#12431,#10382,#10383);
#8110=AXIS2_PLACEMENT_3D('',#12437,#10387,#10388);
#8111=AXIS2_PLACEMENT_3D('',#12439,#10389,#10390);
#8112=AXIS2_PLACEMENT_3D('',#12441,#10391,#10392);
#8113=AXIS2_PLACEMENT_3D('',#12443,#10394,#10395);
#8114=AXIS2_PLACEMENT_3D('',#12449,#10399,#10400);
#8115=AXIS2_PLACEMENT_3D('',#12455,#10404,#10405);
#8116=AXIS2_PLACEMENT_3D('',#12457,#10406,#10407);
#8117=AXIS2_PLACEMENT_3D('',#12459,#10408,#10409);
#8118=AXIS2_PLACEMENT_3D('',#12461,#10411,#10412);
#8119=AXIS2_PLACEMENT_3D('',#12467,#10416,#10417);
#8120=AXIS2_PLACEMENT_3D('',#12469,#10418,#10419);
#8121=AXIS2_PLACEMENT_3D('',#12471,#10420,#10421);
#8122=AXIS2_PLACEMENT_3D('',#12473,#10423,#10424);
#8123=AXIS2_PLACEMENT_3D('',#12479,#10428,#10429);
#8124=AXIS2_PLACEMENT_3D('',#12481,#10430,#10431);
#8125=AXIS2_PLACEMENT_3D('',#12483,#10432,#10433);
#8126=AXIS2_PLACEMENT_3D('',#12485,#10435,#10436);
#8127=AXIS2_PLACEMENT_3D('',#12491,#10440,#10441);
#8128=AXIS2_PLACEMENT_3D('',#12493,#10442,#10443);
#8129=AXIS2_PLACEMENT_3D('',#12495,#10444,#10445);
#8130=AXIS2_PLACEMENT_3D('',#12497,#10447,#10448);
#8131=AXIS2_PLACEMENT_3D('',#12503,#10452,#10453);
#8132=AXIS2_PLACEMENT_3D('',#12505,#10454,#10455);
#8133=AXIS2_PLACEMENT_3D('',#12507,#10456,#10457);
#8134=AXIS2_PLACEMENT_3D('',#12509,#10459,#10460);
#8135=AXIS2_PLACEMENT_3D('',#12515,#10464,#10465);
#8136=AXIS2_PLACEMENT_3D('',#12517,#10466,#10467);
#8137=AXIS2_PLACEMENT_3D('',#12519,#10468,#10469);
#8138=AXIS2_PLACEMENT_3D('',#12521,#10471,#10472);
#8139=AXIS2_PLACEMENT_3D('',#12527,#10476,#10477);
#8140=AXIS2_PLACEMENT_3D('',#12529,#10478,#10479);
#8141=AXIS2_PLACEMENT_3D('',#12531,#10480,#10481);
#8142=AXIS2_PLACEMENT_3D('',#12533,#10483,#10484);
#8143=AXIS2_PLACEMENT_3D('',#12539,#10488,#10489);
#8144=AXIS2_PLACEMENT_3D('',#12541,#10490,#10491);
#8145=AXIS2_PLACEMENT_3D('',#12543,#10492,#10493);
#8146=AXIS2_PLACEMENT_3D('',#12545,#10495,#10496);
#8147=AXIS2_PLACEMENT_3D('',#12551,#10500,#10501);
#8148=AXIS2_PLACEMENT_3D('',#12553,#10502,#10503);
#8149=AXIS2_PLACEMENT_3D('',#12555,#10504,#10505);
#8150=AXIS2_PLACEMENT_3D('',#12557,#10507,#10508);
#8151=AXIS2_PLACEMENT_3D('',#12563,#10512,#10513);
#8152=AXIS2_PLACEMENT_3D('',#12566,#10516,#10517);
#8153=AXIS2_PLACEMENT_3D('',#12567,#10518,#10519);
#8154=DIRECTION('axis',(0.,0.,1.));
#8155=DIRECTION('refdir',(1.,0.,0.));
#8156=DIRECTION('center_axis',(0.,0.,1.));
#8157=DIRECTION('ref_axis',(0.,1.,0.));
#8158=DIRECTION('center_axis',(0.,0.,1.));
#8159=DIRECTION('ref_axis',(0.,1.,0.));
#8160=DIRECTION('',(0.,0.,-1.));
#8161=DIRECTION('center_axis',(0.,0.,-1.));
#8162=DIRECTION('ref_axis',(0.,-1.,0.));
#8163=DIRECTION('',(0.,0.,-1.));
#8164=DIRECTION('center_axis',(0.,0.,-1.));
#8165=DIRECTION('ref_axis',(0.,-1.,0.));
#8166=DIRECTION('center_axis',(0.,0.,1.));
#8167=DIRECTION('ref_axis',(0.,-1.,0.));
#8168=DIRECTION('',(0.,0.,1.));
#8169=DIRECTION('center_axis',(0.,0.,-1.));
#8170=DIRECTION('ref_axis',(0.,-1.,0.));
#8171=DIRECTION('center_axis',(0.,0.,1.));
#8172=DIRECTION('ref_axis',(0.,1.,0.));
#8173=DIRECTION('center_axis',(0.,0.,1.));
#8174=DIRECTION('ref_axis',(0.,1.,0.));
#8175=DIRECTION('',(0.,0.,-1.));
#8176=DIRECTION('center_axis',(0.,0.,-1.));
#8177=DIRECTION('ref_axis',(0.,-1.,0.));
#8178=DIRECTION('',(0.,0.,-1.));
#8179=DIRECTION('center_axis',(0.,0.,-1.));
#8180=DIRECTION('ref_axis',(0.,-1.,0.));
#8181=DIRECTION('center_axis',(0.,0.,1.));
#8182=DIRECTION('ref_axis',(0.,-1.,0.));
#8183=DIRECTION('',(0.,0.,1.));
#8184=DIRECTION('center_axis',(0.,0.,-1.));
#8185=DIRECTION('ref_axis',(0.,-1.,0.));
#8186=DIRECTION('center_axis',(0.,0.,1.));
#8187=DIRECTION('ref_axis',(0.,1.,0.));
#8188=DIRECTION('center_axis',(0.,0.,1.));
#8189=DIRECTION('ref_axis',(0.,1.,0.));
#8190=DIRECTION('',(0.,0.,-1.));
#8191=DIRECTION('center_axis',(0.,0.,-1.));
#8192=DIRECTION('ref_axis',(0.,-1.,0.));
#8193=DIRECTION('',(0.,0.,-1.));
#8194=DIRECTION('center_axis',(0.,0.,-1.));
#8195=DIRECTION('ref_axis',(0.,-1.,0.));
#8196=DIRECTION('center_axis',(0.,0.,1.));
#8197=DIRECTION('ref_axis',(0.,-1.,0.));
#8198=DIRECTION('',(0.,0.,1.));
#8199=DIRECTION('center_axis',(0.,0.,-1.));
#8200=DIRECTION('ref_axis',(0.,-1.,0.));
#8201=DIRECTION('center_axis',(0.,0.,1.));
#8202=DIRECTION('ref_axis',(0.,1.,0.));
#8203=DIRECTION('center_axis',(0.,0.,1.));
#8204=DIRECTION('ref_axis',(0.,1.,0.));
#8205=DIRECTION('',(0.,0.,-1.));
#8206=DIRECTION('center_axis',(0.,0.,-1.));
#8207=DIRECTION('ref_axis',(0.,-1.,0.));
#8208=DIRECTION('',(0.,0.,-1.));
#8209=DIRECTION('center_axis',(0.,0.,-1.));
#8210=DIRECTION('ref_axis',(0.,-1.,0.));
#8211=DIRECTION('center_axis',(0.,0.,1.));
#8212=DIRECTION('ref_axis',(0.,-1.,0.));
#8213=DIRECTION('',(0.,0.,1.));
#8214=DIRECTION('center_axis',(0.,0.,-1.));
#8215=DIRECTION('ref_axis',(0.,-1.,0.));
#8216=DIRECTION('center_axis',(0.,0.,1.));
#8217=DIRECTION('ref_axis',(0.,1.,0.));
#8218=DIRECTION('center_axis',(0.,0.,1.));
#8219=DIRECTION('ref_axis',(0.,1.,0.));
#8220=DIRECTION('',(0.,0.,-1.));
#8221=DIRECTION('center_axis',(0.,0.,-1.));
#8222=DIRECTION('ref_axis',(0.,-1.,0.));
#8223=DIRECTION('',(0.,0.,-1.));
#8224=DIRECTION('center_axis',(0.,0.,-1.));
#8225=DIRECTION('ref_axis',(0.,-1.,0.));
#8226=DIRECTION('center_axis',(0.,0.,1.));
#8227=DIRECTION('ref_axis',(0.,-1.,0.));
#8228=DIRECTION('',(0.,0.,1.));
#8229=DIRECTION('center_axis',(0.,0.,-1.));
#8230=DIRECTION('ref_axis',(0.,-1.,0.));
#8231=DIRECTION('center_axis',(0.,0.,1.));
#8232=DIRECTION('ref_axis',(0.,1.,0.));
#8233=DIRECTION('center_axis',(0.,0.,1.));
#8234=DIRECTION('ref_axis',(0.,1.,0.));
#8235=DIRECTION('',(0.,0.,-1.));
#8236=DIRECTION('center_axis',(0.,0.,-1.));
#8237=DIRECTION('ref_axis',(0.,-1.,0.));
#8238=DIRECTION('',(0.,0.,-1.));
#8239=DIRECTION('center_axis',(0.,0.,-1.));
#8240=DIRECTION('ref_axis',(0.,-1.,0.));
#8241=DIRECTION('center_axis',(0.,0.,1.));
#8242=DIRECTION('ref_axis',(0.,-1.,0.));
#8243=DIRECTION('',(0.,0.,1.));
#8244=DIRECTION('center_axis',(0.,0.,-1.));
#8245=DIRECTION('ref_axis',(0.,-1.,0.));
#8246=DIRECTION('center_axis',(0.,0.,1.));
#8247=DIRECTION('ref_axis',(0.,1.,0.));
#8248=DIRECTION('center_axis',(0.,0.,1.));
#8249=DIRECTION('ref_axis',(0.,1.,0.));
#8250=DIRECTION('',(0.,0.,-1.));
#8251=DIRECTION('center_axis',(0.,0.,-1.));
#8252=DIRECTION('ref_axis',(0.,-1.,0.));
#8253=DIRECTION('',(0.,0.,-1.));
#8254=DIRECTION('center_axis',(0.,0.,-1.));
#8255=DIRECTION('ref_axis',(0.,-1.,0.));
#8256=DIRECTION('center_axis',(0.,0.,1.));
#8257=DIRECTION('ref_axis',(0.,-1.,0.));
#8258=DIRECTION('',(0.,0.,1.));
#8259=DIRECTION('center_axis',(0.,0.,-1.));
#8260=DIRECTION('ref_axis',(0.,-1.,0.));
#8261=DIRECTION('center_axis',(0.,0.,1.));
#8262=DIRECTION('ref_axis',(0.,1.,0.));
#8263=DIRECTION('center_axis',(0.,0.,1.));
#8264=DIRECTION('ref_axis',(0.,1.,0.));
#8265=DIRECTION('',(0.,0.,-1.));
#8266=DIRECTION('center_axis',(0.,0.,-1.));
#8267=DIRECTION('ref_axis',(0.,-1.,0.));
#8268=DIRECTION('',(0.,0.,-1.));
#8269=DIRECTION('center_axis',(0.,0.,-1.));
#8270=DIRECTION('ref_axis',(0.,-1.,0.));
#8271=DIRECTION('center_axis',(0.,0.,1.));
#8272=DIRECTION('ref_axis',(0.,-1.,0.));
#8273=DIRECTION('',(0.,0.,1.));
#8274=DIRECTION('center_axis',(0.,0.,-1.));
#8275=DIRECTION('ref_axis',(0.,-1.,0.));
#8276=DIRECTION('center_axis',(0.,0.,1.));
#8277=DIRECTION('ref_axis',(0.,1.,0.));
#8278=DIRECTION('center_axis',(0.,0.,1.));
#8279=DIRECTION('ref_axis',(0.,1.,0.));
#8280=DIRECTION('',(0.,0.,-1.));
#8281=DIRECTION('center_axis',(0.,0.,-1.));
#8282=DIRECTION('ref_axis',(0.,-1.,0.));
#8283=DIRECTION('',(0.,0.,-1.));
#8284=DIRECTION('center_axis',(0.,0.,-1.));
#8285=DIRECTION('ref_axis',(0.,-1.,0.));
#8286=DIRECTION('center_axis',(0.,0.,1.));
#8287=DIRECTION('ref_axis',(0.,-1.,0.));
#8288=DIRECTION('',(0.,0.,1.));
#8289=DIRECTION('center_axis',(0.,0.,-1.));
#8290=DIRECTION('ref_axis',(0.,-1.,0.));
#8291=DIRECTION('center_axis',(0.,0.,1.));
#8292=DIRECTION('ref_axis',(0.,1.,0.));
#8293=DIRECTION('center_axis',(0.,0.,1.));
#8294=DIRECTION('ref_axis',(0.,1.,0.));
#8295=DIRECTION('',(0.,0.,-1.));
#8296=DIRECTION('center_axis',(0.,0.,-1.));
#8297=DIRECTION('ref_axis',(0.,-1.,0.));
#8298=DIRECTION('',(0.,0.,-1.));
#8299=DIRECTION('center_axis',(0.,0.,-1.));
#8300=DIRECTION('ref_axis',(0.,-1.,0.));
#8301=DIRECTION('center_axis',(0.,0.,1.));
#8302=DIRECTION('ref_axis',(0.,-1.,0.));
#8303=DIRECTION('',(0.,0.,1.));
#8304=DIRECTION('center_axis',(0.,0.,-1.));
#8305=DIRECTION('ref_axis',(0.,-1.,0.));
#8306=DIRECTION('center_axis',(0.,0.,1.));
#8307=DIRECTION('ref_axis',(0.,1.,0.));
#8308=DIRECTION('center_axis',(0.,0.,1.));
#8309=DIRECTION('ref_axis',(0.,1.,0.));
#8310=DIRECTION('',(0.,0.,-1.));
#8311=DIRECTION('center_axis',(0.,0.,-1.));
#8312=DIRECTION('ref_axis',(0.,-1.,0.));
#8313=DIRECTION('',(0.,0.,-1.));
#8314=DIRECTION('center_axis',(0.,0.,-1.));
#8315=DIRECTION('ref_axis',(0.,-1.,0.));
#8316=DIRECTION('center_axis',(0.,0.,1.));
#8317=DIRECTION('ref_axis',(0.,-1.,0.));
#8318=DIRECTION('',(0.,0.,1.));
#8319=DIRECTION('center_axis',(0.,0.,-1.));
#8320=DIRECTION('ref_axis',(0.,-1.,0.));
#8321=DIRECTION('center_axis',(0.,0.,1.));
#8322=DIRECTION('ref_axis',(0.,1.,0.));
#8323=DIRECTION('center_axis',(0.,0.,1.));
#8324=DIRECTION('ref_axis',(0.,1.,0.));
#8325=DIRECTION('',(0.,0.,-1.));
#8326=DIRECTION('center_axis',(0.,0.,-1.));
#8327=DIRECTION('ref_axis',(0.,-1.,0.));
#8328=DIRECTION('',(0.,0.,-1.));
#8329=DIRECTION('center_axis',(0.,0.,-1.));
#8330=DIRECTION('ref_axis',(0.,-1.,0.));
#8331=DIRECTION('center_axis',(0.,0.,1.));
#8332=DIRECTION('ref_axis',(0.,-1.,0.));
#8333=DIRECTION('',(0.,0.,1.));
#8334=DIRECTION('center_axis',(0.,0.,-1.));
#8335=DIRECTION('ref_axis',(0.,-1.,0.));
#8336=DIRECTION('center_axis',(0.,0.,1.));
#8337=DIRECTION('ref_axis',(0.,1.,0.));
#8338=DIRECTION('center_axis',(0.,0.,1.));
#8339=DIRECTION('ref_axis',(0.,1.,0.));
#8340=DIRECTION('',(0.,0.,-1.));
#8341=DIRECTION('center_axis',(0.,0.,-1.));
#8342=DIRECTION('ref_axis',(0.,-1.,0.));
#8343=DIRECTION('',(0.,0.,-1.));
#8344=DIRECTION('center_axis',(0.,0.,-1.));
#8345=DIRECTION('ref_axis',(0.,-1.,0.));
#8346=DIRECTION('center_axis',(0.,0.,1.));
#8347=DIRECTION('ref_axis',(0.,-1.,0.));
#8348=DIRECTION('',(0.,0.,1.));
#8349=DIRECTION('center_axis',(0.,0.,-1.));
#8350=DIRECTION('ref_axis',(0.,-1.,0.));
#8351=DIRECTION('center_axis',(0.,0.,1.));
#8352=DIRECTION('ref_axis',(0.,1.,0.));
#8353=DIRECTION('center_axis',(0.,0.,1.));
#8354=DIRECTION('ref_axis',(0.,1.,0.));
#8355=DIRECTION('',(0.,0.,-1.));
#8356=DIRECTION('center_axis',(0.,0.,-1.));
#8357=DIRECTION('ref_axis',(0.,-1.,0.));
#8358=DIRECTION('',(0.,0.,-1.));
#8359=DIRECTION('center_axis',(0.,0.,-1.));
#8360=DIRECTION('ref_axis',(0.,-1.,0.));
#8361=DIRECTION('center_axis',(0.,0.,1.));
#8362=DIRECTION('ref_axis',(0.,-1.,0.));
#8363=DIRECTION('',(0.,0.,1.));
#8364=DIRECTION('center_axis',(0.,0.,-1.));
#8365=DIRECTION('ref_axis',(0.,-1.,0.));
#8366=DIRECTION('center_axis',(0.,0.,1.));
#8367=DIRECTION('ref_axis',(0.,1.,0.));
#8368=DIRECTION('center_axis',(0.,0.,1.));
#8369=DIRECTION('ref_axis',(0.,1.,0.));
#8370=DIRECTION('',(0.,0.,-1.));
#8371=DIRECTION('center_axis',(0.,0.,-1.));
#8372=DIRECTION('ref_axis',(0.,-1.,0.));
#8373=DIRECTION('',(0.,0.,-1.));
#8374=DIRECTION('center_axis',(0.,0.,-1.));
#8375=DIRECTION('ref_axis',(0.,-1.,0.));
#8376=DIRECTION('center_axis',(0.,0.,1.));
#8377=DIRECTION('ref_axis',(0.,-1.,0.));
#8378=DIRECTION('',(0.,0.,1.));
#8379=DIRECTION('center_axis',(0.,0.,-1.));
#8380=DIRECTION('ref_axis',(0.,-1.,0.));
#8381=DIRECTION('center_axis',(0.,0.,1.));
#8382=DIRECTION('ref_axis',(0.,1.,0.));
#8383=DIRECTION('center_axis',(0.,0.,1.));
#8384=DIRECTION('ref_axis',(0.,1.,0.));
#8385=DIRECTION('',(0.,0.,-1.));
#8386=DIRECTION('center_axis',(0.,0.,-1.));
#8387=DIRECTION('ref_axis',(0.,-1.,0.));
#8388=DIRECTION('',(0.,0.,-1.));
#8389=DIRECTION('center_axis',(0.,0.,-1.));
#8390=DIRECTION('ref_axis',(0.,-1.,0.));
#8391=DIRECTION('center_axis',(0.,0.,1.));
#8392=DIRECTION('ref_axis',(0.,-1.,0.));
#8393=DIRECTION('',(0.,0.,1.));
#8394=DIRECTION('center_axis',(0.,0.,-1.));
#8395=DIRECTION('ref_axis',(0.,-1.,0.));
#8396=DIRECTION('center_axis',(0.,0.,1.));
#8397=DIRECTION('ref_axis',(0.,1.,0.));
#8398=DIRECTION('center_axis',(0.,0.,1.));
#8399=DIRECTION('ref_axis',(0.,1.,0.));
#8400=DIRECTION('',(0.,0.,-1.));
#8401=DIRECTION('center_axis',(0.,0.,-1.));
#8402=DIRECTION('ref_axis',(0.,-1.,0.));
#8403=DIRECTION('',(0.,0.,-1.));
#8404=DIRECTION('center_axis',(0.,0.,-1.));
#8405=DIRECTION('ref_axis',(0.,-1.,0.));
#8406=DIRECTION('center_axis',(0.,0.,1.));
#8407=DIRECTION('ref_axis',(0.,-1.,0.));
#8408=DIRECTION('',(0.,0.,1.));
#8409=DIRECTION('center_axis',(0.,0.,-1.));
#8410=DIRECTION('ref_axis',(0.,-1.,0.));
#8411=DIRECTION('center_axis',(0.,0.,1.));
#8412=DIRECTION('ref_axis',(0.,1.,0.));
#8413=DIRECTION('center_axis',(0.,0.,1.));
#8414=DIRECTION('ref_axis',(0.,1.,0.));
#8415=DIRECTION('',(0.,0.,-1.));
#8416=DIRECTION('center_axis',(0.,0.,-1.));
#8417=DIRECTION('ref_axis',(0.,-1.,0.));
#8418=DIRECTION('',(0.,0.,-1.));
#8419=DIRECTION('center_axis',(0.,0.,-1.));
#8420=DIRECTION('ref_axis',(0.,-1.,0.));
#8421=DIRECTION('center_axis',(0.,0.,1.));
#8422=DIRECTION('ref_axis',(0.,-1.,0.));
#8423=DIRECTION('',(0.,0.,1.));
#8424=DIRECTION('center_axis',(0.,0.,-1.));
#8425=DIRECTION('ref_axis',(0.,-1.,0.));
#8426=DIRECTION('center_axis',(0.,0.,1.));
#8427=DIRECTION('ref_axis',(1.,0.,0.));
#8428=DIRECTION('center_axis',(0.,0.,1.));
#8429=DIRECTION('ref_axis',(1.,0.,0.));
#8430=DIRECTION('center_axis',(0.,0.,1.));
#8431=DIRECTION('ref_axis',(1.,0.,0.));
#8432=DIRECTION('center_axis',(0.,0.,1.));
#8433=DIRECTION('ref_axis',(0.,1.,0.));
#8434=DIRECTION('center_axis',(0.,0.,1.));
#8435=DIRECTION('ref_axis',(1.,0.,0.));
#8436=DIRECTION('center_axis',(0.,0.,1.));
#8437=DIRECTION('ref_axis',(0.,1.,0.));
#8438=DIRECTION('center_axis',(0.,0.,1.));
#8439=DIRECTION('ref_axis',(1.,0.,0.));
#8440=DIRECTION('center_axis',(0.,0.,1.));
#8441=DIRECTION('ref_axis',(0.,1.,0.));
#8442=DIRECTION('center_axis',(0.,0.,1.));
#8443=DIRECTION('ref_axis',(1.,0.,0.));
#8444=DIRECTION('center_axis',(0.,0.,1.));
#8445=DIRECTION('ref_axis',(0.,1.,0.));
#8446=DIRECTION('center_axis',(0.,0.,1.));
#8447=DIRECTION('ref_axis',(1.,0.,0.));
#8448=DIRECTION('center_axis',(0.,0.,1.));
#8449=DIRECTION('ref_axis',(0.,1.,0.));
#8450=DIRECTION('center_axis',(0.,0.,1.));
#8451=DIRECTION('ref_axis',(1.,0.,0.));
#8452=DIRECTION('center_axis',(0.,0.,1.));
#8453=DIRECTION('ref_axis',(0.,1.,0.));
#8454=DIRECTION('center_axis',(0.,0.,1.));
#8455=DIRECTION('ref_axis',(1.,0.,0.));
#8456=DIRECTION('center_axis',(0.,0.,1.));
#8457=DIRECTION('ref_axis',(0.,1.,0.));
#8458=DIRECTION('center_axis',(0.,0.,1.));
#8459=DIRECTION('ref_axis',(1.,0.,0.));
#8460=DIRECTION('center_axis',(0.,0.,1.));
#8461=DIRECTION('ref_axis',(0.,1.,0.));
#8462=DIRECTION('center_axis',(0.,0.,1.));
#8463=DIRECTION('ref_axis',(1.,0.,0.));
#8464=DIRECTION('center_axis',(0.,0.,1.));
#8465=DIRECTION('ref_axis',(0.,1.,0.));
#8466=DIRECTION('center_axis',(0.,0.,1.));
#8467=DIRECTION('ref_axis',(1.,0.,0.));
#8468=DIRECTION('center_axis',(0.,0.,1.));
#8469=DIRECTION('ref_axis',(1.,0.,0.));
#8470=DIRECTION('center_axis',(0.,0.,1.));
#8471=DIRECTION('ref_axis',(1.,0.,0.));
#8472=DIRECTION('center_axis',(0.,0.,1.));
#8473=DIRECTION('ref_axis',(1.,0.,0.));
#8474=DIRECTION('center_axis',(0.,0.,1.));
#8475=DIRECTION('ref_axis',(1.,0.,0.));
#8476=DIRECTION('center_axis',(0.,0.,1.));
#8477=DIRECTION('ref_axis',(1.,0.,0.));
#8478=DIRECTION('center_axis',(0.,0.,1.));
#8479=DIRECTION('ref_axis',(1.,0.,0.));
#8480=DIRECTION('center_axis',(0.,0.,1.));
#8481=DIRECTION('ref_axis',(1.,0.,0.));
#8482=DIRECTION('center_axis',(0.,0.,1.));
#8483=DIRECTION('ref_axis',(1.,0.,0.));
#8484=DIRECTION('center_axis',(0.,0.,1.));
#8485=DIRECTION('ref_axis',(1.,0.,0.));
#8486=DIRECTION('center_axis',(0.,0.,1.));
#8487=DIRECTION('ref_axis',(1.,0.,0.));
#8488=DIRECTION('center_axis',(0.,0.,1.));
#8489=DIRECTION('ref_axis',(1.,0.,0.));
#8490=DIRECTION('center_axis',(0.,0.,1.));
#8491=DIRECTION('ref_axis',(1.,0.,0.));
#8492=DIRECTION('center_axis',(0.,0.,1.));
#8493=DIRECTION('ref_axis',(1.,0.,0.));
#8494=DIRECTION('center_axis',(0.,0.,1.));
#8495=DIRECTION('ref_axis',(1.,0.,0.));
#8496=DIRECTION('center_axis',(0.,0.,1.));
#8497=DIRECTION('ref_axis',(1.,0.,0.));
#8498=DIRECTION('center_axis',(0.,0.,1.));
#8499=DIRECTION('ref_axis',(1.,0.,0.));
#8500=DIRECTION('center_axis',(0.,0.,1.));
#8501=DIRECTION('ref_axis',(1.,0.,0.));
#8502=DIRECTION('center_axis',(0.,0.,1.));
#8503=DIRECTION('ref_axis',(1.,0.,0.));
#8504=DIRECTION('center_axis',(0.,0.,1.));
#8505=DIRECTION('ref_axis',(1.,0.,0.));
#8506=DIRECTION('center_axis',(0.,0.,1.));
#8507=DIRECTION('ref_axis',(1.,0.,0.));
#8508=DIRECTION('center_axis',(0.,0.,1.));
#8509=DIRECTION('ref_axis',(1.,0.,0.));
#8510=DIRECTION('center_axis',(0.,0.,1.));
#8511=DIRECTION('ref_axis',(1.,0.,0.));
#8512=DIRECTION('center_axis',(0.,0.,1.));
#8513=DIRECTION('ref_axis',(1.,0.,0.));
#8514=DIRECTION('center_axis',(0.,0.,1.));
#8515=DIRECTION('ref_axis',(1.,0.,0.));
#8516=DIRECTION('center_axis',(0.,0.,1.));
#8517=DIRECTION('ref_axis',(1.,0.,0.));
#8518=DIRECTION('center_axis',(0.,0.,1.));
#8519=DIRECTION('ref_axis',(1.,0.,0.));
#8520=DIRECTION('center_axis',(0.,0.,1.));
#8521=DIRECTION('ref_axis',(1.,0.,0.));
#8522=DIRECTION('center_axis',(0.,0.,1.));
#8523=DIRECTION('ref_axis',(1.,0.,0.));
#8524=DIRECTION('center_axis',(0.,0.,1.));
#8525=DIRECTION('ref_axis',(1.,0.,0.));
#8526=DIRECTION('center_axis',(0.,0.,1.));
#8527=DIRECTION('ref_axis',(1.,0.,0.));
#8528=DIRECTION('center_axis',(0.,0.,1.));
#8529=DIRECTION('ref_axis',(1.,0.,0.));
#8530=DIRECTION('center_axis',(0.,0.,1.));
#8531=DIRECTION('ref_axis',(1.,0.,0.));
#8532=DIRECTION('center_axis',(0.,0.,1.));
#8533=DIRECTION('ref_axis',(1.,0.,0.));
#8534=DIRECTION('center_axis',(0.,0.,1.));
#8535=DIRECTION('ref_axis',(1.,0.,0.));
#8536=DIRECTION('center_axis',(0.,0.,1.));
#8537=DIRECTION('ref_axis',(1.,0.,0.));
#8538=DIRECTION('center_axis',(0.,0.,1.));
#8539=DIRECTION('ref_axis',(1.,0.,0.));
#8540=DIRECTION('center_axis',(0.,0.,1.));
#8541=DIRECTION('ref_axis',(1.,0.,0.));
#8542=DIRECTION('center_axis',(0.,0.,1.));
#8543=DIRECTION('ref_axis',(1.,0.,0.));
#8544=DIRECTION('center_axis',(0.,0.,1.));
#8545=DIRECTION('ref_axis',(1.,0.,0.));
#8546=DIRECTION('center_axis',(0.,0.,1.));
#8547=DIRECTION('ref_axis',(1.,0.,0.));
#8548=DIRECTION('center_axis',(0.,0.,1.));
#8549=DIRECTION('ref_axis',(1.,0.,0.));
#8550=DIRECTION('center_axis',(0.,0.,1.));
#8551=DIRECTION('ref_axis',(1.,0.,0.));
#8552=DIRECTION('center_axis',(0.,0.,1.));
#8553=DIRECTION('ref_axis',(1.,0.,0.));
#8554=DIRECTION('center_axis',(0.,0.,1.));
#8555=DIRECTION('ref_axis',(1.,0.,0.));
#8556=DIRECTION('center_axis',(0.,0.,1.));
#8557=DIRECTION('ref_axis',(1.,0.,0.));
#8558=DIRECTION('center_axis',(0.,0.,1.));
#8559=DIRECTION('ref_axis',(1.,0.,0.));
#8560=DIRECTION('center_axis',(0.,0.,1.));
#8561=DIRECTION('ref_axis',(1.,0.,0.));
#8562=DIRECTION('center_axis',(0.,0.,1.));
#8563=DIRECTION('ref_axis',(1.,0.,0.));
#8564=DIRECTION('center_axis',(0.,0.,1.));
#8565=DIRECTION('ref_axis',(1.,0.,0.));
#8566=DIRECTION('center_axis',(0.,0.,1.));
#8567=DIRECTION('ref_axis',(1.,0.,0.));
#8568=DIRECTION('center_axis',(0.,0.,1.));
#8569=DIRECTION('ref_axis',(1.,0.,0.));
#8570=DIRECTION('center_axis',(0.,0.,1.));
#8571=DIRECTION('ref_axis',(1.,0.,0.));
#8572=DIRECTION('center_axis',(0.,0.,1.));
#8573=DIRECTION('ref_axis',(1.,0.,0.));
#8574=DIRECTION('center_axis',(0.,0.,1.));
#8575=DIRECTION('ref_axis',(1.,0.,0.));
#8576=DIRECTION('center_axis',(0.,0.,1.));
#8577=DIRECTION('ref_axis',(1.,0.,0.));
#8578=DIRECTION('center_axis',(0.,0.,1.));
#8579=DIRECTION('ref_axis',(1.,0.,0.));
#8580=DIRECTION('center_axis',(0.,0.,1.));
#8581=DIRECTION('ref_axis',(1.,0.,0.));
#8582=DIRECTION('center_axis',(0.,0.,1.));
#8583=DIRECTION('ref_axis',(1.,0.,0.));
#8584=DIRECTION('center_axis',(0.,0.,1.));
#8585=DIRECTION('ref_axis',(1.,0.,0.));
#8586=DIRECTION('center_axis',(0.,0.,1.));
#8587=DIRECTION('ref_axis',(1.,0.,0.));
#8588=DIRECTION('center_axis',(0.,0.,1.));
#8589=DIRECTION('ref_axis',(1.,0.,0.));
#8590=DIRECTION('center_axis',(0.,0.,1.));
#8591=DIRECTION('ref_axis',(1.,0.,0.));
#8592=DIRECTION('center_axis',(0.,0.,1.));
#8593=DIRECTION('ref_axis',(1.,0.,0.));
#8594=DIRECTION('center_axis',(0.,0.,1.));
#8595=DIRECTION('ref_axis',(1.,0.,0.));
#8596=DIRECTION('center_axis',(0.,0.,1.));
#8597=DIRECTION('ref_axis',(1.,0.,0.));
#8598=DIRECTION('center_axis',(0.,0.,1.));
#8599=DIRECTION('ref_axis',(1.,0.,0.));
#8600=DIRECTION('center_axis',(0.,0.,1.));
#8601=DIRECTION('ref_axis',(1.,0.,0.));
#8602=DIRECTION('center_axis',(0.,0.,1.));
#8603=DIRECTION('ref_axis',(1.,0.,0.));
#8604=DIRECTION('center_axis',(0.,0.,1.));
#8605=DIRECTION('ref_axis',(1.,0.,0.));
#8606=DIRECTION('center_axis',(0.,0.,1.));
#8607=DIRECTION('ref_axis',(1.,0.,0.));
#8608=DIRECTION('center_axis',(0.,0.,1.));
#8609=DIRECTION('ref_axis',(1.,0.,0.));
#8610=DIRECTION('center_axis',(0.,0.,1.));
#8611=DIRECTION('ref_axis',(1.,0.,0.));
#8612=DIRECTION('center_axis',(0.,0.,1.));
#8613=DIRECTION('ref_axis',(1.,0.,0.));
#8614=DIRECTION('center_axis',(0.,0.,1.));
#8615=DIRECTION('ref_axis',(1.,0.,0.));
#8616=DIRECTION('center_axis',(0.,0.,1.));
#8617=DIRECTION('ref_axis',(1.,0.,0.));
#8618=DIRECTION('center_axis',(0.,0.,1.));
#8619=DIRECTION('ref_axis',(1.,0.,0.));
#8620=DIRECTION('center_axis',(0.,0.,1.));
#8621=DIRECTION('ref_axis',(1.,0.,0.));
#8622=DIRECTION('center_axis',(0.,0.,1.));
#8623=DIRECTION('ref_axis',(1.,0.,0.));
#8624=DIRECTION('center_axis',(0.,0.,1.));
#8625=DIRECTION('ref_axis',(1.,0.,0.));
#8626=DIRECTION('center_axis',(0.,0.,1.));
#8627=DIRECTION('ref_axis',(1.,0.,0.));
#8628=DIRECTION('center_axis',(0.,0.,1.));
#8629=DIRECTION('ref_axis',(1.,0.,0.));
#8630=DIRECTION('center_axis',(0.,0.,1.));
#8631=DIRECTION('ref_axis',(1.,0.,0.));
#8632=DIRECTION('center_axis',(0.,0.,1.));
#8633=DIRECTION('ref_axis',(1.,0.,0.));
#8634=DIRECTION('center_axis',(0.,0.,1.));
#8635=DIRECTION('ref_axis',(1.,0.,0.));
#8636=DIRECTION('center_axis',(0.,0.,1.));
#8637=DIRECTION('ref_axis',(1.,0.,0.));
#8638=DIRECTION('center_axis',(0.,0.,1.));
#8639=DIRECTION('ref_axis',(1.,0.,0.));
#8640=DIRECTION('center_axis',(0.,0.,1.));
#8641=DIRECTION('ref_axis',(1.,0.,0.));
#8642=DIRECTION('center_axis',(0.,0.,1.));
#8643=DIRECTION('ref_axis',(1.,0.,0.));
#8644=DIRECTION('center_axis',(0.,0.,1.));
#8645=DIRECTION('ref_axis',(1.,0.,0.));
#8646=DIRECTION('center_axis',(0.,0.,1.));
#8647=DIRECTION('ref_axis',(1.,0.,0.));
#8648=DIRECTION('center_axis',(0.,0.,1.));
#8649=DIRECTION('ref_axis',(1.,0.,0.));
#8650=DIRECTION('center_axis',(0.,0.,1.));
#8651=DIRECTION('ref_axis',(1.,0.,0.));
#8652=DIRECTION('center_axis',(0.,0.,1.));
#8653=DIRECTION('ref_axis',(1.,0.,0.));
#8654=DIRECTION('center_axis',(0.,0.,1.));
#8655=DIRECTION('ref_axis',(1.,0.,0.));
#8656=DIRECTION('center_axis',(0.,0.,1.));
#8657=DIRECTION('ref_axis',(1.,0.,0.));
#8658=DIRECTION('center_axis',(0.,0.,1.));
#8659=DIRECTION('ref_axis',(1.,0.,0.));
#8660=DIRECTION('center_axis',(0.,0.,1.));
#8661=DIRECTION('ref_axis',(1.,0.,0.));
#8662=DIRECTION('center_axis',(0.,0.,1.));
#8663=DIRECTION('ref_axis',(1.,0.,0.));
#8664=DIRECTION('center_axis',(0.,0.,1.));
#8665=DIRECTION('ref_axis',(1.,0.,0.));
#8666=DIRECTION('',(0.,0.,-1.));
#8667=DIRECTION('center_axis',(0.,0.,-1.));
#8668=DIRECTION('ref_axis',(1.,0.,0.));
#8669=DIRECTION('',(0.,0.,1.));
#8670=DIRECTION('center_axis',(0.,0.,1.));
#8671=DIRECTION('ref_axis',(1.,0.,0.));
#8672=DIRECTION('',(0.,0.,-1.));
#8673=DIRECTION('center_axis',(0.,0.,-1.));
#8674=DIRECTION('ref_axis',(1.,0.,0.));
#8675=DIRECTION('',(0.,0.,1.));
#8676=DIRECTION('center_axis',(0.,0.,1.));
#8677=DIRECTION('ref_axis',(1.,0.,0.));
#8678=DIRECTION('',(0.,0.,-1.));
#8679=DIRECTION('center_axis',(0.,0.,-1.));
#8680=DIRECTION('ref_axis',(1.,0.,0.));
#8681=DIRECTION('',(0.,0.,1.));
#8682=DIRECTION('center_axis',(0.,0.,1.));
#8683=DIRECTION('ref_axis',(1.,0.,0.));
#8684=DIRECTION('',(0.,0.,-1.));
#8685=DIRECTION('center_axis',(0.,0.,-1.));
#8686=DIRECTION('ref_axis',(1.,0.,0.));
#8687=DIRECTION('',(0.,0.,1.));
#8688=DIRECTION('center_axis',(0.,0.,1.));
#8689=DIRECTION('ref_axis',(1.,0.,0.));
#8690=DIRECTION('',(0.,0.,-1.));
#8691=DIRECTION('center_axis',(0.,0.,-1.));
#8692=DIRECTION('ref_axis',(1.,0.,0.));
#8693=DIRECTION('',(0.,0.,1.));
#8694=DIRECTION('center_axis',(0.,0.,1.));
#8695=DIRECTION('ref_axis',(1.,0.,0.));
#8696=DIRECTION('',(0.,0.,-1.));
#8697=DIRECTION('center_axis',(0.,0.,-1.));
#8698=DIRECTION('ref_axis',(1.,0.,0.));
#8699=DIRECTION('',(0.,0.,1.));
#8700=DIRECTION('center_axis',(0.,0.,1.));
#8701=DIRECTION('ref_axis',(1.,0.,0.));
#8702=DIRECTION('',(0.,0.,-1.));
#8703=DIRECTION('center_axis',(0.,0.,-1.));
#8704=DIRECTION('ref_axis',(1.,0.,0.));
#8705=DIRECTION('',(0.,0.,1.));
#8706=DIRECTION('center_axis',(0.,0.,1.));
#8707=DIRECTION('ref_axis',(1.,0.,0.));
#8708=DIRECTION('',(0.,0.,-1.));
#8709=DIRECTION('center_axis',(0.,0.,-1.));
#8710=DIRECTION('ref_axis',(1.,0.,0.));
#8711=DIRECTION('',(0.,0.,1.));
#8712=DIRECTION('center_axis',(0.,0.,1.));
#8713=DIRECTION('ref_axis',(1.,0.,0.));
#8714=DIRECTION('',(0.,0.,-1.));
#8715=DIRECTION('center_axis',(0.,0.,-1.));
#8716=DIRECTION('ref_axis',(1.,0.,0.));
#8717=DIRECTION('',(0.,0.,1.));
#8718=DIRECTION('center_axis',(0.,0.,1.));
#8719=DIRECTION('ref_axis',(0.,1.,0.));
#8720=DIRECTION('center_axis',(0.,0.,-1.));
#8721=DIRECTION('ref_axis',(1.,0.,0.));
#8722=DIRECTION('',(0.,0.,1.));
#8723=DIRECTION('',(0.,0.,-1.));
#8724=DIRECTION('center_axis',(0.,0.,1.));
#8725=DIRECTION('ref_axis',(0.,1.,0.));
#8726=DIRECTION('center_axis',(0.,0.,-1.));
#8727=DIRECTION('ref_axis',(1.,0.,0.));
#8728=DIRECTION('',(0.,0.,1.));
#8729=DIRECTION('',(0.,0.,-1.));
#8730=DIRECTION('center_axis',(0.,0.,1.));
#8731=DIRECTION('ref_axis',(0.,1.,0.));
#8732=DIRECTION('center_axis',(0.,0.,-1.));
#8733=DIRECTION('ref_axis',(1.,0.,0.));
#8734=DIRECTION('',(0.,0.,1.));
#8735=DIRECTION('',(0.,0.,-1.));
#8736=DIRECTION('center_axis',(0.,0.,1.));
#8737=DIRECTION('ref_axis',(0.,1.,0.));
#8738=DIRECTION('center_axis',(0.,0.,-1.));
#8739=DIRECTION('ref_axis',(1.,0.,0.));
#8740=DIRECTION('',(0.,0.,1.));
#8741=DIRECTION('',(0.,0.,-1.));
#8742=DIRECTION('center_axis',(0.,0.,1.));
#8743=DIRECTION('ref_axis',(0.,1.,0.));
#8744=DIRECTION('center_axis',(0.,0.,-1.));
#8745=DIRECTION('ref_axis',(1.,0.,0.));
#8746=DIRECTION('',(0.,0.,1.));
#8747=DIRECTION('',(0.,0.,-1.));
#8748=DIRECTION('center_axis',(0.,0.,1.));
#8749=DIRECTION('ref_axis',(0.,1.,0.));
#8750=DIRECTION('center_axis',(0.,0.,-1.));
#8751=DIRECTION('ref_axis',(1.,0.,0.));
#8752=DIRECTION('',(0.,0.,1.));
#8753=DIRECTION('',(0.,0.,-1.));
#8754=DIRECTION('center_axis',(0.,0.,1.));
#8755=DIRECTION('ref_axis',(0.,1.,0.));
#8756=DIRECTION('center_axis',(0.,0.,-1.));
#8757=DIRECTION('ref_axis',(1.,0.,0.));
#8758=DIRECTION('',(0.,0.,1.));
#8759=DIRECTION('',(0.,0.,-1.));
#8760=DIRECTION('center_axis',(0.,0.,1.));
#8761=DIRECTION('ref_axis',(0.,1.,0.));
#8762=DIRECTION('center_axis',(0.,0.,-1.));
#8763=DIRECTION('ref_axis',(1.,0.,0.));
#8764=DIRECTION('',(0.,0.,1.));
#8765=DIRECTION('',(0.,0.,-1.));
#8766=DIRECTION('center_axis',(0.,0.,1.));
#8767=DIRECTION('ref_axis',(0.,1.,0.));
#8768=DIRECTION('center_axis',(0.,0.,-1.));
#8769=DIRECTION('ref_axis',(1.,0.,0.));
#8770=DIRECTION('',(0.,0.,1.));
#8771=DIRECTION('',(0.,0.,-1.));
#8772=DIRECTION('center_axis',(0.,0.,1.));
#8773=DIRECTION('ref_axis',(-0.707106779846823,-0.707106782526272,0.));
#8774=DIRECTION('center_axis',(0.,0.,-1.));
#8775=DIRECTION('ref_axis',(1.,0.,0.));
#8776=DIRECTION('center_axis',(0.,0.,1.));
#8777=DIRECTION('ref_axis',(-1.96005385927235E-15,-1.,0.));
#8778=DIRECTION('center_axis',(0.,0.,-1.));
#8779=DIRECTION('ref_axis',(1.,0.,0.));
#8780=DIRECTION('center_axis',(0.,0.,1.));
#8781=DIRECTION('ref_axis',(-1.96005385927235E-15,-1.,0.));
#8782=DIRECTION('center_axis',(0.,0.,-1.));
#8783=DIRECTION('ref_axis',(1.,0.,0.));
#8784=DIRECTION('center_axis',(0.,0.,1.));
#8785=DIRECTION('ref_axis',(-1.96005385927235E-15,-1.,0.));
#8786=DIRECTION('center_axis',(0.,0.,-1.));
#8787=DIRECTION('ref_axis',(1.,0.,0.));
#8788=DIRECTION('center_axis',(0.,0.,1.));
#8789=DIRECTION('ref_axis',(-1.96005385927235E-15,-1.,0.));
#8790=DIRECTION('center_axis',(0.,0.,-1.));
#8791=DIRECTION('ref_axis',(1.,0.,0.));
#8792=DIRECTION('center_axis',(0.,0.,1.));
#8793=DIRECTION('ref_axis',(-1.96005385927235E-15,-1.,0.));
#8794=DIRECTION('center_axis',(0.,0.,-1.));
#8795=DIRECTION('ref_axis',(1.,0.,0.));
#8796=DIRECTION('center_axis',(0.,0.,1.));
#8797=DIRECTION('ref_axis',(-1.96005385927235E-15,-1.,0.));
#8798=DIRECTION('center_axis',(0.,0.,-1.));
#8799=DIRECTION('ref_axis',(1.,0.,0.));
#8800=DIRECTION('center_axis',(0.,0.,1.));
#8801=DIRECTION('ref_axis',(-1.96005385927235E-15,-1.,0.));
#8802=DIRECTION('center_axis',(0.,0.,-1.));
#8803=DIRECTION('ref_axis',(1.,0.,0.));
#8804=DIRECTION('center_axis',(0.,0.,1.));
#8805=DIRECTION('ref_axis',(-1.96005385927235E-15,-1.,0.));
#8806=DIRECTION('center_axis',(0.,0.,-1.));
#8807=DIRECTION('ref_axis',(1.,0.,0.));
#8808=DIRECTION('center_axis',(0.,0.,1.));
#8809=DIRECTION('ref_axis',(1.,0.,0.));
#8810=DIRECTION('center_axis',(0.,0.,-1.));
#8811=DIRECTION('ref_axis',(1.,0.,0.));
#8812=DIRECTION('center_axis',(0.,0.,1.));
#8813=DIRECTION('ref_axis',(-1.,-3.78931584964895E-9,0.));
#8814=DIRECTION('center_axis',(0.,0.,-1.));
#8815=DIRECTION('ref_axis',(1.,0.,0.));
#8816=DIRECTION('center_axis',(0.,0.,1.));
#8817=DIRECTION('ref_axis',(1.,0.,0.));
#8818=DIRECTION('center_axis',(0.,0.,-1.));
#8819=DIRECTION('ref_axis',(1.,0.,0.));
#8820=DIRECTION('',(0.,0.,1.));
#8821=DIRECTION('center_axis',(0.,0.,1.));
#8822=DIRECTION('ref_axis',(1.,0.,0.));
#8823=DIRECTION('center_axis',(0.,0.,-1.));
#8824=DIRECTION('ref_axis',(1.,0.,0.));
#8825=DIRECTION('',(0.,0.,1.));
#8826=DIRECTION('center_axis',(0.,0.,1.));
#8827=DIRECTION('ref_axis',(1.,0.,0.));
#8828=DIRECTION('center_axis',(0.,0.,-1.));
#8829=DIRECTION('ref_axis',(1.,0.,0.));
#8830=DIRECTION('',(0.,0.,1.));
#8831=DIRECTION('center_axis',(0.,0.,1.));
#8832=DIRECTION('ref_axis',(1.,0.,0.));
#8833=DIRECTION('center_axis',(0.,0.,-1.));
#8834=DIRECTION('ref_axis',(1.,0.,0.));
#8835=DIRECTION('',(0.,0.,1.));
#8836=DIRECTION('center_axis',(0.,0.,1.));
#8837=DIRECTION('ref_axis',(1.,0.,0.));
#8838=DIRECTION('center_axis',(0.,0.,-1.));
#8839=DIRECTION('ref_axis',(1.,0.,0.));
#8840=DIRECTION('',(0.,0.,1.));
#8841=DIRECTION('center_axis',(0.,0.,1.));
#8842=DIRECTION('ref_axis',(1.,0.,0.));
#8843=DIRECTION('center_axis',(0.,0.,-1.));
#8844=DIRECTION('ref_axis',(1.,0.,0.));
#8845=DIRECTION('',(0.,0.,1.));
#8846=DIRECTION('center_axis',(0.,0.,1.));
#8847=DIRECTION('ref_axis',(1.,0.,0.));
#8848=DIRECTION('center_axis',(0.,0.,-1.));
#8849=DIRECTION('ref_axis',(1.,0.,0.));
#8850=DIRECTION('',(0.,0.,1.));
#8851=DIRECTION('center_axis',(0.,0.,1.));
#8852=DIRECTION('ref_axis',(1.,0.,0.));
#8853=DIRECTION('center_axis',(0.,0.,-1.));
#8854=DIRECTION('ref_axis',(1.,0.,0.));
#8855=DIRECTION('',(0.,0.,1.));
#8856=DIRECTION('center_axis',(0.,0.,1.));
#8857=DIRECTION('ref_axis',(1.,0.,0.));
#8858=DIRECTION('center_axis',(0.,0.,-1.));
#8859=DIRECTION('ref_axis',(1.,0.,0.));
#8860=DIRECTION('center_axis',(0.,0.,1.));
#8861=DIRECTION('ref_axis',(-1.,-3.78931584964895E-9,0.));
#8862=DIRECTION('center_axis',(0.,0.,-1.));
#8863=DIRECTION('ref_axis',(1.,0.,0.));
#8864=DIRECTION('center_axis',(0.,0.,1.));
#8865=DIRECTION('ref_axis',(1.,0.,0.));
#8866=DIRECTION('center_axis',(0.,0.,-1.));
#8867=DIRECTION('ref_axis',(1.,0.,0.));
#8868=DIRECTION('',(0.,0.,1.));
#8869=DIRECTION('center_axis',(0.,0.,1.));
#8870=DIRECTION('ref_axis',(1.,0.,0.));
#8871=DIRECTION('center_axis',(0.,0.,-1.));
#8872=DIRECTION('ref_axis',(1.,0.,0.));
#8873=DIRECTION('',(0.,0.,1.));
#8874=DIRECTION('center_axis',(0.,0.,1.));
#8875=DIRECTION('ref_axis',(1.,0.,0.));
#8876=DIRECTION('center_axis',(0.,0.,-1.));
#8877=DIRECTION('ref_axis',(1.,0.,0.));
#8878=DIRECTION('',(0.,0.,1.));
#8879=DIRECTION('center_axis',(0.,0.,1.));
#8880=DIRECTION('ref_axis',(1.,0.,0.));
#8881=DIRECTION('center_axis',(0.,0.,-1.));
#8882=DIRECTION('ref_axis',(1.,0.,0.));
#8883=DIRECTION('',(0.,0.,1.));
#8884=DIRECTION('center_axis',(0.,0.,1.));
#8885=DIRECTION('ref_axis',(1.,0.,0.));
#8886=DIRECTION('center_axis',(0.,0.,-1.));
#8887=DIRECTION('ref_axis',(1.,0.,0.));
#8888=DIRECTION('',(0.,0.,1.));
#8889=DIRECTION('center_axis',(0.,0.,1.));
#8890=DIRECTION('ref_axis',(1.,0.,0.));
#8891=DIRECTION('center_axis',(0.,0.,-1.));
#8892=DIRECTION('ref_axis',(1.,0.,0.));
#8893=DIRECTION('',(0.,0.,1.));
#8894=DIRECTION('center_axis',(0.,0.,1.));
#8895=DIRECTION('ref_axis',(1.,0.,0.));
#8896=DIRECTION('center_axis',(0.,0.,-1.));
#8897=DIRECTION('ref_axis',(1.,0.,0.));
#8898=DIRECTION('',(0.,0.,1.));
#8899=DIRECTION('center_axis',(0.,0.,1.));
#8900=DIRECTION('ref_axis',(1.,0.,0.));
#8901=DIRECTION('center_axis',(0.,0.,-1.));
#8902=DIRECTION('ref_axis',(1.,0.,0.));
#8903=DIRECTION('',(0.,0.,1.));
#8904=DIRECTION('center_axis',(0.,0.,1.));
#8905=DIRECTION('ref_axis',(1.,0.,0.));
#8906=DIRECTION('center_axis',(0.,0.,-1.));
#8907=DIRECTION('ref_axis',(1.,0.,0.));
#8908=DIRECTION('center_axis',(0.,0.,1.));
#8909=DIRECTION('ref_axis',(-1.,-3.78931584964895E-9,0.));
#8910=DIRECTION('center_axis',(0.,0.,-1.));
#8911=DIRECTION('ref_axis',(1.,0.,0.));
#8912=DIRECTION('center_axis',(0.,0.,1.));
#8913=DIRECTION('ref_axis',(1.,0.,0.));
#8914=DIRECTION('center_axis',(0.,0.,-1.));
#8915=DIRECTION('ref_axis',(1.,0.,0.));
#8916=DIRECTION('',(0.,0.,1.));
#8917=DIRECTION('center_axis',(0.,0.,1.));
#8918=DIRECTION('ref_axis',(1.,0.,0.));
#8919=DIRECTION('center_axis',(0.,0.,-1.));
#8920=DIRECTION('ref_axis',(1.,0.,0.));
#8921=DIRECTION('',(0.,0.,1.));
#8922=DIRECTION('center_axis',(0.,0.,1.));
#8923=DIRECTION('ref_axis',(1.,0.,0.));
#8924=DIRECTION('center_axis',(0.,0.,-1.));
#8925=DIRECTION('ref_axis',(1.,0.,0.));
#8926=DIRECTION('',(0.,0.,1.));
#8927=DIRECTION('center_axis',(0.,0.,1.));
#8928=DIRECTION('ref_axis',(1.,0.,0.));
#8929=DIRECTION('center_axis',(0.,0.,-1.));
#8930=DIRECTION('ref_axis',(1.,0.,0.));
#8931=DIRECTION('',(0.,0.,1.));
#8932=DIRECTION('center_axis',(0.,0.,1.));
#8933=DIRECTION('ref_axis',(1.,0.,0.));
#8934=DIRECTION('center_axis',(0.,0.,-1.));
#8935=DIRECTION('ref_axis',(1.,0.,0.));
#8936=DIRECTION('',(0.,0.,1.));
#8937=DIRECTION('center_axis',(0.,0.,1.));
#8938=DIRECTION('ref_axis',(1.,0.,0.));
#8939=DIRECTION('center_axis',(0.,0.,-1.));
#8940=DIRECTION('ref_axis',(1.,0.,0.));
#8941=DIRECTION('',(0.,0.,1.));
#8942=DIRECTION('center_axis',(0.,0.,1.));
#8943=DIRECTION('ref_axis',(1.,0.,0.));
#8944=DIRECTION('center_axis',(0.,0.,-1.));
#8945=DIRECTION('ref_axis',(1.,0.,0.));
#8946=DIRECTION('',(0.,0.,1.));
#8947=DIRECTION('center_axis',(0.,0.,1.));
#8948=DIRECTION('ref_axis',(1.,0.,0.));
#8949=DIRECTION('center_axis',(0.,0.,-1.));
#8950=DIRECTION('ref_axis',(1.,0.,0.));
#8951=DIRECTION('',(0.,0.,1.));
#8952=DIRECTION('center_axis',(0.,0.,1.));
#8953=DIRECTION('ref_axis',(1.,0.,0.));
#8954=DIRECTION('center_axis',(0.,0.,-1.));
#8955=DIRECTION('ref_axis',(1.,0.,0.));
#8956=DIRECTION('center_axis',(0.,0.,1.));
#8957=DIRECTION('ref_axis',(-1.,-3.78931584964895E-9,0.));
#8958=DIRECTION('center_axis',(0.,0.,-1.));
#8959=DIRECTION('ref_axis',(1.,0.,0.));
#8960=DIRECTION('center_axis',(0.,0.,1.));
#8961=DIRECTION('ref_axis',(1.,0.,0.));
#8962=DIRECTION('center_axis',(0.,0.,-1.));
#8963=DIRECTION('ref_axis',(1.,0.,0.));
#8964=DIRECTION('',(0.,0.,1.));
#8965=DIRECTION('center_axis',(0.,0.,1.));
#8966=DIRECTION('ref_axis',(1.,0.,0.));
#8967=DIRECTION('center_axis',(0.,0.,-1.));
#8968=DIRECTION('ref_axis',(1.,0.,0.));
#8969=DIRECTION('',(0.,0.,1.));
#8970=DIRECTION('center_axis',(0.,0.,1.));
#8971=DIRECTION('ref_axis',(1.,0.,0.));
#8972=DIRECTION('center_axis',(0.,0.,-1.));
#8973=DIRECTION('ref_axis',(1.,0.,0.));
#8974=DIRECTION('',(0.,0.,1.));
#8975=DIRECTION('center_axis',(0.,0.,1.));
#8976=DIRECTION('ref_axis',(2.05963378428265E-15,1.,0.));
#8977=DIRECTION('center_axis',(0.,0.,-1.));
#8978=DIRECTION('ref_axis',(1.,0.,0.));
#8979=DIRECTION('center_axis',(0.,0.,1.));
#8980=DIRECTION('ref_axis',(1.,0.,0.));
#8981=DIRECTION('center_axis',(0.,0.,-1.));
#8982=DIRECTION('ref_axis',(1.,0.,0.));
#8983=DIRECTION('',(0.,0.,1.));
#8984=DIRECTION('center_axis',(0.,0.,1.));
#8985=DIRECTION('ref_axis',(2.05963378428265E-15,1.,0.));
#8986=DIRECTION('center_axis',(0.,0.,-1.));
#8987=DIRECTION('ref_axis',(1.,0.,0.));
#8988=DIRECTION('center_axis',(0.,0.,1.));
#8989=DIRECTION('ref_axis',(1.,0.,0.));
#8990=DIRECTION('center_axis',(0.,0.,-1.));
#8991=DIRECTION('ref_axis',(1.,0.,0.));
#8992=DIRECTION('',(0.,0.,1.));
#8993=DIRECTION('center_axis',(0.,0.,1.));
#8994=DIRECTION('ref_axis',(7.27366154732461E-16,1.,0.));
#8995=DIRECTION('center_axis',(0.,0.,-1.));
#8996=DIRECTION('ref_axis',(1.,0.,0.));
#8997=DIRECTION('center_axis',(0.,0.,1.));
#8998=DIRECTION('ref_axis',(1.,0.,0.));
#8999=DIRECTION('center_axis',(0.,0.,-1.));
#9000=DIRECTION('ref_axis',(1.,0.,0.));
#9001=DIRECTION('',(0.,0.,1.));
#9002=DIRECTION('center_axis',(0.,0.,1.));
#9003=DIRECTION('ref_axis',(1.,0.,0.));
#9004=DIRECTION('center_axis',(0.,0.,-1.));
#9005=DIRECTION('ref_axis',(1.,0.,0.));
#9006=DIRECTION('center_axis',(0.,0.,1.));
#9007=DIRECTION('ref_axis',(1.,0.,0.));
#9008=DIRECTION('center_axis',(0.,0.,-1.));
#9009=DIRECTION('ref_axis',(1.,0.,0.));
#9010=DIRECTION('',(0.,0.,1.));
#9011=DIRECTION('center_axis',(0.,0.,1.));
#9012=DIRECTION('ref_axis',(1.,0.,0.));
#9013=DIRECTION('center_axis',(0.,0.,-1.));
#9014=DIRECTION('ref_axis',(1.,0.,0.));
#9015=DIRECTION('',(0.,0.,1.));
#9016=DIRECTION('center_axis',(0.,0.,1.));
#9017=DIRECTION('ref_axis',(1.,0.,0.));
#9018=DIRECTION('center_axis',(0.,0.,-1.));
#9019=DIRECTION('ref_axis',(1.,0.,0.));
#9020=DIRECTION('',(0.,0.,1.));
#9021=DIRECTION('center_axis',(0.,0.,1.));
#9022=DIRECTION('ref_axis',(1.,0.,0.));
#9023=DIRECTION('center_axis',(0.,0.,-1.));
#9024=DIRECTION('ref_axis',(1.,0.,0.));
#9025=DIRECTION('',(0.,0.,1.));
#9026=DIRECTION('center_axis',(0.,0.,1.));
#9027=DIRECTION('ref_axis',(1.,0.,0.));
#9028=DIRECTION('center_axis',(0.,0.,-1.));
#9029=DIRECTION('ref_axis',(1.,0.,0.));
#9030=DIRECTION('',(0.,0.,1.));
#9031=DIRECTION('center_axis',(0.,0.,1.));
#9032=DIRECTION('ref_axis',(2.28167838920768E-15,1.,0.));
#9033=DIRECTION('center_axis',(0.,0.,-1.));
#9034=DIRECTION('ref_axis',(1.,0.,0.));
#9035=DIRECTION('center_axis',(0.,0.,1.));
#9036=DIRECTION('ref_axis',(1.,0.,0.));
#9037=DIRECTION('center_axis',(0.,0.,-1.));
#9038=DIRECTION('ref_axis',(1.,0.,0.));
#9039=DIRECTION('',(0.,0.,1.));
#9040=DIRECTION('center_axis',(0.,0.,1.));
#9041=DIRECTION('ref_axis',(-1.,-3.78931584964895E-9,0.));
#9042=DIRECTION('center_axis',(0.,0.,-1.));
#9043=DIRECTION('ref_axis',(1.,0.,0.));
#9044=DIRECTION('center_axis',(0.,0.,1.));
#9045=DIRECTION('ref_axis',(1.,0.,0.));
#9046=DIRECTION('center_axis',(0.,0.,-1.));
#9047=DIRECTION('ref_axis',(1.,0.,0.));
#9048=DIRECTION('',(0.,0.,1.));
#9049=DIRECTION('center_axis',(0.,0.,1.));
#9050=DIRECTION('ref_axis',(-1.,-3.78931629373816E-9,0.));
#9051=DIRECTION('center_axis',(0.,0.,-1.));
#9052=DIRECTION('ref_axis',(1.,0.,0.));
#9053=DIRECTION('center_axis',(0.,0.,1.));
#9054=DIRECTION('ref_axis',(1.,0.,0.));
#9055=DIRECTION('center_axis',(0.,0.,-1.));
#9056=DIRECTION('ref_axis',(1.,0.,0.));
#9057=DIRECTION('center_axis',(0.,0.,1.));
#9058=DIRECTION('ref_axis',(1.,0.,0.));
#9059=DIRECTION('center_axis',(0.,0.,-1.));
#9060=DIRECTION('ref_axis',(1.,0.,0.));
#9061=DIRECTION('',(0.,0.,1.));
#9062=DIRECTION('center_axis',(0.,0.,1.));
#9063=DIRECTION('ref_axis',(1.,0.,0.));
#9064=DIRECTION('center_axis',(0.,0.,-1.));
#9065=DIRECTION('ref_axis',(1.,0.,0.));
#9066=DIRECTION('',(0.,0.,1.));
#9067=DIRECTION('center_axis',(0.,0.,1.));
#9068=DIRECTION('ref_axis',(-1.,-3.78931629373816E-9,0.));
#9069=DIRECTION('center_axis',(0.,0.,-1.));
#9070=DIRECTION('ref_axis',(1.,0.,0.));
#9071=DIRECTION('center_axis',(0.,0.,1.));
#9072=DIRECTION('ref_axis',(1.,0.,0.));
#9073=DIRECTION('center_axis',(0.,0.,-1.));
#9074=DIRECTION('ref_axis',(1.,0.,0.));
#9075=DIRECTION('',(0.,0.,1.));
#9076=DIRECTION('center_axis',(0.,0.,1.));
#9077=DIRECTION('ref_axis',(1.,0.,0.));
#9078=DIRECTION('center_axis',(0.,0.,-1.));
#9079=DIRECTION('ref_axis',(1.,0.,0.));
#9080=DIRECTION('',(0.,0.,1.));
#9081=DIRECTION('center_axis',(0.,0.,1.));
#9082=DIRECTION('ref_axis',(1.,0.,0.));
#9083=DIRECTION('center_axis',(0.,0.,-1.));
#9084=DIRECTION('ref_axis',(1.,0.,0.));
#9085=DIRECTION('',(0.,0.,1.));
#9086=DIRECTION('center_axis',(0.,0.,1.));
#9087=DIRECTION('ref_axis',(1.,0.,0.));
#9088=DIRECTION('center_axis',(0.,0.,-1.));
#9089=DIRECTION('ref_axis',(1.,0.,0.));
#9090=DIRECTION('',(0.,0.,1.));
#9091=DIRECTION('center_axis',(0.,0.,1.));
#9092=DIRECTION('ref_axis',(1.,0.,0.));
#9093=DIRECTION('center_axis',(0.,0.,-1.));
#9094=DIRECTION('ref_axis',(1.,0.,0.));
#9095=DIRECTION('',(0.,0.,1.));
#9096=DIRECTION('center_axis',(0.,0.,1.));
#9097=DIRECTION('ref_axis',(-0.507798329828442,0.86147597541861,0.));
#9098=DIRECTION('center_axis',(0.,0.,-1.));
#9099=DIRECTION('ref_axis',(1.,0.,0.));
#9100=DIRECTION('center_axis',(0.,0.,1.));
#9101=DIRECTION('ref_axis',(9.49410759657493E-16,1.,0.));
#9102=DIRECTION('center_axis',(0.,0.,-1.));
#9103=DIRECTION('ref_axis',(1.,0.,0.));
#9104=DIRECTION('center_axis',(0.,0.,1.));
#9105=DIRECTION('ref_axis',(1.,0.,0.));
#9106=DIRECTION('center_axis',(0.,0.,-1.));
#9107=DIRECTION('ref_axis',(1.,0.,0.));
#9108=DIRECTION('',(0.,0.,1.));
#9109=DIRECTION('center_axis',(0.,0.,1.));
#9110=DIRECTION('ref_axis',(1.,0.,0.));
#9111=DIRECTION('center_axis',(0.,0.,-1.));
#9112=DIRECTION('ref_axis',(1.,0.,0.));
#9113=DIRECTION('',(0.,0.,1.));
#9114=DIRECTION('center_axis',(0.,0.,1.));
#9115=DIRECTION('ref_axis',(1.,0.,0.));
#9116=DIRECTION('center_axis',(0.,0.,-1.));
#9117=DIRECTION('ref_axis',(1.,0.,0.));
#9118=DIRECTION('',(0.,0.,1.));
#9119=DIRECTION('center_axis',(0.,0.,1.));
#9120=DIRECTION('ref_axis',(1.,0.,0.));
#9121=DIRECTION('center_axis',(0.,0.,-1.));
#9122=DIRECTION('ref_axis',(1.,0.,0.));
#9123=DIRECTION('',(0.,0.,1.));
#9124=DIRECTION('center_axis',(0.,0.,1.));
#9125=DIRECTION('ref_axis',(1.,0.,0.));
#9126=DIRECTION('center_axis',(0.,0.,-1.));
#9127=DIRECTION('ref_axis',(1.,0.,0.));
#9128=DIRECTION('',(0.,0.,1.));
#9129=DIRECTION('center_axis',(0.,0.,1.));
#9130=DIRECTION('ref_axis',(1.,0.,0.));
#9131=DIRECTION('center_axis',(0.,0.,-1.));
#9132=DIRECTION('ref_axis',(1.,0.,0.));
#9133=DIRECTION('',(0.,0.,1.));
#9134=DIRECTION('center_axis',(0.,0.,1.));
#9135=DIRECTION('ref_axis',(1.,0.,0.));
#9136=DIRECTION('center_axis',(0.,0.,-1.));
#9137=DIRECTION('ref_axis',(1.,0.,0.));
#9138=DIRECTION('',(0.,0.,1.));
#9139=DIRECTION('center_axis',(0.,0.,1.));
#9140=DIRECTION('ref_axis',(1.,0.,0.));
#9141=DIRECTION('center_axis',(0.,0.,-1.));
#9142=DIRECTION('ref_axis',(1.,0.,0.));
#9143=DIRECTION('',(0.,0.,1.));
#9144=DIRECTION('center_axis',(0.,0.,1.));
#9145=DIRECTION('ref_axis',(1.,0.,0.));
#9146=DIRECTION('center_axis',(0.,0.,-1.));
#9147=DIRECTION('ref_axis',(1.,0.,0.));
#9148=DIRECTION('',(0.,0.,1.));
#9149=DIRECTION('center_axis',(0.,0.,1.));
#9150=DIRECTION('ref_axis',(1.,0.,0.));
#9151=DIRECTION('center_axis',(0.,0.,-1.));
#9152=DIRECTION('ref_axis',(1.,0.,0.));
#9153=DIRECTION('',(0.,0.,1.));
#9154=DIRECTION('center_axis',(0.,0.,1.));
#9155=DIRECTION('ref_axis',(1.,0.,0.));
#9156=DIRECTION('center_axis',(0.,0.,-1.));
#9157=DIRECTION('ref_axis',(1.,0.,0.));
#9158=DIRECTION('',(0.,0.,1.));
#9159=DIRECTION('center_axis',(0.,0.,1.));
#9160=DIRECTION('ref_axis',(1.,0.,0.));
#9161=DIRECTION('center_axis',(0.,0.,-1.));
#9162=DIRECTION('ref_axis',(1.,0.,0.));
#9163=DIRECTION('',(0.,0.,1.));
#9164=DIRECTION('center_axis',(0.,0.,1.));
#9165=DIRECTION('ref_axis',(-1.,-3.78931629373816E-9,0.));
#9166=DIRECTION('center_axis',(0.,0.,-1.));
#9167=DIRECTION('ref_axis',(1.,0.,0.));
#9168=DIRECTION('center_axis',(0.,0.,1.));
#9169=DIRECTION('ref_axis',(1.,0.,0.));
#9170=DIRECTION('center_axis',(0.,0.,-1.));
#9171=DIRECTION('ref_axis',(1.,0.,0.));
#9172=DIRECTION('center_axis',(0.,0.,1.));
#9173=DIRECTION('ref_axis',(1.,0.,0.));
#9174=DIRECTION('center_axis',(0.,0.,-1.));
#9175=DIRECTION('ref_axis',(1.,0.,0.));
#9176=DIRECTION('',(0.,0.,1.));
#9177=DIRECTION('center_axis',(0.,0.,1.));
#9178=DIRECTION('ref_axis',(1.,0.,0.));
#9179=DIRECTION('center_axis',(0.,0.,-1.));
#9180=DIRECTION('ref_axis',(1.,0.,0.));
#9181=DIRECTION('center_axis',(0.,0.,1.));
#9182=DIRECTION('ref_axis',(1.,0.,0.));
#9183=DIRECTION('center_axis',(0.,0.,-1.));
#9184=DIRECTION('ref_axis',(1.,0.,0.));
#9185=DIRECTION('',(0.,0.,1.));
#9186=DIRECTION('center_axis',(0.,0.,1.));
#9187=DIRECTION('ref_axis',(1.,0.,0.));
#9188=DIRECTION('center_axis',(0.,0.,-1.));
#9189=DIRECTION('ref_axis',(1.,0.,0.));
#9190=DIRECTION('center_axis',(0.,0.,1.));
#9191=DIRECTION('ref_axis',(1.,0.,0.));
#9192=DIRECTION('center_axis',(0.,0.,-1.));
#9193=DIRECTION('ref_axis',(1.,0.,0.));
#9194=DIRECTION('',(0.,0.,1.));
#9195=DIRECTION('center_axis',(0.,0.,1.));
#9196=DIRECTION('ref_axis',(1.61554457443259E-15,1.,0.));
#9197=DIRECTION('center_axis',(0.,0.,-1.));
#9198=DIRECTION('ref_axis',(1.,0.,0.));
#9199=DIRECTION('center_axis',(0.,0.,1.));
#9200=DIRECTION('ref_axis',(1.,0.,0.));
#9201=DIRECTION('center_axis',(0.,0.,-1.));
#9202=DIRECTION('ref_axis',(1.,0.,0.));
#9203=DIRECTION('',(0.,0.,1.));
#9204=DIRECTION('center_axis',(0.,0.,1.));
#9205=DIRECTION('ref_axis',(1.61554457443259E-15,1.,0.));
#9206=DIRECTION('center_axis',(0.,0.,-1.));
#9207=DIRECTION('ref_axis',(1.,0.,0.));
#9208=DIRECTION('center_axis',(0.,0.,1.));
#9209=DIRECTION('ref_axis',(1.,0.,0.));
#9210=DIRECTION('center_axis',(0.,0.,-1.));
#9211=DIRECTION('ref_axis',(1.,0.,0.));
#9212=DIRECTION('',(0.,0.,1.));
#9213=DIRECTION('center_axis',(0.,0.,1.));
#9214=DIRECTION('ref_axis',(1.61554457443259E-15,1.,0.));
#9215=DIRECTION('center_axis',(0.,0.,-1.));
#9216=DIRECTION('ref_axis',(1.,0.,0.));
#9217=DIRECTION('center_axis',(0.,0.,1.));
#9218=DIRECTION('ref_axis',(1.,0.,0.));
#9219=DIRECTION('center_axis',(0.,0.,-1.));
#9220=DIRECTION('ref_axis',(1.,0.,0.));
#9221=DIRECTION('center_axis',(0.,0.,1.));
#9222=DIRECTION('ref_axis',(1.,0.,0.));
#9223=DIRECTION('center_axis',(0.,0.,-1.));
#9224=DIRECTION('ref_axis',(1.,0.,0.));
#9225=DIRECTION('',(0.,0.,1.));
#9226=DIRECTION('center_axis',(0.,0.,1.));
#9227=DIRECTION('ref_axis',(1.,0.,0.));
#9228=DIRECTION('center_axis',(0.,0.,-1.));
#9229=DIRECTION('ref_axis',(1.,0.,0.));
#9230=DIRECTION('',(0.,0.,1.));
#9231=DIRECTION('center_axis',(0.,0.,1.));
#9232=DIRECTION('ref_axis',(1.,0.,0.));
#9233=DIRECTION('center_axis',(0.,0.,-1.));
#9234=DIRECTION('ref_axis',(1.,0.,0.));
#9235=DIRECTION('',(0.,0.,1.));
#9236=DIRECTION('center_axis',(0.,0.,1.));
#9237=DIRECTION('ref_axis',(1.,0.,0.));
#9238=DIRECTION('center_axis',(0.,0.,1.));
#9239=DIRECTION('ref_axis',(1.,0.,0.));
#9240=DIRECTION('center_axis',(0.,0.,1.));
#9241=DIRECTION('ref_axis',(1.,0.,0.));
#9242=DIRECTION('center_axis',(0.,0.,1.));
#9243=DIRECTION('ref_axis',(1.,0.,0.));
#9244=DIRECTION('center_axis',(0.,0.,1.));
#9245=DIRECTION('ref_axis',(1.,0.,0.));
#9246=DIRECTION('center_axis',(0.,0.,1.));
#9247=DIRECTION('ref_axis',(1.,0.,0.));
#9248=DIRECTION('center_axis',(0.,0.,1.));
#9249=DIRECTION('ref_axis',(1.,0.,0.));
#9250=DIRECTION('center_axis',(0.,0.,1.));
#9251=DIRECTION('ref_axis',(1.,0.,0.));
#9252=DIRECTION('center_axis',(0.,0.,1.));
#9253=DIRECTION('ref_axis',(1.,0.,0.));
#9254=DIRECTION('center_axis',(0.,0.,1.));
#9255=DIRECTION('ref_axis',(1.,0.,0.));
#9256=DIRECTION('center_axis',(0.,0.,1.));
#9257=DIRECTION('ref_axis',(1.,0.,0.));
#9258=DIRECTION('center_axis',(0.,0.,1.));
#9259=DIRECTION('ref_axis',(1.,0.,0.));
#9260=DIRECTION('center_axis',(0.,0.,1.));
#9261=DIRECTION('ref_axis',(1.,0.,0.));
#9262=DIRECTION('center_axis',(0.,0.,1.));
#9263=DIRECTION('ref_axis',(1.,0.,0.));
#9264=DIRECTION('center_axis',(0.,0.,1.));
#9265=DIRECTION('ref_axis',(1.,0.,0.));
#9266=DIRECTION('center_axis',(0.,0.,1.));
#9267=DIRECTION('ref_axis',(1.,0.,0.));
#9268=DIRECTION('center_axis',(0.,0.,1.));
#9269=DIRECTION('ref_axis',(1.,0.,0.));
#9270=DIRECTION('center_axis',(0.,0.,1.));
#9271=DIRECTION('ref_axis',(1.,0.,0.));
#9272=DIRECTION('center_axis',(0.,0.,1.));
#9273=DIRECTION('ref_axis',(1.,0.,0.));
#9274=DIRECTION('center_axis',(0.,0.,1.));
#9275=DIRECTION('ref_axis',(1.,0.,0.));
#9276=DIRECTION('center_axis',(0.,0.,1.));
#9277=DIRECTION('ref_axis',(1.,0.,0.));
#9278=DIRECTION('center_axis',(0.,0.,1.));
#9279=DIRECTION('ref_axis',(1.,0.,0.));
#9280=DIRECTION('center_axis',(0.,0.,1.));
#9281=DIRECTION('ref_axis',(1.,0.,0.));
#9282=DIRECTION('center_axis',(0.,0.,1.));
#9283=DIRECTION('ref_axis',(1.,0.,0.));
#9284=DIRECTION('center_axis',(0.,0.,1.));
#9285=DIRECTION('ref_axis',(1.,0.,0.));
#9286=DIRECTION('center_axis',(0.,0.,1.));
#9287=DIRECTION('ref_axis',(1.,0.,0.));
#9288=DIRECTION('center_axis',(0.,0.,1.));
#9289=DIRECTION('ref_axis',(1.,0.,0.));
#9290=DIRECTION('center_axis',(0.,0.,1.));
#9291=DIRECTION('ref_axis',(1.,0.,0.));
#9292=DIRECTION('center_axis',(0.,0.,1.));
#9293=DIRECTION('ref_axis',(1.,0.,0.));
#9294=DIRECTION('center_axis',(0.,0.,1.));
#9295=DIRECTION('ref_axis',(1.,0.,0.));
#9296=DIRECTION('center_axis',(0.,0.,1.));
#9297=DIRECTION('ref_axis',(1.,0.,0.));
#9298=DIRECTION('center_axis',(0.,0.,1.));
#9299=DIRECTION('ref_axis',(1.,0.,0.));
#9300=DIRECTION('center_axis',(0.,0.,1.));
#9301=DIRECTION('ref_axis',(1.,0.,0.));
#9302=DIRECTION('center_axis',(0.,0.,1.));
#9303=DIRECTION('ref_axis',(1.,0.,0.));
#9304=DIRECTION('center_axis',(0.,0.,1.));
#9305=DIRECTION('ref_axis',(1.,0.,0.));
#9306=DIRECTION('center_axis',(0.,0.,1.));
#9307=DIRECTION('ref_axis',(1.,0.,0.));
#9308=DIRECTION('center_axis',(0.,0.,1.));
#9309=DIRECTION('ref_axis',(1.,0.,0.));
#9310=DIRECTION('center_axis',(0.,0.,1.));
#9311=DIRECTION('ref_axis',(1.,0.,0.));
#9312=DIRECTION('center_axis',(0.,0.,1.));
#9313=DIRECTION('ref_axis',(1.,0.,0.));
#9314=DIRECTION('center_axis',(0.,0.,1.));
#9315=DIRECTION('ref_axis',(1.,0.,0.));
#9316=DIRECTION('center_axis',(0.,0.,1.));
#9317=DIRECTION('ref_axis',(1.,0.,0.));
#9318=DIRECTION('center_axis',(0.,0.,1.));
#9319=DIRECTION('ref_axis',(1.,0.,0.));
#9320=DIRECTION('center_axis',(0.,0.,1.));
#9321=DIRECTION('ref_axis',(1.,0.,0.));
#9322=DIRECTION('center_axis',(0.,0.,1.));
#9323=DIRECTION('ref_axis',(1.,0.,0.));
#9324=DIRECTION('center_axis',(0.,0.,1.));
#9325=DIRECTION('ref_axis',(1.,0.,0.));
#9326=DIRECTION('center_axis',(0.,0.,1.));
#9327=DIRECTION('ref_axis',(1.,0.,0.));
#9328=DIRECTION('center_axis',(0.,0.,1.));
#9329=DIRECTION('ref_axis',(1.,0.,0.));
#9330=DIRECTION('center_axis',(0.,0.,1.));
#9331=DIRECTION('ref_axis',(1.,0.,0.));
#9332=DIRECTION('center_axis',(0.,0.,1.));
#9333=DIRECTION('ref_axis',(1.,0.,0.));
#9334=DIRECTION('center_axis',(0.,0.,1.));
#9335=DIRECTION('ref_axis',(1.,0.,0.));
#9336=DIRECTION('center_axis',(0.,0.,1.));
#9337=DIRECTION('ref_axis',(1.,0.,0.));
#9338=DIRECTION('center_axis',(0.,0.,1.));
#9339=DIRECTION('ref_axis',(1.,0.,0.));
#9340=DIRECTION('center_axis',(0.,0.,1.));
#9341=DIRECTION('ref_axis',(1.,0.,0.));
#9342=DIRECTION('center_axis',(0.,0.,1.));
#9343=DIRECTION('ref_axis',(1.,0.,0.));
#9344=DIRECTION('center_axis',(0.,0.,1.));
#9345=DIRECTION('ref_axis',(1.,0.,0.));
#9346=DIRECTION('center_axis',(0.,0.,1.));
#9347=DIRECTION('ref_axis',(1.,0.,0.));
#9348=DIRECTION('center_axis',(0.,0.,1.));
#9349=DIRECTION('ref_axis',(1.,0.,0.));
#9350=DIRECTION('center_axis',(0.,0.,1.));
#9351=DIRECTION('ref_axis',(1.,0.,0.));
#9352=DIRECTION('center_axis',(0.,0.,1.));
#9353=DIRECTION('ref_axis',(1.,0.,0.));
#9354=DIRECTION('center_axis',(0.,0.,1.));
#9355=DIRECTION('ref_axis',(1.,0.,0.));
#9356=DIRECTION('center_axis',(0.,0.,1.));
#9357=DIRECTION('ref_axis',(1.,0.,0.));
#9358=DIRECTION('center_axis',(0.,0.,1.));
#9359=DIRECTION('ref_axis',(1.,0.,0.));
#9360=DIRECTION('center_axis',(0.,0.,1.));
#9361=DIRECTION('ref_axis',(1.,0.,0.));
#9362=DIRECTION('center_axis',(0.,0.,1.));
#9363=DIRECTION('ref_axis',(1.,0.,0.));
#9364=DIRECTION('center_axis',(0.,0.,1.));
#9365=DIRECTION('ref_axis',(1.,0.,0.));
#9366=DIRECTION('center_axis',(0.,0.,1.));
#9367=DIRECTION('ref_axis',(1.,0.,0.));
#9368=DIRECTION('center_axis',(0.,0.,1.));
#9369=DIRECTION('ref_axis',(1.,0.,0.));
#9370=DIRECTION('center_axis',(0.,0.,1.));
#9371=DIRECTION('ref_axis',(1.,0.,0.));
#9372=DIRECTION('center_axis',(0.,0.,1.));
#9373=DIRECTION('ref_axis',(1.,0.,0.));
#9374=DIRECTION('center_axis',(0.,0.,1.));
#9375=DIRECTION('ref_axis',(1.,0.,0.));
#9376=DIRECTION('center_axis',(0.,0.,1.));
#9377=DIRECTION('ref_axis',(1.,0.,0.));
#9378=DIRECTION('center_axis',(0.,0.,1.));
#9379=DIRECTION('ref_axis',(1.,0.,0.));
#9380=DIRECTION('center_axis',(0.,0.,1.));
#9381=DIRECTION('ref_axis',(1.,0.,0.));
#9382=DIRECTION('center_axis',(0.,0.,1.));
#9383=DIRECTION('ref_axis',(1.,0.,0.));
#9384=DIRECTION('center_axis',(0.,0.,1.));
#9385=DIRECTION('ref_axis',(1.,0.,0.));
#9386=DIRECTION('center_axis',(0.,0.,1.));
#9387=DIRECTION('ref_axis',(1.,0.,0.));
#9388=DIRECTION('center_axis',(0.,0.,1.));
#9389=DIRECTION('ref_axis',(1.,0.,0.));
#9390=DIRECTION('center_axis',(0.,0.,1.));
#9391=DIRECTION('ref_axis',(1.,0.,0.));
#9392=DIRECTION('center_axis',(0.,0.,1.));
#9393=DIRECTION('ref_axis',(1.,0.,0.));
#9394=DIRECTION('center_axis',(0.,0.,1.));
#9395=DIRECTION('ref_axis',(1.,0.,0.));
#9396=DIRECTION('center_axis',(0.,0.,1.));
#9397=DIRECTION('ref_axis',(1.,0.,0.));
#9398=DIRECTION('center_axis',(0.,0.,1.));
#9399=DIRECTION('ref_axis',(1.,0.,0.));
#9400=DIRECTION('center_axis',(0.,0.,1.));
#9401=DIRECTION('ref_axis',(1.,0.,0.));
#9402=DIRECTION('center_axis',(0.,0.,1.));
#9403=DIRECTION('ref_axis',(1.,0.,0.));
#9404=DIRECTION('center_axis',(0.,0.,1.));
#9405=DIRECTION('ref_axis',(1.,0.,0.));
#9406=DIRECTION('center_axis',(0.,0.,1.));
#9407=DIRECTION('ref_axis',(1.,0.,0.));
#9408=DIRECTION('center_axis',(0.,0.,1.));
#9409=DIRECTION('ref_axis',(1.,0.,0.));
#9410=DIRECTION('center_axis',(0.,0.,1.));
#9411=DIRECTION('ref_axis',(1.,0.,0.));
#9412=DIRECTION('center_axis',(0.,0.,1.));
#9413=DIRECTION('ref_axis',(1.,0.,0.));
#9414=DIRECTION('center_axis',(0.,0.,1.));
#9415=DIRECTION('ref_axis',(1.,0.,0.));
#9416=DIRECTION('center_axis',(0.,0.,1.));
#9417=DIRECTION('ref_axis',(1.,0.,0.));
#9418=DIRECTION('center_axis',(0.,0.,1.));
#9419=DIRECTION('ref_axis',(1.,0.,0.));
#9420=DIRECTION('center_axis',(0.,0.,1.));
#9421=DIRECTION('ref_axis',(1.,0.,0.));
#9422=DIRECTION('center_axis',(0.,0.,1.));
#9423=DIRECTION('ref_axis',(1.,0.,0.));
#9424=DIRECTION('center_axis',(0.,0.,1.));
#9425=DIRECTION('ref_axis',(1.,0.,0.));
#9426=DIRECTION('center_axis',(0.,0.,1.));
#9427=DIRECTION('ref_axis',(1.,0.,0.));
#9428=DIRECTION('center_axis',(0.,0.,1.));
#9429=DIRECTION('ref_axis',(1.,0.,0.));
#9430=DIRECTION('center_axis',(0.,0.,1.));
#9431=DIRECTION('ref_axis',(1.,0.,0.));
#9432=DIRECTION('center_axis',(0.,0.,1.));
#9433=DIRECTION('ref_axis',(1.,0.,0.));
#9434=DIRECTION('center_axis',(0.,0.,1.));
#9435=DIRECTION('ref_axis',(1.,0.,0.));
#9436=DIRECTION('center_axis',(0.,0.,1.));
#9437=DIRECTION('ref_axis',(1.,0.,0.));
#9438=DIRECTION('center_axis',(0.,0.,1.));
#9439=DIRECTION('ref_axis',(1.,0.,0.));
#9440=DIRECTION('center_axis',(0.,0.,1.));
#9441=DIRECTION('ref_axis',(1.,0.,0.));
#9442=DIRECTION('center_axis',(0.,0.,1.));
#9443=DIRECTION('ref_axis',(1.,0.,0.));
#9444=DIRECTION('center_axis',(0.,0.,1.));
#9445=DIRECTION('ref_axis',(1.,0.,0.));
#9446=DIRECTION('center_axis',(0.,0.,1.));
#9447=DIRECTION('ref_axis',(1.,0.,0.));
#9448=DIRECTION('center_axis',(0.,0.,1.));
#9449=DIRECTION('ref_axis',(1.,0.,0.));
#9450=DIRECTION('center_axis',(0.,0.,1.));
#9451=DIRECTION('ref_axis',(1.,0.,0.));
#9452=DIRECTION('center_axis',(0.,0.,1.));
#9453=DIRECTION('ref_axis',(1.,0.,0.));
#9454=DIRECTION('center_axis',(0.,0.,1.));
#9455=DIRECTION('ref_axis',(1.,0.,0.));
#9456=DIRECTION('center_axis',(0.,0.,1.));
#9457=DIRECTION('ref_axis',(1.,0.,0.));
#9458=DIRECTION('center_axis',(0.,0.,1.));
#9459=DIRECTION('ref_axis',(1.,0.,0.));
#9460=DIRECTION('center_axis',(0.,0.,1.));
#9461=DIRECTION('ref_axis',(1.,0.,0.));
#9462=DIRECTION('center_axis',(0.,0.,1.));
#9463=DIRECTION('ref_axis',(1.,0.,0.));
#9464=DIRECTION('center_axis',(0.,0.,1.));
#9465=DIRECTION('ref_axis',(1.,0.,0.));
#9466=DIRECTION('center_axis',(0.,0.,1.));
#9467=DIRECTION('ref_axis',(1.,0.,0.));
#9468=DIRECTION('center_axis',(0.,0.,1.));
#9469=DIRECTION('ref_axis',(1.,0.,0.));
#9470=DIRECTION('center_axis',(0.,0.,1.));
#9471=DIRECTION('ref_axis',(1.,0.,0.));
#9472=DIRECTION('center_axis',(0.,0.,1.));
#9473=DIRECTION('ref_axis',(1.,0.,0.));
#9474=DIRECTION('center_axis',(0.,0.,1.));
#9475=DIRECTION('ref_axis',(1.,0.,0.));
#9476=DIRECTION('center_axis',(0.,0.,1.));
#9477=DIRECTION('ref_axis',(1.,0.,0.));
#9478=DIRECTION('center_axis',(0.,0.,1.));
#9479=DIRECTION('ref_axis',(1.,0.,0.));
#9480=DIRECTION('center_axis',(0.,0.,1.));
#9481=DIRECTION('ref_axis',(1.,0.,0.));
#9482=DIRECTION('center_axis',(0.,0.,1.));
#9483=DIRECTION('ref_axis',(1.,0.,0.));
#9484=DIRECTION('center_axis',(0.,0.,1.));
#9485=DIRECTION('ref_axis',(1.,0.,0.));
#9486=DIRECTION('center_axis',(0.,0.,1.));
#9487=DIRECTION('ref_axis',(1.,0.,0.));
#9488=DIRECTION('center_axis',(0.,0.,1.));
#9489=DIRECTION('ref_axis',(1.,0.,0.));
#9490=DIRECTION('center_axis',(0.,0.,1.));
#9491=DIRECTION('ref_axis',(1.,0.,0.));
#9492=DIRECTION('center_axis',(0.,0.,1.));
#9493=DIRECTION('ref_axis',(1.,0.,0.));
#9494=DIRECTION('center_axis',(0.,0.,1.));
#9495=DIRECTION('ref_axis',(1.,0.,0.));
#9496=DIRECTION('',(0.,0.,-1.));
#9497=DIRECTION('center_axis',(0.,0.,1.));
#9498=DIRECTION('ref_axis',(1.,0.,0.));
#9499=DIRECTION('center_axis',(0.,0.,1.));
#9500=DIRECTION('ref_axis',(1.,0.,0.));
#9501=DIRECTION('',(0.,0.,-1.));
#9502=DIRECTION('center_axis',(0.,0.,1.));
#9503=DIRECTION('ref_axis',(1.,0.,0.));
#9504=DIRECTION('center_axis',(0.,0.,1.));
#9505=DIRECTION('ref_axis',(1.,0.,0.));
#9506=DIRECTION('',(0.,0.,-1.));
#9507=DIRECTION('center_axis',(0.,0.,1.));
#9508=DIRECTION('ref_axis',(1.,0.,0.));
#9509=DIRECTION('center_axis',(0.,0.,1.));
#9510=DIRECTION('ref_axis',(1.,0.,0.));
#9511=DIRECTION('',(0.,0.,-1.));
#9512=DIRECTION('center_axis',(0.,0.,1.));
#9513=DIRECTION('ref_axis',(1.,0.,0.));
#9514=DIRECTION('center_axis',(0.,0.,1.));
#9515=DIRECTION('ref_axis',(1.,0.,0.));
#9516=DIRECTION('center_axis',(0.,0.,1.));
#9517=DIRECTION('ref_axis',(1.,0.,0.));
#9518=DIRECTION('',(0.,0.,-1.));
#9519=DIRECTION('center_axis',(0.,0.,1.));
#9520=DIRECTION('ref_axis',(1.,0.,0.));
#9521=DIRECTION('center_axis',(0.,0.,1.));
#9522=DIRECTION('ref_axis',(1.,0.,0.));
#9523=DIRECTION('center_axis',(0.,0.,1.));
#9524=DIRECTION('ref_axis',(1.,0.,0.));
#9525=DIRECTION('',(0.,0.,-1.));
#9526=DIRECTION('center_axis',(0.,0.,1.));
#9527=DIRECTION('ref_axis',(1.,0.,0.));
#9528=DIRECTION('center_axis',(0.,0.,1.));
#9529=DIRECTION('ref_axis',(1.,0.,0.));
#9530=DIRECTION('',(0.,0.,-1.));
#9531=DIRECTION('center_axis',(0.,0.,1.));
#9532=DIRECTION('ref_axis',(1.,0.,0.));
#9533=DIRECTION('center_axis',(0.,0.,1.));
#9534=DIRECTION('ref_axis',(1.,0.,0.));
#9535=DIRECTION('center_axis',(0.,0.,1.));
#9536=DIRECTION('ref_axis',(1.,0.,0.));
#9537=DIRECTION('',(0.,0.,-1.));
#9538=DIRECTION('center_axis',(0.,0.,1.));
#9539=DIRECTION('ref_axis',(1.,0.,0.));
#9540=DIRECTION('center_axis',(0.,0.,1.));
#9541=DIRECTION('ref_axis',(1.,0.,0.));
#9542=DIRECTION('',(0.,0.,-1.));
#9543=DIRECTION('center_axis',(0.,0.,1.));
#9544=DIRECTION('ref_axis',(1.,0.,0.));
#9545=DIRECTION('center_axis',(0.,0.,1.));
#9546=DIRECTION('ref_axis',(1.,0.,0.));
#9547=DIRECTION('center_axis',(0.,0.,1.));
#9548=DIRECTION('ref_axis',(1.,0.,0.));
#9549=DIRECTION('',(0.,0.,-1.));
#9550=DIRECTION('center_axis',(0.,0.,1.));
#9551=DIRECTION('ref_axis',(1.,0.,0.));
#9552=DIRECTION('center_axis',(0.,0.,1.));
#9553=DIRECTION('ref_axis',(1.,0.,0.));
#9554=DIRECTION('',(0.,0.,-1.));
#9555=DIRECTION('center_axis',(0.,0.,1.));
#9556=DIRECTION('ref_axis',(1.,0.,0.));
#9557=DIRECTION('center_axis',(0.,0.,1.));
#9558=DIRECTION('ref_axis',(1.,0.,0.));
#9559=DIRECTION('center_axis',(0.,0.,1.));
#9560=DIRECTION('ref_axis',(1.,0.,0.));
#9561=DIRECTION('',(0.,0.,-1.));
#9562=DIRECTION('center_axis',(0.,0.,1.));
#9563=DIRECTION('ref_axis',(1.,0.,0.));
#9564=DIRECTION('center_axis',(0.,0.,1.));
#9565=DIRECTION('ref_axis',(1.,0.,0.));
#9566=DIRECTION('',(0.,0.,-1.));
#9567=DIRECTION('center_axis',(0.,0.,1.));
#9568=DIRECTION('ref_axis',(1.,0.,0.));
#9569=DIRECTION('center_axis',(0.,0.,1.));
#9570=DIRECTION('ref_axis',(1.,0.,0.));
#9571=DIRECTION('center_axis',(0.,0.,1.));
#9572=DIRECTION('ref_axis',(1.,0.,0.));
#9573=DIRECTION('',(0.,0.,-1.));
#9574=DIRECTION('center_axis',(0.,0.,1.));
#9575=DIRECTION('ref_axis',(1.,0.,0.));
#9576=DIRECTION('center_axis',(0.,0.,1.));
#9577=DIRECTION('ref_axis',(1.,0.,0.));
#9578=DIRECTION('',(0.,0.,-1.));
#9579=DIRECTION('center_axis',(0.,0.,1.));
#9580=DIRECTION('ref_axis',(1.,0.,0.));
#9581=DIRECTION('center_axis',(0.,0.,1.));
#9582=DIRECTION('ref_axis',(1.,0.,0.));
#9583=DIRECTION('center_axis',(0.,0.,1.));
#9584=DIRECTION('ref_axis',(1.,0.,0.));
#9585=DIRECTION('',(0.,0.,-1.));
#9586=DIRECTION('center_axis',(0.,0.,1.));
#9587=DIRECTION('ref_axis',(1.,0.,0.));
#9588=DIRECTION('center_axis',(0.,0.,1.));
#9589=DIRECTION('ref_axis',(1.,0.,0.));
#9590=DIRECTION('center_axis',(0.,0.,1.));
#9591=DIRECTION('ref_axis',(1.,0.,0.));
#9592=DIRECTION('',(0.,0.,-1.));
#9593=DIRECTION('center_axis',(0.,0.,1.));
#9594=DIRECTION('ref_axis',(1.,0.,0.));
#9595=DIRECTION('center_axis',(0.,0.,1.));
#9596=DIRECTION('ref_axis',(1.,0.,0.));
#9597=DIRECTION('',(0.,0.,-1.));
#9598=DIRECTION('center_axis',(0.,0.,1.));
#9599=DIRECTION('ref_axis',(1.,0.,0.));
#9600=DIRECTION('center_axis',(0.,0.,1.));
#9601=DIRECTION('ref_axis',(1.,0.,0.));
#9602=DIRECTION('',(0.,0.,-1.));
#9603=DIRECTION('center_axis',(0.,0.,1.));
#9604=DIRECTION('ref_axis',(1.,0.,0.));
#9605=DIRECTION('center_axis',(0.,0.,1.));
#9606=DIRECTION('ref_axis',(1.,0.,0.));
#9607=DIRECTION('',(0.,0.,-1.));
#9608=DIRECTION('center_axis',(0.,0.,1.));
#9609=DIRECTION('ref_axis',(1.,0.,0.));
#9610=DIRECTION('center_axis',(0.,0.,1.));
#9611=DIRECTION('ref_axis',(1.,0.,0.));
#9612=DIRECTION('',(0.,0.,-1.));
#9613=DIRECTION('center_axis',(0.,0.,1.));
#9614=DIRECTION('ref_axis',(1.,0.,0.));
#9615=DIRECTION('center_axis',(0.,0.,1.));
#9616=DIRECTION('ref_axis',(1.,0.,0.));
#9617=DIRECTION('',(0.,0.,-1.));
#9618=DIRECTION('center_axis',(0.,0.,1.));
#9619=DIRECTION('ref_axis',(1.,0.,0.));
#9620=DIRECTION('center_axis',(0.,0.,1.));
#9621=DIRECTION('ref_axis',(1.,0.,0.));
#9622=DIRECTION('',(0.,0.,-1.));
#9623=DIRECTION('center_axis',(0.,0.,1.));
#9624=DIRECTION('ref_axis',(1.,0.,0.));
#9625=DIRECTION('center_axis',(0.,0.,1.));
#9626=DIRECTION('ref_axis',(1.,0.,0.));
#9627=DIRECTION('',(0.,0.,-1.));
#9628=DIRECTION('center_axis',(0.,0.,1.));
#9629=DIRECTION('ref_axis',(1.,0.,0.));
#9630=DIRECTION('center_axis',(0.,0.,1.));
#9631=DIRECTION('ref_axis',(1.,0.,0.));
#9632=DIRECTION('',(0.,0.,-1.));
#9633=DIRECTION('center_axis',(0.,0.,1.));
#9634=DIRECTION('ref_axis',(1.,0.,0.));
#9635=DIRECTION('center_axis',(0.,0.,1.));
#9636=DIRECTION('ref_axis',(1.,0.,0.));
#9637=DIRECTION('',(0.,0.,-1.));
#9638=DIRECTION('center_axis',(0.,0.,1.));
#9639=DIRECTION('ref_axis',(1.,0.,0.));
#9640=DIRECTION('center_axis',(0.,0.,1.));
#9641=DIRECTION('ref_axis',(1.,0.,0.));
#9642=DIRECTION('',(0.,0.,-1.));
#9643=DIRECTION('center_axis',(0.,0.,1.));
#9644=DIRECTION('ref_axis',(1.,0.,0.));
#9645=DIRECTION('center_axis',(0.,0.,1.));
#9646=DIRECTION('ref_axis',(1.,0.,0.));
#9647=DIRECTION('',(0.,0.,-1.));
#9648=DIRECTION('center_axis',(0.,0.,1.));
#9649=DIRECTION('ref_axis',(1.,0.,0.));
#9650=DIRECTION('center_axis',(0.,0.,1.));
#9651=DIRECTION('ref_axis',(1.,0.,0.));
#9652=DIRECTION('',(0.,0.,-1.));
#9653=DIRECTION('center_axis',(0.,0.,1.));
#9654=DIRECTION('ref_axis',(1.,0.,0.));
#9655=DIRECTION('center_axis',(0.,0.,1.));
#9656=DIRECTION('ref_axis',(1.,0.,0.));
#9657=DIRECTION('center_axis',(0.,0.,1.));
#9658=DIRECTION('ref_axis',(1.,0.,0.));
#9659=DIRECTION('',(0.,0.,-1.));
#9660=DIRECTION('center_axis',(0.,0.,1.));
#9661=DIRECTION('ref_axis',(1.,0.,0.));
#9662=DIRECTION('center_axis',(0.,0.,1.));
#9663=DIRECTION('ref_axis',(1.,0.,0.));
#9664=DIRECTION('center_axis',(0.,0.,1.));
#9665=DIRECTION('ref_axis',(1.,0.,0.));
#9666=DIRECTION('',(0.,0.,-1.));
#9667=DIRECTION('center_axis',(0.,0.,1.));
#9668=DIRECTION('ref_axis',(1.,0.,0.));
#9669=DIRECTION('center_axis',(0.,0.,1.));
#9670=DIRECTION('ref_axis',(1.,0.,0.));
#9671=DIRECTION('',(0.,0.,-1.));
#9672=DIRECTION('center_axis',(0.,0.,1.));
#9673=DIRECTION('ref_axis',(1.,0.,0.));
#9674=DIRECTION('center_axis',(0.,0.,1.));
#9675=DIRECTION('ref_axis',(1.,0.,0.));
#9676=DIRECTION('',(0.,0.,-1.));
#9677=DIRECTION('center_axis',(0.,0.,1.));
#9678=DIRECTION('ref_axis',(1.,0.,0.));
#9679=DIRECTION('center_axis',(0.,0.,1.));
#9680=DIRECTION('ref_axis',(1.,0.,0.));
#9681=DIRECTION('',(0.,0.,-1.));
#9682=DIRECTION('center_axis',(0.,0.,1.));
#9683=DIRECTION('ref_axis',(1.,0.,0.));
#9684=DIRECTION('center_axis',(0.,0.,1.));
#9685=DIRECTION('ref_axis',(1.,0.,0.));
#9686=DIRECTION('',(0.,0.,-1.));
#9687=DIRECTION('center_axis',(0.,0.,1.));
#9688=DIRECTION('ref_axis',(1.,0.,0.));
#9689=DIRECTION('center_axis',(0.,0.,1.));
#9690=DIRECTION('ref_axis',(1.,0.,0.));
#9691=DIRECTION('',(0.,0.,-1.));
#9692=DIRECTION('center_axis',(0.,0.,1.));
#9693=DIRECTION('ref_axis',(1.,0.,0.));
#9694=DIRECTION('center_axis',(0.,0.,1.));
#9695=DIRECTION('ref_axis',(1.,0.,0.));
#9696=DIRECTION('center_axis',(0.,0.,1.));
#9697=DIRECTION('ref_axis',(1.,0.,0.));
#9698=DIRECTION('',(0.,0.,-1.));
#9699=DIRECTION('center_axis',(0.,0.,1.));
#9700=DIRECTION('ref_axis',(1.,0.,0.));
#9701=DIRECTION('center_axis',(0.,0.,1.));
#9702=DIRECTION('ref_axis',(1.,0.,0.));
#9703=DIRECTION('',(0.,0.,-1.));
#9704=DIRECTION('center_axis',(0.,0.,1.));
#9705=DIRECTION('ref_axis',(1.,0.,0.));
#9706=DIRECTION('center_axis',(0.,0.,1.));
#9707=DIRECTION('ref_axis',(1.,0.,0.));
#9708=DIRECTION('',(0.,0.,-1.));
#9709=DIRECTION('center_axis',(0.,0.,1.));
#9710=DIRECTION('ref_axis',(1.,0.,0.));
#9711=DIRECTION('center_axis',(0.,0.,1.));
#9712=DIRECTION('ref_axis',(1.,0.,0.));
#9713=DIRECTION('center_axis',(0.,0.,1.));
#9714=DIRECTION('ref_axis',(1.,0.,0.));
#9715=DIRECTION('',(0.,0.,-1.));
#9716=DIRECTION('center_axis',(0.,0.,1.));
#9717=DIRECTION('ref_axis',(1.,0.,0.));
#9718=DIRECTION('center_axis',(0.,0.,1.));
#9719=DIRECTION('ref_axis',(1.,0.,0.));
#9720=DIRECTION('center_axis',(0.,0.,1.));
#9721=DIRECTION('ref_axis',(1.,0.,0.));
#9722=DIRECTION('',(0.,0.,-1.));
#9723=DIRECTION('center_axis',(0.,0.,1.));
#9724=DIRECTION('ref_axis',(1.,0.,0.));
#9725=DIRECTION('center_axis',(0.,0.,1.));
#9726=DIRECTION('ref_axis',(1.,0.,0.));
#9727=DIRECTION('',(0.,0.,-1.));
#9728=DIRECTION('center_axis',(0.,0.,1.));
#9729=DIRECTION('ref_axis',(1.,0.,0.));
#9730=DIRECTION('center_axis',(0.,0.,1.));
#9731=DIRECTION('ref_axis',(1.,0.,0.));
#9732=DIRECTION('center_axis',(0.,0.,1.));
#9733=DIRECTION('ref_axis',(1.,0.,0.));
#9734=DIRECTION('',(0.,0.,-1.));
#9735=DIRECTION('center_axis',(0.,0.,1.));
#9736=DIRECTION('ref_axis',(1.,0.,0.));
#9737=DIRECTION('center_axis',(0.,0.,1.));
#9738=DIRECTION('ref_axis',(1.,0.,0.));
#9739=DIRECTION('',(0.,0.,-1.));
#9740=DIRECTION('center_axis',(0.,0.,1.));
#9741=DIRECTION('ref_axis',(1.,0.,0.));
#9742=DIRECTION('center_axis',(0.,0.,1.));
#9743=DIRECTION('ref_axis',(1.,0.,0.));
#9744=DIRECTION('center_axis',(0.,0.,1.));
#9745=DIRECTION('ref_axis',(1.,0.,0.));
#9746=DIRECTION('',(0.,0.,-1.));
#9747=DIRECTION('center_axis',(0.,0.,1.));
#9748=DIRECTION('ref_axis',(1.,0.,0.));
#9749=DIRECTION('center_axis',(0.,0.,1.));
#9750=DIRECTION('ref_axis',(1.,0.,0.));
#9751=DIRECTION('',(0.,0.,-1.));
#9752=DIRECTION('center_axis',(0.,0.,1.));
#9753=DIRECTION('ref_axis',(1.,0.,0.));
#9754=DIRECTION('center_axis',(0.,0.,1.));
#9755=DIRECTION('ref_axis',(1.,0.,0.));
#9756=DIRECTION('',(0.,0.,-1.));
#9757=DIRECTION('center_axis',(0.,0.,1.));
#9758=DIRECTION('ref_axis',(1.,0.,0.));
#9759=DIRECTION('center_axis',(0.,0.,1.));
#9760=DIRECTION('ref_axis',(1.,0.,0.));
#9761=DIRECTION('',(0.,0.,-1.));
#9762=DIRECTION('center_axis',(0.,0.,1.));
#9763=DIRECTION('ref_axis',(1.,0.,0.));
#9764=DIRECTION('center_axis',(0.,0.,1.));
#9765=DIRECTION('ref_axis',(1.,0.,0.));
#9766=DIRECTION('',(0.,0.,-1.));
#9767=DIRECTION('center_axis',(0.,0.,1.));
#9768=DIRECTION('ref_axis',(1.,0.,0.));
#9769=DIRECTION('center_axis',(0.,0.,1.));
#9770=DIRECTION('ref_axis',(1.,0.,0.));
#9771=DIRECTION('',(0.,0.,-1.));
#9772=DIRECTION('center_axis',(0.,0.,1.));
#9773=DIRECTION('ref_axis',(1.,0.,0.));
#9774=DIRECTION('center_axis',(0.,0.,1.));
#9775=DIRECTION('ref_axis',(1.,0.,0.));
#9776=DIRECTION('center_axis',(0.,0.,1.));
#9777=DIRECTION('ref_axis',(1.,0.,0.));
#9778=DIRECTION('',(0.,0.,-1.));
#9779=DIRECTION('center_axis',(0.,0.,1.));
#9780=DIRECTION('ref_axis',(1.,0.,0.));
#9781=DIRECTION('center_axis',(0.,0.,1.));
#9782=DIRECTION('ref_axis',(1.,0.,0.));
#9783=DIRECTION('',(0.,0.,-1.));
#9784=DIRECTION('center_axis',(0.,0.,1.));
#9785=DIRECTION('ref_axis',(1.,0.,0.));
#9786=DIRECTION('center_axis',(0.,0.,1.));
#9787=DIRECTION('ref_axis',(1.,0.,0.));
#9788=DIRECTION('center_axis',(0.,0.,1.));
#9789=DIRECTION('ref_axis',(1.,0.,0.));
#9790=DIRECTION('',(0.,0.,-1.));
#9791=DIRECTION('center_axis',(0.,0.,1.));
#9792=DIRECTION('ref_axis',(1.,0.,0.));
#9793=DIRECTION('center_axis',(0.,0.,1.));
#9794=DIRECTION('ref_axis',(1.,0.,0.));
#9795=DIRECTION('',(0.,0.,-1.));
#9796=DIRECTION('center_axis',(0.,0.,1.));
#9797=DIRECTION('ref_axis',(1.,0.,0.));
#9798=DIRECTION('center_axis',(0.,0.,1.));
#9799=DIRECTION('ref_axis',(1.,0.,0.));
#9800=DIRECTION('center_axis',(0.,0.,1.));
#9801=DIRECTION('ref_axis',(1.,0.,0.));
#9802=DIRECTION('',(0.,0.,-1.));
#9803=DIRECTION('center_axis',(0.,0.,1.));
#9804=DIRECTION('ref_axis',(1.,0.,0.));
#9805=DIRECTION('center_axis',(0.,0.,1.));
#9806=DIRECTION('ref_axis',(1.,0.,0.));
#9807=DIRECTION('',(0.,0.,-1.));
#9808=DIRECTION('center_axis',(0.,0.,1.));
#9809=DIRECTION('ref_axis',(1.,0.,0.));
#9810=DIRECTION('center_axis',(0.,0.,1.));
#9811=DIRECTION('ref_axis',(1.,0.,0.));
#9812=DIRECTION('center_axis',(0.,0.,1.));
#9813=DIRECTION('ref_axis',(1.,0.,0.));
#9814=DIRECTION('',(0.,0.,-1.));
#9815=DIRECTION('center_axis',(0.,0.,1.));
#9816=DIRECTION('ref_axis',(1.,0.,0.));
#9817=DIRECTION('center_axis',(0.,0.,1.));
#9818=DIRECTION('ref_axis',(1.,0.,0.));
#9819=DIRECTION('',(0.,0.,-1.));
#9820=DIRECTION('center_axis',(0.,0.,1.));
#9821=DIRECTION('ref_axis',(1.,0.,0.));
#9822=DIRECTION('center_axis',(0.,0.,1.));
#9823=DIRECTION('ref_axis',(1.,0.,0.));
#9824=DIRECTION('',(0.,0.,-1.));
#9825=DIRECTION('center_axis',(0.,0.,1.));
#9826=DIRECTION('ref_axis',(1.,0.,0.));
#9827=DIRECTION('center_axis',(0.,0.,1.));
#9828=DIRECTION('ref_axis',(1.,0.,0.));
#9829=DIRECTION('',(0.,0.,-1.));
#9830=DIRECTION('center_axis',(0.,0.,1.));
#9831=DIRECTION('ref_axis',(1.,0.,0.));
#9832=DIRECTION('center_axis',(0.,0.,1.));
#9833=DIRECTION('ref_axis',(1.,0.,0.));
#9834=DIRECTION('center_axis',(0.,0.,1.));
#9835=DIRECTION('ref_axis',(1.,0.,0.));
#9836=DIRECTION('',(0.,0.,-1.));
#9837=DIRECTION('center_axis',(0.,0.,1.));
#9838=DIRECTION('ref_axis',(1.,0.,0.));
#9839=DIRECTION('center_axis',(0.,0.,1.));
#9840=DIRECTION('ref_axis',(1.,0.,0.));
#9841=DIRECTION('center_axis',(0.,0.,1.));
#9842=DIRECTION('ref_axis',(1.,0.,0.));
#9843=DIRECTION('',(0.,0.,-1.));
#9844=DIRECTION('center_axis',(0.,0.,1.));
#9845=DIRECTION('ref_axis',(1.,0.,0.));
#9846=DIRECTION('center_axis',(0.,0.,1.));
#9847=DIRECTION('ref_axis',(1.,0.,0.));
#9848=DIRECTION('',(0.,0.,-1.));
#9849=DIRECTION('center_axis',(0.,0.,1.));
#9850=DIRECTION('ref_axis',(1.,0.,0.));
#9851=DIRECTION('center_axis',(0.,0.,1.));
#9852=DIRECTION('ref_axis',(1.,0.,0.));
#9853=DIRECTION('',(0.,0.,-1.));
#9854=DIRECTION('center_axis',(0.,0.,1.));
#9855=DIRECTION('ref_axis',(1.,0.,0.));
#9856=DIRECTION('center_axis',(0.,0.,1.));
#9857=DIRECTION('ref_axis',(1.,0.,0.));
#9858=DIRECTION('',(0.,0.,-1.));
#9859=DIRECTION('center_axis',(0.,0.,1.));
#9860=DIRECTION('ref_axis',(1.,0.,0.));
#9861=DIRECTION('center_axis',(0.,0.,1.));
#9862=DIRECTION('ref_axis',(1.,0.,0.));
#9863=DIRECTION('',(0.,0.,-1.));
#9864=DIRECTION('center_axis',(0.,0.,1.));
#9865=DIRECTION('ref_axis',(1.,0.,0.));
#9866=DIRECTION('center_axis',(0.,0.,1.));
#9867=DIRECTION('ref_axis',(1.,0.,0.));
#9868=DIRECTION('',(0.,0.,-1.));
#9869=DIRECTION('center_axis',(0.,0.,1.));
#9870=DIRECTION('ref_axis',(1.,0.,0.));
#9871=DIRECTION('center_axis',(0.,0.,1.));
#9872=DIRECTION('ref_axis',(1.,0.,0.));
#9873=DIRECTION('',(0.,0.,-1.));
#9874=DIRECTION('center_axis',(0.,0.,1.));
#9875=DIRECTION('ref_axis',(1.,0.,0.));
#9876=DIRECTION('center_axis',(0.,0.,1.));
#9877=DIRECTION('ref_axis',(1.,0.,0.));
#9878=DIRECTION('',(0.,0.,-1.));
#9879=DIRECTION('center_axis',(0.,0.,1.));
#9880=DIRECTION('ref_axis',(1.,0.,0.));
#9881=DIRECTION('center_axis',(0.,0.,1.));
#9882=DIRECTION('ref_axis',(1.,0.,0.));
#9883=DIRECTION('',(0.,0.,-1.));
#9884=DIRECTION('center_axis',(0.,0.,1.));
#9885=DIRECTION('ref_axis',(1.,0.,0.));
#9886=DIRECTION('center_axis',(0.,0.,1.));
#9887=DIRECTION('ref_axis',(1.,0.,0.));
#9888=DIRECTION('center_axis',(0.,0.,1.));
#9889=DIRECTION('ref_axis',(1.,0.,0.));
#9890=DIRECTION('',(0.,0.,-1.));
#9891=DIRECTION('center_axis',(0.,0.,1.));
#9892=DIRECTION('ref_axis',(1.,0.,0.));
#9893=DIRECTION('center_axis',(0.,0.,1.));
#9894=DIRECTION('ref_axis',(1.,0.,0.));
#9895=DIRECTION('center_axis',(0.,0.,1.));
#9896=DIRECTION('ref_axis',(1.,0.,0.));
#9897=DIRECTION('',(0.,0.,-1.));
#9898=DIRECTION('center_axis',(0.,0.,1.));
#9899=DIRECTION('ref_axis',(1.,0.,0.));
#9900=DIRECTION('center_axis',(0.,0.,1.));
#9901=DIRECTION('ref_axis',(1.,0.,0.));
#9902=DIRECTION('',(0.,0.,-1.));
#9903=DIRECTION('center_axis',(0.,0.,1.));
#9904=DIRECTION('ref_axis',(1.,0.,0.));
#9905=DIRECTION('center_axis',(0.,0.,1.));
#9906=DIRECTION('ref_axis',(1.,0.,0.));
#9907=DIRECTION('',(0.,0.,-1.));
#9908=DIRECTION('center_axis',(0.,0.,1.));
#9909=DIRECTION('ref_axis',(1.,0.,0.));
#9910=DIRECTION('center_axis',(0.,0.,1.));
#9911=DIRECTION('ref_axis',(1.,0.,0.));
#9912=DIRECTION('',(0.,0.,-1.));
#9913=DIRECTION('center_axis',(0.,0.,1.));
#9914=DIRECTION('ref_axis',(1.,0.,0.));
#9915=DIRECTION('center_axis',(0.,0.,1.));
#9916=DIRECTION('ref_axis',(1.,0.,0.));
#9917=DIRECTION('',(0.,0.,-1.));
#9918=DIRECTION('center_axis',(0.,0.,1.));
#9919=DIRECTION('ref_axis',(1.,0.,0.));
#9920=DIRECTION('center_axis',(0.,0.,1.));
#9921=DIRECTION('ref_axis',(1.,0.,0.));
#9922=DIRECTION('',(0.,0.,-1.));
#9923=DIRECTION('center_axis',(0.,0.,1.));
#9924=DIRECTION('ref_axis',(1.,0.,0.));
#9925=DIRECTION('center_axis',(0.,0.,1.));
#9926=DIRECTION('ref_axis',(1.,0.,0.));
#9927=DIRECTION('',(0.,0.,-1.));
#9928=DIRECTION('center_axis',(0.,0.,1.));
#9929=DIRECTION('ref_axis',(1.,0.,0.));
#9930=DIRECTION('center_axis',(0.,0.,1.));
#9931=DIRECTION('ref_axis',(1.,0.,0.));
#9932=DIRECTION('',(0.,0.,-1.));
#9933=DIRECTION('center_axis',(0.,0.,1.));
#9934=DIRECTION('ref_axis',(1.,0.,0.));
#9935=DIRECTION('center_axis',(0.,0.,1.));
#9936=DIRECTION('ref_axis',(1.,0.,0.));
#9937=DIRECTION('',(0.,0.,-1.));
#9938=DIRECTION('center_axis',(0.,0.,1.));
#9939=DIRECTION('ref_axis',(1.,0.,0.));
#9940=DIRECTION('center_axis',(0.,0.,1.));
#9941=DIRECTION('ref_axis',(1.,0.,0.));
#9942=DIRECTION('center_axis',(0.,0.,1.));
#9943=DIRECTION('ref_axis',(1.,0.,0.));
#9944=DIRECTION('',(0.,0.,-1.));
#9945=DIRECTION('center_axis',(0.,0.,1.));
#9946=DIRECTION('ref_axis',(1.,0.,0.));
#9947=DIRECTION('center_axis',(0.,0.,1.));
#9948=DIRECTION('ref_axis',(1.,0.,0.));
#9949=DIRECTION('center_axis',(0.,0.,1.));
#9950=DIRECTION('ref_axis',(1.,0.,0.));
#9951=DIRECTION('',(0.,0.,-1.));
#9952=DIRECTION('center_axis',(0.,0.,1.));
#9953=DIRECTION('ref_axis',(1.,0.,0.));
#9954=DIRECTION('center_axis',(0.,0.,1.));
#9955=DIRECTION('ref_axis',(1.,0.,0.));
#9956=DIRECTION('',(0.,0.,-1.));
#9957=DIRECTION('center_axis',(0.,0.,1.));
#9958=DIRECTION('ref_axis',(1.,0.,0.));
#9959=DIRECTION('center_axis',(0.,0.,1.));
#9960=DIRECTION('ref_axis',(1.,0.,0.));
#9961=DIRECTION('',(0.,0.,-1.));
#9962=DIRECTION('center_axis',(0.,0.,1.));
#9963=DIRECTION('ref_axis',(1.,0.,0.));
#9964=DIRECTION('center_axis',(0.,0.,1.));
#9965=DIRECTION('ref_axis',(1.,0.,0.));
#9966=DIRECTION('',(0.,0.,-1.));
#9967=DIRECTION('center_axis',(0.,0.,1.));
#9968=DIRECTION('ref_axis',(1.,0.,0.));
#9969=DIRECTION('center_axis',(0.,0.,1.));
#9970=DIRECTION('ref_axis',(1.,0.,0.));
#9971=DIRECTION('',(0.,0.,-1.));
#9972=DIRECTION('center_axis',(0.,0.,1.));
#9973=DIRECTION('ref_axis',(1.,0.,0.));
#9974=DIRECTION('center_axis',(0.,0.,1.));
#9975=DIRECTION('ref_axis',(1.,0.,0.));
#9976=DIRECTION('',(0.,0.,-1.));
#9977=DIRECTION('center_axis',(0.,0.,1.));
#9978=DIRECTION('ref_axis',(1.,0.,0.));
#9979=DIRECTION('center_axis',(0.,0.,1.));
#9980=DIRECTION('ref_axis',(1.,0.,0.));
#9981=DIRECTION('',(0.,0.,-1.));
#9982=DIRECTION('center_axis',(0.,0.,1.));
#9983=DIRECTION('ref_axis',(1.,0.,0.));
#9984=DIRECTION('center_axis',(0.,0.,1.));
#9985=DIRECTION('ref_axis',(1.,0.,0.));
#9986=DIRECTION('',(0.,0.,-1.));
#9987=DIRECTION('center_axis',(0.,0.,1.));
#9988=DIRECTION('ref_axis',(1.,0.,0.));
#9989=DIRECTION('center_axis',(0.,0.,1.));
#9990=DIRECTION('ref_axis',(1.,0.,0.));
#9991=DIRECTION('',(0.,0.,-1.));
#9992=DIRECTION('center_axis',(0.,0.,1.));
#9993=DIRECTION('ref_axis',(1.,0.,0.));
#9994=DIRECTION('center_axis',(0.,0.,1.));
#9995=DIRECTION('ref_axis',(1.,0.,0.));
#9996=DIRECTION('center_axis',(0.,0.,1.));
#9997=DIRECTION('ref_axis',(1.,0.,0.));
#9998=DIRECTION('',(0.,0.,-1.));
#9999=DIRECTION('center_axis',(0.,0.,1.));
#10000=DIRECTION('ref_axis',(1.,0.,0.));
#10001=DIRECTION('center_axis',(0.,0.,1.));
#10002=DIRECTION('ref_axis',(1.,0.,0.));
#10003=DIRECTION('center_axis',(0.,0.,1.));
#10004=DIRECTION('ref_axis',(1.,0.,0.));
#10005=DIRECTION('',(0.,0.,-1.));
#10006=DIRECTION('center_axis',(0.,0.,1.));
#10007=DIRECTION('ref_axis',(1.,0.,0.));
#10008=DIRECTION('center_axis',(0.,0.,1.));
#10009=DIRECTION('ref_axis',(1.,0.,0.));
#10010=DIRECTION('center_axis',(0.,0.,1.));
#10011=DIRECTION('ref_axis',(1.,0.,0.));
#10012=DIRECTION('',(0.,0.,-1.));
#10013=DIRECTION('center_axis',(0.,0.,1.));
#10014=DIRECTION('ref_axis',(1.,0.,0.));
#10015=DIRECTION('center_axis',(0.,0.,1.));
#10016=DIRECTION('ref_axis',(1.,0.,0.));
#10017=DIRECTION('center_axis',(0.,0.,1.));
#10018=DIRECTION('ref_axis',(1.,0.,0.));
#10019=DIRECTION('',(0.,0.,-1.));
#10020=DIRECTION('center_axis',(0.,0.,1.));
#10021=DIRECTION('ref_axis',(1.,0.,0.));
#10022=DIRECTION('center_axis',(0.,0.,1.));
#10023=DIRECTION('ref_axis',(1.,0.,0.));
#10024=DIRECTION('center_axis',(0.,0.,1.));
#10025=DIRECTION('ref_axis',(1.,0.,0.));
#10026=DIRECTION('',(0.,0.,-1.));
#10027=DIRECTION('center_axis',(0.,0.,1.));
#10028=DIRECTION('ref_axis',(1.,0.,0.));
#10029=DIRECTION('center_axis',(0.,0.,1.));
#10030=DIRECTION('ref_axis',(1.,0.,0.));
#10031=DIRECTION('center_axis',(0.,0.,1.));
#10032=DIRECTION('ref_axis',(1.,0.,0.));
#10033=DIRECTION('',(0.,0.,-1.));
#10034=DIRECTION('center_axis',(0.,0.,1.));
#10035=DIRECTION('ref_axis',(1.,0.,0.));
#10036=DIRECTION('center_axis',(0.,0.,1.));
#10037=DIRECTION('ref_axis',(1.,0.,0.));
#10038=DIRECTION('center_axis',(0.,0.,1.));
#10039=DIRECTION('ref_axis',(1.,0.,0.));
#10040=DIRECTION('',(0.,0.,-1.));
#10041=DIRECTION('center_axis',(0.,0.,1.));
#10042=DIRECTION('ref_axis',(1.,0.,0.));
#10043=DIRECTION('center_axis',(0.,0.,1.));
#10044=DIRECTION('ref_axis',(1.,0.,0.));
#10045=DIRECTION('center_axis',(0.,0.,1.));
#10046=DIRECTION('ref_axis',(1.,0.,0.));
#10047=DIRECTION('',(0.,0.,-1.));
#10048=DIRECTION('center_axis',(0.,0.,1.));
#10049=DIRECTION('ref_axis',(1.,0.,0.));
#10050=DIRECTION('center_axis',(0.,0.,1.));
#10051=DIRECTION('ref_axis',(1.,0.,0.));
#10052=DIRECTION('center_axis',(0.,0.,1.));
#10053=DIRECTION('ref_axis',(1.,0.,0.));
#10054=DIRECTION('',(0.,0.,-1.));
#10055=DIRECTION('center_axis',(0.,0.,1.));
#10056=DIRECTION('ref_axis',(1.,0.,0.));
#10057=DIRECTION('center_axis',(0.,0.,1.));
#10058=DIRECTION('ref_axis',(1.,0.,0.));
#10059=DIRECTION('center_axis',(0.,0.,1.));
#10060=DIRECTION('ref_axis',(1.,0.,0.));
#10061=DIRECTION('',(0.,0.,-1.));
#10062=DIRECTION('center_axis',(0.,0.,1.));
#10063=DIRECTION('ref_axis',(1.,0.,0.));
#10064=DIRECTION('center_axis',(0.,0.,1.));
#10065=DIRECTION('ref_axis',(0.,1.,0.));
#10066=DIRECTION('center_axis',(0.,0.,1.));
#10067=DIRECTION('ref_axis',(0.,1.,0.));
#10068=DIRECTION('',(0.,0.,1.));
#10069=DIRECTION('center_axis',(0.,0.,-1.));
#10070=DIRECTION('ref_axis',(0.,1.,0.));
#10071=DIRECTION('',(0.,0.,1.));
#10072=DIRECTION('center_axis',(0.,-1.,0.));
#10073=DIRECTION('ref_axis',(1.,0.,0.));
#10074=DIRECTION('',(1.,0.,0.));
#10075=DIRECTION('',(1.,0.,0.));
#10076=DIRECTION('',(0.,0.,1.));
#10077=DIRECTION('center_axis',(0.,0.,1.));
#10078=DIRECTION('ref_axis',(0.,1.,0.));
#10079=DIRECTION('center_axis',(0.,0.,1.));
#10080=DIRECTION('ref_axis',(0.,1.,0.));
#10081=DIRECTION('center_axis',(0.,0.,-1.));
#10082=DIRECTION('ref_axis',(0.,1.,0.));
#10083=DIRECTION('',(0.,0.,1.));
#10084=DIRECTION('center_axis',(0.,-1.,0.));
#10085=DIRECTION('ref_axis',(1.,0.,0.));
#10086=DIRECTION('',(1.,0.,0.));
#10087=DIRECTION('',(1.,0.,0.));
#10088=DIRECTION('',(0.,0.,1.));
#10089=DIRECTION('center_axis',(0.,0.,1.));
#10090=DIRECTION('ref_axis',(0.,1.,0.));
#10091=DIRECTION('center_axis',(0.,0.,1.));
#10092=DIRECTION('ref_axis',(0.,1.,0.));
#10093=DIRECTION('center_axis',(0.,0.,-1.));
#10094=DIRECTION('ref_axis',(0.,1.,0.));
#10095=DIRECTION('',(0.,0.,1.));
#10096=DIRECTION('center_axis',(0.,-1.,0.));
#10097=DIRECTION('ref_axis',(1.,0.,0.));
#10098=DIRECTION('',(1.,0.,0.));
#10099=DIRECTION('',(1.,0.,0.));
#10100=DIRECTION('',(0.,0.,1.));
#10101=DIRECTION('center_axis',(0.,0.,1.));
#10102=DIRECTION('ref_axis',(0.,1.,0.));
#10103=DIRECTION('center_axis',(0.,0.,1.));
#10104=DIRECTION('ref_axis',(0.,1.,0.));
#10105=DIRECTION('center_axis',(0.,0.,-1.));
#10106=DIRECTION('ref_axis',(0.,1.,0.));
#10107=DIRECTION('',(0.,0.,1.));
#10108=DIRECTION('center_axis',(0.,-1.,0.));
#10109=DIRECTION('ref_axis',(1.,0.,0.));
#10110=DIRECTION('',(1.,0.,0.));
#10111=DIRECTION('',(1.,0.,0.));
#10112=DIRECTION('',(0.,0.,1.));
#10113=DIRECTION('center_axis',(0.,0.,1.));
#10114=DIRECTION('ref_axis',(0.,1.,0.));
#10115=DIRECTION('center_axis',(0.,0.,1.));
#10116=DIRECTION('ref_axis',(0.,1.,0.));
#10117=DIRECTION('center_axis',(0.,0.,-1.));
#10118=DIRECTION('ref_axis',(0.,1.,0.));
#10119=DIRECTION('',(0.,0.,1.));
#10120=DIRECTION('center_axis',(0.,-1.,0.));
#10121=DIRECTION('ref_axis',(1.,0.,0.));
#10122=DIRECTION('',(1.,0.,0.));
#10123=DIRECTION('',(1.,0.,0.));
#10124=DIRECTION('',(0.,0.,1.));
#10125=DIRECTION('center_axis',(0.,0.,1.));
#10126=DIRECTION('ref_axis',(0.,1.,0.));
#10127=DIRECTION('center_axis',(0.,0.,1.));
#10128=DIRECTION('ref_axis',(0.,1.,0.));
#10129=DIRECTION('center_axis',(0.,0.,-1.));
#10130=DIRECTION('ref_axis',(0.,1.,0.));
#10131=DIRECTION('',(0.,0.,1.));
#10132=DIRECTION('center_axis',(0.,-1.,0.));
#10133=DIRECTION('ref_axis',(1.,0.,0.));
#10134=DIRECTION('',(1.,0.,0.));
#10135=DIRECTION('',(1.,0.,0.));
#10136=DIRECTION('',(0.,0.,1.));
#10137=DIRECTION('center_axis',(0.,0.,1.));
#10138=DIRECTION('ref_axis',(0.,1.,0.));
#10139=DIRECTION('center_axis',(0.,0.,1.));
#10140=DIRECTION('ref_axis',(0.,1.,0.));
#10141=DIRECTION('center_axis',(0.,0.,-1.));
#10142=DIRECTION('ref_axis',(0.,1.,0.));
#10143=DIRECTION('',(0.,0.,1.));
#10144=DIRECTION('center_axis',(0.,-1.,0.));
#10145=DIRECTION('ref_axis',(1.,0.,0.));
#10146=DIRECTION('',(1.,0.,0.));
#10147=DIRECTION('',(1.,0.,0.));
#10148=DIRECTION('',(0.,0.,1.));
#10149=DIRECTION('center_axis',(0.,0.,1.));
#10150=DIRECTION('ref_axis',(0.,1.,0.));
#10151=DIRECTION('center_axis',(0.,0.,1.));
#10152=DIRECTION('ref_axis',(0.,1.,0.));
#10153=DIRECTION('center_axis',(0.,0.,-1.));
#10154=DIRECTION('ref_axis',(0.,1.,0.));
#10155=DIRECTION('',(0.,0.,1.));
#10156=DIRECTION('center_axis',(0.,-1.,0.));
#10157=DIRECTION('ref_axis',(1.,0.,0.));
#10158=DIRECTION('',(1.,0.,0.));
#10159=DIRECTION('',(1.,0.,0.));
#10160=DIRECTION('',(0.,0.,1.));
#10161=DIRECTION('center_axis',(0.,0.,1.));
#10162=DIRECTION('ref_axis',(0.,1.,0.));
#10163=DIRECTION('center_axis',(0.,0.,1.));
#10164=DIRECTION('ref_axis',(0.,1.,0.));
#10165=DIRECTION('center_axis',(0.,0.,-1.));
#10166=DIRECTION('ref_axis',(0.,1.,0.));
#10167=DIRECTION('',(0.,0.,1.));
#10168=DIRECTION('center_axis',(0.,-1.,0.));
#10169=DIRECTION('ref_axis',(1.,0.,0.));
#10170=DIRECTION('',(1.,0.,0.));
#10171=DIRECTION('',(1.,0.,0.));
#10172=DIRECTION('',(0.,0.,1.));
#10173=DIRECTION('center_axis',(-1.,0.,0.));
#10174=DIRECTION('ref_axis',(0.,-1.,0.));
#10175=DIRECTION('',(0.,-1.,0.));
#10176=DIRECTION('',(0.,-1.,0.));
#10177=DIRECTION('',(0.,0.,1.));
#10178=DIRECTION('center_axis',(0.,0.,1.));
#10179=DIRECTION('ref_axis',(1.,0.,0.));
#10180=DIRECTION('center_axis',(0.,0.,1.));
#10181=DIRECTION('ref_axis',(1.,0.,0.));
#10182=DIRECTION('center_axis',(0.,0.,-1.));
#10183=DIRECTION('ref_axis',(1.,0.,0.));
#10184=DIRECTION('',(0.,0.,1.));
#10185=DIRECTION('center_axis',(-1.,0.,0.));
#10186=DIRECTION('ref_axis',(0.,-1.,0.));
#10187=DIRECTION('',(0.,-1.,0.));
#10188=DIRECTION('',(0.,-1.,0.));
#10189=DIRECTION('',(0.,0.,1.));
#10190=DIRECTION('center_axis',(0.,0.,1.));
#10191=DIRECTION('ref_axis',(1.,0.,0.));
#10192=DIRECTION('center_axis',(0.,0.,1.));
#10193=DIRECTION('ref_axis',(1.,0.,0.));
#10194=DIRECTION('center_axis',(0.,0.,-1.));
#10195=DIRECTION('ref_axis',(1.,0.,0.));
#10196=DIRECTION('',(0.,0.,1.));
#10197=DIRECTION('center_axis',(-1.,0.,0.));
#10198=DIRECTION('ref_axis',(0.,-1.,0.));
#10199=DIRECTION('',(0.,-1.,0.));
#10200=DIRECTION('',(0.,-1.,0.));
#10201=DIRECTION('',(0.,0.,1.));
#10202=DIRECTION('center_axis',(0.,0.,1.));
#10203=DIRECTION('ref_axis',(1.,0.,0.));
#10204=DIRECTION('center_axis',(0.,0.,1.));
#10205=DIRECTION('ref_axis',(1.,0.,0.));
#10206=DIRECTION('center_axis',(0.,0.,-1.));
#10207=DIRECTION('ref_axis',(1.,0.,0.));
#10208=DIRECTION('',(0.,0.,1.));
#10209=DIRECTION('center_axis',(-1.,0.,0.));
#10210=DIRECTION('ref_axis',(0.,-1.,0.));
#10211=DIRECTION('',(0.,-1.,0.));
#10212=DIRECTION('',(0.,-1.,0.));
#10213=DIRECTION('',(0.,0.,1.));
#10214=DIRECTION('center_axis',(0.,0.,1.));
#10215=DIRECTION('ref_axis',(1.,0.,0.));
#10216=DIRECTION('center_axis',(0.,0.,1.));
#10217=DIRECTION('ref_axis',(1.,0.,0.));
#10218=DIRECTION('center_axis',(0.,0.,-1.));
#10219=DIRECTION('ref_axis',(1.,0.,0.));
#10220=DIRECTION('',(0.,0.,1.));
#10221=DIRECTION('center_axis',(-1.,0.,0.));
#10222=DIRECTION('ref_axis',(0.,-1.,0.));
#10223=DIRECTION('',(0.,-1.,0.));
#10224=DIRECTION('',(0.,-1.,0.));
#10225=DIRECTION('',(0.,0.,1.));
#10226=DIRECTION('center_axis',(0.,0.,1.));
#10227=DIRECTION('ref_axis',(1.,0.,0.));
#10228=DIRECTION('center_axis',(0.,0.,1.));
#10229=DIRECTION('ref_axis',(1.,0.,0.));
#10230=DIRECTION('center_axis',(0.,0.,-1.));
#10231=DIRECTION('ref_axis',(1.,0.,0.));
#10232=DIRECTION('',(0.,0.,1.));
#10233=DIRECTION('center_axis',(-1.,0.,0.));
#10234=DIRECTION('ref_axis',(0.,-1.,0.));
#10235=DIRECTION('',(0.,-1.,0.));
#10236=DIRECTION('',(0.,-1.,0.));
#10237=DIRECTION('',(0.,0.,1.));
#10238=DIRECTION('center_axis',(0.,0.,1.));
#10239=DIRECTION('ref_axis',(1.,0.,0.));
#10240=DIRECTION('center_axis',(0.,0.,1.));
#10241=DIRECTION('ref_axis',(1.,0.,0.));
#10242=DIRECTION('center_axis',(0.,0.,-1.));
#10243=DIRECTION('ref_axis',(1.,0.,0.));
#10244=DIRECTION('',(0.,0.,1.));
#10245=DIRECTION('center_axis',(-1.,0.,0.));
#10246=DIRECTION('ref_axis',(0.,-1.,0.));
#10247=DIRECTION('',(0.,-1.,0.));
#10248=DIRECTION('',(0.,-1.,0.));
#10249=DIRECTION('',(0.,0.,1.));
#10250=DIRECTION('center_axis',(0.,0.,1.));
#10251=DIRECTION('ref_axis',(1.,0.,0.));
#10252=DIRECTION('center_axis',(0.,0.,1.));
#10253=DIRECTION('ref_axis',(1.,0.,0.));
#10254=DIRECTION('center_axis',(0.,0.,-1.));
#10255=DIRECTION('ref_axis',(1.,0.,0.));
#10256=DIRECTION('',(0.,0.,1.));
#10257=DIRECTION('center_axis',(-1.,0.,0.));
#10258=DIRECTION('ref_axis',(0.,-1.,0.));
#10259=DIRECTION('',(0.,-1.,0.));
#10260=DIRECTION('',(0.,-1.,0.));
#10261=DIRECTION('',(0.,0.,1.));
#10262=DIRECTION('center_axis',(0.,0.,1.));
#10263=DIRECTION('ref_axis',(1.,0.,0.));
#10264=DIRECTION('center_axis',(0.,0.,1.));
#10265=DIRECTION('ref_axis',(1.,0.,0.));
#10266=DIRECTION('center_axis',(0.,0.,-1.));
#10267=DIRECTION('ref_axis',(1.,0.,0.));
#10268=DIRECTION('',(0.,0.,1.));
#10269=DIRECTION('center_axis',(-1.,0.,0.));
#10270=DIRECTION('ref_axis',(0.,-1.,0.));
#10271=DIRECTION('',(0.,-1.,0.));
#10272=DIRECTION('',(0.,-1.,0.));
#10273=DIRECTION('',(0.,0.,1.));
#10274=DIRECTION('center_axis',(0.,0.,1.));
#10275=DIRECTION('ref_axis',(1.,0.,0.));
#10276=DIRECTION('center_axis',(0.,0.,1.));
#10277=DIRECTION('ref_axis',(1.,0.,0.));
#10278=DIRECTION('center_axis',(0.,0.,-1.));
#10279=DIRECTION('ref_axis',(1.,0.,0.));
#10280=DIRECTION('',(0.,0.,1.));
#10281=DIRECTION('center_axis',(-1.,0.,0.));
#10282=DIRECTION('ref_axis',(0.,-1.,0.));
#10283=DIRECTION('',(0.,-1.,0.));
#10284=DIRECTION('',(0.,-1.,0.));
#10285=DIRECTION('',(0.,0.,1.));
#10286=DIRECTION('center_axis',(0.,1.,0.));
#10287=DIRECTION('ref_axis',(-1.,0.,0.));
#10288=DIRECTION('',(-1.,0.,0.));
#10289=DIRECTION('',(-1.,0.,0.));
#10290=DIRECTION('',(0.,0.,-1.));
#10291=DIRECTION('center_axis',(0.,0.,1.));
#10292=DIRECTION('ref_axis',(0.,1.,0.));
#10293=DIRECTION('center_axis',(0.,0.,-1.));
#10294=DIRECTION('ref_axis',(0.,1.,0.));
#10295=DIRECTION('center_axis',(0.,0.,-1.));
#10296=DIRECTION('ref_axis',(0.,1.,0.));
#10297=DIRECTION('',(0.,0.,1.));
#10298=DIRECTION('center_axis',(0.,1.,0.));
#10299=DIRECTION('ref_axis',(-1.,0.,0.));
#10300=DIRECTION('',(-1.,0.,0.));
#10301=DIRECTION('',(-1.,0.,0.));
#10302=DIRECTION('',(0.,0.,-1.));
#10303=DIRECTION('center_axis',(0.,0.,1.));
#10304=DIRECTION('ref_axis',(0.,1.,0.));
#10305=DIRECTION('center_axis',(0.,0.,-1.));
#10306=DIRECTION('ref_axis',(0.,1.,0.));
#10307=DIRECTION('center_axis',(0.,0.,-1.));
#10308=DIRECTION('ref_axis',(0.,1.,0.));
#10309=DIRECTION('',(0.,0.,1.));
#10310=DIRECTION('center_axis',(0.,1.,0.));
#10311=DIRECTION('ref_axis',(-1.,0.,0.));
#10312=DIRECTION('',(-1.,0.,0.));
#10313=DIRECTION('',(-1.,0.,0.));
#10314=DIRECTION('',(0.,0.,-1.));
#10315=DIRECTION('center_axis',(0.,0.,1.));
#10316=DIRECTION('ref_axis',(0.,1.,0.));
#10317=DIRECTION('center_axis',(0.,0.,-1.));
#10318=DIRECTION('ref_axis',(0.,1.,0.));
#10319=DIRECTION('center_axis',(0.,0.,-1.));
#10320=DIRECTION('ref_axis',(0.,1.,0.));
#10321=DIRECTION('',(0.,0.,1.));
#10322=DIRECTION('center_axis',(0.,1.,0.));
#10323=DIRECTION('ref_axis',(-1.,0.,0.));
#10324=DIRECTION('',(-1.,0.,0.));
#10325=DIRECTION('',(-1.,0.,0.));
#10326=DIRECTION('',(0.,0.,-1.));
#10327=DIRECTION('center_axis',(0.,0.,1.));
#10328=DIRECTION('ref_axis',(0.,1.,0.));
#10329=DIRECTION('center_axis',(0.,0.,-1.));
#10330=DIRECTION('ref_axis',(0.,1.,0.));
#10331=DIRECTION('center_axis',(0.,0.,-1.));
#10332=DIRECTION('ref_axis',(0.,1.,0.));
#10333=DIRECTION('',(0.,0.,1.));
#10334=DIRECTION('center_axis',(0.,1.,0.));
#10335=DIRECTION('ref_axis',(-1.,0.,0.));
#10336=DIRECTION('',(-1.,0.,0.));
#10337=DIRECTION('',(-1.,0.,0.));
#10338=DIRECTION('',(0.,0.,-1.));
#10339=DIRECTION('center_axis',(0.,0.,1.));
#10340=DIRECTION('ref_axis',(0.,1.,0.));
#10341=DIRECTION('center_axis',(0.,0.,-1.));
#10342=DIRECTION('ref_axis',(0.,1.,0.));
#10343=DIRECTION('center_axis',(0.,0.,-1.));
#10344=DIRECTION('ref_axis',(0.,1.,0.));
#10345=DIRECTION('',(0.,0.,1.));
#10346=DIRECTION('center_axis',(0.,1.,0.));
#10347=DIRECTION('ref_axis',(-1.,0.,0.));
#10348=DIRECTION('',(-1.,0.,0.));
#10349=DIRECTION('',(-1.,0.,0.));
#10350=DIRECTION('',(0.,0.,-1.));
#10351=DIRECTION('center_axis',(0.,0.,1.));
#10352=DIRECTION('ref_axis',(0.,1.,0.));
#10353=DIRECTION('center_axis',(0.,0.,-1.));
#10354=DIRECTION('ref_axis',(0.,1.,0.));
#10355=DIRECTION('center_axis',(0.,0.,-1.));
#10356=DIRECTION('ref_axis',(0.,1.,0.));
#10357=DIRECTION('',(0.,0.,1.));
#10358=DIRECTION('center_axis',(0.,1.,0.));
#10359=DIRECTION('ref_axis',(-1.,0.,0.));
#10360=DIRECTION('',(-1.,0.,0.));
#10361=DIRECTION('',(-1.,0.,0.));
#10362=DIRECTION('',(0.,0.,-1.));
#10363=DIRECTION('center_axis',(0.,0.,1.));
#10364=DIRECTION('ref_axis',(0.,1.,0.));
#10365=DIRECTION('center_axis',(0.,0.,-1.));
#10366=DIRECTION('ref_axis',(0.,1.,0.));
#10367=DIRECTION('center_axis',(0.,0.,-1.));
#10368=DIRECTION('ref_axis',(0.,1.,0.));
#10369=DIRECTION('',(0.,0.,1.));
#10370=DIRECTION('center_axis',(0.,1.,0.));
#10371=DIRECTION('ref_axis',(-1.,0.,0.));
#10372=DIRECTION('',(-1.,0.,0.));
#10373=DIRECTION('',(-1.,0.,0.));
#10374=DIRECTION('',(0.,0.,-1.));
#10375=DIRECTION('center_axis',(0.,0.,1.));
#10376=DIRECTION('ref_axis',(0.,1.,0.));
#10377=DIRECTION('center_axis',(0.,0.,-1.));
#10378=DIRECTION('ref_axis',(0.,1.,0.));
#10379=DIRECTION('center_axis',(0.,0.,-1.));
#10380=DIRECTION('ref_axis',(0.,1.,0.));
#10381=DIRECTION('',(0.,0.,1.));
#10382=DIRECTION('center_axis',(0.,1.,0.));
#10383=DIRECTION('ref_axis',(-1.,0.,0.));
#10384=DIRECTION('',(-1.,0.,0.));
#10385=DIRECTION('',(-1.,0.,0.));
#10386=DIRECTION('',(0.,0.,-1.));
#10387=DIRECTION('center_axis',(0.,0.,1.));
#10388=DIRECTION('ref_axis',(0.,1.,0.));
#10389=DIRECTION('center_axis',(0.,0.,-1.));
#10390=DIRECTION('ref_axis',(0.,1.,0.));
#10391=DIRECTION('center_axis',(0.,0.,-1.));
#10392=DIRECTION('ref_axis',(0.,1.,0.));
#10393=DIRECTION('',(0.,0.,1.));
#10394=DIRECTION('center_axis',(0.,1.,0.));
#10395=DIRECTION('ref_axis',(-1.,0.,0.));
#10396=DIRECTION('',(-1.,0.,0.));
#10397=DIRECTION('',(-1.,0.,0.));
#10398=DIRECTION('',(0.,0.,1.));
#10399=DIRECTION('center_axis',(1.,0.,0.));
#10400=DIRECTION('ref_axis',(0.,1.,0.));
#10401=DIRECTION('',(0.,1.,0.));
#10402=DIRECTION('',(0.,1.,0.));
#10403=DIRECTION('',(0.,0.,-1.));
#10404=DIRECTION('center_axis',(0.,0.,1.));
#10405=DIRECTION('ref_axis',(1.,0.,0.));
#10406=DIRECTION('center_axis',(0.,0.,-1.));
#10407=DIRECTION('ref_axis',(1.,0.,0.));
#10408=DIRECTION('center_axis',(0.,0.,-1.));
#10409=DIRECTION('ref_axis',(1.,0.,0.));
#10410=DIRECTION('',(0.,0.,1.));
#10411=DIRECTION('center_axis',(1.,0.,0.));
#10412=DIRECTION('ref_axis',(0.,1.,0.));
#10413=DIRECTION('',(0.,1.,0.));
#10414=DIRECTION('',(0.,1.,0.));
#10415=DIRECTION('',(0.,0.,-1.));
#10416=DIRECTION('center_axis',(0.,0.,1.));
#10417=DIRECTION('ref_axis',(1.,0.,0.));
#10418=DIRECTION('center_axis',(0.,0.,-1.));
#10419=DIRECTION('ref_axis',(1.,0.,0.));
#10420=DIRECTION('center_axis',(0.,0.,-1.));
#10421=DIRECTION('ref_axis',(1.,0.,0.));
#10422=DIRECTION('',(0.,0.,1.));
#10423=DIRECTION('center_axis',(1.,0.,0.));
#10424=DIRECTION('ref_axis',(0.,1.,0.));
#10425=DIRECTION('',(0.,1.,0.));
#10426=DIRECTION('',(0.,1.,0.));
#10427=DIRECTION('',(0.,0.,-1.));
#10428=DIRECTION('center_axis',(0.,0.,1.));
#10429=DIRECTION('ref_axis',(1.,0.,0.));
#10430=DIRECTION('center_axis',(0.,0.,-1.));
#10431=DIRECTION('ref_axis',(1.,0.,0.));
#10432=DIRECTION('center_axis',(0.,0.,-1.));
#10433=DIRECTION('ref_axis',(1.,0.,0.));
#10434=DIRECTION('',(0.,0.,1.));
#10435=DIRECTION('center_axis',(1.,0.,0.));
#10436=DIRECTION('ref_axis',(0.,1.,0.));
#10437=DIRECTION('',(0.,1.,0.));
#10438=DIRECTION('',(0.,1.,0.));
#10439=DIRECTION('',(0.,0.,-1.));
#10440=DIRECTION('center_axis',(0.,0.,1.));
#10441=DIRECTION('ref_axis',(1.,0.,0.));
#10442=DIRECTION('center_axis',(0.,0.,-1.));
#10443=DIRECTION('ref_axis',(1.,0.,0.));
#10444=DIRECTION('center_axis',(0.,0.,-1.));
#10445=DIRECTION('ref_axis',(1.,0.,0.));
#10446=DIRECTION('',(0.,0.,1.));
#10447=DIRECTION('center_axis',(1.,0.,0.));
#10448=DIRECTION('ref_axis',(0.,1.,0.));
#10449=DIRECTION('',(0.,1.,0.));
#10450=DIRECTION('',(0.,1.,0.));
#10451=DIRECTION('',(0.,0.,-1.));
#10452=DIRECTION('center_axis',(0.,0.,1.));
#10453=DIRECTION('ref_axis',(1.,0.,0.));
#10454=DIRECTION('center_axis',(0.,0.,-1.));
#10455=DIRECTION('ref_axis',(1.,0.,0.));
#10456=DIRECTION('center_axis',(0.,0.,-1.));
#10457=DIRECTION('ref_axis',(1.,0.,0.));
#10458=DIRECTION('',(0.,0.,1.));
#10459=DIRECTION('center_axis',(1.,0.,0.));
#10460=DIRECTION('ref_axis',(0.,1.,0.));
#10461=DIRECTION('',(0.,1.,0.));
#10462=DIRECTION('',(0.,1.,0.));
#10463=DIRECTION('',(0.,0.,-1.));
#10464=DIRECTION('center_axis',(0.,0.,1.));
#10465=DIRECTION('ref_axis',(1.,0.,0.));
#10466=DIRECTION('center_axis',(0.,0.,-1.));
#10467=DIRECTION('ref_axis',(1.,0.,0.));
#10468=DIRECTION('center_axis',(0.,0.,-1.));
#10469=DIRECTION('ref_axis',(1.,0.,0.));
#10470=DIRECTION('',(0.,0.,1.));
#10471=DIRECTION('center_axis',(1.,0.,0.));
#10472=DIRECTION('ref_axis',(0.,1.,0.));
#10473=DIRECTION('',(0.,1.,0.));
#10474=DIRECTION('',(0.,1.,0.));
#10475=DIRECTION('',(0.,0.,-1.));
#10476=DIRECTION('center_axis',(0.,0.,1.));
#10477=DIRECTION('ref_axis',(1.,0.,0.));
#10478=DIRECTION('center_axis',(0.,0.,-1.));
#10479=DIRECTION('ref_axis',(1.,0.,0.));
#10480=DIRECTION('center_axis',(0.,0.,-1.));
#10481=DIRECTION('ref_axis',(1.,0.,0.));
#10482=DIRECTION('',(0.,0.,1.));
#10483=DIRECTION('center_axis',(1.,0.,0.));
#10484=DIRECTION('ref_axis',(0.,1.,0.));
#10485=DIRECTION('',(0.,1.,0.));
#10486=DIRECTION('',(0.,1.,0.));
#10487=DIRECTION('',(0.,0.,-1.));
#10488=DIRECTION('center_axis',(0.,0.,1.));
#10489=DIRECTION('ref_axis',(1.,0.,0.));
#10490=DIRECTION('center_axis',(0.,0.,-1.));
#10491=DIRECTION('ref_axis',(1.,0.,0.));
#10492=DIRECTION('center_axis',(0.,0.,-1.));
#10493=DIRECTION('ref_axis',(1.,0.,0.));
#10494=DIRECTION('',(0.,0.,1.));
#10495=DIRECTION('center_axis',(1.,0.,0.));
#10496=DIRECTION('ref_axis',(0.,1.,0.));
#10497=DIRECTION('',(0.,1.,0.));
#10498=DIRECTION('',(0.,1.,0.));
#10499=DIRECTION('',(0.,0.,-1.));
#10500=DIRECTION('center_axis',(0.,0.,1.));
#10501=DIRECTION('ref_axis',(1.,0.,0.));
#10502=DIRECTION('center_axis',(0.,0.,-1.));
#10503=DIRECTION('ref_axis',(1.,0.,0.));
#10504=DIRECTION('center_axis',(0.,0.,-1.));
#10505=DIRECTION('ref_axis',(1.,0.,0.));
#10506=DIRECTION('',(0.,0.,1.));
#10507=DIRECTION('center_axis',(1.,0.,0.));
#10508=DIRECTION('ref_axis',(0.,1.,0.));
#10509=DIRECTION('',(0.,1.,0.));
#10510=DIRECTION('',(0.,1.,0.));
#10511=DIRECTION('',(0.,0.,1.));
#10512=DIRECTION('center_axis',(0.,-1.,0.));
#10513=DIRECTION('ref_axis',(1.,0.,0.));
#10514=DIRECTION('',(1.,0.,0.));
#10515=DIRECTION('',(1.,0.,0.));
#10516=DIRECTION('center_axis',(0.,0.,1.));
#10517=DIRECTION('ref_axis',(1.,0.,0.));
#10518=DIRECTION('center_axis',(0.,0.,1.));
#10519=DIRECTION('ref_axis',(1.,0.,0.));
#10520=CARTESIAN_POINT('',(0.,0.,0.));
#10521=CARTESIAN_POINT('Origin',(100.,8.10000014901162,0.));
#10522=CARTESIAN_POINT('',(98.3751923190728,10.0000001490116,3.5));
#10523=CARTESIAN_POINT('',(97.5101341295047,8.32487332869924,3.5));
#10524=CARTESIAN_POINT('Origin',(100.,8.10000014901162,3.5));
#10525=CARTESIAN_POINT('',(98.3751923190728,10.0000001490116,0.));
#10526=CARTESIAN_POINT('',(98.3751923190728,10.0000001490116,0.));
#10527=CARTESIAN_POINT('',(97.5101341295047,8.32487332869924,0.));
#10528=CARTESIAN_POINT('Origin',(100.,8.10000014901162,0.));
#10529=CARTESIAN_POINT('',(97.5101341295047,8.32487332869924,0.));
#10530=CARTESIAN_POINT('Origin',(100.,11.9000001490116,0.));
#10531=CARTESIAN_POINT('',(97.5101341547027,11.6751266903241,3.5));
#10532=CARTESIAN_POINT('Origin',(100.,11.9000001490116,3.5));
#10533=CARTESIAN_POINT('',(97.5101341547027,11.6751266903241,0.));
#10534=CARTESIAN_POINT('',(97.5101341547027,11.6751266903241,0.));
#10535=CARTESIAN_POINT('Origin',(100.,11.9000001490116,0.));
#10536=CARTESIAN_POINT('Origin',(100.,18.1000001490116,0.));
#10537=CARTESIAN_POINT('',(98.3751923190728,20.0000001490116,3.5));
#10538=CARTESIAN_POINT('',(97.5101341295047,18.3248733286992,3.5));
#10539=CARTESIAN_POINT('Origin',(100.,18.1000001490116,3.5));
#10540=CARTESIAN_POINT('',(98.3751923190728,20.0000001490116,0.));
#10541=CARTESIAN_POINT('',(98.3751923190728,20.0000001490116,0.));
#10542=CARTESIAN_POINT('',(97.5101341295047,18.3248733286992,0.));
#10543=CARTESIAN_POINT('Origin',(100.,18.1000001490116,0.));
#10544=CARTESIAN_POINT('',(97.5101341295047,18.3248733286992,0.));
#10545=CARTESIAN_POINT('Origin',(100.,21.9000001490116,0.));
#10546=CARTESIAN_POINT('',(97.5101341547027,21.6751266903241,3.5));
#10547=CARTESIAN_POINT('Origin',(100.,21.9000001490116,3.5));
#10548=CARTESIAN_POINT('',(97.5101341547027,21.6751266903241,0.));
#10549=CARTESIAN_POINT('',(97.5101341547027,21.6751266903241,0.));
#10550=CARTESIAN_POINT('Origin',(100.,21.9000001490116,0.));
#10551=CARTESIAN_POINT('Origin',(100.,28.1000001490116,0.));
#10552=CARTESIAN_POINT('',(98.3751923190728,30.0000001490116,3.5));
#10553=CARTESIAN_POINT('',(97.5101341295047,28.3248733286992,3.5));
#10554=CARTESIAN_POINT('Origin',(100.,28.1000001490116,3.5));
#10555=CARTESIAN_POINT('',(98.3751923190728,30.0000001490116,0.));
#10556=CARTESIAN_POINT('',(98.3751923190728,30.0000001490116,0.));
#10557=CARTESIAN_POINT('',(97.5101341295047,28.3248733286992,0.));
#10558=CARTESIAN_POINT('Origin',(100.,28.1000001490116,0.));
#10559=CARTESIAN_POINT('',(97.5101341295047,28.3248733286992,0.));
#10560=CARTESIAN_POINT('Origin',(100.,31.9000001490116,0.));
#10561=CARTESIAN_POINT('',(97.5101341547027,31.6751266903241,3.5));
#10562=CARTESIAN_POINT('Origin',(100.,31.9000001490116,3.5));
#10563=CARTESIAN_POINT('',(97.5101341547027,31.6751266903241,0.));
#10564=CARTESIAN_POINT('',(97.5101341547027,31.6751266903241,0.));
#10565=CARTESIAN_POINT('Origin',(100.,31.9000001490116,0.));
#10566=CARTESIAN_POINT('Origin',(100.,38.1000001490116,0.));
#10567=CARTESIAN_POINT('',(98.3751923190728,40.0000001490116,3.5));
#10568=CARTESIAN_POINT('',(97.5101341295047,38.3248733286992,3.5));
#10569=CARTESIAN_POINT('Origin',(100.,38.1000001490116,3.5));
#10570=CARTESIAN_POINT('',(98.3751923190728,40.0000001490116,0.));
#10571=CARTESIAN_POINT('',(98.3751923190728,40.0000001490116,0.));
#10572=CARTESIAN_POINT('',(97.5101341295047,38.3248733286992,0.));
#10573=CARTESIAN_POINT('Origin',(100.,38.1000001490116,0.));
#10574=CARTESIAN_POINT('',(97.5101341295047,38.3248733286992,0.));
#10575=CARTESIAN_POINT('Origin',(100.,41.9000001490116,0.));
#10576=CARTESIAN_POINT('',(97.5101341547027,41.6751266903241,3.5));
#10577=CARTESIAN_POINT('Origin',(100.,41.9000001490116,3.5));
#10578=CARTESIAN_POINT('',(97.5101341547027,41.6751266903241,0.));
#10579=CARTESIAN_POINT('',(97.5101341547027,41.6751266903241,0.));
#10580=CARTESIAN_POINT('Origin',(100.,41.9000001490116,0.));
#10581=CARTESIAN_POINT('Origin',(100.,48.1000001490116,0.));
#10582=CARTESIAN_POINT('',(98.3751923190728,50.0000001490116,3.5));
#10583=CARTESIAN_POINT('',(97.5101341295047,48.3248733286992,3.5));
#10584=CARTESIAN_POINT('Origin',(100.,48.1000001490116,3.5));
#10585=CARTESIAN_POINT('',(98.3751923190728,50.0000001490116,0.));
#10586=CARTESIAN_POINT('',(98.3751923190728,50.0000001490116,0.));
#10587=CARTESIAN_POINT('',(97.5101341295047,48.3248733286992,0.));
#10588=CARTESIAN_POINT('Origin',(100.,48.1000001490116,0.));
#10589=CARTESIAN_POINT('',(97.5101341295047,48.3248733286992,0.));
#10590=CARTESIAN_POINT('Origin',(100.,51.9000001490116,0.));
#10591=CARTESIAN_POINT('',(97.5101341547027,51.6751266903241,3.5));
#10592=CARTESIAN_POINT('Origin',(100.,51.9000001490116,3.5));
#10593=CARTESIAN_POINT('',(97.5101341547027,51.6751266903241,0.));
#10594=CARTESIAN_POINT('',(97.5101341547027,51.6751266903241,0.));
#10595=CARTESIAN_POINT('Origin',(100.,51.9000001490116,0.));
#10596=CARTESIAN_POINT('Origin',(100.,58.1000001490116,0.));
#10597=CARTESIAN_POINT('',(98.3751923190728,60.0000001490116,3.5));
#10598=CARTESIAN_POINT('',(97.5101341295047,58.3248733286992,3.5));
#10599=CARTESIAN_POINT('Origin',(100.,58.1000001490116,3.5));
#10600=CARTESIAN_POINT('',(98.3751923190728,60.0000001490116,0.));
#10601=CARTESIAN_POINT('',(98.3751923190728,60.0000001490116,0.));
#10602=CARTESIAN_POINT('',(97.5101341295047,58.3248733286992,0.));
#10603=CARTESIAN_POINT('Origin',(100.,58.1000001490116,0.));
#10604=CARTESIAN_POINT('',(97.5101341295047,58.3248733286992,0.));
#10605=CARTESIAN_POINT('Origin',(100.,61.9000001490116,0.));
#10606=CARTESIAN_POINT('',(97.5101341547027,61.6751266903241,3.5));
#10607=CARTESIAN_POINT('Origin',(100.,61.9000001490116,3.5));
#10608=CARTESIAN_POINT('',(97.5101341547027,61.6751266903241,0.));
#10609=CARTESIAN_POINT('',(97.5101341547027,61.6751266903241,0.));
#10610=CARTESIAN_POINT('Origin',(100.,61.9000001490116,0.));
#10611=CARTESIAN_POINT('Origin',(100.,68.1000001490116,0.));
#10612=CARTESIAN_POINT('',(98.3751923190728,70.0000001490116,3.5));
#10613=CARTESIAN_POINT('',(97.5101341295047,68.3248733286992,3.5));
#10614=CARTESIAN_POINT('Origin',(100.,68.1000001490116,3.5));
#10615=CARTESIAN_POINT('',(98.3751923190728,70.0000001490116,0.));
#10616=CARTESIAN_POINT('',(98.3751923190728,70.0000001490116,0.));
#10617=CARTESIAN_POINT('',(97.5101341295047,68.3248733286992,0.));
#10618=CARTESIAN_POINT('Origin',(100.,68.1000001490116,0.));
#10619=CARTESIAN_POINT('',(97.5101341295047,68.3248733286992,0.));
#10620=CARTESIAN_POINT('Origin',(100.,71.9000001490116,0.));
#10621=CARTESIAN_POINT('',(97.5101341547027,71.6751266903241,3.5));
#10622=CARTESIAN_POINT('Origin',(100.,71.9000001490116,3.5));
#10623=CARTESIAN_POINT('',(97.5101341547027,71.6751266903241,0.));
#10624=CARTESIAN_POINT('',(97.5101341547027,71.6751266903241,0.));
#10625=CARTESIAN_POINT('Origin',(100.,71.9000001490116,0.));
#10626=CARTESIAN_POINT('Origin',(100.,78.1000001490116,0.));
#10627=CARTESIAN_POINT('',(98.3751923190728,80.0000001490116,3.5));
#10628=CARTESIAN_POINT('',(97.5101341295047,78.3248733286992,3.5));
#10629=CARTESIAN_POINT('Origin',(100.,78.1000001490116,3.5));
#10630=CARTESIAN_POINT('',(98.3751923190728,80.0000001490116,0.));
#10631=CARTESIAN_POINT('',(98.3751923190728,80.0000001490116,0.));
#10632=CARTESIAN_POINT('',(97.5101341295047,78.3248733286992,0.));
#10633=CARTESIAN_POINT('Origin',(100.,78.1000001490116,0.));
#10634=CARTESIAN_POINT('',(97.5101341295047,78.3248733286992,0.));
#10635=CARTESIAN_POINT('Origin',(100.,81.9000001490116,0.));
#10636=CARTESIAN_POINT('',(97.5101341547027,81.6751266903241,3.5));
#10637=CARTESIAN_POINT('Origin',(100.,81.9000001490116,3.5));
#10638=CARTESIAN_POINT('',(97.5101341547027,81.6751266903241,0.));
#10639=CARTESIAN_POINT('',(97.5101341547027,81.6751266903241,0.));
#10640=CARTESIAN_POINT('Origin',(100.,81.9000001490116,0.));
#10641=CARTESIAN_POINT('Origin',(100.,88.1000001490116,0.));
#10642=CARTESIAN_POINT('',(98.3751923190728,90.0000001490116,3.5));
#10643=CARTESIAN_POINT('',(97.5101341295047,88.3248733286992,3.5));
#10644=CARTESIAN_POINT('Origin',(100.,88.1000001490116,3.5));
#10645=CARTESIAN_POINT('',(98.3751923190728,90.0000001490116,0.));
#10646=CARTESIAN_POINT('',(98.3751923190728,90.0000001490116,0.));
#10647=CARTESIAN_POINT('',(97.5101341295047,88.3248733286992,0.));
#10648=CARTESIAN_POINT('Origin',(100.,88.1000001490116,0.));
#10649=CARTESIAN_POINT('',(97.5101341295047,88.3248733286992,0.));
#10650=CARTESIAN_POINT('Origin',(100.,91.9000001490116,0.));
#10651=CARTESIAN_POINT('',(97.5101341547027,91.6751266903241,3.5));
#10652=CARTESIAN_POINT('Origin',(100.,91.9000001490116,3.5));
#10653=CARTESIAN_POINT('',(97.5101341547027,91.6751266903241,0.));
#10654=CARTESIAN_POINT('',(97.5101341547027,91.6751266903241,0.));
#10655=CARTESIAN_POINT('Origin',(100.,91.9000001490116,0.));
#10656=CARTESIAN_POINT('Origin',(91.9,100.,0.));
#10657=CARTESIAN_POINT('',(90.,98.3751923190728,3.5));
#10658=CARTESIAN_POINT('',(91.6751266808125,97.5101341421037,3.5));
#10659=CARTESIAN_POINT('Origin',(91.9,100.,3.5));
#10660=CARTESIAN_POINT('',(90.,98.3751923190728,0.));
#10661=CARTESIAN_POINT('',(90.,98.3751923190728,0.));
#10662=CARTESIAN_POINT('',(91.6751266808125,97.5101341421037,-5.20417042793043E-16));
#10663=CARTESIAN_POINT('Origin',(91.9,100.,0.));
#10664=CARTESIAN_POINT('',(91.6751266808125,97.5101341421037,0.));
#10665=CARTESIAN_POINT('Origin',(88.1,100.,0.));
#10666=CARTESIAN_POINT('',(88.3248733191875,97.5101341421037,3.5));
#10667=CARTESIAN_POINT('Origin',(88.1,100.,3.5));
#10668=CARTESIAN_POINT('',(88.3248733191875,97.5101341421037,0.));
#10669=CARTESIAN_POINT('',(88.3248733191875,97.5101341421037,0.));
#10670=CARTESIAN_POINT('Origin',(88.1,100.,0.));
#10671=CARTESIAN_POINT('Origin',(81.9,100.,0.));
#10672=CARTESIAN_POINT('',(80.,98.3751923190728,3.5));
#10673=CARTESIAN_POINT('',(81.6751266808125,97.5101341421037,3.5));
#10674=CARTESIAN_POINT('Origin',(81.9,100.,3.5));
#10675=CARTESIAN_POINT('',(80.,98.3751923190728,0.));
#10676=CARTESIAN_POINT('',(80.,98.3751923190728,0.));
#10677=CARTESIAN_POINT('',(81.6751266808124,97.5101341421037,0.));
#10678=CARTESIAN_POINT('Origin',(81.9,100.,0.));
#10679=CARTESIAN_POINT('',(81.6751266808125,97.5101341421037,0.));
#10680=CARTESIAN_POINT('Origin',(78.1,100.,0.));
#10681=CARTESIAN_POINT('',(78.3248733191875,97.5101341421037,3.5));
#10682=CARTESIAN_POINT('Origin',(78.1,100.,3.5));
#10683=CARTESIAN_POINT('',(78.3248733191875,97.5101341421037,0.));
#10684=CARTESIAN_POINT('',(78.3248733191875,97.5101341421037,0.));
#10685=CARTESIAN_POINT('Origin',(78.1,100.,0.));
#10686=CARTESIAN_POINT('Origin',(71.9,100.,0.));
#10687=CARTESIAN_POINT('',(70.,98.3751923190728,3.5));
#10688=CARTESIAN_POINT('',(71.6751266808125,97.5101341421037,3.5));
#10689=CARTESIAN_POINT('Origin',(71.9,100.,3.5));
#10690=CARTESIAN_POINT('',(70.,98.3751923190728,0.));
#10691=CARTESIAN_POINT('',(70.,98.3751923190728,0.));
#10692=CARTESIAN_POINT('',(71.6751266808125,97.5101341421037,6.93889390390724E-16));
#10693=CARTESIAN_POINT('Origin',(71.9,100.,0.));
#10694=CARTESIAN_POINT('',(71.6751266808125,97.5101341421037,0.));
#10695=CARTESIAN_POINT('Origin',(68.1,100.,0.));
#10696=CARTESIAN_POINT('',(68.3248733191875,97.5101341421037,3.5));
#10697=CARTESIAN_POINT('Origin',(68.1,100.,3.5));
#10698=CARTESIAN_POINT('',(68.3248733191875,97.5101341421037,0.));
#10699=CARTESIAN_POINT('',(68.3248733191875,97.5101341421037,0.));
#10700=CARTESIAN_POINT('Origin',(68.1,100.,0.));
#10701=CARTESIAN_POINT('Origin',(61.9,100.,0.));
#10702=CARTESIAN_POINT('',(60.,98.3751923190728,3.5));
#10703=CARTESIAN_POINT('',(61.6751266808124,97.5101341421037,3.5));
#10704=CARTESIAN_POINT('Origin',(61.9,100.,3.5));
#10705=CARTESIAN_POINT('',(60.,98.3751923190728,0.));
#10706=CARTESIAN_POINT('',(60.,98.3751923190728,0.));
#10707=CARTESIAN_POINT('',(61.6751266808125,97.5101341421037,6.24500451351652E-16));
#10708=CARTESIAN_POINT('Origin',(61.9,100.,0.));
#10709=CARTESIAN_POINT('',(61.6751266808124,97.5101341421037,0.));
#10710=CARTESIAN_POINT('Origin',(58.1,100.,0.));
#10711=CARTESIAN_POINT('',(58.3248733191876,97.5101341421037,3.5));
#10712=CARTESIAN_POINT('Origin',(58.1,100.,3.5));
#10713=CARTESIAN_POINT('',(58.3248733191876,97.5101341421037,0.));
#10714=CARTESIAN_POINT('',(58.3248733191876,97.5101341421037,0.));
#10715=CARTESIAN_POINT('Origin',(58.1,100.,0.));
#10716=CARTESIAN_POINT('Origin',(51.9,100.,0.));
#10717=CARTESIAN_POINT('',(50.,98.3751923190728,3.5));
#10718=CARTESIAN_POINT('',(51.6751266808124,97.5101341421037,3.5));
#10719=CARTESIAN_POINT('Origin',(51.9,100.,3.5));
#10720=CARTESIAN_POINT('',(50.,98.3751923190728,0.));
#10721=CARTESIAN_POINT('',(50.,98.3751923190728,0.));
#10722=CARTESIAN_POINT('',(51.6751266808125,97.5101341421037,1.04083408558609E-16));
#10723=CARTESIAN_POINT('Origin',(51.9,100.,0.));
#10724=CARTESIAN_POINT('',(51.6751266808124,97.5101341421037,0.));
#10725=CARTESIAN_POINT('Origin',(48.1,100.,0.));
#10726=CARTESIAN_POINT('',(48.3248733191876,97.5101341421037,3.5));
#10727=CARTESIAN_POINT('Origin',(48.1,100.,3.5));
#10728=CARTESIAN_POINT('',(48.3248733191876,97.5101341421037,0.));
#10729=CARTESIAN_POINT('',(48.3248733191876,97.5101341421037,0.));
#10730=CARTESIAN_POINT('Origin',(48.1,100.,0.));
#10731=CARTESIAN_POINT('Origin',(41.9,100.,0.));
#10732=CARTESIAN_POINT('',(40.,98.3751923190728,3.5));
#10733=CARTESIAN_POINT('',(41.6751266808124,97.5101341421037,3.5));
#10734=CARTESIAN_POINT('Origin',(41.9,100.,3.5));
#10735=CARTESIAN_POINT('',(40.,98.3751923190728,0.));
#10736=CARTESIAN_POINT('',(40.,98.3751923190728,0.));
#10737=CARTESIAN_POINT('',(41.6751266808125,97.5101341421037,6.93889390390724E-17));
#10738=CARTESIAN_POINT('Origin',(41.9,100.,0.));
#10739=CARTESIAN_POINT('',(41.6751266808124,97.5101341421037,0.));
#10740=CARTESIAN_POINT('Origin',(38.1,100.,0.));
#10741=CARTESIAN_POINT('',(38.3248733191875,97.5101341421037,3.5));
#10742=CARTESIAN_POINT('Origin',(38.1,100.,3.5));
#10743=CARTESIAN_POINT('',(38.3248733191875,97.5101341421037,0.));
#10744=CARTESIAN_POINT('',(38.3248733191875,97.5101341421037,0.));
#10745=CARTESIAN_POINT('Origin',(38.1,100.,0.));
#10746=CARTESIAN_POINT('Origin',(31.9,100.,0.));
#10747=CARTESIAN_POINT('',(30.,98.3751923190728,3.5));
#10748=CARTESIAN_POINT('',(31.6751266808125,97.5101341421037,3.5));
#10749=CARTESIAN_POINT('Origin',(31.9,100.,3.5));
#10750=CARTESIAN_POINT('',(30.,98.3751923190728,0.));
#10751=CARTESIAN_POINT('',(30.,98.3751923190728,0.));
#10752=CARTESIAN_POINT('',(31.6751266808124,97.5101341421037,-3.46944695195362E-17));
#10753=CARTESIAN_POINT('Origin',(31.9,100.,0.));
#10754=CARTESIAN_POINT('',(31.6751266808125,97.5101341421037,0.));
#10755=CARTESIAN_POINT('Origin',(28.1,100.,0.));
#10756=CARTESIAN_POINT('',(28.3248733191876,97.5101341421037,3.5));
#10757=CARTESIAN_POINT('Origin',(28.1,100.,3.5));
#10758=CARTESIAN_POINT('',(28.3248733191876,97.5101341421037,0.));
#10759=CARTESIAN_POINT('',(28.3248733191876,97.5101341421037,0.));
#10760=CARTESIAN_POINT('Origin',(28.1,100.,0.));
#10761=CARTESIAN_POINT('Origin',(21.9,100.,0.));
#10762=CARTESIAN_POINT('',(20.,98.3751923190728,3.5));
#10763=CARTESIAN_POINT('',(21.6751266808125,97.5101341421037,3.5));
#10764=CARTESIAN_POINT('Origin',(21.9,100.,3.5));
#10765=CARTESIAN_POINT('',(20.,98.3751923190728,0.));
#10766=CARTESIAN_POINT('',(20.,98.3751923190728,0.));
#10767=CARTESIAN_POINT('',(21.6751266808124,97.5101341421037,-1.38777878078145E-16));
#10768=CARTESIAN_POINT('Origin',(21.9,100.,0.));
#10769=CARTESIAN_POINT('',(21.6751266808125,97.5101341421037,0.));
#10770=CARTESIAN_POINT('Origin',(18.1,100.,0.));
#10771=CARTESIAN_POINT('',(18.3248733191875,97.5101341421037,3.5));
#10772=CARTESIAN_POINT('Origin',(18.1,100.,3.5));
#10773=CARTESIAN_POINT('',(18.3248733191875,97.5101341421037,0.));
#10774=CARTESIAN_POINT('',(18.3248733191875,97.5101341421037,0.));
#10775=CARTESIAN_POINT('Origin',(18.1,100.,0.));
#10776=CARTESIAN_POINT('Origin',(11.9,100.,0.));
#10777=CARTESIAN_POINT('',(10.,98.3751923190728,3.5));
#10778=CARTESIAN_POINT('',(11.6751266808125,97.5101341421037,3.5));
#10779=CARTESIAN_POINT('Origin',(11.9,100.,3.5));
#10780=CARTESIAN_POINT('',(9.99999999999999,98.3751923190728,0.));
#10781=CARTESIAN_POINT('',(10.,98.3751923190728,0.));
#10782=CARTESIAN_POINT('',(11.6751266808125,97.5101341421037,6.93889390390724E-17));
#10783=CARTESIAN_POINT('Origin',(11.9,100.,0.));
#10784=CARTESIAN_POINT('',(11.6751266808125,97.5101341421037,0.));
#10785=CARTESIAN_POINT('Origin',(8.10000000000001,100.,0.));
#10786=CARTESIAN_POINT('',(8.32487331918755,97.5101341421037,3.5));
#10787=CARTESIAN_POINT('Origin',(8.10000000000001,100.,3.5));
#10788=CARTESIAN_POINT('',(8.32487331918755,97.5101341421037,0.));
#10789=CARTESIAN_POINT('',(8.32487331918755,97.5101341421037,0.));
#10790=CARTESIAN_POINT('Origin',(8.10000000000001,100.,0.));
#10791=CARTESIAN_POINT('Origin',(51.,51.0000000745058,3.5));
#10792=CARTESIAN_POINT('Origin',(95.,15.,3.5));
#10793=CARTESIAN_POINT('',(90.8754159625412,4.41402856900714,3.5));
#10794=CARTESIAN_POINT('Origin',(95.,5.,3.5));
#10795=CARTESIAN_POINT('',(89.1245840374588,4.41402856900713,3.5));
#10796=CARTESIAN_POINT('Origin',(90.,1.49011618599815E-7,3.5));
#10797=CARTESIAN_POINT('',(80.8754159625412,4.41402856900713,3.5));
#10798=CARTESIAN_POINT('Origin',(85.,5.,3.5));
#10799=CARTESIAN_POINT('',(79.1245840374588,4.41402856900712,3.5));
#10800=CARTESIAN_POINT('Origin',(80.,1.49011609718031E-7,3.5));
#10801=CARTESIAN_POINT('',(70.8754159625412,4.41402856900713,3.5));
#10802=CARTESIAN_POINT('Origin',(75.,5.,3.5));
#10803=CARTESIAN_POINT('',(69.1245840374588,4.41402856900712,3.5));
#10804=CARTESIAN_POINT('Origin',(70.,1.49011609718031E-7,3.5));
#10805=CARTESIAN_POINT('',(60.8754159625412,4.41402856900713,3.5));
#10806=CARTESIAN_POINT('Origin',(65.,5.,3.5));
#10807=CARTESIAN_POINT('',(59.1245840374588,4.41402856900712,3.5));
#10808=CARTESIAN_POINT('Origin',(60.,1.49011609718031E-7,3.5));
#10809=CARTESIAN_POINT('',(50.8754159625412,4.41402856900713,3.5));
#10810=CARTESIAN_POINT('Origin',(55.,5.,3.5));
#10811=CARTESIAN_POINT('',(49.1245840374588,4.41402856900712,3.5));
#10812=CARTESIAN_POINT('Origin',(50.,1.49011609718031E-7,3.5));
#10813=CARTESIAN_POINT('',(40.8754159625412,4.41402856900712,3.5));
#10814=CARTESIAN_POINT('Origin',(45.,5.,3.5));
#10815=CARTESIAN_POINT('',(39.1245840374588,4.41402856900711,3.5));
#10816=CARTESIAN_POINT('Origin',(40.,1.49011600836246E-7,3.5));
#10817=CARTESIAN_POINT('',(30.8754159625412,4.41402856900712,3.5));
#10818=CARTESIAN_POINT('Origin',(35.,5.,3.5));
#10819=CARTESIAN_POINT('',(29.1245840374588,4.41402856900711,3.5));
#10820=CARTESIAN_POINT('Origin',(30.,1.49011600836246E-7,3.5));
#10821=CARTESIAN_POINT('',(20.8754159625412,4.41402856900712,3.5));
#10822=CARTESIAN_POINT('Origin',(25.,5.,3.5));
#10823=CARTESIAN_POINT('',(19.1245840374588,4.41402856900711,3.5));
#10824=CARTESIAN_POINT('Origin',(20.,1.49011600836246E-7,3.5));
#10825=CARTESIAN_POINT('',(10.8754159625412,4.41402856900712,3.5));
#10826=CARTESIAN_POINT('Origin',(15.,5.,3.5));
#10827=CARTESIAN_POINT('',(9.12458403745882,4.41402856900711,3.5));
#10828=CARTESIAN_POINT('Origin',(10.,1.49011600836246E-7,3.5));
#10829=CARTESIAN_POINT('',(4.4140283852656,9.12458401135503,3.5));
#10830=CARTESIAN_POINT('Origin',(5.,5.,3.5));
#10831=CARTESIAN_POINT('',(4.41402844608494,10.8754159800045,3.5));
#10832=CARTESIAN_POINT('Origin',(0.,10.0000001490116,3.5));
#10833=CARTESIAN_POINT('',(4.4140283852656,19.124584011355,3.5));
#10834=CARTESIAN_POINT('Origin',(5.,15.,3.5));
#10835=CARTESIAN_POINT('',(4.41402844608494,20.8754159800045,3.5));
#10836=CARTESIAN_POINT('Origin',(0.,20.0000001490116,3.5));
#10837=CARTESIAN_POINT('',(4.4140283852656,29.124584011355,3.5));
#10838=CARTESIAN_POINT('Origin',(5.,25.,3.5));
#10839=CARTESIAN_POINT('',(4.41402844608494,30.8754159800045,3.5));
#10840=CARTESIAN_POINT('Origin',(0.,30.0000001490116,3.5));
#10841=CARTESIAN_POINT('',(4.4140283852656,39.124584011355,3.5));
#10842=CARTESIAN_POINT('Origin',(5.,35.,3.5));
#10843=CARTESIAN_POINT('',(4.41402844608494,40.8754159800045,3.5));
#10844=CARTESIAN_POINT('Origin',(0.,40.0000001490116,3.5));
#10845=CARTESIAN_POINT('',(4.4140283852656,49.124584011355,3.5));
#10846=CARTESIAN_POINT('Origin',(5.,45.,3.5));
#10847=CARTESIAN_POINT('',(4.41402844608494,50.8754159800045,3.5));
#10848=CARTESIAN_POINT('Origin',(0.,50.0000001490116,3.5));
#10849=CARTESIAN_POINT('',(4.4140283852656,59.124584011355,3.5));
#10850=CARTESIAN_POINT('Origin',(5.,55.,3.5));
#10851=CARTESIAN_POINT('',(4.41402844608494,60.8754159800045,3.5));
#10852=CARTESIAN_POINT('Origin',(0.,60.0000001490116,3.5));
#10853=CARTESIAN_POINT('',(4.4140283852656,69.124584011355,3.5));
#10854=CARTESIAN_POINT('Origin',(5.,65.,3.5));
#10855=CARTESIAN_POINT('',(4.41402844608494,70.8754159800045,3.5));
#10856=CARTESIAN_POINT('Origin',(0.,70.0000001490116,3.5));
#10857=CARTESIAN_POINT('',(4.4140283852656,79.124584011355,3.5));
#10858=CARTESIAN_POINT('Origin',(5.,75.,3.5));
#10859=CARTESIAN_POINT('',(4.41402844608494,80.8754159800045,3.5));
#10860=CARTESIAN_POINT('Origin',(0.,80.0000001490116,3.5));
#10861=CARTESIAN_POINT('',(4.4140283852656,89.124584011355,3.5));
#10862=CARTESIAN_POINT('Origin',(5.,85.,3.5));
#10863=CARTESIAN_POINT('',(4.41402844608494,90.8754159800045,3.5));
#10864=CARTESIAN_POINT('Origin',(0.,90.0000001490116,3.5));
#10865=CARTESIAN_POINT('Origin',(5.,95.,3.5));
#10866=CARTESIAN_POINT('Origin',(15.,95.,3.5));
#10867=CARTESIAN_POINT('Origin',(25.,95.,3.5));
#10868=CARTESIAN_POINT('Origin',(35.,95.,3.5));
#10869=CARTESIAN_POINT('Origin',(45.,95.,3.5));
#10870=CARTESIAN_POINT('Origin',(55.,95.,3.5));
#10871=CARTESIAN_POINT('Origin',(65.,95.,3.5));
#10872=CARTESIAN_POINT('Origin',(75.,95.,3.5));
#10873=CARTESIAN_POINT('Origin',(85.,95.,3.5));
#10874=CARTESIAN_POINT('Origin',(95.,95.,3.5));
#10875=CARTESIAN_POINT('Origin',(95.,85.,3.5));
#10876=CARTESIAN_POINT('Origin',(95.,75.,3.5));
#10877=CARTESIAN_POINT('Origin',(95.,65.,3.5));
#10878=CARTESIAN_POINT('Origin',(95.,55.,3.5));
#10879=CARTESIAN_POINT('Origin',(95.,45.,3.5));
#10880=CARTESIAN_POINT('Origin',(95.,35.,3.5));
#10881=CARTESIAN_POINT('Origin',(95.,25.,3.5));
#10882=CARTESIAN_POINT('',(10.834,15.,3.5));
#10883=CARTESIAN_POINT('Origin',(15.,15.,3.5));
#10884=CARTESIAN_POINT('',(20.834,15.,3.5));
#10885=CARTESIAN_POINT('Origin',(25.,15.,3.5));
#10886=CARTESIAN_POINT('',(30.834,15.,3.5));
#10887=CARTESIAN_POINT('Origin',(35.,15.,3.5));
#10888=CARTESIAN_POINT('',(40.834,15.,3.5));
#10889=CARTESIAN_POINT('Origin',(45.,15.,3.5));
#10890=CARTESIAN_POINT('',(50.834,15.,3.5));
#10891=CARTESIAN_POINT('Origin',(55.,15.,3.5));
#10892=CARTESIAN_POINT('',(60.834,15.,3.5));
#10893=CARTESIAN_POINT('Origin',(65.,15.,3.5));
#10894=CARTESIAN_POINT('',(70.834,15.,3.5));
#10895=CARTESIAN_POINT('Origin',(75.,15.,3.5));
#10896=CARTESIAN_POINT('',(80.834,15.,3.5));
#10897=CARTESIAN_POINT('Origin',(85.,15.,3.5));
#10898=CARTESIAN_POINT('',(10.834,25.,3.5));
#10899=CARTESIAN_POINT('Origin',(15.,25.,3.5));
#10900=CARTESIAN_POINT('',(20.834,25.,3.5));
#10901=CARTESIAN_POINT('Origin',(25.,25.,3.5));
#10902=CARTESIAN_POINT('',(30.834,25.,3.5));
#10903=CARTESIAN_POINT('Origin',(35.,25.,3.5));
#10904=CARTESIAN_POINT('',(40.834,25.,3.5));
#10905=CARTESIAN_POINT('Origin',(45.,25.,3.5));
#10906=CARTESIAN_POINT('',(50.834,25.,3.5));
#10907=CARTESIAN_POINT('Origin',(55.,25.,3.5));
#10908=CARTESIAN_POINT('',(60.834,25.,3.5));
#10909=CARTESIAN_POINT('Origin',(65.,25.,3.5));
#10910=CARTESIAN_POINT('',(70.834,25.,3.5));
#10911=CARTESIAN_POINT('Origin',(75.,25.,3.5));
#10912=CARTESIAN_POINT('',(80.834,25.,3.5));
#10913=CARTESIAN_POINT('Origin',(85.,25.,3.5));
#10914=CARTESIAN_POINT('',(10.834,35.,3.5));
#10915=CARTESIAN_POINT('Origin',(15.,35.,3.5));
#10916=CARTESIAN_POINT('',(20.834,35.,3.5));
#10917=CARTESIAN_POINT('Origin',(25.,35.,3.5));
#10918=CARTESIAN_POINT('',(30.834,35.,3.5));
#10919=CARTESIAN_POINT('Origin',(35.,35.,3.5));
#10920=CARTESIAN_POINT('',(40.834,35.,3.5));
#10921=CARTESIAN_POINT('Origin',(45.,35.,3.5));
#10922=CARTESIAN_POINT('',(50.834,35.,3.5));
#10923=CARTESIAN_POINT('Origin',(55.,35.,3.5));
#10924=CARTESIAN_POINT('',(60.834,35.,3.5));
#10925=CARTESIAN_POINT('Origin',(65.,35.,3.5));
#10926=CARTESIAN_POINT('',(70.834,35.,3.5));
#10927=CARTESIAN_POINT('Origin',(75.,35.,3.5));
#10928=CARTESIAN_POINT('',(80.834,35.,3.5));
#10929=CARTESIAN_POINT('Origin',(85.,35.,3.5));
#10930=CARTESIAN_POINT('',(10.834,45.,3.5));
#10931=CARTESIAN_POINT('Origin',(15.,45.,3.5));
#10932=CARTESIAN_POINT('',(20.834,45.,3.5));
#10933=CARTESIAN_POINT('Origin',(25.,45.,3.5));
#10934=CARTESIAN_POINT('',(30.834,45.,3.5));
#10935=CARTESIAN_POINT('Origin',(35.,45.,3.5));
#10936=CARTESIAN_POINT('',(40.834,45.,3.5));
#10937=CARTESIAN_POINT('Origin',(45.,45.,3.5));
#10938=CARTESIAN_POINT('',(50.834,45.,3.5));
#10939=CARTESIAN_POINT('Origin',(55.,45.,3.5));
#10940=CARTESIAN_POINT('',(60.834,45.,3.5));
#10941=CARTESIAN_POINT('Origin',(65.,45.,3.5));
#10942=CARTESIAN_POINT('',(70.834,45.,3.5));
#10943=CARTESIAN_POINT('Origin',(75.,45.,3.5));
#10944=CARTESIAN_POINT('',(80.834,45.,3.5));
#10945=CARTESIAN_POINT('Origin',(85.,45.,3.5));
#10946=CARTESIAN_POINT('',(10.834,55.,3.5));
#10947=CARTESIAN_POINT('Origin',(15.,55.,3.5));
#10948=CARTESIAN_POINT('',(20.834,55.,3.5));
#10949=CARTESIAN_POINT('Origin',(25.,55.,3.5));
#10950=CARTESIAN_POINT('',(30.834,55.,3.5));
#10951=CARTESIAN_POINT('Origin',(35.,55.,3.5));
#10952=CARTESIAN_POINT('',(40.834,55.,3.5));
#10953=CARTESIAN_POINT('Origin',(45.,55.,3.5));
#10954=CARTESIAN_POINT('',(50.834,55.,3.5));
#10955=CARTESIAN_POINT('Origin',(55.,55.,3.5));
#10956=CARTESIAN_POINT('',(60.834,55.,3.5));
#10957=CARTESIAN_POINT('Origin',(65.,55.,3.5));
#10958=CARTESIAN_POINT('',(70.834,55.,3.5));
#10959=CARTESIAN_POINT('Origin',(75.,55.,3.5));
#10960=CARTESIAN_POINT('',(80.834,55.,3.5));
#10961=CARTESIAN_POINT('Origin',(85.,55.,3.5));
#10962=CARTESIAN_POINT('',(10.834,65.,3.5));
#10963=CARTESIAN_POINT('Origin',(15.,65.,3.5));
#10964=CARTESIAN_POINT('',(20.834,65.,3.5));
#10965=CARTESIAN_POINT('Origin',(25.,65.,3.5));
#10966=CARTESIAN_POINT('',(30.834,65.,3.5));
#10967=CARTESIAN_POINT('Origin',(35.,65.,3.5));
#10968=CARTESIAN_POINT('',(40.834,65.,3.5));
#10969=CARTESIAN_POINT('Origin',(45.,65.,3.5));
#10970=CARTESIAN_POINT('',(50.834,65.,3.5));
#10971=CARTESIAN_POINT('Origin',(55.,65.,3.5));
#10972=CARTESIAN_POINT('',(60.834,65.,3.5));
#10973=CARTESIAN_POINT('Origin',(65.,65.,3.5));
#10974=CARTESIAN_POINT('',(70.834,65.,3.5));
#10975=CARTESIAN_POINT('Origin',(75.,65.,3.5));
#10976=CARTESIAN_POINT('',(80.834,65.,3.5));
#10977=CARTESIAN_POINT('Origin',(85.,65.,3.5));
#10978=CARTESIAN_POINT('',(10.834,75.,3.5));
#10979=CARTESIAN_POINT('Origin',(15.,75.,3.5));
#10980=CARTESIAN_POINT('',(20.834,75.,3.5));
#10981=CARTESIAN_POINT('Origin',(25.,75.,3.5));
#10982=CARTESIAN_POINT('',(30.834,75.,3.5));
#10983=CARTESIAN_POINT('Origin',(35.,75.,3.5));
#10984=CARTESIAN_POINT('',(40.834,75.,3.5));
#10985=CARTESIAN_POINT('Origin',(45.,75.,3.5));
#10986=CARTESIAN_POINT('',(50.834,75.,3.5));
#10987=CARTESIAN_POINT('Origin',(55.,75.,3.5));
#10988=CARTESIAN_POINT('',(60.834,75.,3.5));
#10989=CARTESIAN_POINT('Origin',(65.,75.,3.5));
#10990=CARTESIAN_POINT('',(70.834,75.,3.5));
#10991=CARTESIAN_POINT('Origin',(75.,75.,3.5));
#10992=CARTESIAN_POINT('',(80.834,75.,3.5));
#10993=CARTESIAN_POINT('Origin',(85.,75.,3.5));
#10994=CARTESIAN_POINT('',(10.834,85.,3.5));
#10995=CARTESIAN_POINT('Origin',(15.,85.,3.5));
#10996=CARTESIAN_POINT('',(20.834,85.,3.5));
#10997=CARTESIAN_POINT('Origin',(25.,85.,3.5));
#10998=CARTESIAN_POINT('',(30.834,85.,3.5));
#10999=CARTESIAN_POINT('Origin',(35.,85.,3.5));
#11000=CARTESIAN_POINT('',(40.834,85.,3.5));
#11001=CARTESIAN_POINT('Origin',(45.,85.,3.5));
#11002=CARTESIAN_POINT('',(50.834,85.,3.5));
#11003=CARTESIAN_POINT('Origin',(55.,85.,3.5));
#11004=CARTESIAN_POINT('',(60.834,85.,3.5));
#11005=CARTESIAN_POINT('Origin',(65.,85.,3.5));
#11006=CARTESIAN_POINT('',(70.834,85.,3.5));
#11007=CARTESIAN_POINT('Origin',(75.,85.,3.5));
#11008=CARTESIAN_POINT('',(80.834,85.,3.5));
#11009=CARTESIAN_POINT('Origin',(85.,85.,3.5));
#11010=CARTESIAN_POINT('Origin',(0.,90.0000001490116,0.));
#11011=CARTESIAN_POINT('',(4.4140283852656,89.124584011355,0.));
#11012=CARTESIAN_POINT('',(4.4140283852656,89.124584011355,0.));
#11013=CARTESIAN_POINT('',(4.41402844608494,90.8754159800045,0.));
#11014=CARTESIAN_POINT('Origin',(0.,90.0000001490116,0.));
#11015=CARTESIAN_POINT('',(4.41402844608494,90.8754159800045,0.));
#11016=CARTESIAN_POINT('Origin',(0.,80.0000001490116,0.));
#11017=CARTESIAN_POINT('',(4.4140283852656,79.124584011355,0.));
#11018=CARTESIAN_POINT('',(4.4140283852656,79.124584011355,0.));
#11019=CARTESIAN_POINT('',(4.41402844608494,80.8754159800045,0.));
#11020=CARTESIAN_POINT('Origin',(0.,80.0000001490116,0.));
#11021=CARTESIAN_POINT('',(4.41402844608494,80.8754159800045,0.));
#11022=CARTESIAN_POINT('Origin',(0.,70.0000001490116,0.));
#11023=CARTESIAN_POINT('',(4.4140283852656,69.124584011355,0.));
#11024=CARTESIAN_POINT('',(4.4140283852656,69.124584011355,0.));
#11025=CARTESIAN_POINT('',(4.41402844608494,70.8754159800045,0.));
#11026=CARTESIAN_POINT('Origin',(0.,70.0000001490116,0.));
#11027=CARTESIAN_POINT('',(4.41402844608494,70.8754159800045,0.));
#11028=CARTESIAN_POINT('Origin',(0.,60.0000001490116,0.));
#11029=CARTESIAN_POINT('',(4.4140283852656,59.124584011355,0.));
#11030=CARTESIAN_POINT('',(4.4140283852656,59.124584011355,0.));
#11031=CARTESIAN_POINT('',(4.41402844608494,60.8754159800045,0.));
#11032=CARTESIAN_POINT('Origin',(0.,60.0000001490116,0.));
#11033=CARTESIAN_POINT('',(4.41402844608494,60.8754159800045,0.));
#11034=CARTESIAN_POINT('Origin',(0.,50.0000001490116,0.));
#11035=CARTESIAN_POINT('',(4.4140283852656,49.124584011355,0.));
#11036=CARTESIAN_POINT('',(4.4140283852656,49.124584011355,0.));
#11037=CARTESIAN_POINT('',(4.41402844608494,50.8754159800045,0.));
#11038=CARTESIAN_POINT('Origin',(0.,50.0000001490116,0.));
#11039=CARTESIAN_POINT('',(4.41402844608494,50.8754159800045,0.));
#11040=CARTESIAN_POINT('Origin',(0.,40.0000001490116,0.));
#11041=CARTESIAN_POINT('',(4.4140283852656,39.124584011355,0.));
#11042=CARTESIAN_POINT('',(4.4140283852656,39.124584011355,0.));
#11043=CARTESIAN_POINT('',(4.41402844608494,40.8754159800045,0.));
#11044=CARTESIAN_POINT('Origin',(0.,40.0000001490116,0.));
#11045=CARTESIAN_POINT('',(4.41402844608494,40.8754159800045,0.));
#11046=CARTESIAN_POINT('Origin',(0.,30.0000001490116,0.));
#11047=CARTESIAN_POINT('',(4.4140283852656,29.124584011355,0.));
#11048=CARTESIAN_POINT('',(4.4140283852656,29.124584011355,0.));
#11049=CARTESIAN_POINT('',(4.41402844608494,30.8754159800045,0.));
#11050=CARTESIAN_POINT('Origin',(0.,30.0000001490116,0.));
#11051=CARTESIAN_POINT('',(4.41402844608494,30.8754159800045,0.));
#11052=CARTESIAN_POINT('Origin',(0.,20.0000001490116,0.));
#11053=CARTESIAN_POINT('',(4.4140283852656,19.124584011355,0.));
#11054=CARTESIAN_POINT('',(4.4140283852656,19.124584011355,0.));
#11055=CARTESIAN_POINT('',(4.41402844608494,20.8754159800045,0.));
#11056=CARTESIAN_POINT('Origin',(0.,20.0000001490116,0.));
#11057=CARTESIAN_POINT('',(4.41402844608494,20.8754159800045,0.));
#11058=CARTESIAN_POINT('Origin',(0.,10.0000001490116,0.));
#11059=CARTESIAN_POINT('',(4.4140283852656,9.12458401135503,0.));
#11060=CARTESIAN_POINT('',(4.4140283852656,9.12458401135503,0.));
#11061=CARTESIAN_POINT('',(4.41402844608494,10.8754159800045,0.));
#11062=CARTESIAN_POINT('Origin',(0.,10.0000001490116,0.));
#11063=CARTESIAN_POINT('',(4.41402844608494,10.8754159800045,0.));
#11064=CARTESIAN_POINT('Origin',(10.,1.49011600836246E-7,0.));
#11065=CARTESIAN_POINT('',(9.12458403745882,4.41402856900711,0.));
#11066=CARTESIAN_POINT('',(10.8754159625412,4.41402856900712,0.));
#11067=CARTESIAN_POINT('Origin',(10.,1.49011600836246E-7,0.));
#11068=CARTESIAN_POINT('',(9.12458403745882,4.41402856900711,0.));
#11069=CARTESIAN_POINT('',(10.8754159625412,4.41402856900712,0.));
#11070=CARTESIAN_POINT('Origin',(20.,1.49011600836246E-7,0.));
#11071=CARTESIAN_POINT('',(19.1245840374588,4.41402856900711,0.));
#11072=CARTESIAN_POINT('',(20.8754159625412,4.41402856900712,0.));
#11073=CARTESIAN_POINT('Origin',(20.,1.49011600836246E-7,0.));
#11074=CARTESIAN_POINT('',(19.1245840374588,4.41402856900711,0.));
#11075=CARTESIAN_POINT('',(20.8754159625412,4.41402856900712,0.));
#11076=CARTESIAN_POINT('Origin',(30.,1.49011600836246E-7,0.));
#11077=CARTESIAN_POINT('',(29.1245840374588,4.41402856900711,0.));
#11078=CARTESIAN_POINT('',(30.8754159625412,4.41402856900712,0.));
#11079=CARTESIAN_POINT('Origin',(30.,1.49011600836246E-7,0.));
#11080=CARTESIAN_POINT('',(29.1245840374588,4.41402856900711,0.));
#11081=CARTESIAN_POINT('',(30.8754159625412,4.41402856900712,0.));
#11082=CARTESIAN_POINT('Origin',(40.,1.49011600836246E-7,0.));
#11083=CARTESIAN_POINT('',(39.1245840374588,4.41402856900711,0.));
#11084=CARTESIAN_POINT('',(40.8754159625412,4.41402856900712,0.));
#11085=CARTESIAN_POINT('Origin',(40.,1.49011600836246E-7,0.));
#11086=CARTESIAN_POINT('',(39.1245840374588,4.41402856900711,0.));
#11087=CARTESIAN_POINT('',(40.8754159625412,4.41402856900712,0.));
#11088=CARTESIAN_POINT('Origin',(50.,1.49011609718031E-7,0.));
#11089=CARTESIAN_POINT('',(49.1245840374588,4.41402856900712,0.));
#11090=CARTESIAN_POINT('',(50.8754159625412,4.41402856900713,0.));
#11091=CARTESIAN_POINT('Origin',(50.,1.49011609718031E-7,0.));
#11092=CARTESIAN_POINT('',(49.1245840374588,4.41402856900712,0.));
#11093=CARTESIAN_POINT('',(50.8754159625412,4.41402856900713,0.));
#11094=CARTESIAN_POINT('Origin',(60.,1.49011609718031E-7,0.));
#11095=CARTESIAN_POINT('',(59.1245840374588,4.41402856900712,0.));
#11096=CARTESIAN_POINT('',(60.8754159625412,4.41402856900713,0.));
#11097=CARTESIAN_POINT('Origin',(60.,1.49011609718031E-7,0.));
#11098=CARTESIAN_POINT('',(59.1245840374588,4.41402856900712,0.));
#11099=CARTESIAN_POINT('',(60.8754159625412,4.41402856900713,0.));
#11100=CARTESIAN_POINT('Origin',(70.,1.49011609718031E-7,0.));
#11101=CARTESIAN_POINT('',(69.1245840374588,4.41402856900712,0.));
#11102=CARTESIAN_POINT('',(70.8754159625412,4.41402856900713,0.));
#11103=CARTESIAN_POINT('Origin',(70.,1.49011609718031E-7,0.));
#11104=CARTESIAN_POINT('',(69.1245840374588,4.41402856900712,0.));
#11105=CARTESIAN_POINT('',(70.8754159625412,4.41402856900713,0.));
#11106=CARTESIAN_POINT('Origin',(80.,1.49011609718031E-7,0.));
#11107=CARTESIAN_POINT('',(79.1245840374588,4.41402856900712,0.));
#11108=CARTESIAN_POINT('',(80.8754159625412,4.41402856900713,0.));
#11109=CARTESIAN_POINT('Origin',(80.,1.49011609718031E-7,0.));
#11110=CARTESIAN_POINT('',(79.1245840374588,4.41402856900712,0.));
#11111=CARTESIAN_POINT('',(80.8754159625412,4.41402856900713,0.));
#11112=CARTESIAN_POINT('Origin',(90.,1.49011618599815E-7,0.));
#11113=CARTESIAN_POINT('',(89.1245840374588,4.41402856900713,0.));
#11114=CARTESIAN_POINT('',(90.8754159625412,4.41402856900714,0.));
#11115=CARTESIAN_POINT('Origin',(90.,1.49011618599815E-7,0.));
#11116=CARTESIAN_POINT('',(89.1245840374588,4.41402856900713,0.));
#11117=CARTESIAN_POINT('',(90.8754159625412,4.41402856900714,0.));
#11118=CARTESIAN_POINT('Origin',(95.,95.,0.));
#11119=CARTESIAN_POINT('Origin',(95.,95.,0.));
#11120=CARTESIAN_POINT('Origin',(85.,95.,0.));
#11121=CARTESIAN_POINT('Origin',(85.,95.,0.));
#11122=CARTESIAN_POINT('Origin',(75.,95.,0.));
#11123=CARTESIAN_POINT('Origin',(75.,95.,0.));
#11124=CARTESIAN_POINT('Origin',(65.,95.,0.));
#11125=CARTESIAN_POINT('Origin',(65.,95.,0.));
#11126=CARTESIAN_POINT('Origin',(55.,95.,0.));
#11127=CARTESIAN_POINT('Origin',(55.,95.,0.));
#11128=CARTESIAN_POINT('Origin',(45.,95.,0.));
#11129=CARTESIAN_POINT('Origin',(45.,95.,0.));
#11130=CARTESIAN_POINT('Origin',(35.,95.,0.));
#11131=CARTESIAN_POINT('Origin',(35.,95.,0.));
#11132=CARTESIAN_POINT('Origin',(25.,95.,0.));
#11133=CARTESIAN_POINT('Origin',(25.,95.,0.));
#11134=CARTESIAN_POINT('Origin',(15.,95.,0.));
#11135=CARTESIAN_POINT('Origin',(15.,95.,0.));
#11136=CARTESIAN_POINT('Origin',(5.,95.,0.));
#11137=CARTESIAN_POINT('Origin',(5.,95.,0.));
#11138=CARTESIAN_POINT('Origin',(95.,85.,0.));
#11139=CARTESIAN_POINT('Origin',(95.,85.,0.));
#11140=CARTESIAN_POINT('Origin',(85.,85.,0.));
#11141=CARTESIAN_POINT('',(80.834,85.,0.));
#11142=CARTESIAN_POINT('Origin',(85.,85.,0.));
#11143=CARTESIAN_POINT('',(80.834,85.,0.));
#11144=CARTESIAN_POINT('Origin',(75.,85.,0.));
#11145=CARTESIAN_POINT('',(70.834,85.,0.));
#11146=CARTESIAN_POINT('Origin',(75.,85.,0.));
#11147=CARTESIAN_POINT('',(70.834,85.,0.));
#11148=CARTESIAN_POINT('Origin',(65.,85.,0.));
#11149=CARTESIAN_POINT('',(60.834,85.,0.));
#11150=CARTESIAN_POINT('Origin',(65.,85.,0.));
#11151=CARTESIAN_POINT('',(60.834,85.,0.));
#11152=CARTESIAN_POINT('Origin',(55.,85.,0.));
#11153=CARTESIAN_POINT('',(50.834,85.,0.));
#11154=CARTESIAN_POINT('Origin',(55.,85.,0.));
#11155=CARTESIAN_POINT('',(50.834,85.,0.));
#11156=CARTESIAN_POINT('Origin',(45.,85.,0.));
#11157=CARTESIAN_POINT('',(40.834,85.,0.));
#11158=CARTESIAN_POINT('Origin',(45.,85.,0.));
#11159=CARTESIAN_POINT('',(40.834,85.,0.));
#11160=CARTESIAN_POINT('Origin',(35.,85.,0.));
#11161=CARTESIAN_POINT('',(30.834,85.,0.));
#11162=CARTESIAN_POINT('Origin',(35.,85.,0.));
#11163=CARTESIAN_POINT('',(30.834,85.,0.));
#11164=CARTESIAN_POINT('Origin',(25.,85.,0.));
#11165=CARTESIAN_POINT('',(20.834,85.,0.));
#11166=CARTESIAN_POINT('Origin',(25.,85.,0.));
#11167=CARTESIAN_POINT('',(20.834,85.,0.));
#11168=CARTESIAN_POINT('Origin',(15.,85.,0.));
#11169=CARTESIAN_POINT('',(10.834,85.,0.));
#11170=CARTESIAN_POINT('Origin',(15.,85.,0.));
#11171=CARTESIAN_POINT('',(10.834,85.,0.));
#11172=CARTESIAN_POINT('Origin',(5.,85.,0.));
#11173=CARTESIAN_POINT('Origin',(5.,85.,0.));
#11174=CARTESIAN_POINT('Origin',(95.,75.,0.));
#11175=CARTESIAN_POINT('Origin',(95.,75.,0.));
#11176=CARTESIAN_POINT('Origin',(85.,75.,0.));
#11177=CARTESIAN_POINT('',(80.834,75.,0.));
#11178=CARTESIAN_POINT('Origin',(85.,75.,0.));
#11179=CARTESIAN_POINT('',(80.834,75.,0.));
#11180=CARTESIAN_POINT('Origin',(75.,75.,0.));
#11181=CARTESIAN_POINT('',(70.834,75.,0.));
#11182=CARTESIAN_POINT('Origin',(75.,75.,0.));
#11183=CARTESIAN_POINT('',(70.834,75.,0.));
#11184=CARTESIAN_POINT('Origin',(65.,75.,0.));
#11185=CARTESIAN_POINT('',(60.834,75.,0.));
#11186=CARTESIAN_POINT('Origin',(65.,75.,0.));
#11187=CARTESIAN_POINT('',(60.834,75.,0.));
#11188=CARTESIAN_POINT('Origin',(55.,75.,0.));
#11189=CARTESIAN_POINT('',(50.834,75.,0.));
#11190=CARTESIAN_POINT('Origin',(55.,75.,0.));
#11191=CARTESIAN_POINT('',(50.834,75.,0.));
#11192=CARTESIAN_POINT('Origin',(45.,75.,0.));
#11193=CARTESIAN_POINT('',(40.834,75.,0.));
#11194=CARTESIAN_POINT('Origin',(45.,75.,0.));
#11195=CARTESIAN_POINT('',(40.834,75.,0.));
#11196=CARTESIAN_POINT('Origin',(35.,75.,0.));
#11197=CARTESIAN_POINT('',(30.834,75.,0.));
#11198=CARTESIAN_POINT('Origin',(35.,75.,0.));
#11199=CARTESIAN_POINT('',(30.834,75.,0.));
#11200=CARTESIAN_POINT('Origin',(25.,75.,0.));
#11201=CARTESIAN_POINT('',(20.834,75.,0.));
#11202=CARTESIAN_POINT('Origin',(25.,75.,0.));
#11203=CARTESIAN_POINT('',(20.834,75.,0.));
#11204=CARTESIAN_POINT('Origin',(15.,75.,0.));
#11205=CARTESIAN_POINT('',(10.834,75.,0.));
#11206=CARTESIAN_POINT('Origin',(15.,75.,0.));
#11207=CARTESIAN_POINT('',(10.834,75.,0.));
#11208=CARTESIAN_POINT('Origin',(5.,75.,0.));
#11209=CARTESIAN_POINT('Origin',(5.,75.,0.));
#11210=CARTESIAN_POINT('Origin',(95.,65.,0.));
#11211=CARTESIAN_POINT('Origin',(95.,65.,0.));
#11212=CARTESIAN_POINT('Origin',(85.,65.,0.));
#11213=CARTESIAN_POINT('',(80.834,65.,0.));
#11214=CARTESIAN_POINT('Origin',(85.,65.,0.));
#11215=CARTESIAN_POINT('',(80.834,65.,0.));
#11216=CARTESIAN_POINT('Origin',(75.,65.,0.));
#11217=CARTESIAN_POINT('',(70.834,65.,0.));
#11218=CARTESIAN_POINT('Origin',(75.,65.,0.));
#11219=CARTESIAN_POINT('',(70.834,65.,0.));
#11220=CARTESIAN_POINT('Origin',(65.,65.,0.));
#11221=CARTESIAN_POINT('',(60.834,65.,0.));
#11222=CARTESIAN_POINT('Origin',(65.,65.,0.));
#11223=CARTESIAN_POINT('',(60.834,65.,0.));
#11224=CARTESIAN_POINT('Origin',(55.,65.,0.));
#11225=CARTESIAN_POINT('',(50.834,65.,0.));
#11226=CARTESIAN_POINT('Origin',(55.,65.,0.));
#11227=CARTESIAN_POINT('',(50.834,65.,0.));
#11228=CARTESIAN_POINT('Origin',(45.,65.,0.));
#11229=CARTESIAN_POINT('',(40.834,65.,0.));
#11230=CARTESIAN_POINT('Origin',(45.,65.,0.));
#11231=CARTESIAN_POINT('',(40.834,65.,0.));
#11232=CARTESIAN_POINT('Origin',(35.,65.,0.));
#11233=CARTESIAN_POINT('',(30.834,65.,0.));
#11234=CARTESIAN_POINT('Origin',(35.,65.,0.));
#11235=CARTESIAN_POINT('',(30.834,65.,0.));
#11236=CARTESIAN_POINT('Origin',(25.,65.,0.));
#11237=CARTESIAN_POINT('',(20.834,65.,0.));
#11238=CARTESIAN_POINT('Origin',(25.,65.,0.));
#11239=CARTESIAN_POINT('',(20.834,65.,0.));
#11240=CARTESIAN_POINT('Origin',(15.,65.,0.));
#11241=CARTESIAN_POINT('',(10.834,65.,0.));
#11242=CARTESIAN_POINT('Origin',(15.,65.,0.));
#11243=CARTESIAN_POINT('',(10.834,65.,0.));
#11244=CARTESIAN_POINT('Origin',(5.,65.,0.));
#11245=CARTESIAN_POINT('Origin',(5.,65.,0.));
#11246=CARTESIAN_POINT('Origin',(95.,55.,0.));
#11247=CARTESIAN_POINT('Origin',(95.,55.,0.));
#11248=CARTESIAN_POINT('Origin',(85.,55.,0.));
#11249=CARTESIAN_POINT('',(80.834,55.,0.));
#11250=CARTESIAN_POINT('Origin',(85.,55.,0.));
#11251=CARTESIAN_POINT('',(80.834,55.,0.));
#11252=CARTESIAN_POINT('Origin',(75.,55.,0.));
#11253=CARTESIAN_POINT('',(70.834,55.,0.));
#11254=CARTESIAN_POINT('Origin',(75.,55.,0.));
#11255=CARTESIAN_POINT('',(70.834,55.,0.));
#11256=CARTESIAN_POINT('Origin',(65.,55.,0.));
#11257=CARTESIAN_POINT('',(60.834,55.,0.));
#11258=CARTESIAN_POINT('Origin',(65.,55.,0.));
#11259=CARTESIAN_POINT('',(60.834,55.,0.));
#11260=CARTESIAN_POINT('Origin',(75.,5.,0.));
#11261=CARTESIAN_POINT('Origin',(75.,5.,0.));
#11262=CARTESIAN_POINT('Origin',(55.,55.,0.));
#11263=CARTESIAN_POINT('',(50.834,55.,0.));
#11264=CARTESIAN_POINT('Origin',(55.,55.,0.));
#11265=CARTESIAN_POINT('',(50.834,55.,0.));
#11266=CARTESIAN_POINT('Origin',(55.,5.,0.));
#11267=CARTESIAN_POINT('Origin',(55.,5.,0.));
#11268=CARTESIAN_POINT('Origin',(45.,55.,0.));
#11269=CARTESIAN_POINT('',(40.834,55.,0.));
#11270=CARTESIAN_POINT('Origin',(45.,55.,0.));
#11271=CARTESIAN_POINT('',(40.834,55.,0.));
#11272=CARTESIAN_POINT('Origin',(45.,5.,0.));
#11273=CARTESIAN_POINT('Origin',(45.,5.,0.));
#11274=CARTESIAN_POINT('Origin',(35.,55.,0.));
#11275=CARTESIAN_POINT('',(30.834,55.,0.));
#11276=CARTESIAN_POINT('Origin',(35.,55.,0.));
#11277=CARTESIAN_POINT('',(30.834,55.,0.));
#11278=CARTESIAN_POINT('Origin',(5.,55.,0.));
#11279=CARTESIAN_POINT('Origin',(5.,55.,0.));
#11280=CARTESIAN_POINT('Origin',(25.,25.,0.));
#11281=CARTESIAN_POINT('',(20.834,25.,0.));
#11282=CARTESIAN_POINT('Origin',(25.,25.,0.));
#11283=CARTESIAN_POINT('',(20.834,25.,0.));
#11284=CARTESIAN_POINT('Origin',(15.,15.,0.));
#11285=CARTESIAN_POINT('',(10.834,15.,0.));
#11286=CARTESIAN_POINT('Origin',(15.,15.,0.));
#11287=CARTESIAN_POINT('',(10.834,15.,0.));
#11288=CARTESIAN_POINT('Origin',(45.,45.,0.));
#11289=CARTESIAN_POINT('',(40.834,45.,0.));
#11290=CARTESIAN_POINT('Origin',(45.,45.,0.));
#11291=CARTESIAN_POINT('',(40.834,45.,0.));
#11292=CARTESIAN_POINT('Origin',(25.,55.,0.));
#11293=CARTESIAN_POINT('',(20.834,55.,0.));
#11294=CARTESIAN_POINT('Origin',(25.,55.,0.));
#11295=CARTESIAN_POINT('',(20.834,55.,0.));
#11296=CARTESIAN_POINT('Origin',(15.,55.,0.));
#11297=CARTESIAN_POINT('',(10.834,55.,0.));
#11298=CARTESIAN_POINT('Origin',(15.,55.,0.));
#11299=CARTESIAN_POINT('',(10.834,55.,0.));
#11300=CARTESIAN_POINT('Origin',(65.,5.,0.));
#11301=CARTESIAN_POINT('Origin',(65.,5.,0.));
#11302=CARTESIAN_POINT('Origin',(85.,45.,0.));
#11303=CARTESIAN_POINT('',(80.834,45.,0.));
#11304=CARTESIAN_POINT('Origin',(85.,45.,0.));
#11305=CARTESIAN_POINT('',(80.834,45.,0.));
#11306=CARTESIAN_POINT('Origin',(95.,45.,0.));
#11307=CARTESIAN_POINT('Origin',(95.,45.,0.));
#11308=CARTESIAN_POINT('Origin',(45.,35.,0.));
#11309=CARTESIAN_POINT('',(40.834,35.,0.));
#11310=CARTESIAN_POINT('Origin',(45.,35.,0.));
#11311=CARTESIAN_POINT('',(40.834,35.,0.));
#11312=CARTESIAN_POINT('Origin',(95.,15.,0.));
#11313=CARTESIAN_POINT('Origin',(95.,15.,0.));
#11314=CARTESIAN_POINT('Origin',(5.,35.,0.));
#11315=CARTESIAN_POINT('Origin',(5.,35.,0.));
#11316=CARTESIAN_POINT('Origin',(85.,35.,0.));
#11317=CARTESIAN_POINT('',(80.834,35.,0.));
#11318=CARTESIAN_POINT('Origin',(85.,35.,0.));
#11319=CARTESIAN_POINT('',(80.834,35.,0.));
#11320=CARTESIAN_POINT('Origin',(85.,25.,0.));
#11321=CARTESIAN_POINT('',(80.834,25.,0.));
#11322=CARTESIAN_POINT('Origin',(85.,25.,0.));
#11323=CARTESIAN_POINT('',(80.834,25.,0.));
#11324=CARTESIAN_POINT('Origin',(95.,25.,0.));
#11325=CARTESIAN_POINT('Origin',(95.,25.,0.));
#11326=CARTESIAN_POINT('Origin',(35.,25.,0.));
#11327=CARTESIAN_POINT('',(30.834,25.,0.));
#11328=CARTESIAN_POINT('Origin',(35.,25.,0.));
#11329=CARTESIAN_POINT('',(30.834,25.,0.));
#11330=CARTESIAN_POINT('Origin',(15.,25.,0.));
#11331=CARTESIAN_POINT('',(10.834,25.,0.));
#11332=CARTESIAN_POINT('Origin',(15.,25.,0.));
#11333=CARTESIAN_POINT('',(10.834,25.,0.));
#11334=CARTESIAN_POINT('Origin',(55.,15.,0.));
#11335=CARTESIAN_POINT('',(50.834,15.,0.));
#11336=CARTESIAN_POINT('Origin',(55.,15.,0.));
#11337=CARTESIAN_POINT('',(50.834,15.,0.));
#11338=CARTESIAN_POINT('Origin',(65.,15.,0.));
#11339=CARTESIAN_POINT('',(60.834,15.,0.));
#11340=CARTESIAN_POINT('Origin',(65.,15.,0.));
#11341=CARTESIAN_POINT('',(60.834,15.,0.));
#11342=CARTESIAN_POINT('Origin',(25.,15.,0.));
#11343=CARTESIAN_POINT('',(20.834,15.,0.));
#11344=CARTESIAN_POINT('Origin',(25.,15.,0.));
#11345=CARTESIAN_POINT('',(20.834,15.,0.));
#11346=CARTESIAN_POINT('Origin',(95.,5.,0.));
#11347=CARTESIAN_POINT('Origin',(95.,5.,0.));
#11348=CARTESIAN_POINT('Origin',(85.,5.,0.));
#11349=CARTESIAN_POINT('Origin',(85.,5.,0.));
#11350=CARTESIAN_POINT('Origin',(65.,45.,0.));
#11351=CARTESIAN_POINT('',(60.834,45.,0.));
#11352=CARTESIAN_POINT('Origin',(65.,45.,0.));
#11353=CARTESIAN_POINT('',(60.834,45.,0.));
#11354=CARTESIAN_POINT('Origin',(65.,35.,0.));
#11355=CARTESIAN_POINT('',(60.834,35.,0.));
#11356=CARTESIAN_POINT('Origin',(65.,35.,0.));
#11357=CARTESIAN_POINT('',(60.834,35.,0.));
#11358=CARTESIAN_POINT('Origin',(55.,45.,0.));
#11359=CARTESIAN_POINT('',(50.834,45.,0.));
#11360=CARTESIAN_POINT('Origin',(55.,45.,0.));
#11361=CARTESIAN_POINT('',(50.834,45.,0.));
#11362=CARTESIAN_POINT('Origin',(25.,45.,0.));
#11363=CARTESIAN_POINT('',(20.834,45.,0.));
#11364=CARTESIAN_POINT('Origin',(25.,45.,0.));
#11365=CARTESIAN_POINT('',(20.834,45.,0.));
#11366=CARTESIAN_POINT('Origin',(75.,25.,0.));
#11367=CARTESIAN_POINT('',(70.834,25.,0.));
#11368=CARTESIAN_POINT('Origin',(75.,25.,0.));
#11369=CARTESIAN_POINT('',(70.834,25.,0.));
#11370=CARTESIAN_POINT('Origin',(15.,45.,0.));
#11371=CARTESIAN_POINT('',(10.834,45.,0.));
#11372=CARTESIAN_POINT('Origin',(15.,45.,0.));
#11373=CARTESIAN_POINT('',(10.834,45.,0.));
#11374=CARTESIAN_POINT('Origin',(85.,15.,0.));
#11375=CARTESIAN_POINT('',(80.834,15.,0.));
#11376=CARTESIAN_POINT('Origin',(85.,15.,0.));
#11377=CARTESIAN_POINT('',(80.834,15.,0.));
#11378=CARTESIAN_POINT('Origin',(75.,45.,0.));
#11379=CARTESIAN_POINT('',(70.834,45.,0.));
#11380=CARTESIAN_POINT('Origin',(75.,45.,0.));
#11381=CARTESIAN_POINT('',(70.834,45.,0.));
#11382=CARTESIAN_POINT('Origin',(35.,45.,0.));
#11383=CARTESIAN_POINT('',(30.834,45.,0.));
#11384=CARTESIAN_POINT('Origin',(35.,45.,0.));
#11385=CARTESIAN_POINT('',(30.834,45.,0.));
#11386=CARTESIAN_POINT('Origin',(45.,15.,0.));
#11387=CARTESIAN_POINT('',(40.834,15.,0.));
#11388=CARTESIAN_POINT('Origin',(45.,15.,0.));
#11389=CARTESIAN_POINT('',(40.834,15.,0.));
#11390=CARTESIAN_POINT('Origin',(75.,15.,0.));
#11391=CARTESIAN_POINT('',(70.834,15.,0.));
#11392=CARTESIAN_POINT('Origin',(75.,15.,0.));
#11393=CARTESIAN_POINT('',(70.834,15.,0.));
#11394=CARTESIAN_POINT('Origin',(65.,25.,0.));
#11395=CARTESIAN_POINT('',(60.834,25.,0.));
#11396=CARTESIAN_POINT('Origin',(65.,25.,0.));
#11397=CARTESIAN_POINT('',(60.834,25.,0.));
#11398=CARTESIAN_POINT('Origin',(95.,35.,0.));
#11399=CARTESIAN_POINT('Origin',(95.,35.,0.));
#11400=CARTESIAN_POINT('Origin',(5.,5.,0.));
#11401=CARTESIAN_POINT('Origin',(5.,5.,0.));
#11402=CARTESIAN_POINT('Origin',(55.,25.,0.));
#11403=CARTESIAN_POINT('',(50.834,25.,0.));
#11404=CARTESIAN_POINT('Origin',(55.,25.,0.));
#11405=CARTESIAN_POINT('',(50.834,25.,0.));
#11406=CARTESIAN_POINT('Origin',(5.,45.,0.));
#11407=CARTESIAN_POINT('Origin',(5.,45.,0.));
#11408=CARTESIAN_POINT('Origin',(35.,15.,0.));
#11409=CARTESIAN_POINT('',(30.834,15.,0.));
#11410=CARTESIAN_POINT('Origin',(35.,15.,0.));
#11411=CARTESIAN_POINT('',(30.834,15.,0.));
#11412=CARTESIAN_POINT('Origin',(5.,15.,0.));
#11413=CARTESIAN_POINT('Origin',(5.,15.,0.));
#11414=CARTESIAN_POINT('Origin',(25.,35.,0.));
#11415=CARTESIAN_POINT('',(20.834,35.,0.));
#11416=CARTESIAN_POINT('Origin',(25.,35.,0.));
#11417=CARTESIAN_POINT('',(20.834,35.,0.));
#11418=CARTESIAN_POINT('Origin',(15.,5.,0.));
#11419=CARTESIAN_POINT('Origin',(15.,5.,0.));
#11420=CARTESIAN_POINT('Origin',(35.,35.,0.));
#11421=CARTESIAN_POINT('',(30.834,35.,0.));
#11422=CARTESIAN_POINT('Origin',(35.,35.,0.));
#11423=CARTESIAN_POINT('',(30.834,35.,0.));
#11424=CARTESIAN_POINT('Origin',(35.,5.,0.));
#11425=CARTESIAN_POINT('Origin',(35.,5.,0.));
#11426=CARTESIAN_POINT('Origin',(75.,35.,0.));
#11427=CARTESIAN_POINT('',(70.834,35.,0.));
#11428=CARTESIAN_POINT('Origin',(75.,35.,0.));
#11429=CARTESIAN_POINT('',(70.834,35.,0.));
#11430=CARTESIAN_POINT('Origin',(25.,5.,0.));
#11431=CARTESIAN_POINT('Origin',(25.,5.,0.));
#11432=CARTESIAN_POINT('Origin',(5.,25.,0.));
#11433=CARTESIAN_POINT('Origin',(5.,25.,0.));
#11434=CARTESIAN_POINT('Origin',(15.,35.,0.));
#11435=CARTESIAN_POINT('',(10.834,35.,0.));
#11436=CARTESIAN_POINT('Origin',(15.,35.,0.));
#11437=CARTESIAN_POINT('',(10.834,35.,0.));
#11438=CARTESIAN_POINT('Origin',(45.,25.,0.));
#11439=CARTESIAN_POINT('',(40.834,25.,0.));
#11440=CARTESIAN_POINT('Origin',(45.,25.,0.));
#11441=CARTESIAN_POINT('',(40.834,25.,0.));
#11442=CARTESIAN_POINT('Origin',(55.,35.,0.));
#11443=CARTESIAN_POINT('',(50.834,35.,0.));
#11444=CARTESIAN_POINT('Origin',(55.,35.,0.));
#11445=CARTESIAN_POINT('',(50.834,35.,0.));
#11446=CARTESIAN_POINT('Origin',(51.,51.0000000745058,0.));
#11447=CARTESIAN_POINT('',(53.334,35.,0.));
#11448=CARTESIAN_POINT('Origin',(55.,35.,0.));
#11449=CARTESIAN_POINT('Origin',(51.,51.0000000745058,0.));
#11450=CARTESIAN_POINT('',(43.334,25.,0.));
#11451=CARTESIAN_POINT('Origin',(45.,25.,0.));
#11452=CARTESIAN_POINT('Origin',(51.,51.0000000745058,0.));
#11453=CARTESIAN_POINT('',(13.334,35.,0.));
#11454=CARTESIAN_POINT('Origin',(15.,35.,0.));
#11455=CARTESIAN_POINT('Origin',(51.,51.0000000745058,0.));
#11456=CARTESIAN_POINT('',(73.334,35.,0.));
#11457=CARTESIAN_POINT('Origin',(75.,35.,0.));
#11458=CARTESIAN_POINT('Origin',(51.,51.0000000745058,0.));
#11459=CARTESIAN_POINT('',(33.334,35.,0.));
#11460=CARTESIAN_POINT('Origin',(35.,35.,0.));
#11461=CARTESIAN_POINT('Origin',(51.,51.0000000745058,0.));
#11462=CARTESIAN_POINT('',(23.334,35.,0.));
#11463=CARTESIAN_POINT('Origin',(25.,35.,0.));
#11464=CARTESIAN_POINT('Origin',(51.,51.0000000745058,0.));
#11465=CARTESIAN_POINT('',(33.334,15.,0.));
#11466=CARTESIAN_POINT('Origin',(35.,15.,0.));
#11467=CARTESIAN_POINT('Origin',(51.,51.0000000745058,0.));
#11468=CARTESIAN_POINT('',(53.334,25.,0.));
#11469=CARTESIAN_POINT('Origin',(55.,25.,0.));
#11470=CARTESIAN_POINT('Origin',(51.,51.0000000745058,0.));
#11471=CARTESIAN_POINT('',(63.334,25.,0.));
#11472=CARTESIAN_POINT('Origin',(65.,25.,0.));
#11473=CARTESIAN_POINT('Origin',(51.,51.0000000745058,0.));
#11474=CARTESIAN_POINT('',(73.334,15.,0.));
#11475=CARTESIAN_POINT('Origin',(75.,15.,0.));
#11476=CARTESIAN_POINT('Origin',(51.,51.0000000745058,0.));
#11477=CARTESIAN_POINT('',(43.334,15.,0.));
#11478=CARTESIAN_POINT('Origin',(45.,15.,0.));
#11479=CARTESIAN_POINT('Origin',(51.,51.0000000745058,0.));
#11480=CARTESIAN_POINT('',(33.334,45.,0.));
#11481=CARTESIAN_POINT('Origin',(35.,45.,0.));
#11482=CARTESIAN_POINT('Origin',(51.,51.0000000745058,0.));
#11483=CARTESIAN_POINT('',(73.334,45.,0.));
#11484=CARTESIAN_POINT('Origin',(75.,45.,0.));
#11485=CARTESIAN_POINT('Origin',(51.,51.0000000745058,0.));
#11486=CARTESIAN_POINT('',(83.334,15.,0.));
#11487=CARTESIAN_POINT('Origin',(85.,15.,0.));
#11488=CARTESIAN_POINT('Origin',(51.,51.0000000745058,0.));
#11489=CARTESIAN_POINT('',(13.334,45.,0.));
#11490=CARTESIAN_POINT('Origin',(15.,45.,0.));
#11491=CARTESIAN_POINT('Origin',(51.,51.0000000745058,0.));
#11492=CARTESIAN_POINT('',(73.334,25.,0.));
#11493=CARTESIAN_POINT('Origin',(75.,25.,0.));
#11494=CARTESIAN_POINT('Origin',(51.,51.0000000745058,0.));
#11495=CARTESIAN_POINT('',(23.334,45.,0.));
#11496=CARTESIAN_POINT('Origin',(25.,45.,0.));
#11497=CARTESIAN_POINT('Origin',(51.,51.0000000745058,0.));
#11498=CARTESIAN_POINT('',(53.334,45.,0.));
#11499=CARTESIAN_POINT('Origin',(55.,45.,0.));
#11500=CARTESIAN_POINT('Origin',(51.,51.0000000745058,0.));
#11501=CARTESIAN_POINT('',(63.334,35.,0.));
#11502=CARTESIAN_POINT('Origin',(65.,35.,0.));
#11503=CARTESIAN_POINT('Origin',(51.,51.0000000745058,0.));
#11504=CARTESIAN_POINT('',(63.334,45.,0.));
#11505=CARTESIAN_POINT('Origin',(65.,45.,0.));
#11506=CARTESIAN_POINT('Origin',(51.,51.0000000745058,0.));
#11507=CARTESIAN_POINT('',(23.334,15.,0.));
#11508=CARTESIAN_POINT('Origin',(25.,15.,0.));
#11509=CARTESIAN_POINT('Origin',(51.,51.0000000745058,0.));
#11510=CARTESIAN_POINT('',(63.334,15.,0.));
#11511=CARTESIAN_POINT('Origin',(65.,15.,0.));
#11512=CARTESIAN_POINT('Origin',(51.,51.0000000745058,0.));
#11513=CARTESIAN_POINT('',(53.334,15.,0.));
#11514=CARTESIAN_POINT('Origin',(55.,15.,0.));
#11515=CARTESIAN_POINT('Origin',(51.,51.0000000745058,0.));
#11516=CARTESIAN_POINT('',(13.334,25.,0.));
#11517=CARTESIAN_POINT('Origin',(15.,25.,0.));
#11518=CARTESIAN_POINT('Origin',(51.,51.0000000745058,0.));
#11519=CARTESIAN_POINT('',(33.334,25.,0.));
#11520=CARTESIAN_POINT('Origin',(35.,25.,0.));
#11521=CARTESIAN_POINT('Origin',(51.,51.0000000745058,0.));
#11522=CARTESIAN_POINT('',(83.334,25.,0.));
#11523=CARTESIAN_POINT('Origin',(85.,25.,0.));
#11524=CARTESIAN_POINT('Origin',(51.,51.0000000745058,0.));
#11525=CARTESIAN_POINT('',(83.334,35.,0.));
#11526=CARTESIAN_POINT('Origin',(85.,35.,0.));
#11527=CARTESIAN_POINT('Origin',(51.,51.0000000745058,0.));
#11528=CARTESIAN_POINT('',(43.334,35.,0.));
#11529=CARTESIAN_POINT('Origin',(45.,35.,0.));
#11530=CARTESIAN_POINT('Origin',(51.,51.0000000745058,0.));
#11531=CARTESIAN_POINT('',(83.334,45.,0.));
#11532=CARTESIAN_POINT('Origin',(85.,45.,0.));
#11533=CARTESIAN_POINT('Origin',(51.,51.0000000745058,0.));
#11534=CARTESIAN_POINT('',(13.334,55.,0.));
#11535=CARTESIAN_POINT('Origin',(15.,55.,0.));
#11536=CARTESIAN_POINT('Origin',(51.,51.0000000745058,0.));
#11537=CARTESIAN_POINT('',(23.334,55.,0.));
#11538=CARTESIAN_POINT('Origin',(25.,55.,0.));
#11539=CARTESIAN_POINT('Origin',(51.,51.0000000745058,0.));
#11540=CARTESIAN_POINT('',(43.334,45.,0.));
#11541=CARTESIAN_POINT('Origin',(45.,45.,0.));
#11542=CARTESIAN_POINT('Origin',(51.,51.0000000745058,0.));
#11543=CARTESIAN_POINT('',(13.334,15.,0.));
#11544=CARTESIAN_POINT('Origin',(15.,15.,0.));
#11545=CARTESIAN_POINT('Origin',(51.,51.0000000745058,0.));
#11546=CARTESIAN_POINT('',(23.334,25.,0.));
#11547=CARTESIAN_POINT('Origin',(25.,25.,0.));
#11548=CARTESIAN_POINT('Origin',(51.,51.0000000745058,0.));
#11549=CARTESIAN_POINT('',(33.334,55.,0.));
#11550=CARTESIAN_POINT('Origin',(35.,55.,0.));
#11551=CARTESIAN_POINT('Origin',(51.,51.0000000745058,0.));
#11552=CARTESIAN_POINT('',(43.334,55.,0.));
#11553=CARTESIAN_POINT('Origin',(45.,55.,0.));
#11554=CARTESIAN_POINT('Origin',(51.,51.0000000745058,0.));
#11555=CARTESIAN_POINT('',(53.334,55.,0.));
#11556=CARTESIAN_POINT('Origin',(55.,55.,0.));
#11557=CARTESIAN_POINT('Origin',(51.,51.0000000745058,0.));
#11558=CARTESIAN_POINT('',(63.334,55.,0.));
#11559=CARTESIAN_POINT('Origin',(65.,55.,0.));
#11560=CARTESIAN_POINT('Origin',(51.,51.0000000745058,0.));
#11561=CARTESIAN_POINT('',(73.334,55.,0.));
#11562=CARTESIAN_POINT('Origin',(75.,55.,0.));
#11563=CARTESIAN_POINT('Origin',(51.,51.0000000745058,0.));
#11564=CARTESIAN_POINT('',(83.334,55.,0.));
#11565=CARTESIAN_POINT('Origin',(85.,55.,0.));
#11566=CARTESIAN_POINT('Origin',(51.,51.0000000745058,0.));
#11567=CARTESIAN_POINT('',(13.334,65.,0.));
#11568=CARTESIAN_POINT('Origin',(15.,65.,0.));
#11569=CARTESIAN_POINT('Origin',(51.,51.0000000745058,0.));
#11570=CARTESIAN_POINT('',(23.334,65.,0.));
#11571=CARTESIAN_POINT('Origin',(25.,65.,0.));
#11572=CARTESIAN_POINT('Origin',(51.,51.0000000745058,0.));
#11573=CARTESIAN_POINT('',(33.334,65.,0.));
#11574=CARTESIAN_POINT('Origin',(35.,65.,0.));
#11575=CARTESIAN_POINT('Origin',(51.,51.0000000745058,0.));
#11576=CARTESIAN_POINT('',(43.334,65.,0.));
#11577=CARTESIAN_POINT('Origin',(45.,65.,0.));
#11578=CARTESIAN_POINT('Origin',(51.,51.0000000745058,0.));
#11579=CARTESIAN_POINT('',(53.334,65.,0.));
#11580=CARTESIAN_POINT('Origin',(55.,65.,0.));
#11581=CARTESIAN_POINT('Origin',(51.,51.0000000745058,0.));
#11582=CARTESIAN_POINT('',(63.334,65.,0.));
#11583=CARTESIAN_POINT('Origin',(65.,65.,0.));
#11584=CARTESIAN_POINT('Origin',(51.,51.0000000745058,0.));
#11585=CARTESIAN_POINT('',(73.334,65.,0.));
#11586=CARTESIAN_POINT('Origin',(75.,65.,0.));
#11587=CARTESIAN_POINT('Origin',(51.,51.0000000745058,0.));
#11588=CARTESIAN_POINT('',(83.334,65.,0.));
#11589=CARTESIAN_POINT('Origin',(85.,65.,0.));
#11590=CARTESIAN_POINT('Origin',(51.,51.0000000745058,0.));
#11591=CARTESIAN_POINT('',(13.334,75.,0.));
#11592=CARTESIAN_POINT('Origin',(15.,75.,0.));
#11593=CARTESIAN_POINT('Origin',(51.,51.0000000745058,0.));
#11594=CARTESIAN_POINT('',(23.334,75.,0.));
#11595=CARTESIAN_POINT('Origin',(25.,75.,0.));
#11596=CARTESIAN_POINT('Origin',(51.,51.0000000745058,0.));
#11597=CARTESIAN_POINT('',(33.334,75.,0.));
#11598=CARTESIAN_POINT('Origin',(35.,75.,0.));
#11599=CARTESIAN_POINT('Origin',(51.,51.0000000745058,0.));
#11600=CARTESIAN_POINT('',(43.334,75.,0.));
#11601=CARTESIAN_POINT('Origin',(45.,75.,0.));
#11602=CARTESIAN_POINT('Origin',(51.,51.0000000745058,0.));
#11603=CARTESIAN_POINT('',(53.334,75.,0.));
#11604=CARTESIAN_POINT('Origin',(55.,75.,0.));
#11605=CARTESIAN_POINT('Origin',(51.,51.0000000745058,0.));
#11606=CARTESIAN_POINT('',(63.334,75.,0.));
#11607=CARTESIAN_POINT('Origin',(65.,75.,0.));
#11608=CARTESIAN_POINT('Origin',(51.,51.0000000745058,0.));
#11609=CARTESIAN_POINT('',(73.334,75.,0.));
#11610=CARTESIAN_POINT('Origin',(75.,75.,0.));
#11611=CARTESIAN_POINT('Origin',(51.,51.0000000745058,0.));
#11612=CARTESIAN_POINT('',(83.334,75.,0.));
#11613=CARTESIAN_POINT('Origin',(85.,75.,0.));
#11614=CARTESIAN_POINT('Origin',(51.,51.0000000745058,0.));
#11615=CARTESIAN_POINT('',(13.334,85.,0.));
#11616=CARTESIAN_POINT('Origin',(15.,85.,0.));
#11617=CARTESIAN_POINT('Origin',(51.,51.0000000745058,0.));
#11618=CARTESIAN_POINT('',(23.334,85.,0.));
#11619=CARTESIAN_POINT('Origin',(25.,85.,0.));
#11620=CARTESIAN_POINT('Origin',(51.,51.0000000745058,0.));
#11621=CARTESIAN_POINT('',(33.334,85.,0.));
#11622=CARTESIAN_POINT('Origin',(35.,85.,0.));
#11623=CARTESIAN_POINT('Origin',(51.,51.0000000745058,0.));
#11624=CARTESIAN_POINT('',(43.334,85.,0.));
#11625=CARTESIAN_POINT('Origin',(45.,85.,0.));
#11626=CARTESIAN_POINT('Origin',(51.,51.0000000745058,0.));
#11627=CARTESIAN_POINT('',(53.334,85.,0.));
#11628=CARTESIAN_POINT('Origin',(55.,85.,0.));
#11629=CARTESIAN_POINT('Origin',(51.,51.0000000745058,0.));
#11630=CARTESIAN_POINT('',(63.334,85.,0.));
#11631=CARTESIAN_POINT('Origin',(65.,85.,0.));
#11632=CARTESIAN_POINT('Origin',(51.,51.0000000745058,0.));
#11633=CARTESIAN_POINT('',(73.334,85.,0.));
#11634=CARTESIAN_POINT('Origin',(75.,85.,0.));
#11635=CARTESIAN_POINT('Origin',(51.,51.0000000745058,0.));
#11636=CARTESIAN_POINT('',(83.334,85.,0.));
#11637=CARTESIAN_POINT('Origin',(85.,85.,0.));
#11638=CARTESIAN_POINT('Origin',(55.,35.,0.));
#11639=CARTESIAN_POINT('',(53.334,35.,6.));
#11640=CARTESIAN_POINT('Origin',(55.,35.,6.));
#11641=CARTESIAN_POINT('',(53.334,35.,0.));
#11642=CARTESIAN_POINT('Origin',(45.,25.,0.));
#11643=CARTESIAN_POINT('',(43.334,25.,6.));
#11644=CARTESIAN_POINT('Origin',(45.,25.,6.));
#11645=CARTESIAN_POINT('',(43.334,25.,0.));
#11646=CARTESIAN_POINT('Origin',(15.,35.,0.));
#11647=CARTESIAN_POINT('',(13.334,35.,6.));
#11648=CARTESIAN_POINT('Origin',(15.,35.,6.));
#11649=CARTESIAN_POINT('',(13.334,35.,0.));
#11650=CARTESIAN_POINT('Origin',(5.,25.,0.));
#11651=CARTESIAN_POINT('',(3.334,25.,6.));
#11652=CARTESIAN_POINT('Origin',(5.,25.,6.));
#11653=CARTESIAN_POINT('',(3.334,25.,0.));
#11654=CARTESIAN_POINT('',(3.334,25.,0.));
#11655=CARTESIAN_POINT('Origin',(5.,25.,0.));
#11656=CARTESIAN_POINT('Origin',(25.,5.,0.));
#11657=CARTESIAN_POINT('',(23.334,5.,6.));
#11658=CARTESIAN_POINT('Origin',(25.,5.,6.));
#11659=CARTESIAN_POINT('',(23.334,5.,0.));
#11660=CARTESIAN_POINT('',(23.334,5.,0.));
#11661=CARTESIAN_POINT('Origin',(25.,5.,0.));
#11662=CARTESIAN_POINT('Origin',(75.,35.,0.));
#11663=CARTESIAN_POINT('',(73.334,35.,6.));
#11664=CARTESIAN_POINT('Origin',(75.,35.,6.));
#11665=CARTESIAN_POINT('',(73.334,35.,0.));
#11666=CARTESIAN_POINT('Origin',(35.,5.,0.));
#11667=CARTESIAN_POINT('',(33.334,5.,6.));
#11668=CARTESIAN_POINT('Origin',(35.,5.,6.));
#11669=CARTESIAN_POINT('',(33.334,5.,0.));
#11670=CARTESIAN_POINT('',(33.334,5.,0.));
#11671=CARTESIAN_POINT('Origin',(35.,5.,0.));
#11672=CARTESIAN_POINT('Origin',(35.,35.,0.));
#11673=CARTESIAN_POINT('',(33.334,35.,6.));
#11674=CARTESIAN_POINT('Origin',(35.,35.,6.));
#11675=CARTESIAN_POINT('',(33.334,35.,0.));
#11676=CARTESIAN_POINT('Origin',(15.,5.,0.));
#11677=CARTESIAN_POINT('',(13.334,5.,6.));
#11678=CARTESIAN_POINT('Origin',(15.,5.,6.));
#11679=CARTESIAN_POINT('',(13.334,5.,0.));
#11680=CARTESIAN_POINT('',(13.334,5.,0.));
#11681=CARTESIAN_POINT('Origin',(15.,5.,0.));
#11682=CARTESIAN_POINT('Origin',(25.,35.,0.));
#11683=CARTESIAN_POINT('',(23.334,35.,6.));
#11684=CARTESIAN_POINT('Origin',(25.,35.,6.));
#11685=CARTESIAN_POINT('',(23.334,35.,0.));
#11686=CARTESIAN_POINT('Origin',(5.,15.,0.));
#11687=CARTESIAN_POINT('',(3.334,15.,6.));
#11688=CARTESIAN_POINT('Origin',(5.,15.,6.));
#11689=CARTESIAN_POINT('',(3.334,15.,0.));
#11690=CARTESIAN_POINT('',(3.334,15.,0.));
#11691=CARTESIAN_POINT('Origin',(5.,15.,0.));
#11692=CARTESIAN_POINT('Origin',(35.,15.,0.));
#11693=CARTESIAN_POINT('',(33.334,15.,6.));
#11694=CARTESIAN_POINT('Origin',(35.,15.,6.));
#11695=CARTESIAN_POINT('',(33.334,15.,0.));
#11696=CARTESIAN_POINT('Origin',(5.,45.,0.));
#11697=CARTESIAN_POINT('',(3.334,45.,6.));
#11698=CARTESIAN_POINT('Origin',(5.,45.,6.));
#11699=CARTESIAN_POINT('',(3.334,45.,0.));
#11700=CARTESIAN_POINT('',(3.334,45.,0.));
#11701=CARTESIAN_POINT('Origin',(5.,45.,0.));
#11702=CARTESIAN_POINT('Origin',(55.,25.,0.));
#11703=CARTESIAN_POINT('',(53.334,25.,6.));
#11704=CARTESIAN_POINT('Origin',(55.,25.,6.));
#11705=CARTESIAN_POINT('',(53.334,25.,0.));
#11706=CARTESIAN_POINT('Origin',(5.,5.,0.));
#11707=CARTESIAN_POINT('',(3.334,5.,6.));
#11708=CARTESIAN_POINT('Origin',(5.,5.,6.));
#11709=CARTESIAN_POINT('',(3.334,5.,0.));
#11710=CARTESIAN_POINT('',(3.334,5.,0.));
#11711=CARTESIAN_POINT('Origin',(5.,5.,0.));
#11712=CARTESIAN_POINT('Origin',(95.,35.,0.));
#11713=CARTESIAN_POINT('',(93.334,35.,6.));
#11714=CARTESIAN_POINT('Origin',(95.,35.,6.));
#11715=CARTESIAN_POINT('',(93.334,35.,0.));
#11716=CARTESIAN_POINT('',(93.334,35.,0.));
#11717=CARTESIAN_POINT('Origin',(95.,35.,0.));
#11718=CARTESIAN_POINT('Origin',(65.,25.,0.));
#11719=CARTESIAN_POINT('',(63.334,25.,6.));
#11720=CARTESIAN_POINT('Origin',(65.,25.,6.));
#11721=CARTESIAN_POINT('',(63.334,25.,0.));
#11722=CARTESIAN_POINT('Origin',(75.,15.,0.));
#11723=CARTESIAN_POINT('',(73.334,15.,6.));
#11724=CARTESIAN_POINT('Origin',(75.,15.,6.));
#11725=CARTESIAN_POINT('',(73.334,15.,0.));
#11726=CARTESIAN_POINT('Origin',(45.,15.,0.));
#11727=CARTESIAN_POINT('',(43.334,15.,6.));
#11728=CARTESIAN_POINT('Origin',(45.,15.,6.));
#11729=CARTESIAN_POINT('',(43.334,15.,0.));
#11730=CARTESIAN_POINT('Origin',(35.,45.,0.));
#11731=CARTESIAN_POINT('',(33.334,45.,6.));
#11732=CARTESIAN_POINT('Origin',(35.,45.,6.));
#11733=CARTESIAN_POINT('',(33.334,45.,0.));
#11734=CARTESIAN_POINT('Origin',(75.,45.,0.));
#11735=CARTESIAN_POINT('',(73.334,45.,6.));
#11736=CARTESIAN_POINT('Origin',(75.,45.,6.));
#11737=CARTESIAN_POINT('',(73.334,45.,0.));
#11738=CARTESIAN_POINT('Origin',(85.,15.,0.));
#11739=CARTESIAN_POINT('',(83.334,15.,6.));
#11740=CARTESIAN_POINT('Origin',(85.,15.,6.));
#11741=CARTESIAN_POINT('',(83.334,15.,0.));
#11742=CARTESIAN_POINT('Origin',(15.,45.,0.));
#11743=CARTESIAN_POINT('',(13.334,45.,6.));
#11744=CARTESIAN_POINT('Origin',(15.,45.,6.));
#11745=CARTESIAN_POINT('',(13.334,45.,0.));
#11746=CARTESIAN_POINT('Origin',(75.,25.,0.));
#11747=CARTESIAN_POINT('',(73.334,25.,6.));
#11748=CARTESIAN_POINT('Origin',(75.,25.,6.));
#11749=CARTESIAN_POINT('',(73.334,25.,0.));
#11750=CARTESIAN_POINT('Origin',(25.,45.,0.));
#11751=CARTESIAN_POINT('',(23.334,45.,6.));
#11752=CARTESIAN_POINT('Origin',(25.,45.,6.));
#11753=CARTESIAN_POINT('',(23.334,45.,0.));
#11754=CARTESIAN_POINT('Origin',(55.,45.,0.));
#11755=CARTESIAN_POINT('',(53.334,45.,6.));
#11756=CARTESIAN_POINT('Origin',(55.,45.,6.));
#11757=CARTESIAN_POINT('',(53.334,45.,0.));
#11758=CARTESIAN_POINT('Origin',(65.,35.,0.));
#11759=CARTESIAN_POINT('',(63.334,35.,6.));
#11760=CARTESIAN_POINT('Origin',(65.,35.,6.));
#11761=CARTESIAN_POINT('',(63.334,35.,0.));
#11762=CARTESIAN_POINT('Origin',(65.,45.,0.));
#11763=CARTESIAN_POINT('',(63.334,45.,6.));
#11764=CARTESIAN_POINT('Origin',(65.,45.,6.));
#11765=CARTESIAN_POINT('',(63.334,45.,0.));
#11766=CARTESIAN_POINT('Origin',(85.,5.,0.));
#11767=CARTESIAN_POINT('',(83.334,5.,6.));
#11768=CARTESIAN_POINT('Origin',(85.,5.,6.));
#11769=CARTESIAN_POINT('',(83.334,5.,0.));
#11770=CARTESIAN_POINT('',(83.334,5.,0.));
#11771=CARTESIAN_POINT('Origin',(85.,5.,0.));
#11772=CARTESIAN_POINT('Origin',(95.,5.,0.));
#11773=CARTESIAN_POINT('',(93.334,5.,6.));
#11774=CARTESIAN_POINT('Origin',(95.,5.,6.));
#11775=CARTESIAN_POINT('',(93.334,5.,0.));
#11776=CARTESIAN_POINT('',(93.334,5.,0.));
#11777=CARTESIAN_POINT('Origin',(95.,5.,0.));
#11778=CARTESIAN_POINT('Origin',(25.,15.,0.));
#11779=CARTESIAN_POINT('',(23.334,15.,6.));
#11780=CARTESIAN_POINT('Origin',(25.,15.,6.));
#11781=CARTESIAN_POINT('',(23.334,15.,0.));
#11782=CARTESIAN_POINT('Origin',(65.,15.,0.));
#11783=CARTESIAN_POINT('',(63.334,15.,6.));
#11784=CARTESIAN_POINT('Origin',(65.,15.,6.));
#11785=CARTESIAN_POINT('',(63.334,15.,0.));
#11786=CARTESIAN_POINT('Origin',(55.,15.,0.));
#11787=CARTESIAN_POINT('',(53.334,15.,6.));
#11788=CARTESIAN_POINT('Origin',(55.,15.,6.));
#11789=CARTESIAN_POINT('',(53.334,15.,0.));
#11790=CARTESIAN_POINT('Origin',(15.,25.,0.));
#11791=CARTESIAN_POINT('',(13.334,25.,6.));
#11792=CARTESIAN_POINT('Origin',(15.,25.,6.));
#11793=CARTESIAN_POINT('',(13.334,25.,0.));
#11794=CARTESIAN_POINT('Origin',(35.,25.,0.));
#11795=CARTESIAN_POINT('',(33.334,25.,6.));
#11796=CARTESIAN_POINT('Origin',(35.,25.,6.));
#11797=CARTESIAN_POINT('',(33.334,25.,0.));
#11798=CARTESIAN_POINT('Origin',(95.,25.,0.));
#11799=CARTESIAN_POINT('',(93.334,25.,6.));
#11800=CARTESIAN_POINT('Origin',(95.,25.,6.));
#11801=CARTESIAN_POINT('',(93.334,25.,0.));
#11802=CARTESIAN_POINT('',(93.334,25.,0.));
#11803=CARTESIAN_POINT('Origin',(95.,25.,0.));
#11804=CARTESIAN_POINT('Origin',(85.,25.,0.));
#11805=CARTESIAN_POINT('',(83.334,25.,6.));
#11806=CARTESIAN_POINT('Origin',(85.,25.,6.));
#11807=CARTESIAN_POINT('',(83.334,25.,0.));
#11808=CARTESIAN_POINT('Origin',(85.,35.,0.));
#11809=CARTESIAN_POINT('',(83.334,35.,6.));
#11810=CARTESIAN_POINT('Origin',(85.,35.,6.));
#11811=CARTESIAN_POINT('',(83.334,35.,0.));
#11812=CARTESIAN_POINT('Origin',(5.,35.,0.));
#11813=CARTESIAN_POINT('',(3.334,35.,6.));
#11814=CARTESIAN_POINT('Origin',(5.,35.,6.));
#11815=CARTESIAN_POINT('',(3.334,35.,0.));
#11816=CARTESIAN_POINT('',(3.334,35.,0.));
#11817=CARTESIAN_POINT('Origin',(5.,35.,0.));
#11818=CARTESIAN_POINT('Origin',(95.,15.,0.));
#11819=CARTESIAN_POINT('',(93.334,15.,6.));
#11820=CARTESIAN_POINT('Origin',(95.,15.,6.));
#11821=CARTESIAN_POINT('',(93.334,15.,0.));
#11822=CARTESIAN_POINT('',(93.334,15.,0.));
#11823=CARTESIAN_POINT('Origin',(95.,15.,0.));
#11824=CARTESIAN_POINT('Origin',(45.,35.,0.));
#11825=CARTESIAN_POINT('',(43.334,35.,6.));
#11826=CARTESIAN_POINT('Origin',(45.,35.,6.));
#11827=CARTESIAN_POINT('',(43.334,35.,0.));
#11828=CARTESIAN_POINT('Origin',(95.,45.,0.));
#11829=CARTESIAN_POINT('',(93.334,45.,6.));
#11830=CARTESIAN_POINT('Origin',(95.,45.,6.));
#11831=CARTESIAN_POINT('',(93.334,45.,0.));
#11832=CARTESIAN_POINT('',(93.334,45.,0.));
#11833=CARTESIAN_POINT('Origin',(95.,45.,0.));
#11834=CARTESIAN_POINT('Origin',(85.,45.,0.));
#11835=CARTESIAN_POINT('',(83.334,45.,6.));
#11836=CARTESIAN_POINT('Origin',(85.,45.,6.));
#11837=CARTESIAN_POINT('',(83.334,45.,0.));
#11838=CARTESIAN_POINT('Origin',(65.,5.,0.));
#11839=CARTESIAN_POINT('',(63.334,5.,6.));
#11840=CARTESIAN_POINT('Origin',(65.,5.,6.));
#11841=CARTESIAN_POINT('',(63.334,5.,0.));
#11842=CARTESIAN_POINT('',(63.334,5.,0.));
#11843=CARTESIAN_POINT('Origin',(65.,5.,0.));
#11844=CARTESIAN_POINT('Origin',(15.,55.,0.));
#11845=CARTESIAN_POINT('',(13.334,55.,6.));
#11846=CARTESIAN_POINT('Origin',(15.,55.,6.));
#11847=CARTESIAN_POINT('',(13.334,55.,0.));
#11848=CARTESIAN_POINT('Origin',(25.,55.,0.));
#11849=CARTESIAN_POINT('',(23.334,55.,6.));
#11850=CARTESIAN_POINT('Origin',(25.,55.,6.));
#11851=CARTESIAN_POINT('',(23.334,55.,0.));
#11852=CARTESIAN_POINT('Origin',(45.,45.,0.));
#11853=CARTESIAN_POINT('',(43.334,45.,6.));
#11854=CARTESIAN_POINT('Origin',(45.,45.,6.));
#11855=CARTESIAN_POINT('',(43.334,45.,0.));
#11856=CARTESIAN_POINT('Origin',(15.,15.,0.));
#11857=CARTESIAN_POINT('',(13.334,15.,6.));
#11858=CARTESIAN_POINT('Origin',(15.,15.,6.));
#11859=CARTESIAN_POINT('',(13.334,15.,0.));
#11860=CARTESIAN_POINT('Origin',(25.,25.,0.));
#11861=CARTESIAN_POINT('',(23.334,25.,6.));
#11862=CARTESIAN_POINT('Origin',(25.,25.,6.));
#11863=CARTESIAN_POINT('',(23.334,25.,0.));
#11864=CARTESIAN_POINT('Origin',(5.,55.,0.));
#11865=CARTESIAN_POINT('',(3.334,55.,6.));
#11866=CARTESIAN_POINT('Origin',(5.,55.,6.));
#11867=CARTESIAN_POINT('',(3.334,55.,0.));
#11868=CARTESIAN_POINT('',(3.334,55.,0.));
#11869=CARTESIAN_POINT('Origin',(5.,55.,0.));
#11870=CARTESIAN_POINT('Origin',(35.,55.,0.));
#11871=CARTESIAN_POINT('',(33.334,55.,6.));
#11872=CARTESIAN_POINT('Origin',(35.,55.,6.));
#11873=CARTESIAN_POINT('',(33.334,55.,0.));
#11874=CARTESIAN_POINT('Origin',(45.,5.,0.));
#11875=CARTESIAN_POINT('',(43.334,5.,6.));
#11876=CARTESIAN_POINT('Origin',(45.,5.,6.));
#11877=CARTESIAN_POINT('',(43.334,5.,0.));
#11878=CARTESIAN_POINT('',(43.334,5.,0.));
#11879=CARTESIAN_POINT('Origin',(45.,5.,0.));
#11880=CARTESIAN_POINT('Origin',(45.,55.,0.));
#11881=CARTESIAN_POINT('',(43.334,55.,6.));
#11882=CARTESIAN_POINT('Origin',(45.,55.,6.));
#11883=CARTESIAN_POINT('',(43.334,55.,0.));
#11884=CARTESIAN_POINT('Origin',(55.,5.,0.));
#11885=CARTESIAN_POINT('',(53.334,5.,6.));
#11886=CARTESIAN_POINT('Origin',(55.,5.,6.));
#11887=CARTESIAN_POINT('',(53.334,5.,0.));
#11888=CARTESIAN_POINT('',(53.334,5.,0.));
#11889=CARTESIAN_POINT('Origin',(55.,5.,0.));
#11890=CARTESIAN_POINT('Origin',(55.,55.,0.));
#11891=CARTESIAN_POINT('',(53.334,55.,6.));
#11892=CARTESIAN_POINT('Origin',(55.,55.,6.));
#11893=CARTESIAN_POINT('',(53.334,55.,0.));
#11894=CARTESIAN_POINT('Origin',(75.,5.,0.));
#11895=CARTESIAN_POINT('',(73.334,5.,6.));
#11896=CARTESIAN_POINT('Origin',(75.,5.,6.));
#11897=CARTESIAN_POINT('',(73.334,5.,0.));
#11898=CARTESIAN_POINT('',(73.334,5.,0.));
#11899=CARTESIAN_POINT('Origin',(75.,5.,0.));
#11900=CARTESIAN_POINT('Origin',(65.,55.,0.));
#11901=CARTESIAN_POINT('',(63.334,55.,6.));
#11902=CARTESIAN_POINT('Origin',(65.,55.,6.));
#11903=CARTESIAN_POINT('',(63.334,55.,0.));
#11904=CARTESIAN_POINT('Origin',(75.,55.,0.));
#11905=CARTESIAN_POINT('',(73.334,55.,6.));
#11906=CARTESIAN_POINT('Origin',(75.,55.,6.));
#11907=CARTESIAN_POINT('',(73.334,55.,0.));
#11908=CARTESIAN_POINT('Origin',(85.,55.,0.));
#11909=CARTESIAN_POINT('',(83.334,55.,6.));
#11910=CARTESIAN_POINT('Origin',(85.,55.,6.));
#11911=CARTESIAN_POINT('',(83.334,55.,0.));
#11912=CARTESIAN_POINT('Origin',(95.,55.,0.));
#11913=CARTESIAN_POINT('',(93.334,55.,6.));
#11914=CARTESIAN_POINT('Origin',(95.,55.,6.));
#11915=CARTESIAN_POINT('',(93.334,55.,0.));
#11916=CARTESIAN_POINT('',(93.334,55.,0.));
#11917=CARTESIAN_POINT('Origin',(95.,55.,0.));
#11918=CARTESIAN_POINT('Origin',(5.,65.,0.));
#11919=CARTESIAN_POINT('',(3.334,65.,6.));
#11920=CARTESIAN_POINT('Origin',(5.,65.,6.));
#11921=CARTESIAN_POINT('',(3.334,65.,0.));
#11922=CARTESIAN_POINT('',(3.334,65.,0.));
#11923=CARTESIAN_POINT('Origin',(5.,65.,0.));
#11924=CARTESIAN_POINT('Origin',(15.,65.,0.));
#11925=CARTESIAN_POINT('',(13.334,65.,6.));
#11926=CARTESIAN_POINT('Origin',(15.,65.,6.));
#11927=CARTESIAN_POINT('',(13.334,65.,0.));
#11928=CARTESIAN_POINT('Origin',(25.,65.,0.));
#11929=CARTESIAN_POINT('',(23.334,65.,6.));
#11930=CARTESIAN_POINT('Origin',(25.,65.,6.));
#11931=CARTESIAN_POINT('',(23.334,65.,0.));
#11932=CARTESIAN_POINT('Origin',(35.,65.,0.));
#11933=CARTESIAN_POINT('',(33.334,65.,6.));
#11934=CARTESIAN_POINT('Origin',(35.,65.,6.));
#11935=CARTESIAN_POINT('',(33.334,65.,0.));
#11936=CARTESIAN_POINT('Origin',(45.,65.,0.));
#11937=CARTESIAN_POINT('',(43.334,65.,6.));
#11938=CARTESIAN_POINT('Origin',(45.,65.,6.));
#11939=CARTESIAN_POINT('',(43.334,65.,0.));
#11940=CARTESIAN_POINT('Origin',(55.,65.,0.));
#11941=CARTESIAN_POINT('',(53.334,65.,6.));
#11942=CARTESIAN_POINT('Origin',(55.,65.,6.));
#11943=CARTESIAN_POINT('',(53.334,65.,0.));
#11944=CARTESIAN_POINT('Origin',(65.,65.,0.));
#11945=CARTESIAN_POINT('',(63.334,65.,6.));
#11946=CARTESIAN_POINT('Origin',(65.,65.,6.));
#11947=CARTESIAN_POINT('',(63.334,65.,0.));
#11948=CARTESIAN_POINT('Origin',(75.,65.,0.));
#11949=CARTESIAN_POINT('',(73.334,65.,6.));
#11950=CARTESIAN_POINT('Origin',(75.,65.,6.));
#11951=CARTESIAN_POINT('',(73.334,65.,0.));
#11952=CARTESIAN_POINT('Origin',(85.,65.,0.));
#11953=CARTESIAN_POINT('',(83.334,65.,6.));
#11954=CARTESIAN_POINT('Origin',(85.,65.,6.));
#11955=CARTESIAN_POINT('',(83.334,65.,0.));
#11956=CARTESIAN_POINT('Origin',(95.,65.,0.));
#11957=CARTESIAN_POINT('',(93.334,65.,6.));
#11958=CARTESIAN_POINT('Origin',(95.,65.,6.));
#11959=CARTESIAN_POINT('',(93.334,65.,0.));
#11960=CARTESIAN_POINT('',(93.334,65.,0.));
#11961=CARTESIAN_POINT('Origin',(95.,65.,0.));
#11962=CARTESIAN_POINT('Origin',(5.,75.,0.));
#11963=CARTESIAN_POINT('',(3.334,75.,6.));
#11964=CARTESIAN_POINT('Origin',(5.,75.,6.));
#11965=CARTESIAN_POINT('',(3.334,75.,0.));
#11966=CARTESIAN_POINT('',(3.334,75.,0.));
#11967=CARTESIAN_POINT('Origin',(5.,75.,0.));
#11968=CARTESIAN_POINT('Origin',(15.,75.,0.));
#11969=CARTESIAN_POINT('',(13.334,75.,6.));
#11970=CARTESIAN_POINT('Origin',(15.,75.,6.));
#11971=CARTESIAN_POINT('',(13.334,75.,0.));
#11972=CARTESIAN_POINT('Origin',(25.,75.,0.));
#11973=CARTESIAN_POINT('',(23.334,75.,6.));
#11974=CARTESIAN_POINT('Origin',(25.,75.,6.));
#11975=CARTESIAN_POINT('',(23.334,75.,0.));
#11976=CARTESIAN_POINT('Origin',(35.,75.,0.));
#11977=CARTESIAN_POINT('',(33.334,75.,6.));
#11978=CARTESIAN_POINT('Origin',(35.,75.,6.));
#11979=CARTESIAN_POINT('',(33.334,75.,0.));
#11980=CARTESIAN_POINT('Origin',(45.,75.,0.));
#11981=CARTESIAN_POINT('',(43.334,75.,6.));
#11982=CARTESIAN_POINT('Origin',(45.,75.,6.));
#11983=CARTESIAN_POINT('',(43.334,75.,0.));
#11984=CARTESIAN_POINT('Origin',(55.,75.,0.));
#11985=CARTESIAN_POINT('',(53.334,75.,6.));
#11986=CARTESIAN_POINT('Origin',(55.,75.,6.));
#11987=CARTESIAN_POINT('',(53.334,75.,0.));
#11988=CARTESIAN_POINT('Origin',(65.,75.,0.));
#11989=CARTESIAN_POINT('',(63.334,75.,6.));
#11990=CARTESIAN_POINT('Origin',(65.,75.,6.));
#11991=CARTESIAN_POINT('',(63.334,75.,0.));
#11992=CARTESIAN_POINT('Origin',(75.,75.,0.));
#11993=CARTESIAN_POINT('',(73.334,75.,6.));
#11994=CARTESIAN_POINT('Origin',(75.,75.,6.));
#11995=CARTESIAN_POINT('',(73.334,75.,0.));
#11996=CARTESIAN_POINT('Origin',(85.,75.,0.));
#11997=CARTESIAN_POINT('',(83.334,75.,6.));
#11998=CARTESIAN_POINT('Origin',(85.,75.,6.));
#11999=CARTESIAN_POINT('',(83.334,75.,0.));
#12000=CARTESIAN_POINT('Origin',(95.,75.,0.));
#12001=CARTESIAN_POINT('',(93.334,75.,6.));
#12002=CARTESIAN_POINT('Origin',(95.,75.,6.));
#12003=CARTESIAN_POINT('',(93.334,75.,0.));
#12004=CARTESIAN_POINT('',(93.334,75.,0.));
#12005=CARTESIAN_POINT('Origin',(95.,75.,0.));
#12006=CARTESIAN_POINT('Origin',(5.,85.,0.));
#12007=CARTESIAN_POINT('',(3.334,85.,6.));
#12008=CARTESIAN_POINT('Origin',(5.,85.,6.));
#12009=CARTESIAN_POINT('',(3.334,85.,0.));
#12010=CARTESIAN_POINT('',(3.334,85.,0.));
#12011=CARTESIAN_POINT('Origin',(5.,85.,0.));
#12012=CARTESIAN_POINT('Origin',(15.,85.,0.));
#12013=CARTESIAN_POINT('',(13.334,85.,6.));
#12014=CARTESIAN_POINT('Origin',(15.,85.,6.));
#12015=CARTESIAN_POINT('',(13.334,85.,0.));
#12016=CARTESIAN_POINT('Origin',(25.,85.,0.));
#12017=CARTESIAN_POINT('',(23.334,85.,6.));
#12018=CARTESIAN_POINT('Origin',(25.,85.,6.));
#12019=CARTESIAN_POINT('',(23.334,85.,0.));
#12020=CARTESIAN_POINT('Origin',(35.,85.,0.));
#12021=CARTESIAN_POINT('',(33.334,85.,6.));
#12022=CARTESIAN_POINT('Origin',(35.,85.,6.));
#12023=CARTESIAN_POINT('',(33.334,85.,0.));
#12024=CARTESIAN_POINT('Origin',(45.,85.,0.));
#12025=CARTESIAN_POINT('',(43.334,85.,6.));
#12026=CARTESIAN_POINT('Origin',(45.,85.,6.));
#12027=CARTESIAN_POINT('',(43.334,85.,0.));
#12028=CARTESIAN_POINT('Origin',(55.,85.,0.));
#12029=CARTESIAN_POINT('',(53.334,85.,6.));
#12030=CARTESIAN_POINT('Origin',(55.,85.,6.));
#12031=CARTESIAN_POINT('',(53.334,85.,0.));
#12032=CARTESIAN_POINT('Origin',(65.,85.,0.));
#12033=CARTESIAN_POINT('',(63.334,85.,6.));
#12034=CARTESIAN_POINT('Origin',(65.,85.,6.));
#12035=CARTESIAN_POINT('',(63.334,85.,0.));
#12036=CARTESIAN_POINT('Origin',(75.,85.,0.));
#12037=CARTESIAN_POINT('',(73.334,85.,6.));
#12038=CARTESIAN_POINT('Origin',(75.,85.,6.));
#12039=CARTESIAN_POINT('',(73.334,85.,0.));
#12040=CARTESIAN_POINT('Origin',(85.,85.,0.));
#12041=CARTESIAN_POINT('',(83.334,85.,6.));
#12042=CARTESIAN_POINT('Origin',(85.,85.,6.));
#12043=CARTESIAN_POINT('',(83.334,85.,0.));
#12044=CARTESIAN_POINT('Origin',(95.,85.,0.));
#12045=CARTESIAN_POINT('',(93.334,85.,6.));
#12046=CARTESIAN_POINT('Origin',(95.,85.,6.));
#12047=CARTESIAN_POINT('',(93.334,85.,0.));
#12048=CARTESIAN_POINT('',(93.334,85.,0.));
#12049=CARTESIAN_POINT('Origin',(95.,85.,0.));
#12050=CARTESIAN_POINT('Origin',(5.,95.,0.));
#12051=CARTESIAN_POINT('',(3.334,95.,6.));
#12052=CARTESIAN_POINT('Origin',(5.,95.,6.));
#12053=CARTESIAN_POINT('',(3.334,95.,0.));
#12054=CARTESIAN_POINT('',(3.334,95.,0.));
#12055=CARTESIAN_POINT('Origin',(5.,95.,0.));
#12056=CARTESIAN_POINT('Origin',(15.,95.,0.));
#12057=CARTESIAN_POINT('',(13.334,95.,6.));
#12058=CARTESIAN_POINT('Origin',(15.,95.,6.));
#12059=CARTESIAN_POINT('',(13.334,95.,0.));
#12060=CARTESIAN_POINT('',(13.334,95.,0.));
#12061=CARTESIAN_POINT('Origin',(15.,95.,0.));
#12062=CARTESIAN_POINT('Origin',(25.,95.,0.));
#12063=CARTESIAN_POINT('',(23.334,95.,6.));
#12064=CARTESIAN_POINT('Origin',(25.,95.,6.));
#12065=CARTESIAN_POINT('',(23.334,95.,0.));
#12066=CARTESIAN_POINT('',(23.334,95.,0.));
#12067=CARTESIAN_POINT('Origin',(25.,95.,0.));
#12068=CARTESIAN_POINT('Origin',(35.,95.,0.));
#12069=CARTESIAN_POINT('',(33.334,95.,6.));
#12070=CARTESIAN_POINT('Origin',(35.,95.,6.));
#12071=CARTESIAN_POINT('',(33.334,95.,0.));
#12072=CARTESIAN_POINT('',(33.334,95.,0.));
#12073=CARTESIAN_POINT('Origin',(35.,95.,0.));
#12074=CARTESIAN_POINT('Origin',(45.,95.,0.));
#12075=CARTESIAN_POINT('',(43.334,95.,6.));
#12076=CARTESIAN_POINT('Origin',(45.,95.,6.));
#12077=CARTESIAN_POINT('',(43.334,95.,0.));
#12078=CARTESIAN_POINT('',(43.334,95.,0.));
#12079=CARTESIAN_POINT('Origin',(45.,95.,0.));
#12080=CARTESIAN_POINT('Origin',(55.,95.,0.));
#12081=CARTESIAN_POINT('',(53.334,95.,6.));
#12082=CARTESIAN_POINT('Origin',(55.,95.,6.));
#12083=CARTESIAN_POINT('',(53.334,95.,0.));
#12084=CARTESIAN_POINT('',(53.334,95.,0.));
#12085=CARTESIAN_POINT('Origin',(55.,95.,0.));
#12086=CARTESIAN_POINT('Origin',(65.,95.,0.));
#12087=CARTESIAN_POINT('',(63.334,95.,6.));
#12088=CARTESIAN_POINT('Origin',(65.,95.,6.));
#12089=CARTESIAN_POINT('',(63.334,95.,0.));
#12090=CARTESIAN_POINT('',(63.334,95.,0.));
#12091=CARTESIAN_POINT('Origin',(65.,95.,0.));
#12092=CARTESIAN_POINT('Origin',(75.,95.,0.));
#12093=CARTESIAN_POINT('',(73.334,95.,6.));
#12094=CARTESIAN_POINT('Origin',(75.,95.,6.));
#12095=CARTESIAN_POINT('',(73.334,95.,0.));
#12096=CARTESIAN_POINT('',(73.334,95.,0.));
#12097=CARTESIAN_POINT('Origin',(75.,95.,0.));
#12098=CARTESIAN_POINT('Origin',(85.,95.,0.));
#12099=CARTESIAN_POINT('',(83.334,95.,6.));
#12100=CARTESIAN_POINT('Origin',(85.,95.,6.));
#12101=CARTESIAN_POINT('',(83.334,95.,0.));
#12102=CARTESIAN_POINT('',(83.334,95.,0.));
#12103=CARTESIAN_POINT('Origin',(85.,95.,0.));
#12104=CARTESIAN_POINT('Origin',(95.,95.,0.));
#12105=CARTESIAN_POINT('',(93.334,95.,6.));
#12106=CARTESIAN_POINT('Origin',(95.,95.,6.));
#12107=CARTESIAN_POINT('',(93.334,95.,0.));
#12108=CARTESIAN_POINT('',(93.334,95.,0.));
#12109=CARTESIAN_POINT('Origin',(95.,95.,0.));
#12110=CARTESIAN_POINT('Origin',(90.,1.49011618599815E-7,0.));
#12111=CARTESIAN_POINT('',(92.,1.22464751432966E-16,0.));
#12112=CARTESIAN_POINT('',(88.,1.22464751432966E-16,0.));
#12113=CARTESIAN_POINT('Origin',(90.,1.49011618599815E-7,0.));
#12114=CARTESIAN_POINT('',(92.,0.,6.));
#12115=CARTESIAN_POINT('',(92.,1.22464751432966E-16,0.));
#12116=CARTESIAN_POINT('',(88.,0.,6.));
#12117=CARTESIAN_POINT('Origin',(90.,1.49011618599815E-7,6.));
#12118=CARTESIAN_POINT('',(88.,1.22464751432966E-16,0.));
#12119=CARTESIAN_POINT('Origin',(82.,0.,0.));
#12120=CARTESIAN_POINT('',(82.,1.22464767976578E-16,0.));
#12121=CARTESIAN_POINT('',(0.,0.,0.));
#12122=CARTESIAN_POINT('',(82.,0.,6.));
#12123=CARTESIAN_POINT('',(0.,0.,6.));
#12124=CARTESIAN_POINT('',(82.,1.22464767976578E-16,0.));
#12125=CARTESIAN_POINT('Origin',(80.,1.49011609718031E-7,0.));
#12126=CARTESIAN_POINT('',(78.,1.22464767976578E-16,0.));
#12127=CARTESIAN_POINT('Origin',(80.,1.49011609718031E-7,0.));
#12128=CARTESIAN_POINT('',(78.,0.,6.));
#12129=CARTESIAN_POINT('Origin',(80.,1.49011609718031E-7,6.));
#12130=CARTESIAN_POINT('',(78.,1.22464767976578E-16,0.));
#12131=CARTESIAN_POINT('Origin',(72.,0.,0.));
#12132=CARTESIAN_POINT('',(72.,1.22464767976578E-16,0.));
#12133=CARTESIAN_POINT('',(0.,0.,0.));
#12134=CARTESIAN_POINT('',(72.,0.,6.));
#12135=CARTESIAN_POINT('',(0.,0.,6.));
#12136=CARTESIAN_POINT('',(72.,1.22464767976578E-16,0.));
#12137=CARTESIAN_POINT('Origin',(70.,1.49011609718031E-7,0.));
#12138=CARTESIAN_POINT('',(68.,1.22464767976578E-16,0.));
#12139=CARTESIAN_POINT('Origin',(70.,1.49011609718031E-7,0.));
#12140=CARTESIAN_POINT('',(68.,0.,6.));
#12141=CARTESIAN_POINT('Origin',(70.,1.49011609718031E-7,6.));
#12142=CARTESIAN_POINT('',(68.,1.22464767976578E-16,0.));
#12143=CARTESIAN_POINT('Origin',(62.,0.,0.));
#12144=CARTESIAN_POINT('',(62.,1.22464767976578E-16,0.));
#12145=CARTESIAN_POINT('',(0.,0.,0.));
#12146=CARTESIAN_POINT('',(62.,0.,6.));
#12147=CARTESIAN_POINT('',(0.,0.,6.));
#12148=CARTESIAN_POINT('',(62.,1.22464767976578E-16,0.));
#12149=CARTESIAN_POINT('Origin',(60.,1.49011609718031E-7,0.));
#12150=CARTESIAN_POINT('',(58.,1.22464767976578E-16,0.));
#12151=CARTESIAN_POINT('Origin',(60.,1.49011609718031E-7,0.));
#12152=CARTESIAN_POINT('',(58.,0.,6.));
#12153=CARTESIAN_POINT('Origin',(60.,1.49011609718031E-7,6.));
#12154=CARTESIAN_POINT('',(58.,1.22464767976578E-16,0.));
#12155=CARTESIAN_POINT('Origin',(52.,0.,0.));
#12156=CARTESIAN_POINT('',(52.,1.22464767976578E-16,0.));
#12157=CARTESIAN_POINT('',(0.,0.,0.));
#12158=CARTESIAN_POINT('',(52.,0.,6.));
#12159=CARTESIAN_POINT('',(0.,0.,6.));
#12160=CARTESIAN_POINT('',(52.,1.22464767976578E-16,0.));
#12161=CARTESIAN_POINT('Origin',(50.,1.49011609718031E-7,0.));
#12162=CARTESIAN_POINT('',(48.,1.22464767976578E-16,0.));
#12163=CARTESIAN_POINT('Origin',(50.,1.49011609718031E-7,0.));
#12164=CARTESIAN_POINT('',(48.,0.,6.));
#12165=CARTESIAN_POINT('Origin',(50.,1.49011609718031E-7,6.));
#12166=CARTESIAN_POINT('',(48.,1.22464767976578E-16,0.));
#12167=CARTESIAN_POINT('Origin',(42.,0.,0.));
#12168=CARTESIAN_POINT('',(42.,1.22464767976578E-16,0.));
#12169=CARTESIAN_POINT('',(0.,0.,0.));
#12170=CARTESIAN_POINT('',(42.,0.,6.));
#12171=CARTESIAN_POINT('',(0.,0.,6.));
#12172=CARTESIAN_POINT('',(42.,1.22464767976578E-16,0.));
#12173=CARTESIAN_POINT('Origin',(40.,1.49011600836246E-7,0.));
#12174=CARTESIAN_POINT('',(38.,1.22464767976578E-16,0.));
#12175=CARTESIAN_POINT('Origin',(40.,1.49011600836246E-7,0.));
#12176=CARTESIAN_POINT('',(38.,0.,6.));
#12177=CARTESIAN_POINT('Origin',(40.,1.49011600836246E-7,6.));
#12178=CARTESIAN_POINT('',(38.,1.22464767976578E-16,0.));
#12179=CARTESIAN_POINT('Origin',(32.,0.,0.));
#12180=CARTESIAN_POINT('',(32.,1.22464767976578E-16,0.));
#12181=CARTESIAN_POINT('',(0.,0.,0.));
#12182=CARTESIAN_POINT('',(32.,0.,6.));
#12183=CARTESIAN_POINT('',(0.,0.,6.));
#12184=CARTESIAN_POINT('',(32.,1.22464767976578E-16,0.));
#12185=CARTESIAN_POINT('Origin',(30.,1.49011600836246E-7,0.));
#12186=CARTESIAN_POINT('',(28.,1.22464767976578E-16,0.));
#12187=CARTESIAN_POINT('Origin',(30.,1.49011600836246E-7,0.));
#12188=CARTESIAN_POINT('',(28.,0.,6.));
#12189=CARTESIAN_POINT('Origin',(30.,1.49011600836246E-7,6.));
#12190=CARTESIAN_POINT('',(28.,1.22464767976578E-16,0.));
#12191=CARTESIAN_POINT('Origin',(22.,0.,0.));
#12192=CARTESIAN_POINT('',(22.,1.22464767976578E-16,0.));
#12193=CARTESIAN_POINT('',(0.,0.,0.));
#12194=CARTESIAN_POINT('',(22.,0.,6.));
#12195=CARTESIAN_POINT('',(0.,0.,6.));
#12196=CARTESIAN_POINT('',(22.,1.22464767976578E-16,0.));
#12197=CARTESIAN_POINT('Origin',(20.,1.49011600836246E-7,0.));
#12198=CARTESIAN_POINT('',(18.,1.22464767976578E-16,0.));
#12199=CARTESIAN_POINT('Origin',(20.,1.49011600836246E-7,0.));
#12200=CARTESIAN_POINT('',(18.,0.,6.));
#12201=CARTESIAN_POINT('Origin',(20.,1.49011600836246E-7,6.));
#12202=CARTESIAN_POINT('',(18.,1.22464767976578E-16,0.));
#12203=CARTESIAN_POINT('Origin',(12.,0.,0.));
#12204=CARTESIAN_POINT('',(12.,1.22464767976578E-16,0.));
#12205=CARTESIAN_POINT('',(0.,0.,0.));
#12206=CARTESIAN_POINT('',(12.,0.,6.));
#12207=CARTESIAN_POINT('',(0.,0.,6.));
#12208=CARTESIAN_POINT('',(12.,1.22464767976578E-16,0.));
#12209=CARTESIAN_POINT('Origin',(10.,1.49011600836246E-7,0.));
#12210=CARTESIAN_POINT('',(8.00000000000003,1.22464767976578E-16,0.));
#12211=CARTESIAN_POINT('Origin',(10.,1.49011600836246E-7,0.));
#12212=CARTESIAN_POINT('',(8.00000000000002,0.,6.));
#12213=CARTESIAN_POINT('Origin',(10.,1.49011600836246E-7,6.));
#12214=CARTESIAN_POINT('',(8.00000000000003,1.22464767976578E-16,0.));
#12215=CARTESIAN_POINT('Origin',(0.,0.,0.));
#12216=CARTESIAN_POINT('',(0.,0.,0.));
#12217=CARTESIAN_POINT('',(0.,0.,0.));
#12218=CARTESIAN_POINT('',(0.,0.,6.));
#12219=CARTESIAN_POINT('',(0.,0.,6.));
#12220=CARTESIAN_POINT('',(0.,0.,0.));
#12221=CARTESIAN_POINT('Origin',(0.,8.00000014901162,0.));
#12222=CARTESIAN_POINT('',(1.22464679914735E-16,8.00000014901161,0.));
#12223=CARTESIAN_POINT('',(0.,100.,0.));
#12224=CARTESIAN_POINT('',(0.,8.00000014901162,6.));
#12225=CARTESIAN_POINT('',(0.,100.,6.));
#12226=CARTESIAN_POINT('',(1.22464679914735E-16,8.00000014901161,0.));
#12227=CARTESIAN_POINT('Origin',(0.,10.0000001490116,0.));
#12228=CARTESIAN_POINT('',(1.22464679914735E-16,12.0000001490116,0.));
#12229=CARTESIAN_POINT('Origin',(0.,10.0000001490116,0.));
#12230=CARTESIAN_POINT('',(0.,12.0000001490116,6.));
#12231=CARTESIAN_POINT('Origin',(0.,10.0000001490116,6.));
#12232=CARTESIAN_POINT('',(1.22464679914735E-16,12.0000001490116,0.));
#12233=CARTESIAN_POINT('Origin',(0.,18.0000001490116,0.));
#12234=CARTESIAN_POINT('',(1.22464679914735E-16,18.0000001490116,0.));
#12235=CARTESIAN_POINT('',(0.,100.,0.));
#12236=CARTESIAN_POINT('',(0.,18.0000001490116,6.));
#12237=CARTESIAN_POINT('',(0.,100.,6.));
#12238=CARTESIAN_POINT('',(1.22464679914735E-16,18.0000001490116,0.));
#12239=CARTESIAN_POINT('Origin',(0.,20.0000001490116,0.));
#12240=CARTESIAN_POINT('',(1.22464679914735E-16,22.0000001490116,0.));
#12241=CARTESIAN_POINT('Origin',(0.,20.0000001490116,0.));
#12242=CARTESIAN_POINT('',(0.,22.0000001490116,6.));
#12243=CARTESIAN_POINT('Origin',(0.,20.0000001490116,6.));
#12244=CARTESIAN_POINT('',(1.22464679914735E-16,22.0000001490116,0.));
#12245=CARTESIAN_POINT('Origin',(0.,28.0000001490116,0.));
#12246=CARTESIAN_POINT('',(1.22464679914735E-16,28.0000001490116,0.));
#12247=CARTESIAN_POINT('',(0.,100.,0.));
#12248=CARTESIAN_POINT('',(0.,28.0000001490116,6.));
#12249=CARTESIAN_POINT('',(0.,100.,6.));
#12250=CARTESIAN_POINT('',(1.22464679914735E-16,28.0000001490116,0.));
#12251=CARTESIAN_POINT('Origin',(0.,30.0000001490116,0.));
#12252=CARTESIAN_POINT('',(1.22464679914735E-16,32.0000001490116,0.));
#12253=CARTESIAN_POINT('Origin',(0.,30.0000001490116,0.));
#12254=CARTESIAN_POINT('',(0.,32.0000001490116,6.));
#12255=CARTESIAN_POINT('Origin',(0.,30.0000001490116,6.));
#12256=CARTESIAN_POINT('',(1.22464679914735E-16,32.0000001490116,0.));
#12257=CARTESIAN_POINT('Origin',(0.,38.0000001490116,0.));
#12258=CARTESIAN_POINT('',(1.22464679914735E-16,38.0000001490116,0.));
#12259=CARTESIAN_POINT('',(0.,100.,0.));
#12260=CARTESIAN_POINT('',(0.,38.0000001490116,6.));
#12261=CARTESIAN_POINT('',(0.,100.,6.));
#12262=CARTESIAN_POINT('',(1.22464679914735E-16,38.0000001490116,0.));
#12263=CARTESIAN_POINT('Origin',(0.,40.0000001490116,0.));
#12264=CARTESIAN_POINT('',(1.22464679914735E-16,42.0000001490116,0.));
#12265=CARTESIAN_POINT('Origin',(0.,40.0000001490116,0.));
#12266=CARTESIAN_POINT('',(0.,42.0000001490116,6.));
#12267=CARTESIAN_POINT('Origin',(0.,40.0000001490116,6.));
#12268=CARTESIAN_POINT('',(1.22464679914735E-16,42.0000001490116,0.));
#12269=CARTESIAN_POINT('Origin',(0.,48.0000001490116,0.));
#12270=CARTESIAN_POINT('',(1.22464679914735E-16,48.0000001490116,0.));
#12271=CARTESIAN_POINT('',(0.,100.,0.));
#12272=CARTESIAN_POINT('',(0.,48.0000001490116,6.));
#12273=CARTESIAN_POINT('',(0.,100.,6.));
#12274=CARTESIAN_POINT('',(1.22464679914735E-16,48.0000001490116,0.));
#12275=CARTESIAN_POINT('Origin',(0.,50.0000001490116,0.));
#12276=CARTESIAN_POINT('',(1.22464679914735E-16,52.0000001490116,0.));
#12277=CARTESIAN_POINT('Origin',(0.,50.0000001490116,0.));
#12278=CARTESIAN_POINT('',(0.,52.0000001490116,6.));
#12279=CARTESIAN_POINT('Origin',(0.,50.0000001490116,6.));
#12280=CARTESIAN_POINT('',(1.22464679914735E-16,52.0000001490116,0.));
#12281=CARTESIAN_POINT('Origin',(0.,58.0000001490116,0.));
#12282=CARTESIAN_POINT('',(1.22464679914735E-16,58.0000001490116,0.));
#12283=CARTESIAN_POINT('',(0.,100.,0.));
#12284=CARTESIAN_POINT('',(0.,58.0000001490116,6.));
#12285=CARTESIAN_POINT('',(0.,100.,6.));
#12286=CARTESIAN_POINT('',(1.22464679914735E-16,58.0000001490116,0.));
#12287=CARTESIAN_POINT('Origin',(0.,60.0000001490116,0.));
#12288=CARTESIAN_POINT('',(1.22464679914735E-16,62.0000001490116,0.));
#12289=CARTESIAN_POINT('Origin',(0.,60.0000001490116,0.));
#12290=CARTESIAN_POINT('',(0.,62.0000001490116,6.));
#12291=CARTESIAN_POINT('Origin',(0.,60.0000001490116,6.));
#12292=CARTESIAN_POINT('',(1.22464679914735E-16,62.0000001490116,0.));
#12293=CARTESIAN_POINT('Origin',(0.,68.0000001490116,0.));
#12294=CARTESIAN_POINT('',(1.22464679914735E-16,68.0000001490116,0.));
#12295=CARTESIAN_POINT('',(0.,100.,0.));
#12296=CARTESIAN_POINT('',(0.,68.0000001490116,6.));
#12297=CARTESIAN_POINT('',(0.,100.,6.));
#12298=CARTESIAN_POINT('',(1.22464679914735E-16,68.0000001490116,0.));
#12299=CARTESIAN_POINT('Origin',(0.,70.0000001490116,0.));
#12300=CARTESIAN_POINT('',(1.22464679914735E-16,72.0000001490116,0.));
#12301=CARTESIAN_POINT('Origin',(0.,70.0000001490116,0.));
#12302=CARTESIAN_POINT('',(0.,72.0000001490116,6.));
#12303=CARTESIAN_POINT('Origin',(0.,70.0000001490116,6.));
#12304=CARTESIAN_POINT('',(1.22464679914735E-16,72.0000001490116,0.));
#12305=CARTESIAN_POINT('Origin',(0.,78.0000001490116,0.));
#12306=CARTESIAN_POINT('',(1.22464679914735E-16,78.0000001490116,0.));
#12307=CARTESIAN_POINT('',(0.,100.,0.));
#12308=CARTESIAN_POINT('',(0.,78.0000001490116,6.));
#12309=CARTESIAN_POINT('',(0.,100.,6.));
#12310=CARTESIAN_POINT('',(1.22464679914735E-16,78.0000001490116,0.));
#12311=CARTESIAN_POINT('Origin',(0.,80.0000001490116,0.));
#12312=CARTESIAN_POINT('',(1.22464679914735E-16,82.0000001490116,0.));
#12313=CARTESIAN_POINT('Origin',(0.,80.0000001490116,0.));
#12314=CARTESIAN_POINT('',(0.,82.0000001490116,6.));
#12315=CARTESIAN_POINT('Origin',(0.,80.0000001490116,6.));
#12316=CARTESIAN_POINT('',(1.22464679914735E-16,82.0000001490116,0.));
#12317=CARTESIAN_POINT('Origin',(0.,88.0000001490116,0.));
#12318=CARTESIAN_POINT('',(1.22464679914735E-16,88.0000001490116,0.));
#12319=CARTESIAN_POINT('',(0.,100.,0.));
#12320=CARTESIAN_POINT('',(0.,88.0000001490116,6.));
#12321=CARTESIAN_POINT('',(0.,100.,6.));
#12322=CARTESIAN_POINT('',(1.22464679914735E-16,88.0000001490116,0.));
#12323=CARTESIAN_POINT('Origin',(0.,90.0000001490116,0.));
#12324=CARTESIAN_POINT('',(1.22464679914735E-16,92.0000001490116,0.));
#12325=CARTESIAN_POINT('Origin',(0.,90.0000001490116,0.));
#12326=CARTESIAN_POINT('',(0.,92.0000001490116,6.));
#12327=CARTESIAN_POINT('Origin',(0.,90.0000001490116,6.));
#12328=CARTESIAN_POINT('',(1.22464679914735E-16,92.0000001490116,0.));
#12329=CARTESIAN_POINT('Origin',(0.,100.,0.));
#12330=CARTESIAN_POINT('',(0.,100.,0.));
#12331=CARTESIAN_POINT('',(0.,100.,0.));
#12332=CARTESIAN_POINT('',(0.,100.,6.));
#12333=CARTESIAN_POINT('',(0.,100.,6.));
#12334=CARTESIAN_POINT('',(0.,100.,0.));
#12335=CARTESIAN_POINT('Origin',(8.00000000000001,100.,0.));
#12336=CARTESIAN_POINT('',(8.10000000000001,100.,0.));
#12337=CARTESIAN_POINT('',(100.,100.,0.));
#12338=CARTESIAN_POINT('',(8.10000000000001,100.,6.));
#12339=CARTESIAN_POINT('',(100.,100.,6.));
#12340=CARTESIAN_POINT('',(8.10000000000001,100.,0.));
#12341=CARTESIAN_POINT('Origin',(10.,100.000000149012,0.));
#12342=CARTESIAN_POINT('',(11.9,100.,0.));
#12343=CARTESIAN_POINT('Origin',(10.,100.000000149012,0.));
#12344=CARTESIAN_POINT('',(11.9,100.,6.));
#12345=CARTESIAN_POINT('Origin',(10.,100.000000149012,6.));
#12346=CARTESIAN_POINT('',(11.9,100.,0.));
#12347=CARTESIAN_POINT('Origin',(18.,100.,0.));
#12348=CARTESIAN_POINT('',(18.1,100.,0.));
#12349=CARTESIAN_POINT('',(100.,100.,0.));
#12350=CARTESIAN_POINT('',(18.1,100.,6.));
#12351=CARTESIAN_POINT('',(100.,100.,6.));
#12352=CARTESIAN_POINT('',(18.1,100.,0.));
#12353=CARTESIAN_POINT('Origin',(20.,100.000000149012,0.));
#12354=CARTESIAN_POINT('',(21.9,100.,0.));
#12355=CARTESIAN_POINT('Origin',(20.,100.000000149012,0.));
#12356=CARTESIAN_POINT('',(21.9,100.,6.));
#12357=CARTESIAN_POINT('Origin',(20.,100.000000149012,6.));
#12358=CARTESIAN_POINT('',(21.9,100.,0.));
#12359=CARTESIAN_POINT('Origin',(28.,100.,0.));
#12360=CARTESIAN_POINT('',(28.1,100.,0.));
#12361=CARTESIAN_POINT('',(100.,100.,0.));
#12362=CARTESIAN_POINT('',(28.1,100.,6.));
#12363=CARTESIAN_POINT('',(100.,100.,6.));
#12364=CARTESIAN_POINT('',(28.1,100.,0.));
#12365=CARTESIAN_POINT('Origin',(30.,100.000000149012,0.));
#12366=CARTESIAN_POINT('',(31.9,100.,0.));
#12367=CARTESIAN_POINT('Origin',(30.,100.000000149012,0.));
#12368=CARTESIAN_POINT('',(31.9,100.,6.));
#12369=CARTESIAN_POINT('Origin',(30.,100.000000149012,6.));
#12370=CARTESIAN_POINT('',(31.9,100.,0.));
#12371=CARTESIAN_POINT('Origin',(38.,100.,0.));
#12372=CARTESIAN_POINT('',(38.1,100.,0.));
#12373=CARTESIAN_POINT('',(100.,100.,0.));
#12374=CARTESIAN_POINT('',(38.1,100.,6.));
#12375=CARTESIAN_POINT('',(100.,100.,6.));
#12376=CARTESIAN_POINT('',(38.1,100.,0.));
#12377=CARTESIAN_POINT('Origin',(40.,100.000000149012,0.));
#12378=CARTESIAN_POINT('',(41.9,100.,0.));
#12379=CARTESIAN_POINT('Origin',(40.,100.000000149012,0.));
#12380=CARTESIAN_POINT('',(41.9,100.,6.));
#12381=CARTESIAN_POINT('Origin',(40.,100.000000149012,6.));
#12382=CARTESIAN_POINT('',(41.9,100.,0.));
#12383=CARTESIAN_POINT('Origin',(48.,100.,0.));
#12384=CARTESIAN_POINT('',(48.1,100.,0.));
#12385=CARTESIAN_POINT('',(100.,100.,0.));
#12386=CARTESIAN_POINT('',(48.1,100.,6.));
#12387=CARTESIAN_POINT('',(100.,100.,6.));
#12388=CARTESIAN_POINT('',(48.1,100.,0.));
#12389=CARTESIAN_POINT('Origin',(50.,100.000000149012,0.));
#12390=CARTESIAN_POINT('',(51.9,100.,0.));
#12391=CARTESIAN_POINT('Origin',(50.,100.000000149012,0.));
#12392=CARTESIAN_POINT('',(51.9,100.,6.));
#12393=CARTESIAN_POINT('Origin',(50.,100.000000149012,6.));
#12394=CARTESIAN_POINT('',(51.9,100.,0.));
#12395=CARTESIAN_POINT('Origin',(58.,100.,0.));
#12396=CARTESIAN_POINT('',(58.1,100.,0.));
#12397=CARTESIAN_POINT('',(100.,100.,0.));
#12398=CARTESIAN_POINT('',(58.1,100.,6.));
#12399=CARTESIAN_POINT('',(100.,100.,6.));
#12400=CARTESIAN_POINT('',(58.1,100.,0.));
#12401=CARTESIAN_POINT('Origin',(60.,100.000000149012,0.));
#12402=CARTESIAN_POINT('',(61.9,100.,0.));
#12403=CARTESIAN_POINT('Origin',(60.,100.000000149012,0.));
#12404=CARTESIAN_POINT('',(61.9,100.,6.));
#12405=CARTESIAN_POINT('Origin',(60.,100.000000149012,6.));
#12406=CARTESIAN_POINT('',(61.9,100.,0.));
#12407=CARTESIAN_POINT('Origin',(68.,100.,0.));
#12408=CARTESIAN_POINT('',(68.1,100.,0.));
#12409=CARTESIAN_POINT('',(100.,100.,0.));
#12410=CARTESIAN_POINT('',(68.1,100.,6.));
#12411=CARTESIAN_POINT('',(100.,100.,6.));
#12412=CARTESIAN_POINT('',(68.1,100.,0.));
#12413=CARTESIAN_POINT('Origin',(70.,100.000000149012,0.));
#12414=CARTESIAN_POINT('',(71.9,100.,0.));
#12415=CARTESIAN_POINT('Origin',(70.,100.000000149012,0.));
#12416=CARTESIAN_POINT('',(71.9,100.,6.));
#12417=CARTESIAN_POINT('Origin',(70.,100.000000149012,6.));
#12418=CARTESIAN_POINT('',(71.9,100.,0.));
#12419=CARTESIAN_POINT('Origin',(78.,100.,0.));
#12420=CARTESIAN_POINT('',(78.1,100.,0.));
#12421=CARTESIAN_POINT('',(100.,100.,0.));
#12422=CARTESIAN_POINT('',(78.1,100.,6.));
#12423=CARTESIAN_POINT('',(100.,100.,6.));
#12424=CARTESIAN_POINT('',(78.1,100.,0.));
#12425=CARTESIAN_POINT('Origin',(80.,100.000000149012,0.));
#12426=CARTESIAN_POINT('',(81.9,100.,0.));
#12427=CARTESIAN_POINT('Origin',(80.,100.000000149012,0.));
#12428=CARTESIAN_POINT('',(81.9,100.,6.));
#12429=CARTESIAN_POINT('Origin',(80.,100.000000149012,6.));
#12430=CARTESIAN_POINT('',(81.9,100.,0.));
#12431=CARTESIAN_POINT('Origin',(88.,100.,0.));
#12432=CARTESIAN_POINT('',(88.1,100.,0.));
#12433=CARTESIAN_POINT('',(100.,100.,0.));
#12434=CARTESIAN_POINT('',(88.1,100.,6.));
#12435=CARTESIAN_POINT('',(100.,100.,6.));
#12436=CARTESIAN_POINT('',(88.1,100.,0.));
#12437=CARTESIAN_POINT('Origin',(90.,100.000000149012,0.));
#12438=CARTESIAN_POINT('',(91.9,100.,0.));
#12439=CARTESIAN_POINT('Origin',(90.,100.000000149012,0.));
#12440=CARTESIAN_POINT('',(91.9,100.,6.));
#12441=CARTESIAN_POINT('Origin',(90.,100.000000149012,6.));
#12442=CARTESIAN_POINT('',(91.9,100.,0.));
#12443=CARTESIAN_POINT('Origin',(100.,100.,0.));
#12444=CARTESIAN_POINT('',(100.,100.,0.));
#12445=CARTESIAN_POINT('',(100.,100.,0.));
#12446=CARTESIAN_POINT('',(100.,100.,6.));
#12447=CARTESIAN_POINT('',(100.,100.,6.));
#12448=CARTESIAN_POINT('',(100.,100.,0.));
#12449=CARTESIAN_POINT('Origin',(100.,92.0000001490116,0.));
#12450=CARTESIAN_POINT('',(100.,91.9000001490116,0.));
#12451=CARTESIAN_POINT('',(100.,0.,0.));
#12452=CARTESIAN_POINT('',(100.,91.9000001490116,6.));
#12453=CARTESIAN_POINT('',(100.,0.,6.));
#12454=CARTESIAN_POINT('',(100.,91.9000001490116,0.));
#12455=CARTESIAN_POINT('Origin',(100.,90.0000001490116,0.));
#12456=CARTESIAN_POINT('',(100.,88.1000001490116,0.));
#12457=CARTESIAN_POINT('Origin',(100.,90.0000001490116,0.));
#12458=CARTESIAN_POINT('',(100.,88.1000001490116,6.));
#12459=CARTESIAN_POINT('Origin',(100.,90.0000001490116,6.));
#12460=CARTESIAN_POINT('',(100.,88.1000001490116,0.));
#12461=CARTESIAN_POINT('Origin',(100.,82.0000001490116,0.));
#12462=CARTESIAN_POINT('',(100.,81.9000001490116,0.));
#12463=CARTESIAN_POINT('',(100.,0.,0.));
#12464=CARTESIAN_POINT('',(100.,81.9000001490116,6.));
#12465=CARTESIAN_POINT('',(100.,0.,6.));
#12466=CARTESIAN_POINT('',(100.,81.9000001490116,0.));
#12467=CARTESIAN_POINT('Origin',(100.,80.0000001490116,0.));
#12468=CARTESIAN_POINT('',(100.,78.1000001490116,0.));
#12469=CARTESIAN_POINT('Origin',(100.,80.0000001490116,0.));
#12470=CARTESIAN_POINT('',(100.,78.1000001490116,6.));
#12471=CARTESIAN_POINT('Origin',(100.,80.0000001490116,6.));
#12472=CARTESIAN_POINT('',(100.,78.1000001490116,0.));
#12473=CARTESIAN_POINT('Origin',(100.,72.0000001490116,0.));
#12474=CARTESIAN_POINT('',(100.,71.9000001490116,0.));
#12475=CARTESIAN_POINT('',(100.,0.,0.));
#12476=CARTESIAN_POINT('',(100.,71.9000001490116,6.));
#12477=CARTESIAN_POINT('',(100.,0.,6.));
#12478=CARTESIAN_POINT('',(100.,71.9000001490116,0.));
#12479=CARTESIAN_POINT('Origin',(100.,70.0000001490116,0.));
#12480=CARTESIAN_POINT('',(100.,68.1000001490116,0.));
#12481=CARTESIAN_POINT('Origin',(100.,70.0000001490116,0.));
#12482=CARTESIAN_POINT('',(100.,68.1000001490116,6.));
#12483=CARTESIAN_POINT('Origin',(100.,70.0000001490116,6.));
#12484=CARTESIAN_POINT('',(100.,68.1000001490116,0.));
#12485=CARTESIAN_POINT('Origin',(100.,62.0000001490116,0.));
#12486=CARTESIAN_POINT('',(100.,61.9000001490116,0.));
#12487=CARTESIAN_POINT('',(100.,0.,0.));
#12488=CARTESIAN_POINT('',(100.,61.9000001490116,6.));
#12489=CARTESIAN_POINT('',(100.,0.,6.));
#12490=CARTESIAN_POINT('',(100.,61.9000001490116,0.));
#12491=CARTESIAN_POINT('Origin',(100.,60.0000001490116,0.));
#12492=CARTESIAN_POINT('',(100.,58.1000001490116,0.));
#12493=CARTESIAN_POINT('Origin',(100.,60.0000001490116,0.));
#12494=CARTESIAN_POINT('',(100.,58.1000001490116,6.));
#12495=CARTESIAN_POINT('Origin',(100.,60.0000001490116,6.));
#12496=CARTESIAN_POINT('',(100.,58.1000001490116,0.));
#12497=CARTESIAN_POINT('Origin',(100.,52.0000001490116,0.));
#12498=CARTESIAN_POINT('',(100.,51.9000001490116,0.));
#12499=CARTESIAN_POINT('',(100.,0.,0.));
#12500=CARTESIAN_POINT('',(100.,51.9000001490116,6.));
#12501=CARTESIAN_POINT('',(100.,0.,6.));
#12502=CARTESIAN_POINT('',(100.,51.9000001490116,0.));
#12503=CARTESIAN_POINT('Origin',(100.,50.0000001490116,0.));
#12504=CARTESIAN_POINT('',(100.,48.1000001490116,0.));
#12505=CARTESIAN_POINT('Origin',(100.,50.0000001490116,0.));
#12506=CARTESIAN_POINT('',(100.,48.1000001490116,6.));
#12507=CARTESIAN_POINT('Origin',(100.,50.0000001490116,6.));
#12508=CARTESIAN_POINT('',(100.,48.1000001490116,0.));
#12509=CARTESIAN_POINT('Origin',(100.,42.0000001490116,0.));
#12510=CARTESIAN_POINT('',(100.,41.9000001490116,0.));
#12511=CARTESIAN_POINT('',(100.,0.,0.));
#12512=CARTESIAN_POINT('',(100.,41.9000001490116,6.));
#12513=CARTESIAN_POINT('',(100.,0.,6.));
#12514=CARTESIAN_POINT('',(100.,41.9000001490116,0.));
#12515=CARTESIAN_POINT('Origin',(100.,40.0000001490116,0.));
#12516=CARTESIAN_POINT('',(100.,38.1000001490116,0.));
#12517=CARTESIAN_POINT('Origin',(100.,40.0000001490116,0.));
#12518=CARTESIAN_POINT('',(100.,38.1000001490116,6.));
#12519=CARTESIAN_POINT('Origin',(100.,40.0000001490116,6.));
#12520=CARTESIAN_POINT('',(100.,38.1000001490116,0.));
#12521=CARTESIAN_POINT('Origin',(100.,32.0000001490116,0.));
#12522=CARTESIAN_POINT('',(100.,31.9000001490116,0.));
#12523=CARTESIAN_POINT('',(100.,0.,0.));
#12524=CARTESIAN_POINT('',(100.,31.9000001490116,6.));
#12525=CARTESIAN_POINT('',(100.,0.,6.));
#12526=CARTESIAN_POINT('',(100.,31.9000001490116,0.));
#12527=CARTESIAN_POINT('Origin',(100.,30.0000001490116,0.));
#12528=CARTESIAN_POINT('',(100.,28.1000001490116,0.));
#12529=CARTESIAN_POINT('Origin',(100.,30.0000001490116,0.));
#12530=CARTESIAN_POINT('',(100.,28.1000001490116,6.));
#12531=CARTESIAN_POINT('Origin',(100.,30.0000001490116,6.));
#12532=CARTESIAN_POINT('',(100.,28.1000001490116,0.));
#12533=CARTESIAN_POINT('Origin',(100.,22.0000001490116,0.));
#12534=CARTESIAN_POINT('',(100.,21.9000001490116,0.));
#12535=CARTESIAN_POINT('',(100.,0.,0.));
#12536=CARTESIAN_POINT('',(100.,21.9000001490116,6.));
#12537=CARTESIAN_POINT('',(100.,0.,6.));
#12538=CARTESIAN_POINT('',(100.,21.9000001490116,0.));
#12539=CARTESIAN_POINT('Origin',(100.,20.0000001490116,0.));
#12540=CARTESIAN_POINT('',(100.,18.1000001490116,0.));
#12541=CARTESIAN_POINT('Origin',(100.,20.0000001490116,0.));
#12542=CARTESIAN_POINT('',(100.,18.1000001490116,6.));
#12543=CARTESIAN_POINT('Origin',(100.,20.0000001490116,6.));
#12544=CARTESIAN_POINT('',(100.,18.1000001490116,0.));
#12545=CARTESIAN_POINT('Origin',(100.,12.0000001490116,0.));
#12546=CARTESIAN_POINT('',(100.,11.9000001490116,0.));
#12547=CARTESIAN_POINT('',(100.,0.,0.));
#12548=CARTESIAN_POINT('',(100.,11.9000001490116,6.));
#12549=CARTESIAN_POINT('',(100.,0.,6.));
#12550=CARTESIAN_POINT('',(100.,11.9000001490116,0.));
#12551=CARTESIAN_POINT('Origin',(100.,10.0000001490116,0.));
#12552=CARTESIAN_POINT('',(100.,8.10000014901162,0.));
#12553=CARTESIAN_POINT('Origin',(100.,10.0000001490116,0.));
#12554=CARTESIAN_POINT('',(100.,8.10000014901162,6.));
#12555=CARTESIAN_POINT('Origin',(100.,10.0000001490116,6.));
#12556=CARTESIAN_POINT('',(100.,8.10000014901162,0.));
#12557=CARTESIAN_POINT('Origin',(100.,0.,0.));
#12558=CARTESIAN_POINT('',(100.,0.,0.));
#12559=CARTESIAN_POINT('',(100.,0.,0.));
#12560=CARTESIAN_POINT('',(100.,0.,6.));
#12561=CARTESIAN_POINT('',(100.,0.,6.));
#12562=CARTESIAN_POINT('',(100.,0.,0.));
#12563=CARTESIAN_POINT('Origin',(92.,0.,0.));
#12564=CARTESIAN_POINT('',(0.,0.,0.));
#12565=CARTESIAN_POINT('',(0.,0.,6.));
#12566=CARTESIAN_POINT('Origin',(51.,51.0000000745058,6.));
#12567=CARTESIAN_POINT('Origin',(51.,51.0000000745058,0.));
#12568=UNCERTAINTY_MEASURE_WITH_UNIT(LENGTH_MEASURE(0.01),#12572,
'DISTANCE_ACCURACY_VALUE',
'Maximum model space distance between geometric entities at asserted c
onnectivities');
#12569=UNCERTAINTY_MEASURE_WITH_UNIT(LENGTH_MEASURE(0.01),#12572,
'DISTANCE_ACCURACY_VALUE',
'Maximum model space distance between geometric entities at asserted c
onnectivities');
#12570=(
GEOMETRIC_REPRESENTATION_CONTEXT(3)
GLOBAL_UNCERTAINTY_ASSIGNED_CONTEXT((#12568))
GLOBAL_UNIT_ASSIGNED_CONTEXT((#12572,#12574,#12575))
REPRESENTATION_CONTEXT('','3D')
);
#12571=(
GEOMETRIC_REPRESENTATION_CONTEXT(3)
GLOBAL_UNCERTAINTY_ASSIGNED_CONTEXT((#12569))
GLOBAL_UNIT_ASSIGNED_CONTEXT((#12572,#12574,#12575))
REPRESENTATION_CONTEXT('','3D')
);
#12572=(
LENGTH_UNIT()
NAMED_UNIT(*)
SI_UNIT(.MILLI.,.METRE.)
);
#12573=(
LENGTH_UNIT()
NAMED_UNIT(*)
SI_UNIT($,.METRE.)
);
#12574=(
NAMED_UNIT(*)
PLANE_ANGLE_UNIT()
SI_UNIT($,.RADIAN.)
);
#12575=(
NAMED_UNIT(*)
SI_UNIT($,.STERADIAN.)
SOLID_ANGLE_UNIT()
);
#12576=SHAPE_DEFINITION_REPRESENTATION(#12577,#12578);
#12577=PRODUCT_DEFINITION_SHAPE('',$,#12580);
#12578=SHAPE_REPRESENTATION('',(#7176),#12570);
#12579=PRODUCT_DEFINITION_CONTEXT('part definition',#12584,'design');
#12580=PRODUCT_DEFINITION('MyToolGrid','MyToolGrid v1',#12581,#12579);
#12581=PRODUCT_DEFINITION_FORMATION('',$,#12586);
#12582=PRODUCT_RELATED_PRODUCT_CATEGORY('MyToolGrid v1','MyToolGrid v1',
(#12586));
#12583=APPLICATION_PROTOCOL_DEFINITION('international standard',
'automotive_design',2009,#12584);
#12584=APPLICATION_CONTEXT(
'Core Data for Automotive Mechanical Design Process');
#12585=PRODUCT_CONTEXT('part definition',#12584,'mechanical');
#12586=PRODUCT('MyToolGrid','MyToolGrid v1',$,(#12585));
#12587=PRESENTATION_STYLE_ASSIGNMENT((#12588));
#12588=SURFACE_STYLE_USAGE(.BOTH.,#12589);
#12589=SURFACE_SIDE_STYLE('',(#12590));
#12590=SURFACE_STYLE_FILL_AREA(#12591);
#12591=FILL_AREA_STYLE('Steel - Satin',(#12592));
#12592=FILL_AREA_STYLE_COLOUR('Steel - Satin',#12593);
#12593=COLOUR_RGB('Steel - Satin',0.627450980392157,0.627450980392157,0.627450980392157);
ENDSEC;
END-ISO-10303-21;
