ISO-10303-21;
HEADER;
/* Generated by software containing ST-Developer
 * from STEP Tools, Inc. (www.steptools.com) 
 */

FILE_DESCRIPTION(
/* description */ (''),
/* implementation_level */ '2;1');

FILE_NAME(
/* name */ 'tulgryd.step',
/* time_stamp */ '2026-01-13T08:43:50+02:00',
/* author */ (''),
/* organization */ (''),
/* preprocessor_version */ 'ST-DEVELOPER v20.1',
/* originating_system */ 'Autodesk Translation Framework v14.21.0.0',
/* authorisation */ '');

FILE_SCHEMA (('AUTOMOTIVE_DESIGN { 1 0 10303 214 3 1 1 }'));
ENDSEC;

DATA;
#10=MECHANICAL_DESIGN_GEOMETRIC_PRESENTATION_REPRESENTATION('',(#13),#11905);
#11=SHAPE_REPRESENTATION_RELATIONSHIP('SRR','None',#11912,#12);
#12=ADVANCED_BREP_SHAPE_REPRESENTATION('',(#14),#11904);
#13=STYLED_ITEM('',(#11921),#14);
#14=MANIFOLD_SOLID_BREP('tulgryd',#6857);
#15=CYLINDRICAL_SURFACE('',#7135,4.);
#16=CYLINDRICAL_SURFACE('',#7136,4.);
#17=CYLINDRICAL_SURFACE('',#7137,4.);
#18=CYLINDRICAL_SURFACE('',#7138,4.);
#19=CYLINDRICAL_SURFACE('',#7139,4.);
#20=CYLINDRICAL_SURFACE('',#7140,4.);
#21=CYLINDRICAL_SURFACE('',#7141,4.);
#22=CYLINDRICAL_SURFACE('',#7142,4.);
#23=CYLINDRICAL_SURFACE('',#7143,4.);
#24=CYLINDRICAL_SURFACE('',#7144,4.);
#25=CYLINDRICAL_SURFACE('',#7145,4.);
#26=CYLINDRICAL_SURFACE('',#7146,4.);
#27=CYLINDRICAL_SURFACE('',#7147,4.);
#28=CYLINDRICAL_SURFACE('',#7148,4.);
#29=CYLINDRICAL_SURFACE('',#7149,4.);
#30=CYLINDRICAL_SURFACE('',#7150,4.);
#31=CYLINDRICAL_SURFACE('',#7151,4.);
#32=CYLINDRICAL_SURFACE('',#7152,4.);
#33=CYLINDRICAL_SURFACE('',#7153,3.99999999999999);
#34=CYLINDRICAL_SURFACE('',#7154,3.99999999999999);
#35=CYLINDRICAL_SURFACE('',#7155,4.);
#36=CYLINDRICAL_SURFACE('',#7156,4.);
#37=CYLINDRICAL_SURFACE('',#7157,4.);
#38=CYLINDRICAL_SURFACE('',#7158,4.);
#39=CYLINDRICAL_SURFACE('',#7159,4.);
#40=CYLINDRICAL_SURFACE('',#7160,4.);
#41=CYLINDRICAL_SURFACE('',#7161,4.);
#42=CYLINDRICAL_SURFACE('',#7162,4.);
#43=CYLINDRICAL_SURFACE('',#7163,3.99999999999999);
#44=CYLINDRICAL_SURFACE('',#7164,3.99999999999999);
#45=CYLINDRICAL_SURFACE('',#7166,4.);
#46=CYLINDRICAL_SURFACE('',#7168,4.);
#47=CYLINDRICAL_SURFACE('',#7170,4.);
#48=CYLINDRICAL_SURFACE('',#7172,4.);
#49=CYLINDRICAL_SURFACE('',#7174,4.);
#50=CYLINDRICAL_SURFACE('',#7176,4.);
#51=CYLINDRICAL_SURFACE('',#7178,4.);
#52=CYLINDRICAL_SURFACE('',#7180,4.);
#53=CYLINDRICAL_SURFACE('',#7181,3.99999999999999);
#54=CYLINDRICAL_SURFACE('',#7182,3.99999999999999);
#55=CYLINDRICAL_SURFACE('',#7184,4.);
#56=CYLINDRICAL_SURFACE('',#7186,4.);
#57=CYLINDRICAL_SURFACE('',#7188,4.);
#58=CYLINDRICAL_SURFACE('',#7190,4.);
#59=CYLINDRICAL_SURFACE('',#7192,4.);
#60=CYLINDRICAL_SURFACE('',#7194,4.);
#61=CYLINDRICAL_SURFACE('',#7196,4.);
#62=CYLINDRICAL_SURFACE('',#7198,4.);
#63=CYLINDRICAL_SURFACE('',#7199,3.99999999999999);
#64=CYLINDRICAL_SURFACE('',#7200,3.99999999999999);
#65=CYLINDRICAL_SURFACE('',#7202,4.);
#66=CYLINDRICAL_SURFACE('',#7204,4.);
#67=CYLINDRICAL_SURFACE('',#7206,4.);
#68=CYLINDRICAL_SURFACE('',#7208,4.);
#69=CYLINDRICAL_SURFACE('',#7210,4.);
#70=CYLINDRICAL_SURFACE('',#7212,4.);
#71=CYLINDRICAL_SURFACE('',#7214,4.);
#72=CYLINDRICAL_SURFACE('',#7216,4.);
#73=CYLINDRICAL_SURFACE('',#7217,3.99999999999999);
#74=CYLINDRICAL_SURFACE('',#7218,3.99999999999999);
#75=CYLINDRICAL_SURFACE('',#7220,4.);
#76=CYLINDRICAL_SURFACE('',#7222,4.);
#77=CYLINDRICAL_SURFACE('',#7224,4.);
#78=CYLINDRICAL_SURFACE('',#7225,4.);
#79=CYLINDRICAL_SURFACE('',#7227,4.);
#80=CYLINDRICAL_SURFACE('',#7228,4.);
#81=CYLINDRICAL_SURFACE('',#7230,4.);
#82=CYLINDRICAL_SURFACE('',#7231,4.);
#83=CYLINDRICAL_SURFACE('',#7233,4.);
#84=CYLINDRICAL_SURFACE('',#7234,4.);
#85=CYLINDRICAL_SURFACE('',#7236,4.);
#86=CYLINDRICAL_SURFACE('',#7238,4.);
#87=CYLINDRICAL_SURFACE('',#7240,4.);
#88=CYLINDRICAL_SURFACE('',#7242,4.);
#89=CYLINDRICAL_SURFACE('',#7244,4.);
#90=CYLINDRICAL_SURFACE('',#7245,3.99999999999999);
#91=CYLINDRICAL_SURFACE('',#7247,3.99999999999999);
#92=CYLINDRICAL_SURFACE('',#7248,4.);
#93=CYLINDRICAL_SURFACE('',#7250,3.99999999999999);
#94=CYLINDRICAL_SURFACE('',#7251,4.);
#95=CYLINDRICAL_SURFACE('',#7252,3.99999999999999);
#96=CYLINDRICAL_SURFACE('',#7254,3.99999999999999);
#97=CYLINDRICAL_SURFACE('',#7256,3.99999999999999);
#98=CYLINDRICAL_SURFACE('',#7257,4.);
#99=CYLINDRICAL_SURFACE('',#7259,4.);
#100=CYLINDRICAL_SURFACE('',#7261,4.);
#101=CYLINDRICAL_SURFACE('',#7263,4.);
#102=CYLINDRICAL_SURFACE('',#7265,4.);
#103=CYLINDRICAL_SURFACE('',#7267,3.99999999999999);
#104=CYLINDRICAL_SURFACE('',#7268,3.99999999999999);
#105=CYLINDRICAL_SURFACE('',#7269,4.);
#106=CYLINDRICAL_SURFACE('',#7271,4.);
#107=CYLINDRICAL_SURFACE('',#7273,4.);
#108=CYLINDRICAL_SURFACE('',#7275,4.);
#109=CYLINDRICAL_SURFACE('',#7277,4.);
#110=CYLINDRICAL_SURFACE('',#7279,4.);
#111=CYLINDRICAL_SURFACE('',#7281,3.99999999999999);
#112=CYLINDRICAL_SURFACE('',#7283,4.);
#113=CYLINDRICAL_SURFACE('',#7285,4.);
#114=CYLINDRICAL_SURFACE('',#7287,4.);
#115=CYLINDRICAL_SURFACE('',#7289,4.);
#116=CYLINDRICAL_SURFACE('',#7291,4.);
#117=CYLINDRICAL_SURFACE('',#7293,3.99999999999999);
#118=CYLINDRICAL_SURFACE('',#7294,4.);
#119=CYLINDRICAL_SURFACE('',#7295,4.);
#120=CYLINDRICAL_SURFACE('',#7297,4.);
#121=CYLINDRICAL_SURFACE('',#7298,4.);
#122=CYLINDRICAL_SURFACE('',#7300,4.);
#123=CYLINDRICAL_SURFACE('',#7301,4.);
#124=CYLINDRICAL_SURFACE('',#7303,4.);
#125=CYLINDRICAL_SURFACE('',#7304,4.);
#126=CYLINDRICAL_SURFACE('',#7306,4.);
#127=CYLINDRICAL_SURFACE('',#7307,4.);
#128=CYLINDRICAL_SURFACE('',#7309,4.);
#129=CYLINDRICAL_SURFACE('',#7310,4.);
#130=CYLINDRICAL_SURFACE('',#7311,4.);
#131=CYLINDRICAL_SURFACE('',#7313,4.);
#132=CYLINDRICAL_SURFACE('',#7315,4.);
#133=CYLINDRICAL_SURFACE('',#7445,2.);
#134=CYLINDRICAL_SURFACE('',#7447,2.);
#135=CYLINDRICAL_SURFACE('',#7449,2.);
#136=CYLINDRICAL_SURFACE('',#7451,2.);
#137=CYLINDRICAL_SURFACE('',#7453,2.);
#138=CYLINDRICAL_SURFACE('',#7455,2.);
#139=CYLINDRICAL_SURFACE('',#7457,2.);
#140=CYLINDRICAL_SURFACE('',#7459,2.);
#141=CYLINDRICAL_SURFACE('',#7461,2.);
#142=CYLINDRICAL_SURFACE('',#7463,2.);
#143=CYLINDRICAL_SURFACE('',#7465,2.);
#144=CYLINDRICAL_SURFACE('',#7467,2.);
#145=CYLINDRICAL_SURFACE('',#7469,2.);
#146=CYLINDRICAL_SURFACE('',#7471,2.);
#147=CYLINDRICAL_SURFACE('',#7473,2.);
#148=CYLINDRICAL_SURFACE('',#7475,1.99999999999999);
#149=CYLINDRICAL_SURFACE('',#7477,2.);
#150=CYLINDRICAL_SURFACE('',#7479,2.);
#151=CYLINDRICAL_SURFACE('',#7481,2.);
#152=CYLINDRICAL_SURFACE('',#7483,2.);
#153=CYLINDRICAL_SURFACE('',#7485,2.);
#154=CYLINDRICAL_SURFACE('',#7487,1.99999999999999);
#155=CYLINDRICAL_SURFACE('',#7489,2.);
#156=CYLINDRICAL_SURFACE('',#7491,2.);
#157=CYLINDRICAL_SURFACE('',#7493,2.);
#158=CYLINDRICAL_SURFACE('',#7495,2.);
#159=CYLINDRICAL_SURFACE('',#7497,2.);
#160=CYLINDRICAL_SURFACE('',#7499,2.);
#161=CYLINDRICAL_SURFACE('',#7501,1.99999999999999);
#162=CYLINDRICAL_SURFACE('',#7503,1.99999999999999);
#163=CYLINDRICAL_SURFACE('',#7505,2.);
#164=CYLINDRICAL_SURFACE('',#7507,2.);
#165=CYLINDRICAL_SURFACE('',#7509,2.);
#166=CYLINDRICAL_SURFACE('',#7511,2.);
#167=CYLINDRICAL_SURFACE('',#7513,2.);
#168=CYLINDRICAL_SURFACE('',#7515,1.99999999999999);
#169=CYLINDRICAL_SURFACE('',#7517,1.99999999999999);
#170=CYLINDRICAL_SURFACE('',#7519,1.99999999999999);
#171=CYLINDRICAL_SURFACE('',#7521,2.);
#172=CYLINDRICAL_SURFACE('',#7523,1.99999999999999);
#173=CYLINDRICAL_SURFACE('',#7525,2.);
#174=CYLINDRICAL_SURFACE('',#7527,1.99999999999999);
#175=CYLINDRICAL_SURFACE('',#7529,1.99999999999999);
#176=CYLINDRICAL_SURFACE('',#7531,2.);
#177=CYLINDRICAL_SURFACE('',#7533,2.);
#178=CYLINDRICAL_SURFACE('',#7535,2.);
#179=CYLINDRICAL_SURFACE('',#7537,2.);
#180=CYLINDRICAL_SURFACE('',#7539,2.);
#181=CYLINDRICAL_SURFACE('',#7541,2.);
#182=CYLINDRICAL_SURFACE('',#7543,2.);
#183=CYLINDRICAL_SURFACE('',#7545,2.);
#184=CYLINDRICAL_SURFACE('',#7547,2.);
#185=CYLINDRICAL_SURFACE('',#7549,2.);
#186=CYLINDRICAL_SURFACE('',#7551,2.);
#187=CYLINDRICAL_SURFACE('',#7553,2.);
#188=CYLINDRICAL_SURFACE('',#7555,2.);
#189=CYLINDRICAL_SURFACE('',#7557,2.);
#190=CYLINDRICAL_SURFACE('',#7559,2.);
#191=CYLINDRICAL_SURFACE('',#7561,1.99999999999999);
#192=CYLINDRICAL_SURFACE('',#7563,1.99999999999999);
#193=CYLINDRICAL_SURFACE('',#7565,2.);
#194=CYLINDRICAL_SURFACE('',#7567,2.);
#195=CYLINDRICAL_SURFACE('',#7569,2.);
#196=CYLINDRICAL_SURFACE('',#7571,2.);
#197=CYLINDRICAL_SURFACE('',#7573,2.);
#198=CYLINDRICAL_SURFACE('',#7575,2.);
#199=CYLINDRICAL_SURFACE('',#7577,2.);
#200=CYLINDRICAL_SURFACE('',#7579,2.);
#201=CYLINDRICAL_SURFACE('',#7581,1.99999999999999);
#202=CYLINDRICAL_SURFACE('',#7583,1.99999999999999);
#203=CYLINDRICAL_SURFACE('',#7585,2.);
#204=CYLINDRICAL_SURFACE('',#7587,2.);
#205=CYLINDRICAL_SURFACE('',#7589,2.);
#206=CYLINDRICAL_SURFACE('',#7591,2.);
#207=CYLINDRICAL_SURFACE('',#7593,2.);
#208=CYLINDRICAL_SURFACE('',#7595,2.);
#209=CYLINDRICAL_SURFACE('',#7597,2.);
#210=CYLINDRICAL_SURFACE('',#7599,2.);
#211=CYLINDRICAL_SURFACE('',#7601,1.99999999999999);
#212=CYLINDRICAL_SURFACE('',#7603,1.99999999999999);
#213=CYLINDRICAL_SURFACE('',#7605,2.);
#214=CYLINDRICAL_SURFACE('',#7607,2.);
#215=CYLINDRICAL_SURFACE('',#7609,2.);
#216=CYLINDRICAL_SURFACE('',#7611,2.);
#217=CYLINDRICAL_SURFACE('',#7613,2.);
#218=CYLINDRICAL_SURFACE('',#7615,2.);
#219=CYLINDRICAL_SURFACE('',#7617,2.);
#220=CYLINDRICAL_SURFACE('',#7619,2.);
#221=CYLINDRICAL_SURFACE('',#7621,1.99999999999999);
#222=CYLINDRICAL_SURFACE('',#7623,1.99999999999999);
#223=CYLINDRICAL_SURFACE('',#7625,2.);
#224=CYLINDRICAL_SURFACE('',#7627,2.);
#225=CYLINDRICAL_SURFACE('',#7629,2.);
#226=CYLINDRICAL_SURFACE('',#7631,2.);
#227=CYLINDRICAL_SURFACE('',#7633,2.);
#228=CYLINDRICAL_SURFACE('',#7635,2.);
#229=CYLINDRICAL_SURFACE('',#7637,2.);
#230=CYLINDRICAL_SURFACE('',#7639,2.);
#231=CYLINDRICAL_SURFACE('',#7641,1.99999999999999);
#232=CYLINDRICAL_SURFACE('',#7643,1.99999999999999);
#233=CYLINDRICAL_SURFACE('',#7645,2.);
#234=CYLINDRICAL_SURFACE('',#7648,2.);
#235=CYLINDRICAL_SURFACE('',#7651,2.);
#236=CYLINDRICAL_SURFACE('',#7654,2.);
#237=CYLINDRICAL_SURFACE('',#7657,2.);
#238=CYLINDRICAL_SURFACE('',#7660,2.);
#239=CYLINDRICAL_SURFACE('',#7663,2.);
#240=CYLINDRICAL_SURFACE('',#7666,2.);
#241=CYLINDRICAL_SURFACE('',#7669,2.);
#242=CYLINDRICAL_SURFACE('',#7673,2.);
#243=CYLINDRICAL_SURFACE('',#7676,2.);
#244=CYLINDRICAL_SURFACE('',#7679,2.);
#245=CYLINDRICAL_SURFACE('',#7682,2.);
#246=CYLINDRICAL_SURFACE('',#7685,2.);
#247=CYLINDRICAL_SURFACE('',#7688,2.);
#248=CYLINDRICAL_SURFACE('',#7691,2.);
#249=CYLINDRICAL_SURFACE('',#7694,2.);
#250=CYLINDRICAL_SURFACE('',#7697,2.);
#251=CYLINDRICAL_SURFACE('',#7701,1.89999999999999);
#252=CYLINDRICAL_SURFACE('',#7704,1.89999999999999);
#253=CYLINDRICAL_SURFACE('',#7707,1.89999999999999);
#254=CYLINDRICAL_SURFACE('',#7710,1.89999999999999);
#255=CYLINDRICAL_SURFACE('',#7713,1.89999999999999);
#256=CYLINDRICAL_SURFACE('',#7716,1.89999999999999);
#257=CYLINDRICAL_SURFACE('',#7719,1.89999999999999);
#258=CYLINDRICAL_SURFACE('',#7722,1.89999999999999);
#259=CYLINDRICAL_SURFACE('',#7725,1.89999999999999);
#260=CYLINDRICAL_SURFACE('',#7729,1.89999999999999);
#261=CYLINDRICAL_SURFACE('',#7732,1.89999999999999);
#262=CYLINDRICAL_SURFACE('',#7735,1.89999999999999);
#263=CYLINDRICAL_SURFACE('',#7738,1.89999999999999);
#264=CYLINDRICAL_SURFACE('',#7741,1.89999999999999);
#265=CYLINDRICAL_SURFACE('',#7744,1.89999999999999);
#266=CYLINDRICAL_SURFACE('',#7747,1.89999999999999);
#267=CYLINDRICAL_SURFACE('',#7750,1.89999999999999);
#268=CYLINDRICAL_SURFACE('',#7753,1.89999999999999);
#269=FACE_BOUND('',#1423,.T.);
#270=FACE_BOUND('',#1424,.T.);
#271=FACE_BOUND('',#1425,.T.);
#272=FACE_BOUND('',#1426,.T.);
#273=FACE_BOUND('',#1427,.T.);
#274=FACE_BOUND('',#1428,.T.);
#275=FACE_BOUND('',#1429,.T.);
#276=FACE_BOUND('',#1430,.T.);
#277=FACE_BOUND('',#1431,.T.);
#278=FACE_BOUND('',#1432,.T.);
#279=FACE_BOUND('',#1433,.T.);
#280=FACE_BOUND('',#1434,.T.);
#281=FACE_BOUND('',#1435,.T.);
#282=FACE_BOUND('',#1436,.T.);
#283=FACE_BOUND('',#1437,.T.);
#284=FACE_BOUND('',#1438,.T.);
#285=FACE_BOUND('',#1439,.T.);
#286=FACE_BOUND('',#1440,.T.);
#287=FACE_BOUND('',#1441,.T.);
#288=FACE_BOUND('',#1442,.T.);
#289=FACE_BOUND('',#1443,.T.);
#290=FACE_BOUND('',#1444,.T.);
#291=FACE_BOUND('',#1445,.T.);
#292=FACE_BOUND('',#1446,.T.);
#293=FACE_BOUND('',#1447,.T.);
#294=FACE_BOUND('',#1448,.T.);
#295=FACE_BOUND('',#1449,.T.);
#296=FACE_BOUND('',#1450,.T.);
#297=FACE_BOUND('',#1451,.T.);
#298=FACE_BOUND('',#1452,.T.);
#299=FACE_BOUND('',#1453,.T.);
#300=FACE_BOUND('',#1454,.T.);
#301=FACE_BOUND('',#1455,.T.);
#302=FACE_BOUND('',#1456,.T.);
#303=FACE_BOUND('',#1457,.T.);
#304=FACE_BOUND('',#1458,.T.);
#305=FACE_BOUND('',#1459,.T.);
#306=FACE_BOUND('',#1461,.T.);
#307=FACE_BOUND('',#1462,.T.);
#308=FACE_BOUND('',#1463,.T.);
#309=FACE_BOUND('',#1464,.T.);
#310=FACE_BOUND('',#1465,.T.);
#311=FACE_BOUND('',#1466,.T.);
#312=FACE_BOUND('',#1467,.T.);
#313=FACE_BOUND('',#1468,.T.);
#314=FACE_BOUND('',#1469,.T.);
#315=FACE_BOUND('',#1470,.T.);
#316=FACE_BOUND('',#1471,.T.);
#317=FACE_BOUND('',#1472,.T.);
#318=FACE_BOUND('',#1473,.T.);
#319=FACE_BOUND('',#1474,.T.);
#320=FACE_BOUND('',#1475,.T.);
#321=FACE_BOUND('',#1476,.T.);
#322=FACE_BOUND('',#1477,.T.);
#323=FACE_BOUND('',#1478,.T.);
#324=FACE_BOUND('',#1479,.T.);
#325=FACE_BOUND('',#1480,.T.);
#326=FACE_BOUND('',#1481,.T.);
#327=FACE_BOUND('',#1482,.T.);
#328=FACE_BOUND('',#1483,.T.);
#329=FACE_BOUND('',#1484,.T.);
#330=FACE_BOUND('',#1485,.T.);
#331=FACE_BOUND('',#1486,.T.);
#332=FACE_BOUND('',#1487,.T.);
#333=FACE_BOUND('',#1488,.T.);
#334=FACE_BOUND('',#1489,.T.);
#335=FACE_BOUND('',#1490,.T.);
#336=FACE_BOUND('',#1491,.T.);
#337=FACE_BOUND('',#1492,.T.);
#338=FACE_BOUND('',#1493,.T.);
#339=FACE_BOUND('',#1494,.T.);
#340=FACE_BOUND('',#1495,.T.);
#341=FACE_BOUND('',#1496,.T.);
#342=FACE_BOUND('',#1497,.T.);
#343=FACE_BOUND('',#1498,.T.);
#344=FACE_BOUND('',#1499,.T.);
#345=FACE_BOUND('',#1500,.T.);
#346=FACE_BOUND('',#1501,.T.);
#347=FACE_BOUND('',#1502,.T.);
#348=FACE_BOUND('',#1503,.T.);
#349=FACE_BOUND('',#1504,.T.);
#350=FACE_BOUND('',#1505,.T.);
#351=FACE_BOUND('',#1506,.T.);
#352=FACE_BOUND('',#1507,.T.);
#353=FACE_BOUND('',#1508,.T.);
#354=FACE_BOUND('',#1509,.T.);
#355=FACE_BOUND('',#1510,.T.);
#356=FACE_BOUND('',#1511,.T.);
#357=FACE_BOUND('',#1512,.T.);
#358=FACE_BOUND('',#1513,.T.);
#359=FACE_BOUND('',#1514,.T.);
#360=FACE_BOUND('',#1515,.T.);
#361=FACE_BOUND('',#1516,.T.);
#362=FACE_BOUND('',#1517,.T.);
#363=FACE_BOUND('',#1518,.T.);
#364=FACE_BOUND('',#1519,.T.);
#365=FACE_BOUND('',#1520,.T.);
#366=FACE_BOUND('',#1521,.T.);
#367=FACE_BOUND('',#1522,.T.);
#368=FACE_BOUND('',#1523,.T.);
#369=FACE_BOUND('',#1524,.T.);
#370=FACE_BOUND('',#1661,.T.);
#371=FACE_BOUND('',#1663,.T.);
#372=FACE_BOUND('',#1665,.T.);
#373=FACE_BOUND('',#1667,.T.);
#374=FACE_BOUND('',#1669,.T.);
#375=FACE_BOUND('',#1671,.T.);
#376=FACE_BOUND('',#1673,.T.);
#377=FACE_BOUND('',#1675,.T.);
#378=FACE_BOUND('',#1677,.T.);
#379=FACE_BOUND('',#1679,.T.);
#380=FACE_BOUND('',#1681,.T.);
#381=FACE_BOUND('',#1683,.T.);
#382=FACE_BOUND('',#1685,.T.);
#383=FACE_BOUND('',#1687,.T.);
#384=FACE_BOUND('',#1689,.T.);
#385=FACE_BOUND('',#1691,.T.);
#386=FACE_BOUND('',#1693,.T.);
#387=FACE_BOUND('',#1695,.T.);
#388=FACE_BOUND('',#1697,.T.);
#389=FACE_BOUND('',#1699,.T.);
#390=FACE_BOUND('',#1701,.T.);
#391=FACE_BOUND('',#1703,.T.);
#392=FACE_BOUND('',#1705,.T.);
#393=FACE_BOUND('',#1707,.T.);
#394=FACE_BOUND('',#1709,.T.);
#395=FACE_BOUND('',#1711,.T.);
#396=FACE_BOUND('',#1713,.T.);
#397=FACE_BOUND('',#1715,.T.);
#398=FACE_BOUND('',#1717,.T.);
#399=FACE_BOUND('',#1719,.T.);
#400=FACE_BOUND('',#1721,.T.);
#401=FACE_BOUND('',#1723,.T.);
#402=FACE_BOUND('',#1725,.T.);
#403=FACE_BOUND('',#1727,.T.);
#404=FACE_BOUND('',#1729,.T.);
#405=FACE_BOUND('',#1731,.T.);
#406=FACE_BOUND('',#1733,.T.);
#407=FACE_BOUND('',#1735,.T.);
#408=FACE_BOUND('',#1737,.T.);
#409=FACE_BOUND('',#1739,.T.);
#410=FACE_BOUND('',#1741,.T.);
#411=FACE_BOUND('',#1743,.T.);
#412=FACE_BOUND('',#1745,.T.);
#413=FACE_BOUND('',#1747,.T.);
#414=FACE_BOUND('',#1749,.T.);
#415=FACE_BOUND('',#1751,.T.);
#416=FACE_BOUND('',#1753,.T.);
#417=FACE_BOUND('',#1755,.T.);
#418=FACE_BOUND('',#1757,.T.);
#419=FACE_BOUND('',#1759,.T.);
#420=FACE_BOUND('',#1761,.T.);
#421=FACE_BOUND('',#1763,.T.);
#422=FACE_BOUND('',#1765,.T.);
#423=FACE_BOUND('',#1767,.T.);
#424=FACE_BOUND('',#1769,.T.);
#425=FACE_BOUND('',#1771,.T.);
#426=FACE_BOUND('',#1773,.T.);
#427=FACE_BOUND('',#1775,.T.);
#428=FACE_BOUND('',#1777,.T.);
#429=FACE_BOUND('',#1779,.T.);
#430=FACE_BOUND('',#1781,.T.);
#431=FACE_BOUND('',#1783,.T.);
#432=FACE_BOUND('',#1785,.T.);
#433=FACE_BOUND('',#1787,.T.);
#434=FACE_BOUND('',#1965,.T.);
#435=FACE_BOUND('',#1966,.T.);
#436=FACE_BOUND('',#1967,.T.);
#437=FACE_BOUND('',#1968,.T.);
#438=FACE_BOUND('',#1969,.T.);
#439=FACE_BOUND('',#1970,.T.);
#440=FACE_BOUND('',#1971,.T.);
#441=FACE_BOUND('',#1972,.T.);
#442=FACE_BOUND('',#1973,.T.);
#443=FACE_BOUND('',#1974,.T.);
#444=FACE_BOUND('',#1975,.T.);
#445=FACE_BOUND('',#1976,.T.);
#446=FACE_BOUND('',#1977,.T.);
#447=FACE_BOUND('',#1978,.T.);
#448=FACE_BOUND('',#1979,.T.);
#449=FACE_BOUND('',#1980,.T.);
#450=FACE_BOUND('',#1981,.T.);
#451=FACE_BOUND('',#1982,.T.);
#452=FACE_BOUND('',#1983,.T.);
#453=FACE_BOUND('',#1984,.T.);
#454=FACE_BOUND('',#1985,.T.);
#455=FACE_BOUND('',#1986,.T.);
#456=FACE_BOUND('',#1987,.T.);
#457=FACE_BOUND('',#1988,.T.);
#458=FACE_BOUND('',#1989,.T.);
#459=FACE_BOUND('',#1990,.T.);
#460=FACE_BOUND('',#1991,.T.);
#461=FACE_BOUND('',#1992,.T.);
#462=FACE_BOUND('',#1993,.T.);
#463=FACE_BOUND('',#1994,.T.);
#464=FACE_BOUND('',#1995,.T.);
#465=FACE_BOUND('',#1996,.T.);
#466=FACE_BOUND('',#1997,.T.);
#467=FACE_BOUND('',#1998,.T.);
#468=FACE_BOUND('',#1999,.T.);
#469=FACE_BOUND('',#2000,.T.);
#470=FACE_BOUND('',#2001,.T.);
#471=FACE_BOUND('',#2002,.T.);
#472=FACE_BOUND('',#2003,.T.);
#473=FACE_BOUND('',#2004,.T.);
#474=FACE_BOUND('',#2005,.T.);
#475=FACE_BOUND('',#2006,.T.);
#476=FACE_BOUND('',#2007,.T.);
#477=FACE_BOUND('',#2008,.T.);
#478=FACE_BOUND('',#2009,.T.);
#479=FACE_BOUND('',#2010,.T.);
#480=FACE_BOUND('',#2011,.T.);
#481=FACE_BOUND('',#2012,.T.);
#482=FACE_BOUND('',#2013,.T.);
#483=FACE_BOUND('',#2014,.T.);
#484=FACE_BOUND('',#2015,.T.);
#485=FACE_BOUND('',#2016,.T.);
#486=FACE_BOUND('',#2017,.T.);
#487=FACE_BOUND('',#2018,.T.);
#488=FACE_BOUND('',#2019,.T.);
#489=FACE_BOUND('',#2020,.T.);
#490=FACE_BOUND('',#2021,.T.);
#491=FACE_BOUND('',#2022,.T.);
#492=FACE_BOUND('',#2023,.T.);
#493=FACE_BOUND('',#2024,.T.);
#494=FACE_BOUND('',#2025,.T.);
#495=FACE_BOUND('',#2026,.T.);
#496=FACE_BOUND('',#2027,.T.);
#497=FACE_BOUND('',#2028,.T.);
#498=FACE_BOUND('',#2029,.T.);
#499=FACE_BOUND('',#2030,.T.);
#500=FACE_BOUND('',#2031,.T.);
#501=FACE_BOUND('',#2032,.T.);
#502=FACE_BOUND('',#2033,.T.);
#503=FACE_BOUND('',#2034,.T.);
#504=FACE_BOUND('',#2035,.T.);
#505=FACE_BOUND('',#2036,.T.);
#506=FACE_BOUND('',#2037,.T.);
#507=FACE_BOUND('',#2038,.T.);
#508=FACE_BOUND('',#2039,.T.);
#509=FACE_BOUND('',#2040,.T.);
#510=FACE_BOUND('',#2041,.T.);
#511=FACE_BOUND('',#2042,.T.);
#512=FACE_BOUND('',#2043,.T.);
#513=FACE_BOUND('',#2044,.T.);
#514=FACE_BOUND('',#2045,.T.);
#515=FACE_BOUND('',#2046,.T.);
#516=FACE_BOUND('',#2047,.T.);
#517=FACE_BOUND('',#2048,.T.);
#518=FACE_BOUND('',#2049,.T.);
#519=FACE_BOUND('',#2050,.T.);
#520=FACE_BOUND('',#2051,.T.);
#521=FACE_BOUND('',#2052,.T.);
#522=FACE_BOUND('',#2053,.T.);
#523=FACE_BOUND('',#2054,.T.);
#524=FACE_BOUND('',#2055,.T.);
#525=FACE_BOUND('',#2056,.T.);
#526=FACE_BOUND('',#2057,.T.);
#527=FACE_BOUND('',#2058,.T.);
#528=FACE_BOUND('',#2059,.T.);
#529=FACE_BOUND('',#2060,.T.);
#530=FACE_BOUND('',#2061,.T.);
#531=FACE_BOUND('',#2062,.T.);
#532=FACE_BOUND('',#2063,.T.);
#533=FACE_BOUND('',#2064,.T.);
#534=CIRCLE('',#6873,2.);
#535=CIRCLE('',#6874,2.);
#536=CIRCLE('',#6875,2.);
#537=CIRCLE('',#6876,2.);
#538=CIRCLE('',#6877,2.);
#539=CIRCLE('',#6878,2.);
#540=CIRCLE('',#6879,2.);
#541=CIRCLE('',#6880,2.);
#542=CIRCLE('',#6881,2.);
#543=CIRCLE('',#6882,1.89999999999999);
#544=CIRCLE('',#6883,1.89999999999999);
#545=CIRCLE('',#6884,1.89999999999999);
#546=CIRCLE('',#6885,1.89999999999999);
#547=CIRCLE('',#6886,1.89999999999999);
#548=CIRCLE('',#6887,1.89999999999999);
#549=CIRCLE('',#6888,1.89999999999999);
#550=CIRCLE('',#6889,1.89999999999999);
#551=CIRCLE('',#6890,1.89999999999999);
#552=CIRCLE('',#6891,1.89999999999999);
#553=CIRCLE('',#6892,1.89999999999999);
#554=CIRCLE('',#6893,1.89999999999999);
#555=CIRCLE('',#6894,1.89999999999999);
#556=CIRCLE('',#6895,1.89999999999999);
#557=CIRCLE('',#6896,1.89999999999999);
#558=CIRCLE('',#6897,1.89999999999999);
#559=CIRCLE('',#6898,1.89999999999999);
#560=CIRCLE('',#6899,1.89999999999999);
#561=CIRCLE('',#6900,2.);
#562=CIRCLE('',#6901,2.);
#563=CIRCLE('',#6902,2.);
#564=CIRCLE('',#6903,2.);
#565=CIRCLE('',#6904,2.);
#566=CIRCLE('',#6905,2.);
#567=CIRCLE('',#6906,2.);
#568=CIRCLE('',#6907,2.);
#569=CIRCLE('',#6908,2.);
#570=CIRCLE('',#6909,4.);
#571=CIRCLE('',#6910,4.);
#572=CIRCLE('',#6911,4.);
#573=CIRCLE('',#6912,4.);
#574=CIRCLE('',#6913,4.);
#575=CIRCLE('',#6914,4.);
#576=CIRCLE('',#6915,4.);
#577=CIRCLE('',#6916,4.);
#578=CIRCLE('',#6917,4.);
#579=CIRCLE('',#6918,4.);
#580=CIRCLE('',#6919,4.);
#581=CIRCLE('',#6920,4.);
#582=CIRCLE('',#6921,4.);
#583=CIRCLE('',#6922,4.);
#584=CIRCLE('',#6923,4.);
#585=CIRCLE('',#6924,4.);
#586=CIRCLE('',#6925,4.);
#587=CIRCLE('',#6926,4.);
#588=CIRCLE('',#6927,4.);
#589=CIRCLE('',#6928,4.);
#590=CIRCLE('',#6929,4.);
#591=CIRCLE('',#6930,4.);
#592=CIRCLE('',#6931,4.);
#593=CIRCLE('',#6932,4.);
#594=CIRCLE('',#6933,4.);
#595=CIRCLE('',#6934,4.);
#596=CIRCLE('',#6935,4.);
#597=CIRCLE('',#6936,4.);
#598=CIRCLE('',#6937,4.);
#599=CIRCLE('',#6938,4.);
#600=CIRCLE('',#6939,4.);
#601=CIRCLE('',#6940,4.);
#602=CIRCLE('',#6941,4.);
#603=CIRCLE('',#6942,4.);
#604=CIRCLE('',#6943,3.99999999999999);
#605=CIRCLE('',#6944,4.);
#606=CIRCLE('',#6945,3.99999999999999);
#607=CIRCLE('',#6946,3.99999999999999);
#608=CIRCLE('',#6947,3.99999999999999);
#609=CIRCLE('',#6948,3.99999999999999);
#610=CIRCLE('',#6949,3.99999999999999);
#611=CIRCLE('',#6950,3.99999999999999);
#612=CIRCLE('',#6951,3.99999999999999);
#613=CIRCLE('',#6952,3.99999999999999);
#614=CIRCLE('',#6953,3.99999999999999);
#615=CIRCLE('',#6954,3.99999999999999);
#616=CIRCLE('',#6955,3.99999999999999);
#617=CIRCLE('',#6956,4.);
#618=CIRCLE('',#6957,4.);
#619=CIRCLE('',#6958,4.);
#620=CIRCLE('',#6959,4.);
#621=CIRCLE('',#6960,4.);
#622=CIRCLE('',#6961,4.);
#623=CIRCLE('',#6962,4.);
#624=CIRCLE('',#6963,2.);
#625=CIRCLE('',#6964,2.);
#626=CIRCLE('',#6965,2.);
#627=CIRCLE('',#6966,2.);
#628=CIRCLE('',#6967,2.);
#629=CIRCLE('',#6968,2.);
#630=CIRCLE('',#6969,1.99999999999999);
#631=CIRCLE('',#6970,1.99999999999999);
#632=CIRCLE('',#6971,1.99999999999999);
#633=CIRCLE('',#6972,1.99999999999999);
#634=CIRCLE('',#6973,1.99999999999999);
#635=CIRCLE('',#6974,1.99999999999999);
#636=CIRCLE('',#6975,1.99999999999999);
#637=CIRCLE('',#6976,1.99999999999999);
#638=CIRCLE('',#6977,1.99999999999999);
#639=CIRCLE('',#6978,2.);
#640=CIRCLE('',#6979,2.);
#641=CIRCLE('',#6980,2.);
#642=CIRCLE('',#6981,2.);
#643=CIRCLE('',#6982,2.);
#644=CIRCLE('',#6983,2.);
#645=CIRCLE('',#6984,2.);
#646=CIRCLE('',#6985,2.);
#647=CIRCLE('',#6986,2.);
#648=CIRCLE('',#6987,2.);
#649=CIRCLE('',#6988,1.99999999999999);
#650=CIRCLE('',#6989,1.99999999999999);
#651=CIRCLE('',#6990,2.);
#652=CIRCLE('',#6991,2.);
#653=CIRCLE('',#6992,2.);
#654=CIRCLE('',#6993,2.);
#655=CIRCLE('',#6994,2.);
#656=CIRCLE('',#6995,2.);
#657=CIRCLE('',#6996,2.);
#658=CIRCLE('',#6997,1.99999999999999);
#659=CIRCLE('',#6998,2.);
#660=CIRCLE('',#7000,4.);
#661=CIRCLE('',#7001,4.);
#662=CIRCLE('',#7002,4.);
#663=CIRCLE('',#7003,4.);
#664=CIRCLE('',#7004,4.);
#665=CIRCLE('',#7005,4.);
#666=CIRCLE('',#7006,4.);
#667=CIRCLE('',#7007,3.99999999999999);
#668=CIRCLE('',#7008,3.99999999999999);
#669=CIRCLE('',#7009,3.99999999999999);
#670=CIRCLE('',#7010,3.99999999999999);
#671=CIRCLE('',#7011,3.99999999999999);
#672=CIRCLE('',#7012,3.99999999999999);
#673=CIRCLE('',#7013,3.99999999999999);
#674=CIRCLE('',#7014,3.99999999999999);
#675=CIRCLE('',#7015,3.99999999999999);
#676=CIRCLE('',#7016,3.99999999999999);
#677=CIRCLE('',#7017,3.99999999999999);
#678=CIRCLE('',#7018,4.);
#679=CIRCLE('',#7019,3.99999999999999);
#680=CIRCLE('',#7020,4.);
#681=CIRCLE('',#7021,4.);
#682=CIRCLE('',#7022,4.);
#683=CIRCLE('',#7023,4.);
#684=CIRCLE('',#7024,4.);
#685=CIRCLE('',#7025,4.);
#686=CIRCLE('',#7026,4.);
#687=CIRCLE('',#7027,4.);
#688=CIRCLE('',#7028,4.);
#689=CIRCLE('',#7029,4.);
#690=CIRCLE('',#7030,4.);
#691=CIRCLE('',#7031,4.);
#692=CIRCLE('',#7032,4.);
#693=CIRCLE('',#7033,4.);
#694=CIRCLE('',#7034,4.);
#695=CIRCLE('',#7035,4.);
#696=CIRCLE('',#7036,4.);
#697=CIRCLE('',#7037,4.);
#698=CIRCLE('',#7038,4.);
#699=CIRCLE('',#7039,4.);
#700=CIRCLE('',#7040,4.);
#701=CIRCLE('',#7041,4.);
#702=CIRCLE('',#7042,4.);
#703=CIRCLE('',#7043,4.);
#704=CIRCLE('',#7044,4.);
#705=CIRCLE('',#7045,4.);
#706=CIRCLE('',#7046,4.);
#707=CIRCLE('',#7047,4.);
#708=CIRCLE('',#7048,4.);
#709=CIRCLE('',#7049,4.);
#710=CIRCLE('',#7050,4.);
#711=CIRCLE('',#7051,4.);
#712=CIRCLE('',#7052,4.);
#713=CIRCLE('',#7053,4.);
#714=CIRCLE('',#7054,4.);
#715=CIRCLE('',#7055,3.99999999999999);
#716=CIRCLE('',#7056,4.);
#717=CIRCLE('',#7057,4.);
#718=CIRCLE('',#7058,4.);
#719=CIRCLE('',#7059,4.);
#720=CIRCLE('',#7060,4.);
#721=CIRCLE('',#7061,4.);
#722=CIRCLE('',#7062,4.);
#723=CIRCLE('',#7063,3.99999999999999);
#724=CIRCLE('',#7064,4.);
#725=CIRCLE('',#7065,4.);
#726=CIRCLE('',#7066,4.);
#727=CIRCLE('',#7067,4.);
#728=CIRCLE('',#7068,4.);
#729=CIRCLE('',#7069,4.);
#730=CIRCLE('',#7070,3.99999999999999);
#731=CIRCLE('',#7071,4.);
#732=CIRCLE('',#7072,4.);
#733=CIRCLE('',#7073,4.);
#734=CIRCLE('',#7074,4.);
#735=CIRCLE('',#7075,4.);
#736=CIRCLE('',#7076,4.);
#737=CIRCLE('',#7077,4.);
#738=CIRCLE('',#7078,3.99999999999999);
#739=CIRCLE('',#7079,4.);
#740=CIRCLE('',#7080,4.);
#741=CIRCLE('',#7081,4.);
#742=CIRCLE('',#7082,4.);
#743=CIRCLE('',#7083,4.);
#744=CIRCLE('',#7084,4.);
#745=CIRCLE('',#7085,4.);
#746=CIRCLE('',#7086,3.99999999999999);
#747=CIRCLE('',#7087,4.);
#748=CIRCLE('',#7088,4.);
#749=CIRCLE('',#7089,4.);
#750=CIRCLE('',#7090,4.);
#751=CIRCLE('',#7091,4.);
#752=CIRCLE('',#7092,4.);
#753=CIRCLE('',#7093,4.);
#754=CIRCLE('',#7094,3.99999999999999);
#755=CIRCLE('',#7095,4.);
#756=CIRCLE('',#7096,4.);
#757=CIRCLE('',#7097,4.);
#758=CIRCLE('',#7098,4.);
#759=CIRCLE('',#7099,4.);
#760=CIRCLE('',#7100,4.);
#761=CIRCLE('',#7101,4.);
#762=CIRCLE('',#7102,3.99999999999999);
#763=CIRCLE('',#7103,4.);
#764=CIRCLE('',#7104,4.);
#765=CIRCLE('',#7105,4.);
#766=CIRCLE('',#7106,4.);
#767=CIRCLE('',#7107,4.);
#768=CIRCLE('',#7108,4.);
#769=CIRCLE('',#7109,4.);
#770=CIRCLE('',#7110,3.99999999999999);
#771=CIRCLE('',#7111,4.);
#772=CIRCLE('',#7112,4.);
#773=CIRCLE('',#7113,4.);
#774=CIRCLE('',#7114,4.);
#775=CIRCLE('',#7115,4.);
#776=CIRCLE('',#7116,4.);
#777=CIRCLE('',#7117,4.);
#778=CIRCLE('',#7165,3.99999999999999);
#779=CIRCLE('',#7167,4.);
#780=CIRCLE('',#7169,4.);
#781=CIRCLE('',#7171,4.);
#782=CIRCLE('',#7173,4.);
#783=CIRCLE('',#7175,4.);
#784=CIRCLE('',#7177,4.);
#785=CIRCLE('',#7179,4.);
#786=CIRCLE('',#7183,3.99999999999999);
#787=CIRCLE('',#7185,4.);
#788=CIRCLE('',#7187,4.);
#789=CIRCLE('',#7189,4.);
#790=CIRCLE('',#7191,4.);
#791=CIRCLE('',#7193,4.);
#792=CIRCLE('',#7195,4.);
#793=CIRCLE('',#7197,4.);
#794=CIRCLE('',#7201,3.99999999999999);
#795=CIRCLE('',#7203,4.);
#796=CIRCLE('',#7205,4.);
#797=CIRCLE('',#7207,4.);
#798=CIRCLE('',#7209,4.);
#799=CIRCLE('',#7211,4.);
#800=CIRCLE('',#7213,4.);
#801=CIRCLE('',#7215,4.);
#802=CIRCLE('',#7219,3.99999999999999);
#803=CIRCLE('',#7221,4.);
#804=CIRCLE('',#7223,4.);
#805=CIRCLE('',#7226,4.);
#806=CIRCLE('',#7229,4.);
#807=CIRCLE('',#7232,4.);
#808=CIRCLE('',#7235,4.);
#809=CIRCLE('',#7237,4.);
#810=CIRCLE('',#7239,4.);
#811=CIRCLE('',#7241,4.);
#812=CIRCLE('',#7243,4.);
#813=CIRCLE('',#7246,3.99999999999999);
#814=CIRCLE('',#7249,4.);
#815=CIRCLE('',#7253,3.99999999999999);
#816=CIRCLE('',#7255,3.99999999999999);
#817=CIRCLE('',#7258,4.);
#818=CIRCLE('',#7260,4.);
#819=CIRCLE('',#7262,4.);
#820=CIRCLE('',#7264,4.);
#821=CIRCLE('',#7266,4.);
#822=CIRCLE('',#7270,4.);
#823=CIRCLE('',#7272,4.);
#824=CIRCLE('',#7274,4.);
#825=CIRCLE('',#7276,4.);
#826=CIRCLE('',#7278,4.);
#827=CIRCLE('',#7280,4.);
#828=CIRCLE('',#7282,3.99999999999999);
#829=CIRCLE('',#7284,4.);
#830=CIRCLE('',#7286,4.);
#831=CIRCLE('',#7288,4.);
#832=CIRCLE('',#7290,4.);
#833=CIRCLE('',#7292,4.);
#834=CIRCLE('',#7296,4.);
#835=CIRCLE('',#7299,4.);
#836=CIRCLE('',#7302,4.);
#837=CIRCLE('',#7305,4.);
#838=CIRCLE('',#7308,4.);
#839=CIRCLE('',#7312,4.);
#840=CIRCLE('',#7314,4.);
#841=CIRCLE('',#7316,4.);
#842=CIRCLE('',#7318,2.);
#843=CIRCLE('',#7320,2.);
#844=CIRCLE('',#7322,2.);
#845=CIRCLE('',#7324,2.);
#846=CIRCLE('',#7326,2.);
#847=CIRCLE('',#7328,2.);
#848=CIRCLE('',#7330,2.);
#849=CIRCLE('',#7332,2.);
#850=CIRCLE('',#7334,2.);
#851=CIRCLE('',#7336,2.);
#852=CIRCLE('',#7338,2.);
#853=CIRCLE('',#7340,2.);
#854=CIRCLE('',#7342,2.);
#855=CIRCLE('',#7344,1.99999999999999);
#856=CIRCLE('',#7346,2.);
#857=CIRCLE('',#7348,2.);
#858=CIRCLE('',#7350,2.);
#859=CIRCLE('',#7352,2.);
#860=CIRCLE('',#7354,2.);
#861=CIRCLE('',#7356,2.);
#862=CIRCLE('',#7358,2.);
#863=CIRCLE('',#7360,2.);
#864=CIRCLE('',#7362,2.);
#865=CIRCLE('',#7364,2.);
#866=CIRCLE('',#7366,2.);
#867=CIRCLE('',#7368,1.99999999999999);
#868=CIRCLE('',#7370,1.99999999999999);
#869=CIRCLE('',#7372,2.);
#870=CIRCLE('',#7374,1.99999999999999);
#871=CIRCLE('',#7376,2.);
#872=CIRCLE('',#7378,2.);
#873=CIRCLE('',#7380,2.);
#874=CIRCLE('',#7382,2.);
#875=CIRCLE('',#7384,2.);
#876=CIRCLE('',#7386,2.);
#877=CIRCLE('',#7388,2.);
#878=CIRCLE('',#7390,2.);
#879=CIRCLE('',#7392,2.);
#880=CIRCLE('',#7394,2.);
#881=CIRCLE('',#7396,1.99999999999999);
#882=CIRCLE('',#7398,2.);
#883=CIRCLE('',#7400,2.);
#884=CIRCLE('',#7402,2.);
#885=CIRCLE('',#7404,2.);
#886=CIRCLE('',#7406,2.);
#887=CIRCLE('',#7408,2.);
#888=CIRCLE('',#7410,2.);
#889=CIRCLE('',#7412,1.99999999999999);
#890=CIRCLE('',#7414,2.);
#891=CIRCLE('',#7416,2.);
#892=CIRCLE('',#7418,2.);
#893=CIRCLE('',#7420,2.);
#894=CIRCLE('',#7422,2.);
#895=CIRCLE('',#7424,2.);
#896=CIRCLE('',#7426,2.);
#897=CIRCLE('',#7428,1.99999999999999);
#898=CIRCLE('',#7430,2.);
#899=CIRCLE('',#7432,2.);
#900=CIRCLE('',#7434,2.);
#901=CIRCLE('',#7436,2.);
#902=CIRCLE('',#7438,2.);
#903=CIRCLE('',#7440,2.);
#904=CIRCLE('',#7442,2.);
#905=CIRCLE('',#7444,1.99999999999999);
#906=CIRCLE('',#7446,2.);
#907=CIRCLE('',#7448,2.);
#908=CIRCLE('',#7450,2.);
#909=CIRCLE('',#7452,2.);
#910=CIRCLE('',#7454,2.);
#911=CIRCLE('',#7456,2.);
#912=CIRCLE('',#7458,2.);
#913=CIRCLE('',#7460,2.);
#914=CIRCLE('',#7462,2.);
#915=CIRCLE('',#7464,2.);
#916=CIRCLE('',#7466,2.);
#917=CIRCLE('',#7468,2.);
#918=CIRCLE('',#7470,2.);
#919=CIRCLE('',#7472,2.);
#920=CIRCLE('',#7474,2.);
#921=CIRCLE('',#7476,1.99999999999999);
#922=CIRCLE('',#7478,2.);
#923=CIRCLE('',#7480,2.);
#924=CIRCLE('',#7482,2.);
#925=CIRCLE('',#7484,2.);
#926=CIRCLE('',#7486,2.);
#927=CIRCLE('',#7488,1.99999999999999);
#928=CIRCLE('',#7490,2.);
#929=CIRCLE('',#7492,2.);
#930=CIRCLE('',#7494,2.);
#931=CIRCLE('',#7496,2.);
#932=CIRCLE('',#7498,2.);
#933=CIRCLE('',#7500,2.);
#934=CIRCLE('',#7502,1.99999999999999);
#935=CIRCLE('',#7504,1.99999999999999);
#936=CIRCLE('',#7506,2.);
#937=CIRCLE('',#7508,2.);
#938=CIRCLE('',#7510,2.);
#939=CIRCLE('',#7512,2.);
#940=CIRCLE('',#7514,2.);
#941=CIRCLE('',#7516,1.99999999999999);
#942=CIRCLE('',#7518,1.99999999999999);
#943=CIRCLE('',#7520,1.99999999999999);
#944=CIRCLE('',#7522,2.);
#945=CIRCLE('',#7524,1.99999999999999);
#946=CIRCLE('',#7526,2.);
#947=CIRCLE('',#7528,1.99999999999999);
#948=CIRCLE('',#7530,1.99999999999999);
#949=CIRCLE('',#7532,2.);
#950=CIRCLE('',#7534,2.);
#951=CIRCLE('',#7536,2.);
#952=CIRCLE('',#7538,2.);
#953=CIRCLE('',#7540,2.);
#954=CIRCLE('',#7542,2.);
#955=CIRCLE('',#7544,2.);
#956=CIRCLE('',#7546,2.);
#957=CIRCLE('',#7548,2.);
#958=CIRCLE('',#7550,2.);
#959=CIRCLE('',#7552,2.);
#960=CIRCLE('',#7554,2.);
#961=CIRCLE('',#7556,2.);
#962=CIRCLE('',#7558,2.);
#963=CIRCLE('',#7560,2.);
#964=CIRCLE('',#7562,1.99999999999999);
#965=CIRCLE('',#7564,1.99999999999999);
#966=CIRCLE('',#7566,2.);
#967=CIRCLE('',#7568,2.);
#968=CIRCLE('',#7570,2.);
#969=CIRCLE('',#7572,2.);
#970=CIRCLE('',#7574,2.);
#971=CIRCLE('',#7576,2.);
#972=CIRCLE('',#7578,2.);
#973=CIRCLE('',#7580,2.);
#974=CIRCLE('',#7582,1.99999999999999);
#975=CIRCLE('',#7584,1.99999999999999);
#976=CIRCLE('',#7586,2.);
#977=CIRCLE('',#7588,2.);
#978=CIRCLE('',#7590,2.);
#979=CIRCLE('',#7592,2.);
#980=CIRCLE('',#7594,2.);
#981=CIRCLE('',#7596,2.);
#982=CIRCLE('',#7598,2.);
#983=CIRCLE('',#7600,2.);
#984=CIRCLE('',#7602,1.99999999999999);
#985=CIRCLE('',#7604,1.99999999999999);
#986=CIRCLE('',#7606,2.);
#987=CIRCLE('',#7608,2.);
#988=CIRCLE('',#7610,2.);
#989=CIRCLE('',#7612,2.);
#990=CIRCLE('',#7614,2.);
#991=CIRCLE('',#7616,2.);
#992=CIRCLE('',#7618,2.);
#993=CIRCLE('',#7620,2.);
#994=CIRCLE('',#7622,1.99999999999999);
#995=CIRCLE('',#7624,1.99999999999999);
#996=CIRCLE('',#7626,2.);
#997=CIRCLE('',#7628,2.);
#998=CIRCLE('',#7630,2.);
#999=CIRCLE('',#7632,2.);
#1000=CIRCLE('',#7634,2.);
#1001=CIRCLE('',#7636,2.);
#1002=CIRCLE('',#7638,2.);
#1003=CIRCLE('',#7640,2.);
#1004=CIRCLE('',#7642,1.99999999999999);
#1005=CIRCLE('',#7644,1.99999999999999);
#1006=CIRCLE('',#7646,2.);
#1007=CIRCLE('',#7649,2.);
#1008=CIRCLE('',#7652,2.);
#1009=CIRCLE('',#7655,2.);
#1010=CIRCLE('',#7658,2.);
#1011=CIRCLE('',#7661,2.);
#1012=CIRCLE('',#7664,2.);
#1013=CIRCLE('',#7667,2.);
#1014=CIRCLE('',#7670,2.);
#1015=CIRCLE('',#7674,2.);
#1016=CIRCLE('',#7677,2.);
#1017=CIRCLE('',#7680,2.);
#1018=CIRCLE('',#7683,2.);
#1019=CIRCLE('',#7686,2.);
#1020=CIRCLE('',#7689,2.);
#1021=CIRCLE('',#7692,2.);
#1022=CIRCLE('',#7695,2.);
#1023=CIRCLE('',#7698,2.);
#1024=CIRCLE('',#7702,1.89999999999999);
#1025=CIRCLE('',#7705,1.89999999999999);
#1026=CIRCLE('',#7708,1.89999999999999);
#1027=CIRCLE('',#7711,1.89999999999999);
#1028=CIRCLE('',#7714,1.89999999999999);
#1029=CIRCLE('',#7717,1.89999999999999);
#1030=CIRCLE('',#7720,1.89999999999999);
#1031=CIRCLE('',#7723,1.89999999999999);
#1032=CIRCLE('',#7726,1.89999999999999);
#1033=CIRCLE('',#7730,1.89999999999999);
#1034=CIRCLE('',#7733,1.89999999999999);
#1035=CIRCLE('',#7736,1.89999999999999);
#1036=CIRCLE('',#7739,1.89999999999999);
#1037=CIRCLE('',#7742,1.89999999999999);
#1038=CIRCLE('',#7745,1.89999999999999);
#1039=CIRCLE('',#7748,1.89999999999999);
#1040=CIRCLE('',#7751,1.89999999999999);
#1041=CIRCLE('',#7754,1.89999999999999);
#1042=FACE_OUTER_BOUND('',#1421,.T.);
#1043=FACE_OUTER_BOUND('',#1422,.T.);
#1044=FACE_OUTER_BOUND('',#1460,.T.);
#1045=FACE_OUTER_BOUND('',#1525,.T.);
#1046=FACE_OUTER_BOUND('',#1526,.T.);
#1047=FACE_OUTER_BOUND('',#1527,.T.);
#1048=FACE_OUTER_BOUND('',#1528,.T.);
#1049=FACE_OUTER_BOUND('',#1529,.T.);
#1050=FACE_OUTER_BOUND('',#1530,.T.);
#1051=FACE_OUTER_BOUND('',#1531,.T.);
#1052=FACE_OUTER_BOUND('',#1532,.T.);
#1053=FACE_OUTER_BOUND('',#1533,.T.);
#1054=FACE_OUTER_BOUND('',#1534,.T.);
#1055=FACE_OUTER_BOUND('',#1535,.T.);
#1056=FACE_OUTER_BOUND('',#1536,.T.);
#1057=FACE_OUTER_BOUND('',#1537,.T.);
#1058=FACE_OUTER_BOUND('',#1538,.T.);
#1059=FACE_OUTER_BOUND('',#1539,.T.);
#1060=FACE_OUTER_BOUND('',#1540,.T.);
#1061=FACE_OUTER_BOUND('',#1541,.T.);
#1062=FACE_OUTER_BOUND('',#1542,.T.);
#1063=FACE_OUTER_BOUND('',#1543,.T.);
#1064=FACE_OUTER_BOUND('',#1544,.T.);
#1065=FACE_OUTER_BOUND('',#1545,.T.);
#1066=FACE_OUTER_BOUND('',#1546,.T.);
#1067=FACE_OUTER_BOUND('',#1547,.T.);
#1068=FACE_OUTER_BOUND('',#1548,.T.);
#1069=FACE_OUTER_BOUND('',#1549,.T.);
#1070=FACE_OUTER_BOUND('',#1550,.T.);
#1071=FACE_OUTER_BOUND('',#1551,.T.);
#1072=FACE_OUTER_BOUND('',#1552,.T.);
#1073=FACE_OUTER_BOUND('',#1553,.T.);
#1074=FACE_OUTER_BOUND('',#1554,.T.);
#1075=FACE_OUTER_BOUND('',#1555,.T.);
#1076=FACE_OUTER_BOUND('',#1556,.T.);
#1077=FACE_OUTER_BOUND('',#1557,.T.);
#1078=FACE_OUTER_BOUND('',#1558,.T.);
#1079=FACE_OUTER_BOUND('',#1559,.T.);
#1080=FACE_OUTER_BOUND('',#1560,.T.);
#1081=FACE_OUTER_BOUND('',#1561,.T.);
#1082=FACE_OUTER_BOUND('',#1562,.T.);
#1083=FACE_OUTER_BOUND('',#1563,.T.);
#1084=FACE_OUTER_BOUND('',#1564,.T.);
#1085=FACE_OUTER_BOUND('',#1565,.T.);
#1086=FACE_OUTER_BOUND('',#1566,.T.);
#1087=FACE_OUTER_BOUND('',#1567,.T.);
#1088=FACE_OUTER_BOUND('',#1568,.T.);
#1089=FACE_OUTER_BOUND('',#1569,.T.);
#1090=FACE_OUTER_BOUND('',#1570,.T.);
#1091=FACE_OUTER_BOUND('',#1571,.T.);
#1092=FACE_OUTER_BOUND('',#1572,.T.);
#1093=FACE_OUTER_BOUND('',#1573,.T.);
#1094=FACE_OUTER_BOUND('',#1574,.T.);
#1095=FACE_OUTER_BOUND('',#1575,.T.);
#1096=FACE_OUTER_BOUND('',#1576,.T.);
#1097=FACE_OUTER_BOUND('',#1577,.T.);
#1098=FACE_OUTER_BOUND('',#1578,.T.);
#1099=FACE_OUTER_BOUND('',#1579,.T.);
#1100=FACE_OUTER_BOUND('',#1580,.T.);
#1101=FACE_OUTER_BOUND('',#1581,.T.);
#1102=FACE_OUTER_BOUND('',#1582,.T.);
#1103=FACE_OUTER_BOUND('',#1583,.T.);
#1104=FACE_OUTER_BOUND('',#1584,.T.);
#1105=FACE_OUTER_BOUND('',#1585,.T.);
#1106=FACE_OUTER_BOUND('',#1586,.T.);
#1107=FACE_OUTER_BOUND('',#1587,.T.);
#1108=FACE_OUTER_BOUND('',#1588,.T.);
#1109=FACE_OUTER_BOUND('',#1589,.T.);
#1110=FACE_OUTER_BOUND('',#1590,.T.);
#1111=FACE_OUTER_BOUND('',#1591,.T.);
#1112=FACE_OUTER_BOUND('',#1592,.T.);
#1113=FACE_OUTER_BOUND('',#1593,.T.);
#1114=FACE_OUTER_BOUND('',#1594,.T.);
#1115=FACE_OUTER_BOUND('',#1595,.T.);
#1116=FACE_OUTER_BOUND('',#1596,.T.);
#1117=FACE_OUTER_BOUND('',#1597,.T.);
#1118=FACE_OUTER_BOUND('',#1598,.T.);
#1119=FACE_OUTER_BOUND('',#1599,.T.);
#1120=FACE_OUTER_BOUND('',#1600,.T.);
#1121=FACE_OUTER_BOUND('',#1601,.T.);
#1122=FACE_OUTER_BOUND('',#1602,.T.);
#1123=FACE_OUTER_BOUND('',#1603,.T.);
#1124=FACE_OUTER_BOUND('',#1604,.T.);
#1125=FACE_OUTER_BOUND('',#1605,.T.);
#1126=FACE_OUTER_BOUND('',#1606,.T.);
#1127=FACE_OUTER_BOUND('',#1607,.T.);
#1128=FACE_OUTER_BOUND('',#1608,.T.);
#1129=FACE_OUTER_BOUND('',#1609,.T.);
#1130=FACE_OUTER_BOUND('',#1610,.T.);
#1131=FACE_OUTER_BOUND('',#1611,.T.);
#1132=FACE_OUTER_BOUND('',#1612,.T.);
#1133=FACE_OUTER_BOUND('',#1613,.T.);
#1134=FACE_OUTER_BOUND('',#1614,.T.);
#1135=FACE_OUTER_BOUND('',#1615,.T.);
#1136=FACE_OUTER_BOUND('',#1616,.T.);
#1137=FACE_OUTER_BOUND('',#1617,.T.);
#1138=FACE_OUTER_BOUND('',#1618,.T.);
#1139=FACE_OUTER_BOUND('',#1619,.T.);
#1140=FACE_OUTER_BOUND('',#1620,.T.);
#1141=FACE_OUTER_BOUND('',#1621,.T.);
#1142=FACE_OUTER_BOUND('',#1622,.T.);
#1143=FACE_OUTER_BOUND('',#1623,.T.);
#1144=FACE_OUTER_BOUND('',#1624,.T.);
#1145=FACE_OUTER_BOUND('',#1625,.T.);
#1146=FACE_OUTER_BOUND('',#1626,.T.);
#1147=FACE_OUTER_BOUND('',#1627,.T.);
#1148=FACE_OUTER_BOUND('',#1628,.T.);
#1149=FACE_OUTER_BOUND('',#1629,.T.);
#1150=FACE_OUTER_BOUND('',#1630,.T.);
#1151=FACE_OUTER_BOUND('',#1631,.T.);
#1152=FACE_OUTER_BOUND('',#1632,.T.);
#1153=FACE_OUTER_BOUND('',#1633,.T.);
#1154=FACE_OUTER_BOUND('',#1634,.T.);
#1155=FACE_OUTER_BOUND('',#1635,.T.);
#1156=FACE_OUTER_BOUND('',#1636,.T.);
#1157=FACE_OUTER_BOUND('',#1637,.T.);
#1158=FACE_OUTER_BOUND('',#1638,.T.);
#1159=FACE_OUTER_BOUND('',#1639,.T.);
#1160=FACE_OUTER_BOUND('',#1640,.T.);
#1161=FACE_OUTER_BOUND('',#1641,.T.);
#1162=FACE_OUTER_BOUND('',#1642,.T.);
#1163=FACE_OUTER_BOUND('',#1643,.T.);
#1164=FACE_OUTER_BOUND('',#1644,.T.);
#1165=FACE_OUTER_BOUND('',#1645,.T.);
#1166=FACE_OUTER_BOUND('',#1646,.T.);
#1167=FACE_OUTER_BOUND('',#1647,.T.);
#1168=FACE_OUTER_BOUND('',#1648,.T.);
#1169=FACE_OUTER_BOUND('',#1649,.T.);
#1170=FACE_OUTER_BOUND('',#1650,.T.);
#1171=FACE_OUTER_BOUND('',#1651,.T.);
#1172=FACE_OUTER_BOUND('',#1652,.T.);
#1173=FACE_OUTER_BOUND('',#1653,.T.);
#1174=FACE_OUTER_BOUND('',#1654,.T.);
#1175=FACE_OUTER_BOUND('',#1655,.T.);
#1176=FACE_OUTER_BOUND('',#1656,.T.);
#1177=FACE_OUTER_BOUND('',#1657,.T.);
#1178=FACE_OUTER_BOUND('',#1658,.T.);
#1179=FACE_OUTER_BOUND('',#1659,.T.);
#1180=FACE_OUTER_BOUND('',#1660,.T.);
#1181=FACE_OUTER_BOUND('',#1662,.T.);
#1182=FACE_OUTER_BOUND('',#1664,.T.);
#1183=FACE_OUTER_BOUND('',#1666,.T.);
#1184=FACE_OUTER_BOUND('',#1668,.T.);
#1185=FACE_OUTER_BOUND('',#1670,.T.);
#1186=FACE_OUTER_BOUND('',#1672,.T.);
#1187=FACE_OUTER_BOUND('',#1674,.T.);
#1188=FACE_OUTER_BOUND('',#1676,.T.);
#1189=FACE_OUTER_BOUND('',#1678,.T.);
#1190=FACE_OUTER_BOUND('',#1680,.T.);
#1191=FACE_OUTER_BOUND('',#1682,.T.);
#1192=FACE_OUTER_BOUND('',#1684,.T.);
#1193=FACE_OUTER_BOUND('',#1686,.T.);
#1194=FACE_OUTER_BOUND('',#1688,.T.);
#1195=FACE_OUTER_BOUND('',#1690,.T.);
#1196=FACE_OUTER_BOUND('',#1692,.T.);
#1197=FACE_OUTER_BOUND('',#1694,.T.);
#1198=FACE_OUTER_BOUND('',#1696,.T.);
#1199=FACE_OUTER_BOUND('',#1698,.T.);
#1200=FACE_OUTER_BOUND('',#1700,.T.);
#1201=FACE_OUTER_BOUND('',#1702,.T.);
#1202=FACE_OUTER_BOUND('',#1704,.T.);
#1203=FACE_OUTER_BOUND('',#1706,.T.);
#1204=FACE_OUTER_BOUND('',#1708,.T.);
#1205=FACE_OUTER_BOUND('',#1710,.T.);
#1206=FACE_OUTER_BOUND('',#1712,.T.);
#1207=FACE_OUTER_BOUND('',#1714,.T.);
#1208=FACE_OUTER_BOUND('',#1716,.T.);
#1209=FACE_OUTER_BOUND('',#1718,.T.);
#1210=FACE_OUTER_BOUND('',#1720,.T.);
#1211=FACE_OUTER_BOUND('',#1722,.T.);
#1212=FACE_OUTER_BOUND('',#1724,.T.);
#1213=FACE_OUTER_BOUND('',#1726,.T.);
#1214=FACE_OUTER_BOUND('',#1728,.T.);
#1215=FACE_OUTER_BOUND('',#1730,.T.);
#1216=FACE_OUTER_BOUND('',#1732,.T.);
#1217=FACE_OUTER_BOUND('',#1734,.T.);
#1218=FACE_OUTER_BOUND('',#1736,.T.);
#1219=FACE_OUTER_BOUND('',#1738,.T.);
#1220=FACE_OUTER_BOUND('',#1740,.T.);
#1221=FACE_OUTER_BOUND('',#1742,.T.);
#1222=FACE_OUTER_BOUND('',#1744,.T.);
#1223=FACE_OUTER_BOUND('',#1746,.T.);
#1224=FACE_OUTER_BOUND('',#1748,.T.);
#1225=FACE_OUTER_BOUND('',#1750,.T.);
#1226=FACE_OUTER_BOUND('',#1752,.T.);
#1227=FACE_OUTER_BOUND('',#1754,.T.);
#1228=FACE_OUTER_BOUND('',#1756,.T.);
#1229=FACE_OUTER_BOUND('',#1758,.T.);
#1230=FACE_OUTER_BOUND('',#1760,.T.);
#1231=FACE_OUTER_BOUND('',#1762,.T.);
#1232=FACE_OUTER_BOUND('',#1764,.T.);
#1233=FACE_OUTER_BOUND('',#1766,.T.);
#1234=FACE_OUTER_BOUND('',#1768,.T.);
#1235=FACE_OUTER_BOUND('',#1770,.T.);
#1236=FACE_OUTER_BOUND('',#1772,.T.);
#1237=FACE_OUTER_BOUND('',#1774,.T.);
#1238=FACE_OUTER_BOUND('',#1776,.T.);
#1239=FACE_OUTER_BOUND('',#1778,.T.);
#1240=FACE_OUTER_BOUND('',#1780,.T.);
#1241=FACE_OUTER_BOUND('',#1782,.T.);
#1242=FACE_OUTER_BOUND('',#1784,.T.);
#1243=FACE_OUTER_BOUND('',#1786,.T.);
#1244=FACE_OUTER_BOUND('',#1788,.T.);
#1245=FACE_OUTER_BOUND('',#1789,.T.);
#1246=FACE_OUTER_BOUND('',#1790,.T.);
#1247=FACE_OUTER_BOUND('',#1791,.T.);
#1248=FACE_OUTER_BOUND('',#1792,.T.);
#1249=FACE_OUTER_BOUND('',#1793,.T.);
#1250=FACE_OUTER_BOUND('',#1794,.T.);
#1251=FACE_OUTER_BOUND('',#1795,.T.);
#1252=FACE_OUTER_BOUND('',#1796,.T.);
#1253=FACE_OUTER_BOUND('',#1797,.T.);
#1254=FACE_OUTER_BOUND('',#1798,.T.);
#1255=FACE_OUTER_BOUND('',#1799,.T.);
#1256=FACE_OUTER_BOUND('',#1800,.T.);
#1257=FACE_OUTER_BOUND('',#1801,.T.);
#1258=FACE_OUTER_BOUND('',#1802,.T.);
#1259=FACE_OUTER_BOUND('',#1803,.T.);
#1260=FACE_OUTER_BOUND('',#1804,.T.);
#1261=FACE_OUTER_BOUND('',#1805,.T.);
#1262=FACE_OUTER_BOUND('',#1806,.T.);
#1263=FACE_OUTER_BOUND('',#1807,.T.);
#1264=FACE_OUTER_BOUND('',#1808,.T.);
#1265=FACE_OUTER_BOUND('',#1809,.T.);
#1266=FACE_OUTER_BOUND('',#1810,.T.);
#1267=FACE_OUTER_BOUND('',#1811,.T.);
#1268=FACE_OUTER_BOUND('',#1812,.T.);
#1269=FACE_OUTER_BOUND('',#1813,.T.);
#1270=FACE_OUTER_BOUND('',#1814,.T.);
#1271=FACE_OUTER_BOUND('',#1815,.T.);
#1272=FACE_OUTER_BOUND('',#1816,.T.);
#1273=FACE_OUTER_BOUND('',#1817,.T.);
#1274=FACE_OUTER_BOUND('',#1818,.T.);
#1275=FACE_OUTER_BOUND('',#1819,.T.);
#1276=FACE_OUTER_BOUND('',#1820,.T.);
#1277=FACE_OUTER_BOUND('',#1821,.T.);
#1278=FACE_OUTER_BOUND('',#1822,.T.);
#1279=FACE_OUTER_BOUND('',#1823,.T.);
#1280=FACE_OUTER_BOUND('',#1824,.T.);
#1281=FACE_OUTER_BOUND('',#1825,.T.);
#1282=FACE_OUTER_BOUND('',#1826,.T.);
#1283=FACE_OUTER_BOUND('',#1827,.T.);
#1284=FACE_OUTER_BOUND('',#1828,.T.);
#1285=FACE_OUTER_BOUND('',#1829,.T.);
#1286=FACE_OUTER_BOUND('',#1830,.T.);
#1287=FACE_OUTER_BOUND('',#1831,.T.);
#1288=FACE_OUTER_BOUND('',#1832,.T.);
#1289=FACE_OUTER_BOUND('',#1833,.T.);
#1290=FACE_OUTER_BOUND('',#1834,.T.);
#1291=FACE_OUTER_BOUND('',#1835,.T.);
#1292=FACE_OUTER_BOUND('',#1836,.T.);
#1293=FACE_OUTER_BOUND('',#1837,.T.);
#1294=FACE_OUTER_BOUND('',#1838,.T.);
#1295=FACE_OUTER_BOUND('',#1839,.T.);
#1296=FACE_OUTER_BOUND('',#1840,.T.);
#1297=FACE_OUTER_BOUND('',#1841,.T.);
#1298=FACE_OUTER_BOUND('',#1842,.T.);
#1299=FACE_OUTER_BOUND('',#1843,.T.);
#1300=FACE_OUTER_BOUND('',#1844,.T.);
#1301=FACE_OUTER_BOUND('',#1845,.T.);
#1302=FACE_OUTER_BOUND('',#1846,.T.);
#1303=FACE_OUTER_BOUND('',#1847,.T.);
#1304=FACE_OUTER_BOUND('',#1848,.T.);
#1305=FACE_OUTER_BOUND('',#1849,.T.);
#1306=FACE_OUTER_BOUND('',#1850,.T.);
#1307=FACE_OUTER_BOUND('',#1851,.T.);
#1308=FACE_OUTER_BOUND('',#1852,.T.);
#1309=FACE_OUTER_BOUND('',#1853,.T.);
#1310=FACE_OUTER_BOUND('',#1854,.T.);
#1311=FACE_OUTER_BOUND('',#1855,.T.);
#1312=FACE_OUTER_BOUND('',#1856,.T.);
#1313=FACE_OUTER_BOUND('',#1857,.T.);
#1314=FACE_OUTER_BOUND('',#1858,.T.);
#1315=FACE_OUTER_BOUND('',#1859,.T.);
#1316=FACE_OUTER_BOUND('',#1860,.T.);
#1317=FACE_OUTER_BOUND('',#1861,.T.);
#1318=FACE_OUTER_BOUND('',#1862,.T.);
#1319=FACE_OUTER_BOUND('',#1863,.T.);
#1320=FACE_OUTER_BOUND('',#1864,.T.);
#1321=FACE_OUTER_BOUND('',#1865,.T.);
#1322=FACE_OUTER_BOUND('',#1866,.T.);
#1323=FACE_OUTER_BOUND('',#1867,.T.);
#1324=FACE_OUTER_BOUND('',#1868,.T.);
#1325=FACE_OUTER_BOUND('',#1869,.T.);
#1326=FACE_OUTER_BOUND('',#1870,.T.);
#1327=FACE_OUTER_BOUND('',#1871,.T.);
#1328=FACE_OUTER_BOUND('',#1872,.T.);
#1329=FACE_OUTER_BOUND('',#1873,.T.);
#1330=FACE_OUTER_BOUND('',#1874,.T.);
#1331=FACE_OUTER_BOUND('',#1875,.T.);
#1332=FACE_OUTER_BOUND('',#1876,.T.);
#1333=FACE_OUTER_BOUND('',#1877,.T.);
#1334=FACE_OUTER_BOUND('',#1878,.T.);
#1335=FACE_OUTER_BOUND('',#1879,.T.);
#1336=FACE_OUTER_BOUND('',#1880,.T.);
#1337=FACE_OUTER_BOUND('',#1881,.T.);
#1338=FACE_OUTER_BOUND('',#1882,.T.);
#1339=FACE_OUTER_BOUND('',#1883,.T.);
#1340=FACE_OUTER_BOUND('',#1884,.T.);
#1341=FACE_OUTER_BOUND('',#1885,.T.);
#1342=FACE_OUTER_BOUND('',#1886,.T.);
#1343=FACE_OUTER_BOUND('',#1887,.T.);
#1344=FACE_OUTER_BOUND('',#1888,.T.);
#1345=FACE_OUTER_BOUND('',#1889,.T.);
#1346=FACE_OUTER_BOUND('',#1890,.T.);
#1347=FACE_OUTER_BOUND('',#1891,.T.);
#1348=FACE_OUTER_BOUND('',#1892,.T.);
#1349=FACE_OUTER_BOUND('',#1893,.T.);
#1350=FACE_OUTER_BOUND('',#1894,.T.);
#1351=FACE_OUTER_BOUND('',#1895,.T.);
#1352=FACE_OUTER_BOUND('',#1896,.T.);
#1353=FACE_OUTER_BOUND('',#1897,.T.);
#1354=FACE_OUTER_BOUND('',#1898,.T.);
#1355=FACE_OUTER_BOUND('',#1899,.T.);
#1356=FACE_OUTER_BOUND('',#1900,.T.);
#1357=FACE_OUTER_BOUND('',#1901,.T.);
#1358=FACE_OUTER_BOUND('',#1902,.T.);
#1359=FACE_OUTER_BOUND('',#1903,.T.);
#1360=FACE_OUTER_BOUND('',#1904,.T.);
#1361=FACE_OUTER_BOUND('',#1905,.T.);
#1362=FACE_OUTER_BOUND('',#1906,.T.);
#1363=FACE_OUTER_BOUND('',#1907,.T.);
#1364=FACE_OUTER_BOUND('',#1908,.T.);
#1365=FACE_OUTER_BOUND('',#1909,.T.);
#1366=FACE_OUTER_BOUND('',#1910,.T.);
#1367=FACE_OUTER_BOUND('',#1911,.T.);
#1368=FACE_OUTER_BOUND('',#1912,.T.);
#1369=FACE_OUTER_BOUND('',#1913,.T.);
#1370=FACE_OUTER_BOUND('',#1914,.T.);
#1371=FACE_OUTER_BOUND('',#1915,.T.);
#1372=FACE_OUTER_BOUND('',#1916,.T.);
#1373=FACE_OUTER_BOUND('',#1917,.T.);
#1374=FACE_OUTER_BOUND('',#1918,.T.);
#1375=FACE_OUTER_BOUND('',#1919,.T.);
#1376=FACE_OUTER_BOUND('',#1920,.T.);
#1377=FACE_OUTER_BOUND('',#1921,.T.);
#1378=FACE_OUTER_BOUND('',#1922,.T.);
#1379=FACE_OUTER_BOUND('',#1923,.T.);
#1380=FACE_OUTER_BOUND('',#1924,.T.);
#1381=FACE_OUTER_BOUND('',#1925,.T.);
#1382=FACE_OUTER_BOUND('',#1926,.T.);
#1383=FACE_OUTER_BOUND('',#1927,.T.);
#1384=FACE_OUTER_BOUND('',#1928,.T.);
#1385=FACE_OUTER_BOUND('',#1929,.T.);
#1386=FACE_OUTER_BOUND('',#1930,.T.);
#1387=FACE_OUTER_BOUND('',#1931,.T.);
#1388=FACE_OUTER_BOUND('',#1932,.T.);
#1389=FACE_OUTER_BOUND('',#1933,.T.);
#1390=FACE_OUTER_BOUND('',#1934,.T.);
#1391=FACE_OUTER_BOUND('',#1935,.T.);
#1392=FACE_OUTER_BOUND('',#1936,.T.);
#1393=FACE_OUTER_BOUND('',#1937,.T.);
#1394=FACE_OUTER_BOUND('',#1938,.T.);
#1395=FACE_OUTER_BOUND('',#1939,.T.);
#1396=FACE_OUTER_BOUND('',#1940,.T.);
#1397=FACE_OUTER_BOUND('',#1941,.T.);
#1398=FACE_OUTER_BOUND('',#1942,.T.);
#1399=FACE_OUTER_BOUND('',#1943,.T.);
#1400=FACE_OUTER_BOUND('',#1944,.T.);
#1401=FACE_OUTER_BOUND('',#1945,.T.);
#1402=FACE_OUTER_BOUND('',#1946,.T.);
#1403=FACE_OUTER_BOUND('',#1947,.T.);
#1404=FACE_OUTER_BOUND('',#1948,.T.);
#1405=FACE_OUTER_BOUND('',#1949,.T.);
#1406=FACE_OUTER_BOUND('',#1950,.T.);
#1407=FACE_OUTER_BOUND('',#1951,.T.);
#1408=FACE_OUTER_BOUND('',#1952,.T.);
#1409=FACE_OUTER_BOUND('',#1953,.T.);
#1410=FACE_OUTER_BOUND('',#1954,.T.);
#1411=FACE_OUTER_BOUND('',#1955,.T.);
#1412=FACE_OUTER_BOUND('',#1956,.T.);
#1413=FACE_OUTER_BOUND('',#1957,.T.);
#1414=FACE_OUTER_BOUND('',#1958,.T.);
#1415=FACE_OUTER_BOUND('',#1959,.T.);
#1416=FACE_OUTER_BOUND('',#1960,.T.);
#1417=FACE_OUTER_BOUND('',#1961,.T.);
#1418=FACE_OUTER_BOUND('',#1962,.T.);
#1419=FACE_OUTER_BOUND('',#1963,.T.);
#1420=FACE_OUTER_BOUND('',#1964,.T.);
#1421=EDGE_LOOP('',(#4481,#4482,#4483,#4484));
#1422=EDGE_LOOP('',(#4485,#4486,#4487,#4488,#4489,#4490,#4491,#4492,#4493,
#4494,#4495,#4496,#4497,#4498,#4499,#4500,#4501,#4502,#4503,#4504,#4505,
#4506,#4507,#4508,#4509,#4510,#4511,#4512,#4513,#4514,#4515,#4516,#4517,
#4518,#4519,#4520,#4521,#4522,#4523,#4524,#4525,#4526,#4527,#4528,#4529,
#4530,#4531,#4532,#4533,#4534,#4535,#4536,#4537,#4538,#4539,#4540,#4541,
#4542,#4543,#4544,#4545,#4546,#4547,#4548,#4549,#4550,#4551,#4552,#4553,
#4554,#4555,#4556,#4557,#4558,#4559,#4560));
#1423=EDGE_LOOP('',(#4561,#4562,#4563,#4564,#4565,#4566,#4567,#4568,#4569,
#4570,#4571,#4572,#4573,#4574,#4575,#4576,#4577,#4578,#4579,#4580,#4581,
#4582,#4583,#4584,#4585,#4586,#4587,#4588,#4589,#4590,#4591,#4592,#4593,
#4594,#4595,#4596,#4597,#4598,#4599,#4600,#4601,#4602,#4603,#4604,#4605,
#4606,#4607,#4608,#4609,#4610,#4611,#4612,#4613,#4614,#4615,#4616,#4617,
#4618,#4619,#4620,#4621,#4622,#4623,#4624,#4625,#4626,#4627,#4628,#4629,
#4630,#4631,#4632));
#1424=EDGE_LOOP('',(#4633));
#1425=EDGE_LOOP('',(#4634));
#1426=EDGE_LOOP('',(#4635));
#1427=EDGE_LOOP('',(#4636));
#1428=EDGE_LOOP('',(#4637));
#1429=EDGE_LOOP('',(#4638));
#1430=EDGE_LOOP('',(#4639));
#1431=EDGE_LOOP('',(#4640));
#1432=EDGE_LOOP('',(#4641));
#1433=EDGE_LOOP('',(#4642));
#1434=EDGE_LOOP('',(#4643));
#1435=EDGE_LOOP('',(#4644));
#1436=EDGE_LOOP('',(#4645));
#1437=EDGE_LOOP('',(#4646));
#1438=EDGE_LOOP('',(#4647));
#1439=EDGE_LOOP('',(#4648));
#1440=EDGE_LOOP('',(#4649));
#1441=EDGE_LOOP('',(#4650));
#1442=EDGE_LOOP('',(#4651));
#1443=EDGE_LOOP('',(#4652));
#1444=EDGE_LOOP('',(#4653));
#1445=EDGE_LOOP('',(#4654));
#1446=EDGE_LOOP('',(#4655));
#1447=EDGE_LOOP('',(#4656));
#1448=EDGE_LOOP('',(#4657));
#1449=EDGE_LOOP('',(#4658));
#1450=EDGE_LOOP('',(#4659));
#1451=EDGE_LOOP('',(#4660));
#1452=EDGE_LOOP('',(#4661));
#1453=EDGE_LOOP('',(#4662));
#1454=EDGE_LOOP('',(#4663));
#1455=EDGE_LOOP('',(#4664));
#1456=EDGE_LOOP('',(#4665));
#1457=EDGE_LOOP('',(#4666));
#1458=EDGE_LOOP('',(#4667));
#1459=EDGE_LOOP('',(#4668));
#1460=EDGE_LOOP('',(#4669,#4670,#4671,#4672,#4673,#4674,#4675,#4676,#4677,
#4678,#4679,#4680,#4681,#4682,#4683,#4684,#4685,#4686,#4687,#4688,#4689,
#4690,#4691,#4692,#4693,#4694,#4695,#4696,#4697,#4698,#4699,#4700,#4701,
#4702,#4703,#4704,#4705,#4706,#4707,#4708,#4709,#4710,#4711,#4712,#4713,
#4714,#4715,#4716,#4717,#4718,#4719,#4720,#4721,#4722,#4723,#4724,#4725,
#4726,#4727,#4728,#4729,#4730,#4731,#4732,#4733,#4734,#4735,#4736,#4737,
#4738,#4739,#4740));
#1461=EDGE_LOOP('',(#4741));
#1462=EDGE_LOOP('',(#4742));
#1463=EDGE_LOOP('',(#4743));
#1464=EDGE_LOOP('',(#4744));
#1465=EDGE_LOOP('',(#4745));
#1466=EDGE_LOOP('',(#4746));
#1467=EDGE_LOOP('',(#4747));
#1468=EDGE_LOOP('',(#4748));
#1469=EDGE_LOOP('',(#4749));
#1470=EDGE_LOOP('',(#4750));
#1471=EDGE_LOOP('',(#4751));
#1472=EDGE_LOOP('',(#4752));
#1473=EDGE_LOOP('',(#4753));
#1474=EDGE_LOOP('',(#4754));
#1475=EDGE_LOOP('',(#4755));
#1476=EDGE_LOOP('',(#4756));
#1477=EDGE_LOOP('',(#4757));
#1478=EDGE_LOOP('',(#4758));
#1479=EDGE_LOOP('',(#4759));
#1480=EDGE_LOOP('',(#4760));
#1481=EDGE_LOOP('',(#4761));
#1482=EDGE_LOOP('',(#4762));
#1483=EDGE_LOOP('',(#4763));
#1484=EDGE_LOOP('',(#4764));
#1485=EDGE_LOOP('',(#4765));
#1486=EDGE_LOOP('',(#4766));
#1487=EDGE_LOOP('',(#4767));
#1488=EDGE_LOOP('',(#4768));
#1489=EDGE_LOOP('',(#4769));
#1490=EDGE_LOOP('',(#4770));
#1491=EDGE_LOOP('',(#4771));
#1492=EDGE_LOOP('',(#4772));
#1493=EDGE_LOOP('',(#4773));
#1494=EDGE_LOOP('',(#4774));
#1495=EDGE_LOOP('',(#4775));
#1496=EDGE_LOOP('',(#4776));
#1497=EDGE_LOOP('',(#4777));
#1498=EDGE_LOOP('',(#4778));
#1499=EDGE_LOOP('',(#4779));
#1500=EDGE_LOOP('',(#4780));
#1501=EDGE_LOOP('',(#4781));
#1502=EDGE_LOOP('',(#4782));
#1503=EDGE_LOOP('',(#4783));
#1504=EDGE_LOOP('',(#4784));
#1505=EDGE_LOOP('',(#4785));
#1506=EDGE_LOOP('',(#4786));
#1507=EDGE_LOOP('',(#4787));
#1508=EDGE_LOOP('',(#4788));
#1509=EDGE_LOOP('',(#4789));
#1510=EDGE_LOOP('',(#4790));
#1511=EDGE_LOOP('',(#4791));
#1512=EDGE_LOOP('',(#4792));
#1513=EDGE_LOOP('',(#4793));
#1514=EDGE_LOOP('',(#4794));
#1515=EDGE_LOOP('',(#4795));
#1516=EDGE_LOOP('',(#4796));
#1517=EDGE_LOOP('',(#4797));
#1518=EDGE_LOOP('',(#4798));
#1519=EDGE_LOOP('',(#4799));
#1520=EDGE_LOOP('',(#4800));
#1521=EDGE_LOOP('',(#4801));
#1522=EDGE_LOOP('',(#4802));
#1523=EDGE_LOOP('',(#4803));
#1524=EDGE_LOOP('',(#4804));
#1525=EDGE_LOOP('',(#4805,#4806,#4807,#4808));
#1526=EDGE_LOOP('',(#4809,#4810,#4811,#4812));
#1527=EDGE_LOOP('',(#4813,#4814,#4815,#4816));
#1528=EDGE_LOOP('',(#4817,#4818,#4819,#4820));
#1529=EDGE_LOOP('',(#4821,#4822,#4823,#4824));
#1530=EDGE_LOOP('',(#4825,#4826,#4827,#4828));
#1531=EDGE_LOOP('',(#4829,#4830,#4831,#4832));
#1532=EDGE_LOOP('',(#4833,#4834,#4835,#4836));
#1533=EDGE_LOOP('',(#4837,#4838,#4839,#4840));
#1534=EDGE_LOOP('',(#4841,#4842,#4843,#4844));
#1535=EDGE_LOOP('',(#4845,#4846,#4847,#4848));
#1536=EDGE_LOOP('',(#4849,#4850,#4851,#4852));
#1537=EDGE_LOOP('',(#4853,#4854,#4855,#4856));
#1538=EDGE_LOOP('',(#4857,#4858,#4859,#4860));
#1539=EDGE_LOOP('',(#4861,#4862,#4863,#4864));
#1540=EDGE_LOOP('',(#4865,#4866,#4867,#4868));
#1541=EDGE_LOOP('',(#4869,#4870,#4871,#4872));
#1542=EDGE_LOOP('',(#4873,#4874,#4875,#4876));
#1543=EDGE_LOOP('',(#4877,#4878,#4879,#4880));
#1544=EDGE_LOOP('',(#4881,#4882,#4883,#4884));
#1545=EDGE_LOOP('',(#4885,#4886,#4887,#4888));
#1546=EDGE_LOOP('',(#4889,#4890,#4891,#4892));
#1547=EDGE_LOOP('',(#4893,#4894,#4895,#4896));
#1548=EDGE_LOOP('',(#4897,#4898,#4899,#4900));
#1549=EDGE_LOOP('',(#4901,#4902,#4903,#4904));
#1550=EDGE_LOOP('',(#4905,#4906,#4907,#4908));
#1551=EDGE_LOOP('',(#4909,#4910,#4911,#4912));
#1552=EDGE_LOOP('',(#4913,#4914,#4915,#4916));
#1553=EDGE_LOOP('',(#4917,#4918,#4919,#4920));
#1554=EDGE_LOOP('',(#4921,#4922,#4923,#4924));
#1555=EDGE_LOOP('',(#4925,#4926,#4927,#4928));
#1556=EDGE_LOOP('',(#4929,#4930,#4931,#4932));
#1557=EDGE_LOOP('',(#4933,#4934,#4935,#4936));
#1558=EDGE_LOOP('',(#4937,#4938,#4939,#4940));
#1559=EDGE_LOOP('',(#4941,#4942,#4943,#4944));
#1560=EDGE_LOOP('',(#4945,#4946,#4947,#4948));
#1561=EDGE_LOOP('',(#4949,#4950,#4951,#4952));
#1562=EDGE_LOOP('',(#4953,#4954,#4955,#4956));
#1563=EDGE_LOOP('',(#4957,#4958,#4959,#4960));
#1564=EDGE_LOOP('',(#4961,#4962,#4963,#4964));
#1565=EDGE_LOOP('',(#4965,#4966,#4967,#4968));
#1566=EDGE_LOOP('',(#4969,#4970,#4971,#4972));
#1567=EDGE_LOOP('',(#4973,#4974,#4975,#4976));
#1568=EDGE_LOOP('',(#4977,#4978,#4979,#4980));
#1569=EDGE_LOOP('',(#4981,#4982,#4983,#4984));
#1570=EDGE_LOOP('',(#4985,#4986,#4987,#4988));
#1571=EDGE_LOOP('',(#4989,#4990,#4991,#4992));
#1572=EDGE_LOOP('',(#4993,#4994,#4995,#4996));
#1573=EDGE_LOOP('',(#4997,#4998,#4999,#5000));
#1574=EDGE_LOOP('',(#5001,#5002,#5003,#5004));
#1575=EDGE_LOOP('',(#5005,#5006,#5007,#5008));
#1576=EDGE_LOOP('',(#5009,#5010,#5011,#5012));
#1577=EDGE_LOOP('',(#5013,#5014,#5015,#5016));
#1578=EDGE_LOOP('',(#5017,#5018,#5019,#5020));
#1579=EDGE_LOOP('',(#5021,#5022,#5023,#5024));
#1580=EDGE_LOOP('',(#5025,#5026,#5027,#5028));
#1581=EDGE_LOOP('',(#5029,#5030,#5031,#5032));
#1582=EDGE_LOOP('',(#5033,#5034,#5035,#5036));
#1583=EDGE_LOOP('',(#5037,#5038,#5039,#5040));
#1584=EDGE_LOOP('',(#5041,#5042,#5043,#5044));
#1585=EDGE_LOOP('',(#5045,#5046,#5047,#5048));
#1586=EDGE_LOOP('',(#5049,#5050,#5051,#5052));
#1587=EDGE_LOOP('',(#5053,#5054,#5055,#5056));
#1588=EDGE_LOOP('',(#5057,#5058,#5059,#5060));
#1589=EDGE_LOOP('',(#5061,#5062,#5063,#5064));
#1590=EDGE_LOOP('',(#5065,#5066,#5067,#5068));
#1591=EDGE_LOOP('',(#5069,#5070,#5071,#5072));
#1592=EDGE_LOOP('',(#5073,#5074,#5075,#5076));
#1593=EDGE_LOOP('',(#5077,#5078,#5079,#5080));
#1594=EDGE_LOOP('',(#5081,#5082,#5083,#5084));
#1595=EDGE_LOOP('',(#5085,#5086,#5087,#5088));
#1596=EDGE_LOOP('',(#5089,#5090,#5091,#5092));
#1597=EDGE_LOOP('',(#5093,#5094,#5095,#5096));
#1598=EDGE_LOOP('',(#5097,#5098,#5099,#5100));
#1599=EDGE_LOOP('',(#5101,#5102,#5103,#5104));
#1600=EDGE_LOOP('',(#5105,#5106,#5107,#5108));
#1601=EDGE_LOOP('',(#5109,#5110,#5111,#5112));
#1602=EDGE_LOOP('',(#5113,#5114,#5115,#5116));
#1603=EDGE_LOOP('',(#5117,#5118,#5119,#5120));
#1604=EDGE_LOOP('',(#5121,#5122,#5123,#5124));
#1605=EDGE_LOOP('',(#5125,#5126,#5127,#5128));
#1606=EDGE_LOOP('',(#5129,#5130,#5131,#5132));
#1607=EDGE_LOOP('',(#5133,#5134,#5135,#5136));
#1608=EDGE_LOOP('',(#5137,#5138,#5139,#5140));
#1609=EDGE_LOOP('',(#5141,#5142,#5143,#5144));
#1610=EDGE_LOOP('',(#5145,#5146,#5147,#5148));
#1611=EDGE_LOOP('',(#5149,#5150,#5151,#5152));
#1612=EDGE_LOOP('',(#5153,#5154,#5155,#5156));
#1613=EDGE_LOOP('',(#5157,#5158,#5159,#5160));
#1614=EDGE_LOOP('',(#5161,#5162,#5163,#5164));
#1615=EDGE_LOOP('',(#5165,#5166,#5167,#5168));
#1616=EDGE_LOOP('',(#5169,#5170,#5171,#5172));
#1617=EDGE_LOOP('',(#5173,#5174,#5175,#5176));
#1618=EDGE_LOOP('',(#5177,#5178,#5179,#5180));
#1619=EDGE_LOOP('',(#5181,#5182,#5183,#5184));
#1620=EDGE_LOOP('',(#5185,#5186,#5187,#5188));
#1621=EDGE_LOOP('',(#5189,#5190,#5191,#5192));
#1622=EDGE_LOOP('',(#5193,#5194,#5195,#5196));
#1623=EDGE_LOOP('',(#5197,#5198,#5199,#5200));
#1624=EDGE_LOOP('',(#5201,#5202,#5203,#5204));
#1625=EDGE_LOOP('',(#5205,#5206,#5207,#5208));
#1626=EDGE_LOOP('',(#5209,#5210,#5211,#5212));
#1627=EDGE_LOOP('',(#5213,#5214,#5215,#5216));
#1628=EDGE_LOOP('',(#5217,#5218,#5219,#5220));
#1629=EDGE_LOOP('',(#5221,#5222,#5223,#5224));
#1630=EDGE_LOOP('',(#5225,#5226,#5227,#5228));
#1631=EDGE_LOOP('',(#5229,#5230,#5231,#5232));
#1632=EDGE_LOOP('',(#5233,#5234,#5235,#5236));
#1633=EDGE_LOOP('',(#5237,#5238,#5239,#5240));
#1634=EDGE_LOOP('',(#5241,#5242,#5243,#5244));
#1635=EDGE_LOOP('',(#5245,#5246,#5247,#5248));
#1636=EDGE_LOOP('',(#5249,#5250,#5251,#5252));
#1637=EDGE_LOOP('',(#5253,#5254,#5255,#5256));
#1638=EDGE_LOOP('',(#5257,#5258,#5259,#5260));
#1639=EDGE_LOOP('',(#5261,#5262,#5263,#5264));
#1640=EDGE_LOOP('',(#5265,#5266,#5267,#5268));
#1641=EDGE_LOOP('',(#5269,#5270,#5271,#5272));
#1642=EDGE_LOOP('',(#5273,#5274,#5275,#5276));
#1643=EDGE_LOOP('',(#5277,#5278,#5279,#5280));
#1644=EDGE_LOOP('',(#5281,#5282,#5283,#5284));
#1645=EDGE_LOOP('',(#5285,#5286,#5287,#5288));
#1646=EDGE_LOOP('',(#5289,#5290,#5291,#5292));
#1647=EDGE_LOOP('',(#5293,#5294,#5295,#5296));
#1648=EDGE_LOOP('',(#5297,#5298,#5299,#5300));
#1649=EDGE_LOOP('',(#5301,#5302,#5303,#5304));
#1650=EDGE_LOOP('',(#5305,#5306,#5307,#5308));
#1651=EDGE_LOOP('',(#5309,#5310,#5311,#5312));
#1652=EDGE_LOOP('',(#5313,#5314,#5315,#5316));
#1653=EDGE_LOOP('',(#5317,#5318,#5319,#5320));
#1654=EDGE_LOOP('',(#5321,#5322,#5323,#5324));
#1655=EDGE_LOOP('',(#5325,#5326,#5327,#5328));
#1656=EDGE_LOOP('',(#5329,#5330,#5331,#5332));
#1657=EDGE_LOOP('',(#5333,#5334,#5335,#5336));
#1658=EDGE_LOOP('',(#5337,#5338,#5339,#5340));
#1659=EDGE_LOOP('',(#5341,#5342,#5343,#5344));
#1660=EDGE_LOOP('',(#5345));
#1661=EDGE_LOOP('',(#5346));
#1662=EDGE_LOOP('',(#5347));
#1663=EDGE_LOOP('',(#5348));
#1664=EDGE_LOOP('',(#5349));
#1665=EDGE_LOOP('',(#5350));
#1666=EDGE_LOOP('',(#5351));
#1667=EDGE_LOOP('',(#5352));
#1668=EDGE_LOOP('',(#5353));
#1669=EDGE_LOOP('',(#5354));
#1670=EDGE_LOOP('',(#5355));
#1671=EDGE_LOOP('',(#5356));
#1672=EDGE_LOOP('',(#5357));
#1673=EDGE_LOOP('',(#5358));
#1674=EDGE_LOOP('',(#5359));
#1675=EDGE_LOOP('',(#5360));
#1676=EDGE_LOOP('',(#5361));
#1677=EDGE_LOOP('',(#5362));
#1678=EDGE_LOOP('',(#5363));
#1679=EDGE_LOOP('',(#5364));
#1680=EDGE_LOOP('',(#5365));
#1681=EDGE_LOOP('',(#5366));
#1682=EDGE_LOOP('',(#5367));
#1683=EDGE_LOOP('',(#5368));
#1684=EDGE_LOOP('',(#5369));
#1685=EDGE_LOOP('',(#5370));
#1686=EDGE_LOOP('',(#5371));
#1687=EDGE_LOOP('',(#5372));
#1688=EDGE_LOOP('',(#5373));
#1689=EDGE_LOOP('',(#5374));
#1690=EDGE_LOOP('',(#5375));
#1691=EDGE_LOOP('',(#5376));
#1692=EDGE_LOOP('',(#5377));
#1693=EDGE_LOOP('',(#5378));
#1694=EDGE_LOOP('',(#5379));
#1695=EDGE_LOOP('',(#5380));
#1696=EDGE_LOOP('',(#5381));
#1697=EDGE_LOOP('',(#5382));
#1698=EDGE_LOOP('',(#5383));
#1699=EDGE_LOOP('',(#5384));
#1700=EDGE_LOOP('',(#5385));
#1701=EDGE_LOOP('',(#5386));
#1702=EDGE_LOOP('',(#5387));
#1703=EDGE_LOOP('',(#5388));
#1704=EDGE_LOOP('',(#5389));
#1705=EDGE_LOOP('',(#5390));
#1706=EDGE_LOOP('',(#5391));
#1707=EDGE_LOOP('',(#5392));
#1708=EDGE_LOOP('',(#5393));
#1709=EDGE_LOOP('',(#5394));
#1710=EDGE_LOOP('',(#5395));
#1711=EDGE_LOOP('',(#5396));
#1712=EDGE_LOOP('',(#5397));
#1713=EDGE_LOOP('',(#5398));
#1714=EDGE_LOOP('',(#5399));
#1715=EDGE_LOOP('',(#5400));
#1716=EDGE_LOOP('',(#5401));
#1717=EDGE_LOOP('',(#5402));
#1718=EDGE_LOOP('',(#5403));
#1719=EDGE_LOOP('',(#5404));
#1720=EDGE_LOOP('',(#5405));
#1721=EDGE_LOOP('',(#5406));
#1722=EDGE_LOOP('',(#5407));
#1723=EDGE_LOOP('',(#5408));
#1724=EDGE_LOOP('',(#5409));
#1725=EDGE_LOOP('',(#5410));
#1726=EDGE_LOOP('',(#5411));
#1727=EDGE_LOOP('',(#5412));
#1728=EDGE_LOOP('',(#5413));
#1729=EDGE_LOOP('',(#5414));
#1730=EDGE_LOOP('',(#5415));
#1731=EDGE_LOOP('',(#5416));
#1732=EDGE_LOOP('',(#5417));
#1733=EDGE_LOOP('',(#5418));
#1734=EDGE_LOOP('',(#5419));
#1735=EDGE_LOOP('',(#5420));
#1736=EDGE_LOOP('',(#5421));
#1737=EDGE_LOOP('',(#5422));
#1738=EDGE_LOOP('',(#5423));
#1739=EDGE_LOOP('',(#5424));
#1740=EDGE_LOOP('',(#5425));
#1741=EDGE_LOOP('',(#5426));
#1742=EDGE_LOOP('',(#5427));
#1743=EDGE_LOOP('',(#5428));
#1744=EDGE_LOOP('',(#5429));
#1745=EDGE_LOOP('',(#5430));
#1746=EDGE_LOOP('',(#5431));
#1747=EDGE_LOOP('',(#5432));
#1748=EDGE_LOOP('',(#5433));
#1749=EDGE_LOOP('',(#5434));
#1750=EDGE_LOOP('',(#5435));
#1751=EDGE_LOOP('',(#5436));
#1752=EDGE_LOOP('',(#5437));
#1753=EDGE_LOOP('',(#5438));
#1754=EDGE_LOOP('',(#5439));
#1755=EDGE_LOOP('',(#5440));
#1756=EDGE_LOOP('',(#5441));
#1757=EDGE_LOOP('',(#5442));
#1758=EDGE_LOOP('',(#5443));
#1759=EDGE_LOOP('',(#5444));
#1760=EDGE_LOOP('',(#5445));
#1761=EDGE_LOOP('',(#5446));
#1762=EDGE_LOOP('',(#5447));
#1763=EDGE_LOOP('',(#5448));
#1764=EDGE_LOOP('',(#5449));
#1765=EDGE_LOOP('',(#5450));
#1766=EDGE_LOOP('',(#5451));
#1767=EDGE_LOOP('',(#5452));
#1768=EDGE_LOOP('',(#5453));
#1769=EDGE_LOOP('',(#5454));
#1770=EDGE_LOOP('',(#5455));
#1771=EDGE_LOOP('',(#5456));
#1772=EDGE_LOOP('',(#5457));
#1773=EDGE_LOOP('',(#5458));
#1774=EDGE_LOOP('',(#5459));
#1775=EDGE_LOOP('',(#5460));
#1776=EDGE_LOOP('',(#5461));
#1777=EDGE_LOOP('',(#5462));
#1778=EDGE_LOOP('',(#5463));
#1779=EDGE_LOOP('',(#5464));
#1780=EDGE_LOOP('',(#5465));
#1781=EDGE_LOOP('',(#5466));
#1782=EDGE_LOOP('',(#5467));
#1783=EDGE_LOOP('',(#5468));
#1784=EDGE_LOOP('',(#5469));
#1785=EDGE_LOOP('',(#5470));
#1786=EDGE_LOOP('',(#5471));
#1787=EDGE_LOOP('',(#5472));
#1788=EDGE_LOOP('',(#5473,#5474,#5475,#5476));
#1789=EDGE_LOOP('',(#5477,#5478,#5479,#5480));
#1790=EDGE_LOOP('',(#5481,#5482,#5483,#5484));
#1791=EDGE_LOOP('',(#5485,#5486,#5487,#5488));
#1792=EDGE_LOOP('',(#5489,#5490,#5491,#5492));
#1793=EDGE_LOOP('',(#5493,#5494,#5495,#5496));
#1794=EDGE_LOOP('',(#5497,#5498,#5499,#5500));
#1795=EDGE_LOOP('',(#5501,#5502,#5503,#5504));
#1796=EDGE_LOOP('',(#5505,#5506,#5507,#5508));
#1797=EDGE_LOOP('',(#5509,#5510,#5511,#5512));
#1798=EDGE_LOOP('',(#5513,#5514,#5515,#5516));
#1799=EDGE_LOOP('',(#5517,#5518,#5519,#5520));
#1800=EDGE_LOOP('',(#5521,#5522,#5523,#5524));
#1801=EDGE_LOOP('',(#5525,#5526,#5527,#5528));
#1802=EDGE_LOOP('',(#5529,#5530,#5531,#5532));
#1803=EDGE_LOOP('',(#5533,#5534,#5535,#5536));
#1804=EDGE_LOOP('',(#5537,#5538,#5539,#5540));
#1805=EDGE_LOOP('',(#5541,#5542,#5543,#5544));
#1806=EDGE_LOOP('',(#5545,#5546,#5547,#5548));
#1807=EDGE_LOOP('',(#5549,#5550,#5551,#5552));
#1808=EDGE_LOOP('',(#5553,#5554,#5555,#5556));
#1809=EDGE_LOOP('',(#5557,#5558,#5559,#5560));
#1810=EDGE_LOOP('',(#5561,#5562,#5563,#5564));
#1811=EDGE_LOOP('',(#5565,#5566,#5567,#5568));
#1812=EDGE_LOOP('',(#5569,#5570,#5571,#5572));
#1813=EDGE_LOOP('',(#5573,#5574,#5575,#5576));
#1814=EDGE_LOOP('',(#5577,#5578,#5579,#5580));
#1815=EDGE_LOOP('',(#5581,#5582,#5583,#5584));
#1816=EDGE_LOOP('',(#5585,#5586,#5587,#5588));
#1817=EDGE_LOOP('',(#5589,#5590,#5591,#5592));
#1818=EDGE_LOOP('',(#5593,#5594,#5595,#5596));
#1819=EDGE_LOOP('',(#5597,#5598,#5599,#5600));
#1820=EDGE_LOOP('',(#5601,#5602,#5603,#5604));
#1821=EDGE_LOOP('',(#5605,#5606,#5607,#5608));
#1822=EDGE_LOOP('',(#5609,#5610,#5611,#5612));
#1823=EDGE_LOOP('',(#5613,#5614,#5615,#5616));
#1824=EDGE_LOOP('',(#5617,#5618,#5619,#5620));
#1825=EDGE_LOOP('',(#5621,#5622,#5623,#5624));
#1826=EDGE_LOOP('',(#5625,#5626,#5627,#5628));
#1827=EDGE_LOOP('',(#5629,#5630,#5631,#5632));
#1828=EDGE_LOOP('',(#5633,#5634,#5635,#5636));
#1829=EDGE_LOOP('',(#5637,#5638,#5639,#5640));
#1830=EDGE_LOOP('',(#5641,#5642,#5643,#5644));
#1831=EDGE_LOOP('',(#5645,#5646,#5647,#5648));
#1832=EDGE_LOOP('',(#5649,#5650,#5651,#5652));
#1833=EDGE_LOOP('',(#5653,#5654,#5655,#5656));
#1834=EDGE_LOOP('',(#5657,#5658,#5659,#5660));
#1835=EDGE_LOOP('',(#5661,#5662,#5663,#5664));
#1836=EDGE_LOOP('',(#5665,#5666,#5667,#5668));
#1837=EDGE_LOOP('',(#5669,#5670,#5671,#5672));
#1838=EDGE_LOOP('',(#5673,#5674,#5675,#5676));
#1839=EDGE_LOOP('',(#5677,#5678,#5679,#5680));
#1840=EDGE_LOOP('',(#5681,#5682,#5683,#5684));
#1841=EDGE_LOOP('',(#5685,#5686,#5687,#5688));
#1842=EDGE_LOOP('',(#5689,#5690,#5691,#5692));
#1843=EDGE_LOOP('',(#5693,#5694,#5695,#5696));
#1844=EDGE_LOOP('',(#5697,#5698,#5699,#5700));
#1845=EDGE_LOOP('',(#5701,#5702,#5703,#5704));
#1846=EDGE_LOOP('',(#5705,#5706,#5707,#5708));
#1847=EDGE_LOOP('',(#5709,#5710,#5711,#5712));
#1848=EDGE_LOOP('',(#5713,#5714,#5715,#5716));
#1849=EDGE_LOOP('',(#5717,#5718,#5719,#5720));
#1850=EDGE_LOOP('',(#5721,#5722,#5723,#5724));
#1851=EDGE_LOOP('',(#5725,#5726,#5727,#5728));
#1852=EDGE_LOOP('',(#5729,#5730,#5731,#5732));
#1853=EDGE_LOOP('',(#5733,#5734,#5735,#5736));
#1854=EDGE_LOOP('',(#5737,#5738,#5739,#5740));
#1855=EDGE_LOOP('',(#5741,#5742,#5743,#5744));
#1856=EDGE_LOOP('',(#5745,#5746,#5747,#5748));
#1857=EDGE_LOOP('',(#5749,#5750,#5751,#5752));
#1858=EDGE_LOOP('',(#5753,#5754,#5755,#5756));
#1859=EDGE_LOOP('',(#5757,#5758,#5759,#5760));
#1860=EDGE_LOOP('',(#5761,#5762,#5763,#5764));
#1861=EDGE_LOOP('',(#5765,#5766,#5767,#5768));
#1862=EDGE_LOOP('',(#5769,#5770,#5771,#5772));
#1863=EDGE_LOOP('',(#5773,#5774,#5775,#5776));
#1864=EDGE_LOOP('',(#5777,#5778,#5779,#5780));
#1865=EDGE_LOOP('',(#5781,#5782,#5783,#5784));
#1866=EDGE_LOOP('',(#5785,#5786,#5787,#5788));
#1867=EDGE_LOOP('',(#5789,#5790,#5791,#5792));
#1868=EDGE_LOOP('',(#5793,#5794,#5795,#5796));
#1869=EDGE_LOOP('',(#5797,#5798,#5799,#5800));
#1870=EDGE_LOOP('',(#5801,#5802,#5803,#5804));
#1871=EDGE_LOOP('',(#5805,#5806,#5807,#5808));
#1872=EDGE_LOOP('',(#5809,#5810,#5811,#5812));
#1873=EDGE_LOOP('',(#5813,#5814,#5815,#5816));
#1874=EDGE_LOOP('',(#5817,#5818,#5819,#5820));
#1875=EDGE_LOOP('',(#5821,#5822,#5823,#5824));
#1876=EDGE_LOOP('',(#5825,#5826,#5827,#5828));
#1877=EDGE_LOOP('',(#5829,#5830,#5831,#5832));
#1878=EDGE_LOOP('',(#5833,#5834,#5835,#5836));
#1879=EDGE_LOOP('',(#5837,#5838,#5839,#5840));
#1880=EDGE_LOOP('',(#5841,#5842,#5843,#5844));
#1881=EDGE_LOOP('',(#5845,#5846,#5847,#5848));
#1882=EDGE_LOOP('',(#5849,#5850,#5851,#5852));
#1883=EDGE_LOOP('',(#5853,#5854,#5855,#5856));
#1884=EDGE_LOOP('',(#5857,#5858,#5859,#5860));
#1885=EDGE_LOOP('',(#5861,#5862,#5863,#5864));
#1886=EDGE_LOOP('',(#5865,#5866,#5867,#5868));
#1887=EDGE_LOOP('',(#5869,#5870,#5871,#5872));
#1888=EDGE_LOOP('',(#5873,#5874,#5875,#5876));
#1889=EDGE_LOOP('',(#5877,#5878,#5879,#5880));
#1890=EDGE_LOOP('',(#5881,#5882,#5883,#5884));
#1891=EDGE_LOOP('',(#5885,#5886,#5887,#5888));
#1892=EDGE_LOOP('',(#5889,#5890,#5891,#5892));
#1893=EDGE_LOOP('',(#5893,#5894,#5895,#5896));
#1894=EDGE_LOOP('',(#5897,#5898,#5899,#5900));
#1895=EDGE_LOOP('',(#5901,#5902,#5903,#5904));
#1896=EDGE_LOOP('',(#5905,#5906,#5907,#5908));
#1897=EDGE_LOOP('',(#5909,#5910,#5911,#5912));
#1898=EDGE_LOOP('',(#5913,#5914,#5915,#5916));
#1899=EDGE_LOOP('',(#5917,#5918,#5919,#5920));
#1900=EDGE_LOOP('',(#5921,#5922,#5923,#5924));
#1901=EDGE_LOOP('',(#5925,#5926,#5927,#5928));
#1902=EDGE_LOOP('',(#5929,#5930,#5931,#5932));
#1903=EDGE_LOOP('',(#5933,#5934,#5935,#5936));
#1904=EDGE_LOOP('',(#5937,#5938,#5939,#5940));
#1905=EDGE_LOOP('',(#5941,#5942,#5943,#5944));
#1906=EDGE_LOOP('',(#5945,#5946,#5947,#5948));
#1907=EDGE_LOOP('',(#5949,#5950,#5951,#5952));
#1908=EDGE_LOOP('',(#5953,#5954,#5955,#5956));
#1909=EDGE_LOOP('',(#5957,#5958,#5959,#5960));
#1910=EDGE_LOOP('',(#5961,#5962,#5963,#5964));
#1911=EDGE_LOOP('',(#5965,#5966,#5967,#5968));
#1912=EDGE_LOOP('',(#5969,#5970,#5971,#5972));
#1913=EDGE_LOOP('',(#5973,#5974,#5975,#5976));
#1914=EDGE_LOOP('',(#5977,#5978,#5979,#5980));
#1915=EDGE_LOOP('',(#5981,#5982,#5983,#5984));
#1916=EDGE_LOOP('',(#5985,#5986,#5987,#5988));
#1917=EDGE_LOOP('',(#5989,#5990,#5991,#5992));
#1918=EDGE_LOOP('',(#5993,#5994,#5995,#5996));
#1919=EDGE_LOOP('',(#5997,#5998,#5999,#6000));
#1920=EDGE_LOOP('',(#6001,#6002,#6003,#6004));
#1921=EDGE_LOOP('',(#6005,#6006,#6007,#6008));
#1922=EDGE_LOOP('',(#6009,#6010,#6011,#6012));
#1923=EDGE_LOOP('',(#6013,#6014,#6015,#6016));
#1924=EDGE_LOOP('',(#6017,#6018,#6019,#6020));
#1925=EDGE_LOOP('',(#6021,#6022,#6023,#6024));
#1926=EDGE_LOOP('',(#6025,#6026,#6027,#6028));
#1927=EDGE_LOOP('',(#6029,#6030,#6031,#6032));
#1928=EDGE_LOOP('',(#6033,#6034,#6035,#6036));
#1929=EDGE_LOOP('',(#6037,#6038,#6039,#6040));
#1930=EDGE_LOOP('',(#6041,#6042,#6043,#6044));
#1931=EDGE_LOOP('',(#6045,#6046,#6047,#6048));
#1932=EDGE_LOOP('',(#6049,#6050,#6051,#6052));
#1933=EDGE_LOOP('',(#6053,#6054,#6055,#6056));
#1934=EDGE_LOOP('',(#6057,#6058,#6059,#6060));
#1935=EDGE_LOOP('',(#6061,#6062,#6063,#6064));
#1936=EDGE_LOOP('',(#6065,#6066,#6067,#6068));
#1937=EDGE_LOOP('',(#6069,#6070,#6071,#6072));
#1938=EDGE_LOOP('',(#6073,#6074,#6075,#6076));
#1939=EDGE_LOOP('',(#6077,#6078,#6079,#6080));
#1940=EDGE_LOOP('',(#6081,#6082,#6083,#6084));
#1941=EDGE_LOOP('',(#6085,#6086,#6087,#6088));
#1942=EDGE_LOOP('',(#6089,#6090,#6091,#6092));
#1943=EDGE_LOOP('',(#6093,#6094,#6095,#6096));
#1944=EDGE_LOOP('',(#6097,#6098,#6099,#6100));
#1945=EDGE_LOOP('',(#6101,#6102,#6103,#6104));
#1946=EDGE_LOOP('',(#6105,#6106,#6107,#6108));
#1947=EDGE_LOOP('',(#6109,#6110,#6111,#6112));
#1948=EDGE_LOOP('',(#6113,#6114,#6115,#6116));
#1949=EDGE_LOOP('',(#6117,#6118,#6119,#6120));
#1950=EDGE_LOOP('',(#6121,#6122,#6123,#6124));
#1951=EDGE_LOOP('',(#6125,#6126,#6127,#6128));
#1952=EDGE_LOOP('',(#6129,#6130,#6131,#6132));
#1953=EDGE_LOOP('',(#6133,#6134,#6135,#6136));
#1954=EDGE_LOOP('',(#6137,#6138,#6139,#6140));
#1955=EDGE_LOOP('',(#6141,#6142,#6143,#6144));
#1956=EDGE_LOOP('',(#6145,#6146,#6147,#6148));
#1957=EDGE_LOOP('',(#6149,#6150,#6151,#6152));
#1958=EDGE_LOOP('',(#6153,#6154,#6155,#6156));
#1959=EDGE_LOOP('',(#6157,#6158,#6159,#6160));
#1960=EDGE_LOOP('',(#6161,#6162,#6163,#6164));
#1961=EDGE_LOOP('',(#6165,#6166,#6167,#6168));
#1962=EDGE_LOOP('',(#6169,#6170,#6171,#6172));
#1963=EDGE_LOOP('',(#6173,#6174,#6175,#6176));
#1964=EDGE_LOOP('',(#6177,#6178,#6179,#6180,#6181,#6182,#6183,#6184,#6185,
#6186,#6187,#6188,#6189,#6190,#6191,#6192,#6193,#6194,#6195,#6196,#6197,
#6198,#6199,#6200,#6201,#6202,#6203,#6204,#6205,#6206,#6207,#6208,#6209,
#6210,#6211,#6212,#6213,#6214,#6215,#6216,#6217,#6218,#6219,#6220,#6221,
#6222,#6223,#6224,#6225,#6226,#6227,#6228,#6229,#6230,#6231,#6232,#6233,
#6234,#6235,#6236,#6237,#6238,#6239,#6240,#6241,#6242,#6243,#6244,#6245,
#6246,#6247,#6248,#6249,#6250,#6251,#6252));
#1965=EDGE_LOOP('',(#6253));
#1966=EDGE_LOOP('',(#6254));
#1967=EDGE_LOOP('',(#6255));
#1968=EDGE_LOOP('',(#6256));
#1969=EDGE_LOOP('',(#6257));
#1970=EDGE_LOOP('',(#6258));
#1971=EDGE_LOOP('',(#6259));
#1972=EDGE_LOOP('',(#6260));
#1973=EDGE_LOOP('',(#6261));
#1974=EDGE_LOOP('',(#6262));
#1975=EDGE_LOOP('',(#6263));
#1976=EDGE_LOOP('',(#6264));
#1977=EDGE_LOOP('',(#6265));
#1978=EDGE_LOOP('',(#6266));
#1979=EDGE_LOOP('',(#6267));
#1980=EDGE_LOOP('',(#6268));
#1981=EDGE_LOOP('',(#6269));
#1982=EDGE_LOOP('',(#6270));
#1983=EDGE_LOOP('',(#6271));
#1984=EDGE_LOOP('',(#6272));
#1985=EDGE_LOOP('',(#6273));
#1986=EDGE_LOOP('',(#6274));
#1987=EDGE_LOOP('',(#6275));
#1988=EDGE_LOOP('',(#6276));
#1989=EDGE_LOOP('',(#6277));
#1990=EDGE_LOOP('',(#6278));
#1991=EDGE_LOOP('',(#6279));
#1992=EDGE_LOOP('',(#6280));
#1993=EDGE_LOOP('',(#6281));
#1994=EDGE_LOOP('',(#6282));
#1995=EDGE_LOOP('',(#6283));
#1996=EDGE_LOOP('',(#6284));
#1997=EDGE_LOOP('',(#6285));
#1998=EDGE_LOOP('',(#6286));
#1999=EDGE_LOOP('',(#6287));
#2000=EDGE_LOOP('',(#6288));
#2001=EDGE_LOOP('',(#6289));
#2002=EDGE_LOOP('',(#6290));
#2003=EDGE_LOOP('',(#6291));
#2004=EDGE_LOOP('',(#6292));
#2005=EDGE_LOOP('',(#6293));
#2006=EDGE_LOOP('',(#6294));
#2007=EDGE_LOOP('',(#6295));
#2008=EDGE_LOOP('',(#6296));
#2009=EDGE_LOOP('',(#6297));
#2010=EDGE_LOOP('',(#6298));
#2011=EDGE_LOOP('',(#6299));
#2012=EDGE_LOOP('',(#6300));
#2013=EDGE_LOOP('',(#6301));
#2014=EDGE_LOOP('',(#6302));
#2015=EDGE_LOOP('',(#6303));
#2016=EDGE_LOOP('',(#6304));
#2017=EDGE_LOOP('',(#6305));
#2018=EDGE_LOOP('',(#6306));
#2019=EDGE_LOOP('',(#6307));
#2020=EDGE_LOOP('',(#6308));
#2021=EDGE_LOOP('',(#6309));
#2022=EDGE_LOOP('',(#6310));
#2023=EDGE_LOOP('',(#6311));
#2024=EDGE_LOOP('',(#6312));
#2025=EDGE_LOOP('',(#6313));
#2026=EDGE_LOOP('',(#6314));
#2027=EDGE_LOOP('',(#6315));
#2028=EDGE_LOOP('',(#6316));
#2029=EDGE_LOOP('',(#6317));
#2030=EDGE_LOOP('',(#6318));
#2031=EDGE_LOOP('',(#6319));
#2032=EDGE_LOOP('',(#6320));
#2033=EDGE_LOOP('',(#6321));
#2034=EDGE_LOOP('',(#6322));
#2035=EDGE_LOOP('',(#6323));
#2036=EDGE_LOOP('',(#6324));
#2037=EDGE_LOOP('',(#6325));
#2038=EDGE_LOOP('',(#6326));
#2039=EDGE_LOOP('',(#6327));
#2040=EDGE_LOOP('',(#6328));
#2041=EDGE_LOOP('',(#6329));
#2042=EDGE_LOOP('',(#6330));
#2043=EDGE_LOOP('',(#6331));
#2044=EDGE_LOOP('',(#6332));
#2045=EDGE_LOOP('',(#6333));
#2046=EDGE_LOOP('',(#6334));
#2047=EDGE_LOOP('',(#6335));
#2048=EDGE_LOOP('',(#6336));
#2049=EDGE_LOOP('',(#6337));
#2050=EDGE_LOOP('',(#6338));
#2051=EDGE_LOOP('',(#6339));
#2052=EDGE_LOOP('',(#6340));
#2053=EDGE_LOOP('',(#6341));
#2054=EDGE_LOOP('',(#6342));
#2055=EDGE_LOOP('',(#6343));
#2056=EDGE_LOOP('',(#6344));
#2057=EDGE_LOOP('',(#6345));
#2058=EDGE_LOOP('',(#6346));
#2059=EDGE_LOOP('',(#6347));
#2060=EDGE_LOOP('',(#6348));
#2061=EDGE_LOOP('',(#6349));
#2062=EDGE_LOOP('',(#6350));
#2063=EDGE_LOOP('',(#6351));
#2064=EDGE_LOOP('',(#6352));
#2065=LINE('',#9966,#2493);
#2066=LINE('',#9968,#2494);
#2067=LINE('',#9970,#2495);
#2068=LINE('',#9971,#2496);
#2069=LINE('',#9975,#2497);
#2070=LINE('',#9977,#2498);
#2071=LINE('',#9981,#2499);
#2072=LINE('',#9985,#2500);
#2073=LINE('',#9989,#2501);
#2074=LINE('',#9993,#2502);
#2075=LINE('',#9997,#2503);
#2076=LINE('',#10001,#2504);
#2077=LINE('',#10005,#2505);
#2078=LINE('',#10009,#2506);
#2079=LINE('',#10013,#2507);
#2080=LINE('',#10015,#2508);
#2081=LINE('',#10019,#2509);
#2082=LINE('',#10023,#2510);
#2083=LINE('',#10027,#2511);
#2084=LINE('',#10031,#2512);
#2085=LINE('',#10035,#2513);
#2086=LINE('',#10039,#2514);
#2087=LINE('',#10043,#2515);
#2088=LINE('',#10047,#2516);
#2089=LINE('',#10051,#2517);
#2090=LINE('',#10053,#2518);
#2091=LINE('',#10057,#2519);
#2092=LINE('',#10061,#2520);
#2093=LINE('',#10065,#2521);
#2094=LINE('',#10069,#2522);
#2095=LINE('',#10073,#2523);
#2096=LINE('',#10077,#2524);
#2097=LINE('',#10081,#2525);
#2098=LINE('',#10085,#2526);
#2099=LINE('',#10089,#2527);
#2100=LINE('',#10091,#2528);
#2101=LINE('',#10095,#2529);
#2102=LINE('',#10099,#2530);
#2103=LINE('',#10103,#2531);
#2104=LINE('',#10107,#2532);
#2105=LINE('',#10111,#2533);
#2106=LINE('',#10115,#2534);
#2107=LINE('',#10119,#2535);
#2108=LINE('',#10123,#2536);
#2109=LINE('',#10200,#2537);
#2110=LINE('',#10204,#2538);
#2111=LINE('',#10208,#2539);
#2112=LINE('',#10212,#2540);
#2113=LINE('',#10216,#2541);
#2114=LINE('',#10220,#2542);
#2115=LINE('',#10224,#2543);
#2116=LINE('',#10228,#2544);
#2117=LINE('',#10232,#2545);
#2118=LINE('',#10236,#2546);
#2119=LINE('',#10240,#2547);
#2120=LINE('',#10244,#2548);
#2121=LINE('',#10248,#2549);
#2122=LINE('',#10252,#2550);
#2123=LINE('',#10256,#2551);
#2124=LINE('',#10260,#2552);
#2125=LINE('',#10264,#2553);
#2126=LINE('',#10342,#2554);
#2127=LINE('',#10346,#2555);
#2128=LINE('',#10350,#2556);
#2129=LINE('',#10354,#2557);
#2130=LINE('',#10358,#2558);
#2131=LINE('',#10362,#2559);
#2132=LINE('',#10366,#2560);
#2133=LINE('',#10370,#2561);
#2134=LINE('',#10374,#2562);
#2135=LINE('',#10378,#2563);
#2136=LINE('',#10382,#2564);
#2137=LINE('',#10386,#2565);
#2138=LINE('',#10390,#2566);
#2139=LINE('',#10394,#2567);
#2140=LINE('',#10398,#2568);
#2141=LINE('',#10402,#2569);
#2142=LINE('',#10406,#2570);
#2143=LINE('',#10609,#2571);
#2144=LINE('',#10610,#2572);
#2145=LINE('',#10612,#2573);
#2146=LINE('',#10613,#2574);
#2147=LINE('',#10615,#2575);
#2148=LINE('',#10616,#2576);
#2149=LINE('',#10618,#2577);
#2150=LINE('',#10619,#2578);
#2151=LINE('',#10621,#2579);
#2152=LINE('',#10622,#2580);
#2153=LINE('',#10624,#2581);
#2154=LINE('',#10625,#2582);
#2155=LINE('',#10627,#2583);
#2156=LINE('',#10628,#2584);
#2157=LINE('',#10630,#2585);
#2158=LINE('',#10631,#2586);
#2159=LINE('',#10633,#2587);
#2160=LINE('',#10634,#2588);
#2161=LINE('',#10636,#2589);
#2162=LINE('',#10637,#2590);
#2163=LINE('',#10639,#2591);
#2164=LINE('',#10640,#2592);
#2165=LINE('',#10642,#2593);
#2166=LINE('',#10643,#2594);
#2167=LINE('',#10645,#2595);
#2168=LINE('',#10646,#2596);
#2169=LINE('',#10648,#2597);
#2170=LINE('',#10649,#2598);
#2171=LINE('',#10651,#2599);
#2172=LINE('',#10652,#2600);
#2173=LINE('',#10654,#2601);
#2174=LINE('',#10655,#2602);
#2175=LINE('',#10657,#2603);
#2176=LINE('',#10658,#2604);
#2177=LINE('',#10660,#2605);
#2178=LINE('',#10661,#2606);
#2179=LINE('',#10663,#2607);
#2180=LINE('',#10664,#2608);
#2181=LINE('',#10666,#2609);
#2182=LINE('',#10667,#2610);
#2183=LINE('',#10669,#2611);
#2184=LINE('',#10670,#2612);
#2185=LINE('',#10672,#2613);
#2186=LINE('',#10673,#2614);
#2187=LINE('',#10675,#2615);
#2188=LINE('',#10676,#2616);
#2189=LINE('',#10678,#2617);
#2190=LINE('',#10679,#2618);
#2191=LINE('',#10681,#2619);
#2192=LINE('',#10682,#2620);
#2193=LINE('',#10684,#2621);
#2194=LINE('',#10685,#2622);
#2195=LINE('',#10687,#2623);
#2196=LINE('',#10688,#2624);
#2197=LINE('',#10690,#2625);
#2198=LINE('',#10691,#2626);
#2199=LINE('',#10693,#2627);
#2200=LINE('',#10694,#2628);
#2201=LINE('',#10696,#2629);
#2202=LINE('',#10697,#2630);
#2203=LINE('',#10699,#2631);
#2204=LINE('',#10700,#2632);
#2205=LINE('',#10702,#2633);
#2206=LINE('',#10703,#2634);
#2207=LINE('',#10705,#2635);
#2208=LINE('',#10706,#2636);
#2209=LINE('',#10708,#2637);
#2210=LINE('',#10709,#2638);
#2211=LINE('',#10711,#2639);
#2212=LINE('',#10712,#2640);
#2213=LINE('',#10727,#2641);
#2214=LINE('',#10731,#2642);
#2215=LINE('',#10735,#2643);
#2216=LINE('',#10739,#2644);
#2217=LINE('',#10743,#2645);
#2218=LINE('',#10747,#2646);
#2219=LINE('',#10751,#2647);
#2220=LINE('',#10755,#2648);
#2221=LINE('',#10761,#2649);
#2222=LINE('',#10765,#2650);
#2223=LINE('',#10769,#2651);
#2224=LINE('',#10773,#2652);
#2225=LINE('',#10777,#2653);
#2226=LINE('',#10781,#2654);
#2227=LINE('',#10785,#2655);
#2228=LINE('',#10789,#2656);
#2229=LINE('',#10795,#2657);
#2230=LINE('',#10799,#2658);
#2231=LINE('',#10803,#2659);
#2232=LINE('',#10807,#2660);
#2233=LINE('',#10811,#2661);
#2234=LINE('',#10815,#2662);
#2235=LINE('',#10819,#2663);
#2236=LINE('',#10823,#2664);
#2237=LINE('',#10829,#2665);
#2238=LINE('',#10833,#2666);
#2239=LINE('',#10837,#2667);
#2240=LINE('',#10842,#2668);
#2241=LINE('',#10847,#2669);
#2242=LINE('',#10852,#2670);
#2243=LINE('',#10857,#2671);
#2244=LINE('',#10861,#2672);
#2245=LINE('',#10865,#2673);
#2246=LINE('',#10869,#2674);
#2247=LINE('',#10873,#2675);
#2248=LINE('',#10878,#2676);
#2249=LINE('',#10883,#2677);
#2250=LINE('',#10889,#2678);
#2251=LINE('',#10893,#2679);
#2252=LINE('',#10898,#2680);
#2253=LINE('',#10902,#2681);
#2254=LINE('',#10906,#2682);
#2255=LINE('',#10910,#2683);
#2256=LINE('',#10914,#2684);
#2257=LINE('',#10920,#2685);
#2258=LINE('',#10924,#2686);
#2259=LINE('',#10928,#2687);
#2260=LINE('',#10932,#2688);
#2261=LINE('',#10936,#2689);
#2262=LINE('',#10940,#2690);
#2263=LINE('',#10944,#2691);
#2264=LINE('',#10948,#2692);
#2265=LINE('',#10952,#2693);
#2266=LINE('',#10956,#2694);
#2267=LINE('',#10960,#2695);
#2268=LINE('',#10964,#2696);
#2269=LINE('',#10970,#2697);
#2270=LINE('',#10975,#2698);
#2271=LINE('',#10980,#2699);
#2272=LINE('',#10985,#2700);
#2273=LINE('',#10990,#2701);
#2274=LINE('',#10996,#2702);
#2275=LINE('',#11000,#2703);
#2276=LINE('',#11004,#2704);
#2277=LINE('',#11200,#2705);
#2278=LINE('',#11204,#2706);
#2279=LINE('',#11208,#2707);
#2280=LINE('',#11212,#2708);
#2281=LINE('',#11216,#2709);
#2282=LINE('',#11220,#2710);
#2283=LINE('',#11224,#2711);
#2284=LINE('',#11228,#2712);
#2285=LINE('',#11232,#2713);
#2286=LINE('',#11236,#2714);
#2287=LINE('',#11240,#2715);
#2288=LINE('',#11244,#2716);
#2289=LINE('',#11248,#2717);
#2290=LINE('',#11252,#2718);
#2291=LINE('',#11256,#2719);
#2292=LINE('',#11260,#2720);
#2293=LINE('',#11264,#2721);
#2294=LINE('',#11268,#2722);
#2295=LINE('',#11272,#2723);
#2296=LINE('',#11276,#2724);
#2297=LINE('',#11280,#2725);
#2298=LINE('',#11284,#2726);
#2299=LINE('',#11288,#2727);
#2300=LINE('',#11292,#2728);
#2301=LINE('',#11296,#2729);
#2302=LINE('',#11300,#2730);
#2303=LINE('',#11304,#2731);
#2304=LINE('',#11308,#2732);
#2305=LINE('',#11312,#2733);
#2306=LINE('',#11316,#2734);
#2307=LINE('',#11320,#2735);
#2308=LINE('',#11324,#2736);
#2309=LINE('',#11328,#2737);
#2310=LINE('',#11332,#2738);
#2311=LINE('',#11336,#2739);
#2312=LINE('',#11340,#2740);
#2313=LINE('',#11344,#2741);
#2314=LINE('',#11348,#2742);
#2315=LINE('',#11352,#2743);
#2316=LINE('',#11356,#2744);
#2317=LINE('',#11360,#2745);
#2318=LINE('',#11364,#2746);
#2319=LINE('',#11368,#2747);
#2320=LINE('',#11372,#2748);
#2321=LINE('',#11376,#2749);
#2322=LINE('',#11380,#2750);
#2323=LINE('',#11384,#2751);
#2324=LINE('',#11388,#2752);
#2325=LINE('',#11392,#2753);
#2326=LINE('',#11396,#2754);
#2327=LINE('',#11400,#2755);
#2328=LINE('',#11404,#2756);
#2329=LINE('',#11408,#2757);
#2330=LINE('',#11412,#2758);
#2331=LINE('',#11416,#2759);
#2332=LINE('',#11420,#2760);
#2333=LINE('',#11424,#2761);
#2334=LINE('',#11428,#2762);
#2335=LINE('',#11432,#2763);
#2336=LINE('',#11436,#2764);
#2337=LINE('',#11440,#2765);
#2338=LINE('',#11444,#2766);
#2339=LINE('',#11448,#2767);
#2340=LINE('',#11452,#2768);
#2341=LINE('',#11456,#2769);
#2342=LINE('',#11460,#2770);
#2343=LINE('',#11464,#2771);
#2344=LINE('',#11468,#2772);
#2345=LINE('',#11472,#2773);
#2346=LINE('',#11476,#2774);
#2347=LINE('',#11480,#2775);
#2348=LINE('',#11484,#2776);
#2349=LINE('',#11488,#2777);
#2350=LINE('',#11492,#2778);
#2351=LINE('',#11496,#2779);
#2352=LINE('',#11500,#2780);
#2353=LINE('',#11504,#2781);
#2354=LINE('',#11508,#2782);
#2355=LINE('',#11512,#2783);
#2356=LINE('',#11516,#2784);
#2357=LINE('',#11520,#2785);
#2358=LINE('',#11524,#2786);
#2359=LINE('',#11528,#2787);
#2360=LINE('',#11532,#2788);
#2361=LINE('',#11536,#2789);
#2362=LINE('',#11540,#2790);
#2363=LINE('',#11544,#2791);
#2364=LINE('',#11548,#2792);
#2365=LINE('',#11552,#2793);
#2366=LINE('',#11556,#2794);
#2367=LINE('',#11560,#2795);
#2368=LINE('',#11564,#2796);
#2369=LINE('',#11568,#2797);
#2370=LINE('',#11572,#2798);
#2371=LINE('',#11576,#2799);
#2372=LINE('',#11580,#2800);
#2373=LINE('',#11584,#2801);
#2374=LINE('',#11588,#2802);
#2375=LINE('',#11592,#2803);
#2376=LINE('',#11596,#2804);
#2377=LINE('',#11599,#2805);
#2378=LINE('',#11602,#2806);
#2379=LINE('',#11605,#2807);
#2380=LINE('',#11606,#2808);
#2381=LINE('',#11610,#2809);
#2382=LINE('',#11613,#2810);
#2383=LINE('',#11614,#2811);
#2384=LINE('',#11618,#2812);
#2385=LINE('',#11621,#2813);
#2386=LINE('',#11622,#2814);
#2387=LINE('',#11626,#2815);
#2388=LINE('',#11629,#2816);
#2389=LINE('',#11630,#2817);
#2390=LINE('',#11634,#2818);
#2391=LINE('',#11637,#2819);
#2392=LINE('',#11638,#2820);
#2393=LINE('',#11642,#2821);
#2394=LINE('',#11645,#2822);
#2395=LINE('',#11646,#2823);
#2396=LINE('',#11650,#2824);
#2397=LINE('',#11653,#2825);
#2398=LINE('',#11654,#2826);
#2399=LINE('',#11658,#2827);
#2400=LINE('',#11661,#2828);
#2401=LINE('',#11662,#2829);
#2402=LINE('',#11666,#2830);
#2403=LINE('',#11669,#2831);
#2404=LINE('',#11670,#2832);
#2405=LINE('',#11673,#2833);
#2406=LINE('',#11674,#2834);
#2407=LINE('',#11678,#2835);
#2408=LINE('',#11681,#2836);
#2409=LINE('',#11682,#2837);
#2410=LINE('',#11686,#2838);
#2411=LINE('',#11689,#2839);
#2412=LINE('',#11690,#2840);
#2413=LINE('',#11694,#2841);
#2414=LINE('',#11697,#2842);
#2415=LINE('',#11698,#2843);
#2416=LINE('',#11702,#2844);
#2417=LINE('',#11705,#2845);
#2418=LINE('',#11706,#2846);
#2419=LINE('',#11710,#2847);
#2420=LINE('',#11713,#2848);
#2421=LINE('',#11714,#2849);
#2422=LINE('',#11718,#2850);
#2423=LINE('',#11721,#2851);
#2424=LINE('',#11722,#2852);
#2425=LINE('',#11726,#2853);
#2426=LINE('',#11729,#2854);
#2427=LINE('',#11730,#2855);
#2428=LINE('',#11734,#2856);
#2429=LINE('',#11737,#2857);
#2430=LINE('',#11738,#2858);
#2431=LINE('',#11742,#2859);
#2432=LINE('',#11745,#2860);
#2433=LINE('',#11746,#2861);
#2434=LINE('',#11749,#2862);
#2435=LINE('',#11750,#2863);
#2436=LINE('',#11754,#2864);
#2437=LINE('',#11757,#2865);
#2438=LINE('',#11758,#2866);
#2439=LINE('',#11762,#2867);
#2440=LINE('',#11765,#2868);
#2441=LINE('',#11766,#2869);
#2442=LINE('',#11770,#2870);
#2443=LINE('',#11773,#2871);
#2444=LINE('',#11774,#2872);
#2445=LINE('',#11778,#2873);
#2446=LINE('',#11781,#2874);
#2447=LINE('',#11782,#2875);
#2448=LINE('',#11786,#2876);
#2449=LINE('',#11789,#2877);
#2450=LINE('',#11790,#2878);
#2451=LINE('',#11794,#2879);
#2452=LINE('',#11797,#2880);
#2453=LINE('',#11798,#2881);
#2454=LINE('',#11802,#2882);
#2455=LINE('',#11805,#2883);
#2456=LINE('',#11806,#2884);
#2457=LINE('',#11810,#2885);
#2458=LINE('',#11813,#2886);
#2459=LINE('',#11814,#2887);
#2460=LINE('',#11818,#2888);
#2461=LINE('',#11821,#2889);
#2462=LINE('',#11822,#2890);
#2463=LINE('',#11825,#2891);
#2464=LINE('',#11826,#2892);
#2465=LINE('',#11830,#2893);
#2466=LINE('',#11833,#2894);
#2467=LINE('',#11834,#2895);
#2468=LINE('',#11838,#2896);
#2469=LINE('',#11841,#2897);
#2470=LINE('',#11842,#2898);
#2471=LINE('',#11846,#2899);
#2472=LINE('',#11849,#2900);
#2473=LINE('',#11850,#2901);
#2474=LINE('',#11854,#2902);
#2475=LINE('',#11857,#2903);
#2476=LINE('',#11858,#2904);
#2477=LINE('',#11862,#2905);
#2478=LINE('',#11865,#2906);
#2479=LINE('',#11866,#2907);
#2480=LINE('',#11870,#2908);
#2481=LINE('',#11873,#2909);
#2482=LINE('',#11874,#2910);
#2483=LINE('',#11878,#2911);
#2484=LINE('',#11881,#2912);
#2485=LINE('',#11882,#2913);
#2486=LINE('',#11886,#2914);
#2487=LINE('',#11889,#2915);
#2488=LINE('',#11890,#2916);
#2489=LINE('',#11894,#2917);
#2490=LINE('',#11897,#2918);
#2491=LINE('',#11898,#2919);
#2492=LINE('',#11900,#2920);
#2493=VECTOR('',#7762,10.);
#2494=VECTOR('',#7763,10.);
#2495=VECTOR('',#7764,10.);
#2496=VECTOR('',#7765,10.);
#2497=VECTOR('',#7768,10.);
#2498=VECTOR('',#7769,10.);
#2499=VECTOR('',#7772,10.);
#2500=VECTOR('',#7775,10.);
#2501=VECTOR('',#7778,10.);
#2502=VECTOR('',#7781,10.);
#2503=VECTOR('',#7784,10.);
#2504=VECTOR('',#7787,10.);
#2505=VECTOR('',#7790,10.);
#2506=VECTOR('',#7793,10.);
#2507=VECTOR('',#7796,10.);
#2508=VECTOR('',#7797,10.);
#2509=VECTOR('',#7800,10.);
#2510=VECTOR('',#7803,10.);
#2511=VECTOR('',#7806,10.);
#2512=VECTOR('',#7809,10.);
#2513=VECTOR('',#7812,10.);
#2514=VECTOR('',#7815,10.);
#2515=VECTOR('',#7818,10.);
#2516=VECTOR('',#7821,10.);
#2517=VECTOR('',#7824,10.);
#2518=VECTOR('',#7825,10.);
#2519=VECTOR('',#7828,10.);
#2520=VECTOR('',#7831,10.);
#2521=VECTOR('',#7834,10.);
#2522=VECTOR('',#7837,10.);
#2523=VECTOR('',#7840,10.);
#2524=VECTOR('',#7843,10.);
#2525=VECTOR('',#7846,10.);
#2526=VECTOR('',#7849,10.);
#2527=VECTOR('',#7852,10.);
#2528=VECTOR('',#7853,10.);
#2529=VECTOR('',#7856,10.);
#2530=VECTOR('',#7859,10.);
#2531=VECTOR('',#7862,10.);
#2532=VECTOR('',#7865,10.);
#2533=VECTOR('',#7868,10.);
#2534=VECTOR('',#7871,10.);
#2535=VECTOR('',#7874,10.);
#2536=VECTOR('',#7877,10.);
#2537=VECTOR('',#7954,10.);
#2538=VECTOR('',#7957,10.);
#2539=VECTOR('',#7960,10.);
#2540=VECTOR('',#7963,10.);
#2541=VECTOR('',#7966,10.);
#2542=VECTOR('',#7969,10.);
#2543=VECTOR('',#7972,10.);
#2544=VECTOR('',#7975,10.);
#2545=VECTOR('',#7978,10.);
#2546=VECTOR('',#7981,10.);
#2547=VECTOR('',#7984,10.);
#2548=VECTOR('',#7987,10.);
#2549=VECTOR('',#7990,10.);
#2550=VECTOR('',#7993,10.);
#2551=VECTOR('',#7996,10.);
#2552=VECTOR('',#7999,10.);
#2553=VECTOR('',#8002,10.);
#2554=VECTOR('',#8081,10.);
#2555=VECTOR('',#8084,10.);
#2556=VECTOR('',#8087,10.);
#2557=VECTOR('',#8090,10.);
#2558=VECTOR('',#8093,10.);
#2559=VECTOR('',#8096,10.);
#2560=VECTOR('',#8099,10.);
#2561=VECTOR('',#8102,10.);
#2562=VECTOR('',#8105,10.);
#2563=VECTOR('',#8108,10.);
#2564=VECTOR('',#8111,10.);
#2565=VECTOR('',#8114,10.);
#2566=VECTOR('',#8117,10.);
#2567=VECTOR('',#8120,10.);
#2568=VECTOR('',#8123,10.);
#2569=VECTOR('',#8126,10.);
#2570=VECTOR('',#8129,10.);
#2571=VECTOR('',#8334,10.);
#2572=VECTOR('',#8335,10.);
#2573=VECTOR('',#8338,10.);
#2574=VECTOR('',#8339,10.);
#2575=VECTOR('',#8342,10.);
#2576=VECTOR('',#8343,10.);
#2577=VECTOR('',#8346,10.);
#2578=VECTOR('',#8347,10.);
#2579=VECTOR('',#8350,10.);
#2580=VECTOR('',#8351,10.);
#2581=VECTOR('',#8354,10.);
#2582=VECTOR('',#8355,10.);
#2583=VECTOR('',#8358,10.);
#2584=VECTOR('',#8359,10.);
#2585=VECTOR('',#8362,10.);
#2586=VECTOR('',#8363,10.);
#2587=VECTOR('',#8366,10.);
#2588=VECTOR('',#8367,10.);
#2589=VECTOR('',#8370,10.);
#2590=VECTOR('',#8371,10.);
#2591=VECTOR('',#8374,10.);
#2592=VECTOR('',#8375,10.);
#2593=VECTOR('',#8378,10.);
#2594=VECTOR('',#8379,10.);
#2595=VECTOR('',#8382,10.);
#2596=VECTOR('',#8383,10.);
#2597=VECTOR('',#8386,10.);
#2598=VECTOR('',#8387,10.);
#2599=VECTOR('',#8390,10.);
#2600=VECTOR('',#8391,10.);
#2601=VECTOR('',#8394,10.);
#2602=VECTOR('',#8395,10.);
#2603=VECTOR('',#8398,10.);
#2604=VECTOR('',#8399,10.);
#2605=VECTOR('',#8402,10.);
#2606=VECTOR('',#8403,10.);
#2607=VECTOR('',#8406,10.);
#2608=VECTOR('',#8407,10.);
#2609=VECTOR('',#8410,10.);
#2610=VECTOR('',#8411,10.);
#2611=VECTOR('',#8414,10.);
#2612=VECTOR('',#8415,10.);
#2613=VECTOR('',#8418,10.);
#2614=VECTOR('',#8419,10.);
#2615=VECTOR('',#8422,10.);
#2616=VECTOR('',#8423,10.);
#2617=VECTOR('',#8426,10.);
#2618=VECTOR('',#8427,10.);
#2619=VECTOR('',#8430,10.);
#2620=VECTOR('',#8431,10.);
#2621=VECTOR('',#8434,10.);
#2622=VECTOR('',#8435,10.);
#2623=VECTOR('',#8438,10.);
#2624=VECTOR('',#8439,10.);
#2625=VECTOR('',#8442,10.);
#2626=VECTOR('',#8443,10.);
#2627=VECTOR('',#8446,10.);
#2628=VECTOR('',#8447,10.);
#2629=VECTOR('',#8450,10.);
#2630=VECTOR('',#8451,10.);
#2631=VECTOR('',#8454,10.);
#2632=VECTOR('',#8455,10.);
#2633=VECTOR('',#8458,10.);
#2634=VECTOR('',#8459,10.);
#2635=VECTOR('',#8462,10.);
#2636=VECTOR('',#8463,10.);
#2637=VECTOR('',#8466,10.);
#2638=VECTOR('',#8467,10.);
#2639=VECTOR('',#8470,10.);
#2640=VECTOR('',#8471,10.);
#2641=VECTOR('',#8498,1.99999999999999);
#2642=VECTOR('',#8503,2.);
#2643=VECTOR('',#8508,2.);
#2644=VECTOR('',#8513,2.);
#2645=VECTOR('',#8518,2.);
#2646=VECTOR('',#8523,2.);
#2647=VECTOR('',#8528,2.);
#2648=VECTOR('',#8533,2.);
#2649=VECTOR('',#8542,1.99999999999999);
#2650=VECTOR('',#8547,2.);
#2651=VECTOR('',#8552,2.);
#2652=VECTOR('',#8557,2.);
#2653=VECTOR('',#8562,2.);
#2654=VECTOR('',#8567,2.);
#2655=VECTOR('',#8572,2.);
#2656=VECTOR('',#8577,2.);
#2657=VECTOR('',#8586,1.99999999999999);
#2658=VECTOR('',#8591,2.);
#2659=VECTOR('',#8596,2.);
#2660=VECTOR('',#8601,2.);
#2661=VECTOR('',#8606,2.);
#2662=VECTOR('',#8611,2.);
#2663=VECTOR('',#8616,2.);
#2664=VECTOR('',#8621,2.);
#2665=VECTOR('',#8630,1.99999999999999);
#2666=VECTOR('',#8635,2.);
#2667=VECTOR('',#8640,2.);
#2668=VECTOR('',#8647,2.);
#2669=VECTOR('',#8654,2.);
#2670=VECTOR('',#8661,2.);
#2671=VECTOR('',#8668,2.);
#2672=VECTOR('',#8673,2.);
#2673=VECTOR('',#8678,2.);
#2674=VECTOR('',#8683,2.);
#2675=VECTOR('',#8688,2.);
#2676=VECTOR('',#8695,1.99999999999999);
#2677=VECTOR('',#8702,2.);
#2678=VECTOR('',#8711,1.99999999999999);
#2679=VECTOR('',#8716,1.99999999999999);
#2680=VECTOR('',#8723,2.);
#2681=VECTOR('',#8728,2.);
#2682=VECTOR('',#8733,2.);
#2683=VECTOR('',#8738,2.);
#2684=VECTOR('',#8743,2.);
#2685=VECTOR('',#8752,2.);
#2686=VECTOR('',#8757,2.);
#2687=VECTOR('',#8762,2.);
#2688=VECTOR('',#8767,2.);
#2689=VECTOR('',#8772,2.);
#2690=VECTOR('',#8777,2.);
#2691=VECTOR('',#8782,1.99999999999999);
#2692=VECTOR('',#8787,2.);
#2693=VECTOR('',#8792,2.);
#2694=VECTOR('',#8797,2.);
#2695=VECTOR('',#8802,2.);
#2696=VECTOR('',#8807,2.);
#2697=VECTOR('',#8816,2.);
#2698=VECTOR('',#8823,2.);
#2699=VECTOR('',#8830,2.);
#2700=VECTOR('',#8837,2.);
#2701=VECTOR('',#8844,2.);
#2702=VECTOR('',#8853,2.);
#2703=VECTOR('',#8858,2.);
#2704=VECTOR('',#8863,2.);
#2705=VECTOR('',#9124,2.);
#2706=VECTOR('',#9129,2.);
#2707=VECTOR('',#9134,2.);
#2708=VECTOR('',#9139,2.);
#2709=VECTOR('',#9144,2.);
#2710=VECTOR('',#9149,2.);
#2711=VECTOR('',#9154,2.);
#2712=VECTOR('',#9159,2.);
#2713=VECTOR('',#9164,2.);
#2714=VECTOR('',#9169,2.);
#2715=VECTOR('',#9174,2.);
#2716=VECTOR('',#9179,2.);
#2717=VECTOR('',#9184,2.);
#2718=VECTOR('',#9189,2.);
#2719=VECTOR('',#9194,2.);
#2720=VECTOR('',#9199,1.99999999999999);
#2721=VECTOR('',#9204,2.);
#2722=VECTOR('',#9209,2.);
#2723=VECTOR('',#9214,2.);
#2724=VECTOR('',#9219,2.);
#2725=VECTOR('',#9224,2.);
#2726=VECTOR('',#9229,1.99999999999999);
#2727=VECTOR('',#9234,2.);
#2728=VECTOR('',#9239,2.);
#2729=VECTOR('',#9244,2.);
#2730=VECTOR('',#9249,2.);
#2731=VECTOR('',#9254,2.);
#2732=VECTOR('',#9259,2.);
#2733=VECTOR('',#9264,1.99999999999999);
#2734=VECTOR('',#9269,1.99999999999999);
#2735=VECTOR('',#9274,2.);
#2736=VECTOR('',#9279,2.);
#2737=VECTOR('',#9284,2.);
#2738=VECTOR('',#9289,2.);
#2739=VECTOR('',#9294,2.);
#2740=VECTOR('',#9299,1.99999999999999);
#2741=VECTOR('',#9304,1.99999999999999);
#2742=VECTOR('',#9309,1.99999999999999);
#2743=VECTOR('',#9314,2.);
#2744=VECTOR('',#9319,1.99999999999999);
#2745=VECTOR('',#9324,2.);
#2746=VECTOR('',#9329,1.99999999999999);
#2747=VECTOR('',#9334,1.99999999999999);
#2748=VECTOR('',#9339,2.);
#2749=VECTOR('',#9344,2.);
#2750=VECTOR('',#9349,2.);
#2751=VECTOR('',#9354,2.);
#2752=VECTOR('',#9359,2.);
#2753=VECTOR('',#9364,2.);
#2754=VECTOR('',#9369,2.);
#2755=VECTOR('',#9374,2.);
#2756=VECTOR('',#9379,2.);
#2757=VECTOR('',#9384,2.);
#2758=VECTOR('',#9389,2.);
#2759=VECTOR('',#9394,2.);
#2760=VECTOR('',#9399,2.);
#2761=VECTOR('',#9404,2.);
#2762=VECTOR('',#9409,2.);
#2763=VECTOR('',#9414,1.99999999999999);
#2764=VECTOR('',#9419,1.99999999999999);
#2765=VECTOR('',#9424,2.);
#2766=VECTOR('',#9429,2.);
#2767=VECTOR('',#9434,2.);
#2768=VECTOR('',#9439,2.);
#2769=VECTOR('',#9444,2.);
#2770=VECTOR('',#9449,2.);
#2771=VECTOR('',#9454,2.);
#2772=VECTOR('',#9459,2.);
#2773=VECTOR('',#9464,1.99999999999999);
#2774=VECTOR('',#9469,1.99999999999999);
#2775=VECTOR('',#9474,2.);
#2776=VECTOR('',#9479,2.);
#2777=VECTOR('',#9484,2.);
#2778=VECTOR('',#9489,2.);
#2779=VECTOR('',#9494,2.);
#2780=VECTOR('',#9499,2.);
#2781=VECTOR('',#9504,2.);
#2782=VECTOR('',#9509,2.);
#2783=VECTOR('',#9514,1.99999999999999);
#2784=VECTOR('',#9519,1.99999999999999);
#2785=VECTOR('',#9524,2.);
#2786=VECTOR('',#9529,2.);
#2787=VECTOR('',#9534,2.);
#2788=VECTOR('',#9539,2.);
#2789=VECTOR('',#9544,2.);
#2790=VECTOR('',#9549,2.);
#2791=VECTOR('',#9554,2.);
#2792=VECTOR('',#9559,2.);
#2793=VECTOR('',#9564,1.99999999999999);
#2794=VECTOR('',#9569,1.99999999999999);
#2795=VECTOR('',#9574,2.);
#2796=VECTOR('',#9579,2.);
#2797=VECTOR('',#9584,2.);
#2798=VECTOR('',#9589,2.);
#2799=VECTOR('',#9594,2.);
#2800=VECTOR('',#9599,2.);
#2801=VECTOR('',#9604,2.);
#2802=VECTOR('',#9609,2.);
#2803=VECTOR('',#9614,1.99999999999999);
#2804=VECTOR('',#9619,1.99999999999999);
#2805=VECTOR('',#9622,10.);
#2806=VECTOR('',#9625,10.);
#2807=VECTOR('',#9628,10.);
#2808=VECTOR('',#9629,10.);
#2809=VECTOR('',#9634,10.);
#2810=VECTOR('',#9637,10.);
#2811=VECTOR('',#9638,10.);
#2812=VECTOR('',#9643,10.);
#2813=VECTOR('',#9646,10.);
#2814=VECTOR('',#9647,10.);
#2815=VECTOR('',#9652,10.);
#2816=VECTOR('',#9655,10.);
#2817=VECTOR('',#9656,10.);
#2818=VECTOR('',#9661,10.);
#2819=VECTOR('',#9664,10.);
#2820=VECTOR('',#9665,10.);
#2821=VECTOR('',#9670,10.);
#2822=VECTOR('',#9673,10.);
#2823=VECTOR('',#9674,10.);
#2824=VECTOR('',#9679,10.);
#2825=VECTOR('',#9682,10.);
#2826=VECTOR('',#9683,10.);
#2827=VECTOR('',#9688,10.);
#2828=VECTOR('',#9691,10.);
#2829=VECTOR('',#9692,10.);
#2830=VECTOR('',#9697,10.);
#2831=VECTOR('',#9700,10.);
#2832=VECTOR('',#9701,10.);
#2833=VECTOR('',#9704,10.);
#2834=VECTOR('',#9705,10.);
#2835=VECTOR('',#9710,10.);
#2836=VECTOR('',#9713,10.);
#2837=VECTOR('',#9714,10.);
#2838=VECTOR('',#9719,10.);
#2839=VECTOR('',#9722,10.);
#2840=VECTOR('',#9723,10.);
#2841=VECTOR('',#9728,10.);
#2842=VECTOR('',#9731,10.);
#2843=VECTOR('',#9732,10.);
#2844=VECTOR('',#9737,10.);
#2845=VECTOR('',#9740,10.);
#2846=VECTOR('',#9741,10.);
#2847=VECTOR('',#9746,10.);
#2848=VECTOR('',#9749,10.);
#2849=VECTOR('',#9750,10.);
#2850=VECTOR('',#9755,10.);
#2851=VECTOR('',#9758,10.);
#2852=VECTOR('',#9759,10.);
#2853=VECTOR('',#9764,10.);
#2854=VECTOR('',#9767,10.);
#2855=VECTOR('',#9768,10.);
#2856=VECTOR('',#9773,10.);
#2857=VECTOR('',#9776,10.);
#2858=VECTOR('',#9777,10.);
#2859=VECTOR('',#9782,10.);
#2860=VECTOR('',#9785,10.);
#2861=VECTOR('',#9786,10.);
#2862=VECTOR('',#9789,10.);
#2863=VECTOR('',#9790,10.);
#2864=VECTOR('',#9795,10.);
#2865=VECTOR('',#9798,10.);
#2866=VECTOR('',#9799,10.);
#2867=VECTOR('',#9804,10.);
#2868=VECTOR('',#9807,10.);
#2869=VECTOR('',#9808,10.);
#2870=VECTOR('',#9813,10.);
#2871=VECTOR('',#9816,10.);
#2872=VECTOR('',#9817,10.);
#2873=VECTOR('',#9822,10.);
#2874=VECTOR('',#9825,10.);
#2875=VECTOR('',#9826,10.);
#2876=VECTOR('',#9831,10.);
#2877=VECTOR('',#9834,10.);
#2878=VECTOR('',#9835,10.);
#2879=VECTOR('',#9840,10.);
#2880=VECTOR('',#9843,10.);
#2881=VECTOR('',#9844,10.);
#2882=VECTOR('',#9849,10.);
#2883=VECTOR('',#9852,10.);
#2884=VECTOR('',#9853,10.);
#2885=VECTOR('',#9858,10.);
#2886=VECTOR('',#9861,10.);
#2887=VECTOR('',#9862,10.);
#2888=VECTOR('',#9867,10.);
#2889=VECTOR('',#9870,10.);
#2890=VECTOR('',#9871,10.);
#2891=VECTOR('',#9874,10.);
#2892=VECTOR('',#9875,10.);
#2893=VECTOR('',#9880,10.);
#2894=VECTOR('',#9883,10.);
#2895=VECTOR('',#9884,10.);
#2896=VECTOR('',#9889,10.);
#2897=VECTOR('',#9892,10.);
#2898=VECTOR('',#9893,10.);
#2899=VECTOR('',#9898,10.);
#2900=VECTOR('',#9901,10.);
#2901=VECTOR('',#9902,10.);
#2902=VECTOR('',#9907,10.);
#2903=VECTOR('',#9910,10.);
#2904=VECTOR('',#9911,10.);
#2905=VECTOR('',#9916,10.);
#2906=VECTOR('',#9919,10.);
#2907=VECTOR('',#9920,10.);
#2908=VECTOR('',#9925,10.);
#2909=VECTOR('',#9928,10.);
#2910=VECTOR('',#9929,10.);
#2911=VECTOR('',#9934,10.);
#2912=VECTOR('',#9937,10.);
#2913=VECTOR('',#9938,10.);
#2914=VECTOR('',#9943,10.);
#2915=VECTOR('',#9946,10.);
#2916=VECTOR('',#9947,10.);
#2917=VECTOR('',#9952,10.);
#2918=VECTOR('',#9955,10.);
#2919=VECTOR('',#9956,10.);
#2920=VECTOR('',#9959,10.);
#2921=VERTEX_POINT('',#9964);
#2922=VERTEX_POINT('',#9965);
#2923=VERTEX_POINT('',#9967);
#2924=VERTEX_POINT('',#9969);
#2925=VERTEX_POINT('',#9973);
#2926=VERTEX_POINT('',#9974);
#2927=VERTEX_POINT('',#9976);
#2928=VERTEX_POINT('',#9978);
#2929=VERTEX_POINT('',#9980);
#2930=VERTEX_POINT('',#9982);
#2931=VERTEX_POINT('',#9984);
#2932=VERTEX_POINT('',#9986);
#2933=VERTEX_POINT('',#9988);
#2934=VERTEX_POINT('',#9990);
#2935=VERTEX_POINT('',#9992);
#2936=VERTEX_POINT('',#9994);
#2937=VERTEX_POINT('',#9996);
#2938=VERTEX_POINT('',#9998);
#2939=VERTEX_POINT('',#10000);
#2940=VERTEX_POINT('',#10002);
#2941=VERTEX_POINT('',#10004);
#2942=VERTEX_POINT('',#10006);
#2943=VERTEX_POINT('',#10008);
#2944=VERTEX_POINT('',#10010);
#2945=VERTEX_POINT('',#10012);
#2946=VERTEX_POINT('',#10014);
#2947=VERTEX_POINT('',#10016);
#2948=VERTEX_POINT('',#10018);
#2949=VERTEX_POINT('',#10020);
#2950=VERTEX_POINT('',#10022);
#2951=VERTEX_POINT('',#10024);
#2952=VERTEX_POINT('',#10026);
#2953=VERTEX_POINT('',#10028);
#2954=VERTEX_POINT('',#10030);
#2955=VERTEX_POINT('',#10032);
#2956=VERTEX_POINT('',#10034);
#2957=VERTEX_POINT('',#10036);
#2958=VERTEX_POINT('',#10038);
#2959=VERTEX_POINT('',#10040);
#2960=VERTEX_POINT('',#10042);
#2961=VERTEX_POINT('',#10044);
#2962=VERTEX_POINT('',#10046);
#2963=VERTEX_POINT('',#10048);
#2964=VERTEX_POINT('',#10050);
#2965=VERTEX_POINT('',#10052);
#2966=VERTEX_POINT('',#10054);
#2967=VERTEX_POINT('',#10056);
#2968=VERTEX_POINT('',#10058);
#2969=VERTEX_POINT('',#10060);
#2970=VERTEX_POINT('',#10062);
#2971=VERTEX_POINT('',#10064);
#2972=VERTEX_POINT('',#10066);
#2973=VERTEX_POINT('',#10068);
#2974=VERTEX_POINT('',#10070);
#2975=VERTEX_POINT('',#10072);
#2976=VERTEX_POINT('',#10074);
#2977=VERTEX_POINT('',#10076);
#2978=VERTEX_POINT('',#10078);
#2979=VERTEX_POINT('',#10080);
#2980=VERTEX_POINT('',#10082);
#2981=VERTEX_POINT('',#10084);
#2982=VERTEX_POINT('',#10086);
#2983=VERTEX_POINT('',#10088);
#2984=VERTEX_POINT('',#10090);
#2985=VERTEX_POINT('',#10092);
#2986=VERTEX_POINT('',#10094);
#2987=VERTEX_POINT('',#10096);
#2988=VERTEX_POINT('',#10098);
#2989=VERTEX_POINT('',#10100);
#2990=VERTEX_POINT('',#10102);
#2991=VERTEX_POINT('',#10104);
#2992=VERTEX_POINT('',#10106);
#2993=VERTEX_POINT('',#10108);
#2994=VERTEX_POINT('',#10110);
#2995=VERTEX_POINT('',#10112);
#2996=VERTEX_POINT('',#10114);
#2997=VERTEX_POINT('',#10116);
#2998=VERTEX_POINT('',#10118);
#2999=VERTEX_POINT('',#10120);
#3000=VERTEX_POINT('',#10122);
#3001=VERTEX_POINT('',#10125);
#3002=VERTEX_POINT('',#10127);
#3003=VERTEX_POINT('',#10129);
#3004=VERTEX_POINT('',#10131);
#3005=VERTEX_POINT('',#10133);
#3006=VERTEX_POINT('',#10135);
#3007=VERTEX_POINT('',#10137);
#3008=VERTEX_POINT('',#10139);
#3009=VERTEX_POINT('',#10141);
#3010=VERTEX_POINT('',#10143);
#3011=VERTEX_POINT('',#10145);
#3012=VERTEX_POINT('',#10147);
#3013=VERTEX_POINT('',#10149);
#3014=VERTEX_POINT('',#10151);
#3015=VERTEX_POINT('',#10153);
#3016=VERTEX_POINT('',#10155);
#3017=VERTEX_POINT('',#10157);
#3018=VERTEX_POINT('',#10159);
#3019=VERTEX_POINT('',#10161);
#3020=VERTEX_POINT('',#10163);
#3021=VERTEX_POINT('',#10165);
#3022=VERTEX_POINT('',#10167);
#3023=VERTEX_POINT('',#10169);
#3024=VERTEX_POINT('',#10171);
#3025=VERTEX_POINT('',#10173);
#3026=VERTEX_POINT('',#10175);
#3027=VERTEX_POINT('',#10177);
#3028=VERTEX_POINT('',#10179);
#3029=VERTEX_POINT('',#10181);
#3030=VERTEX_POINT('',#10183);
#3031=VERTEX_POINT('',#10185);
#3032=VERTEX_POINT('',#10187);
#3033=VERTEX_POINT('',#10189);
#3034=VERTEX_POINT('',#10191);
#3035=VERTEX_POINT('',#10193);
#3036=VERTEX_POINT('',#10195);
#3037=VERTEX_POINT('',#10197);
#3038=VERTEX_POINT('',#10199);
#3039=VERTEX_POINT('',#10201);
#3040=VERTEX_POINT('',#10203);
#3041=VERTEX_POINT('',#10205);
#3042=VERTEX_POINT('',#10207);
#3043=VERTEX_POINT('',#10209);
#3044=VERTEX_POINT('',#10211);
#3045=VERTEX_POINT('',#10213);
#3046=VERTEX_POINT('',#10215);
#3047=VERTEX_POINT('',#10217);
#3048=VERTEX_POINT('',#10219);
#3049=VERTEX_POINT('',#10221);
#3050=VERTEX_POINT('',#10223);
#3051=VERTEX_POINT('',#10225);
#3052=VERTEX_POINT('',#10227);
#3053=VERTEX_POINT('',#10229);
#3054=VERTEX_POINT('',#10231);
#3055=VERTEX_POINT('',#10233);
#3056=VERTEX_POINT('',#10235);
#3057=VERTEX_POINT('',#10237);
#3058=VERTEX_POINT('',#10239);
#3059=VERTEX_POINT('',#10241);
#3060=VERTEX_POINT('',#10243);
#3061=VERTEX_POINT('',#10245);
#3062=VERTEX_POINT('',#10247);
#3063=VERTEX_POINT('',#10249);
#3064=VERTEX_POINT('',#10251);
#3065=VERTEX_POINT('',#10253);
#3066=VERTEX_POINT('',#10255);
#3067=VERTEX_POINT('',#10257);
#3068=VERTEX_POINT('',#10259);
#3069=VERTEX_POINT('',#10261);
#3070=VERTEX_POINT('',#10263);
#3071=VERTEX_POINT('',#10266);
#3072=VERTEX_POINT('',#10268);
#3073=VERTEX_POINT('',#10270);
#3074=VERTEX_POINT('',#10272);
#3075=VERTEX_POINT('',#10274);
#3076=VERTEX_POINT('',#10276);
#3077=VERTEX_POINT('',#10278);
#3078=VERTEX_POINT('',#10280);
#3079=VERTEX_POINT('',#10282);
#3080=VERTEX_POINT('',#10284);
#3081=VERTEX_POINT('',#10286);
#3082=VERTEX_POINT('',#10288);
#3083=VERTEX_POINT('',#10290);
#3084=VERTEX_POINT('',#10292);
#3085=VERTEX_POINT('',#10294);
#3086=VERTEX_POINT('',#10296);
#3087=VERTEX_POINT('',#10298);
#3088=VERTEX_POINT('',#10300);
#3089=VERTEX_POINT('',#10302);
#3090=VERTEX_POINT('',#10304);
#3091=VERTEX_POINT('',#10306);
#3092=VERTEX_POINT('',#10308);
#3093=VERTEX_POINT('',#10310);
#3094=VERTEX_POINT('',#10312);
#3095=VERTEX_POINT('',#10314);
#3096=VERTEX_POINT('',#10316);
#3097=VERTEX_POINT('',#10318);
#3098=VERTEX_POINT('',#10320);
#3099=VERTEX_POINT('',#10322);
#3100=VERTEX_POINT('',#10324);
#3101=VERTEX_POINT('',#10326);
#3102=VERTEX_POINT('',#10328);
#3103=VERTEX_POINT('',#10330);
#3104=VERTEX_POINT('',#10332);
#3105=VERTEX_POINT('',#10334);
#3106=VERTEX_POINT('',#10336);
#3107=VERTEX_POINT('',#10339);
#3108=VERTEX_POINT('',#10341);
#3109=VERTEX_POINT('',#10343);
#3110=VERTEX_POINT('',#10345);
#3111=VERTEX_POINT('',#10347);
#3112=VERTEX_POINT('',#10349);
#3113=VERTEX_POINT('',#10351);
#3114=VERTEX_POINT('',#10353);
#3115=VERTEX_POINT('',#10355);
#3116=VERTEX_POINT('',#10357);
#3117=VERTEX_POINT('',#10359);
#3118=VERTEX_POINT('',#10361);
#3119=VERTEX_POINT('',#10363);
#3120=VERTEX_POINT('',#10365);
#3121=VERTEX_POINT('',#10367);
#3122=VERTEX_POINT('',#10369);
#3123=VERTEX_POINT('',#10371);
#3124=VERTEX_POINT('',#10373);
#3125=VERTEX_POINT('',#10375);
#3126=VERTEX_POINT('',#10377);
#3127=VERTEX_POINT('',#10379);
#3128=VERTEX_POINT('',#10381);
#3129=VERTEX_POINT('',#10383);
#3130=VERTEX_POINT('',#10385);
#3131=VERTEX_POINT('',#10387);
#3132=VERTEX_POINT('',#10389);
#3133=VERTEX_POINT('',#10391);
#3134=VERTEX_POINT('',#10393);
#3135=VERTEX_POINT('',#10395);
#3136=VERTEX_POINT('',#10397);
#3137=VERTEX_POINT('',#10399);
#3138=VERTEX_POINT('',#10401);
#3139=VERTEX_POINT('',#10403);
#3140=VERTEX_POINT('',#10405);
#3141=VERTEX_POINT('',#10407);
#3142=VERTEX_POINT('',#10409);
#3143=VERTEX_POINT('',#10411);
#3144=VERTEX_POINT('',#10413);
#3145=VERTEX_POINT('',#10415);
#3146=VERTEX_POINT('',#10417);
#3147=VERTEX_POINT('',#10419);
#3148=VERTEX_POINT('',#10421);
#3149=VERTEX_POINT('',#10423);
#3150=VERTEX_POINT('',#10425);
#3151=VERTEX_POINT('',#10427);
#3152=VERTEX_POINT('',#10429);
#3153=VERTEX_POINT('',#10431);
#3154=VERTEX_POINT('',#10433);
#3155=VERTEX_POINT('',#10435);
#3156=VERTEX_POINT('',#10437);
#3157=VERTEX_POINT('',#10439);
#3158=VERTEX_POINT('',#10441);
#3159=VERTEX_POINT('',#10443);
#3160=VERTEX_POINT('',#10445);
#3161=VERTEX_POINT('',#10447);
#3162=VERTEX_POINT('',#10449);
#3163=VERTEX_POINT('',#10451);
#3164=VERTEX_POINT('',#10453);
#3165=VERTEX_POINT('',#10455);
#3166=VERTEX_POINT('',#10457);
#3167=VERTEX_POINT('',#10459);
#3168=VERTEX_POINT('',#10461);
#3169=VERTEX_POINT('',#10463);
#3170=VERTEX_POINT('',#10465);
#3171=VERTEX_POINT('',#10467);
#3172=VERTEX_POINT('',#10469);
#3173=VERTEX_POINT('',#10471);
#3174=VERTEX_POINT('',#10473);
#3175=VERTEX_POINT('',#10475);
#3176=VERTEX_POINT('',#10477);
#3177=VERTEX_POINT('',#10480);
#3178=VERTEX_POINT('',#10482);
#3179=VERTEX_POINT('',#10484);
#3180=VERTEX_POINT('',#10486);
#3181=VERTEX_POINT('',#10488);
#3182=VERTEX_POINT('',#10490);
#3183=VERTEX_POINT('',#10492);
#3184=VERTEX_POINT('',#10494);
#3185=VERTEX_POINT('',#10496);
#3186=VERTEX_POINT('',#10498);
#3187=VERTEX_POINT('',#10500);
#3188=VERTEX_POINT('',#10502);
#3189=VERTEX_POINT('',#10504);
#3190=VERTEX_POINT('',#10506);
#3191=VERTEX_POINT('',#10508);
#3192=VERTEX_POINT('',#10510);
#3193=VERTEX_POINT('',#10512);
#3194=VERTEX_POINT('',#10514);
#3195=VERTEX_POINT('',#10516);
#3196=VERTEX_POINT('',#10518);
#3197=VERTEX_POINT('',#10520);
#3198=VERTEX_POINT('',#10522);
#3199=VERTEX_POINT('',#10524);
#3200=VERTEX_POINT('',#10526);
#3201=VERTEX_POINT('',#10528);
#3202=VERTEX_POINT('',#10530);
#3203=VERTEX_POINT('',#10532);
#3204=VERTEX_POINT('',#10534);
#3205=VERTEX_POINT('',#10536);
#3206=VERTEX_POINT('',#10538);
#3207=VERTEX_POINT('',#10540);
#3208=VERTEX_POINT('',#10542);
#3209=VERTEX_POINT('',#10544);
#3210=VERTEX_POINT('',#10546);
#3211=VERTEX_POINT('',#10548);
#3212=VERTEX_POINT('',#10550);
#3213=VERTEX_POINT('',#10552);
#3214=VERTEX_POINT('',#10554);
#3215=VERTEX_POINT('',#10556);
#3216=VERTEX_POINT('',#10558);
#3217=VERTEX_POINT('',#10560);
#3218=VERTEX_POINT('',#10562);
#3219=VERTEX_POINT('',#10564);
#3220=VERTEX_POINT('',#10566);
#3221=VERTEX_POINT('',#10568);
#3222=VERTEX_POINT('',#10570);
#3223=VERTEX_POINT('',#10572);
#3224=VERTEX_POINT('',#10574);
#3225=VERTEX_POINT('',#10576);
#3226=VERTEX_POINT('',#10578);
#3227=VERTEX_POINT('',#10580);
#3228=VERTEX_POINT('',#10582);
#3229=VERTEX_POINT('',#10584);
#3230=VERTEX_POINT('',#10586);
#3231=VERTEX_POINT('',#10588);
#3232=VERTEX_POINT('',#10590);
#3233=VERTEX_POINT('',#10592);
#3234=VERTEX_POINT('',#10594);
#3235=VERTEX_POINT('',#10596);
#3236=VERTEX_POINT('',#10598);
#3237=VERTEX_POINT('',#10600);
#3238=VERTEX_POINT('',#10602);
#3239=VERTEX_POINT('',#10604);
#3240=VERTEX_POINT('',#10606);
#3241=VERTEX_POINT('',#10725);
#3242=VERTEX_POINT('',#10729);
#3243=VERTEX_POINT('',#10733);
#3244=VERTEX_POINT('',#10737);
#3245=VERTEX_POINT('',#10741);
#3246=VERTEX_POINT('',#10745);
#3247=VERTEX_POINT('',#10749);
#3248=VERTEX_POINT('',#10753);
#3249=VERTEX_POINT('',#10759);
#3250=VERTEX_POINT('',#10763);
#3251=VERTEX_POINT('',#10767);
#3252=VERTEX_POINT('',#10771);
#3253=VERTEX_POINT('',#10775);
#3254=VERTEX_POINT('',#10779);
#3255=VERTEX_POINT('',#10783);
#3256=VERTEX_POINT('',#10787);
#3257=VERTEX_POINT('',#10793);
#3258=VERTEX_POINT('',#10797);
#3259=VERTEX_POINT('',#10801);
#3260=VERTEX_POINT('',#10805);
#3261=VERTEX_POINT('',#10809);
#3262=VERTEX_POINT('',#10813);
#3263=VERTEX_POINT('',#10817);
#3264=VERTEX_POINT('',#10821);
#3265=VERTEX_POINT('',#10827);
#3266=VERTEX_POINT('',#10831);
#3267=VERTEX_POINT('',#10835);
#3268=VERTEX_POINT('',#10840);
#3269=VERTEX_POINT('',#10845);
#3270=VERTEX_POINT('',#10850);
#3271=VERTEX_POINT('',#10855);
#3272=VERTEX_POINT('',#10859);
#3273=VERTEX_POINT('',#10863);
#3274=VERTEX_POINT('',#10867);
#3275=VERTEX_POINT('',#10871);
#3276=VERTEX_POINT('',#10876);
#3277=VERTEX_POINT('',#10881);
#3278=VERTEX_POINT('',#10887);
#3279=VERTEX_POINT('',#10891);
#3280=VERTEX_POINT('',#10896);
#3281=VERTEX_POINT('',#10900);
#3282=VERTEX_POINT('',#10904);
#3283=VERTEX_POINT('',#10908);
#3284=VERTEX_POINT('',#10912);
#3285=VERTEX_POINT('',#10918);
#3286=VERTEX_POINT('',#10922);
#3287=VERTEX_POINT('',#10926);
#3288=VERTEX_POINT('',#10930);
#3289=VERTEX_POINT('',#10934);
#3290=VERTEX_POINT('',#10938);
#3291=VERTEX_POINT('',#10942);
#3292=VERTEX_POINT('',#10946);
#3293=VERTEX_POINT('',#10950);
#3294=VERTEX_POINT('',#10954);
#3295=VERTEX_POINT('',#10958);
#3296=VERTEX_POINT('',#10962);
#3297=VERTEX_POINT('',#10968);
#3298=VERTEX_POINT('',#10973);
#3299=VERTEX_POINT('',#10978);
#3300=VERTEX_POINT('',#10983);
#3301=VERTEX_POINT('',#10988);
#3302=VERTEX_POINT('',#10994);
#3303=VERTEX_POINT('',#10998);
#3304=VERTEX_POINT('',#11002);
#3305=VERTEX_POINT('',#11006);
#3306=VERTEX_POINT('',#11009);
#3307=VERTEX_POINT('',#11012);
#3308=VERTEX_POINT('',#11015);
#3309=VERTEX_POINT('',#11018);
#3310=VERTEX_POINT('',#11021);
#3311=VERTEX_POINT('',#11024);
#3312=VERTEX_POINT('',#11027);
#3313=VERTEX_POINT('',#11030);
#3314=VERTEX_POINT('',#11033);
#3315=VERTEX_POINT('',#11036);
#3316=VERTEX_POINT('',#11039);
#3317=VERTEX_POINT('',#11042);
#3318=VERTEX_POINT('',#11045);
#3319=VERTEX_POINT('',#11048);
#3320=VERTEX_POINT('',#11051);
#3321=VERTEX_POINT('',#11054);
#3322=VERTEX_POINT('',#11057);
#3323=VERTEX_POINT('',#11060);
#3324=VERTEX_POINT('',#11063);
#3325=VERTEX_POINT('',#11066);
#3326=VERTEX_POINT('',#11069);
#3327=VERTEX_POINT('',#11072);
#3328=VERTEX_POINT('',#11075);
#3329=VERTEX_POINT('',#11078);
#3330=VERTEX_POINT('',#11081);
#3331=VERTEX_POINT('',#11084);
#3332=VERTEX_POINT('',#11087);
#3333=VERTEX_POINT('',#11090);
#3334=VERTEX_POINT('',#11093);
#3335=VERTEX_POINT('',#11096);
#3336=VERTEX_POINT('',#11099);
#3337=VERTEX_POINT('',#11102);
#3338=VERTEX_POINT('',#11105);
#3339=VERTEX_POINT('',#11108);
#3340=VERTEX_POINT('',#11111);
#3341=VERTEX_POINT('',#11114);
#3342=VERTEX_POINT('',#11117);
#3343=VERTEX_POINT('',#11120);
#3344=VERTEX_POINT('',#11123);
#3345=VERTEX_POINT('',#11126);
#3346=VERTEX_POINT('',#11129);
#3347=VERTEX_POINT('',#11132);
#3348=VERTEX_POINT('',#11135);
#3349=VERTEX_POINT('',#11138);
#3350=VERTEX_POINT('',#11141);
#3351=VERTEX_POINT('',#11144);
#3352=VERTEX_POINT('',#11147);
#3353=VERTEX_POINT('',#11150);
#3354=VERTEX_POINT('',#11153);
#3355=VERTEX_POINT('',#11156);
#3356=VERTEX_POINT('',#11159);
#3357=VERTEX_POINT('',#11162);
#3358=VERTEX_POINT('',#11165);
#3359=VERTEX_POINT('',#11168);
#3360=VERTEX_POINT('',#11171);
#3361=VERTEX_POINT('',#11174);
#3362=VERTEX_POINT('',#11177);
#3363=VERTEX_POINT('',#11180);
#3364=VERTEX_POINT('',#11183);
#3365=VERTEX_POINT('',#11186);
#3366=VERTEX_POINT('',#11189);
#3367=VERTEX_POINT('',#11192);
#3368=VERTEX_POINT('',#11195);
#3369=VERTEX_POINT('',#11198);
#3370=VERTEX_POINT('',#11202);
#3371=VERTEX_POINT('',#11206);
#3372=VERTEX_POINT('',#11210);
#3373=VERTEX_POINT('',#11214);
#3374=VERTEX_POINT('',#11218);
#3375=VERTEX_POINT('',#11222);
#3376=VERTEX_POINT('',#11226);
#3377=VERTEX_POINT('',#11230);
#3378=VERTEX_POINT('',#11234);
#3379=VERTEX_POINT('',#11238);
#3380=VERTEX_POINT('',#11242);
#3381=VERTEX_POINT('',#11246);
#3382=VERTEX_POINT('',#11250);
#3383=VERTEX_POINT('',#11254);
#3384=VERTEX_POINT('',#11258);
#3385=VERTEX_POINT('',#11262);
#3386=VERTEX_POINT('',#11266);
#3387=VERTEX_POINT('',#11270);
#3388=VERTEX_POINT('',#11274);
#3389=VERTEX_POINT('',#11278);
#3390=VERTEX_POINT('',#11282);
#3391=VERTEX_POINT('',#11286);
#3392=VERTEX_POINT('',#11290);
#3393=VERTEX_POINT('',#11294);
#3394=VERTEX_POINT('',#11298);
#3395=VERTEX_POINT('',#11302);
#3396=VERTEX_POINT('',#11306);
#3397=VERTEX_POINT('',#11310);
#3398=VERTEX_POINT('',#11314);
#3399=VERTEX_POINT('',#11318);
#3400=VERTEX_POINT('',#11322);
#3401=VERTEX_POINT('',#11326);
#3402=VERTEX_POINT('',#11330);
#3403=VERTEX_POINT('',#11334);
#3404=VERTEX_POINT('',#11338);
#3405=VERTEX_POINT('',#11342);
#3406=VERTEX_POINT('',#11346);
#3407=VERTEX_POINT('',#11350);
#3408=VERTEX_POINT('',#11354);
#3409=VERTEX_POINT('',#11358);
#3410=VERTEX_POINT('',#11362);
#3411=VERTEX_POINT('',#11366);
#3412=VERTEX_POINT('',#11370);
#3413=VERTEX_POINT('',#11374);
#3414=VERTEX_POINT('',#11378);
#3415=VERTEX_POINT('',#11382);
#3416=VERTEX_POINT('',#11386);
#3417=VERTEX_POINT('',#11390);
#3418=VERTEX_POINT('',#11394);
#3419=VERTEX_POINT('',#11398);
#3420=VERTEX_POINT('',#11402);
#3421=VERTEX_POINT('',#11406);
#3422=VERTEX_POINT('',#11410);
#3423=VERTEX_POINT('',#11414);
#3424=VERTEX_POINT('',#11418);
#3425=VERTEX_POINT('',#11422);
#3426=VERTEX_POINT('',#11426);
#3427=VERTEX_POINT('',#11430);
#3428=VERTEX_POINT('',#11434);
#3429=VERTEX_POINT('',#11438);
#3430=VERTEX_POINT('',#11442);
#3431=VERTEX_POINT('',#11446);
#3432=VERTEX_POINT('',#11450);
#3433=VERTEX_POINT('',#11454);
#3434=VERTEX_POINT('',#11458);
#3435=VERTEX_POINT('',#11462);
#3436=VERTEX_POINT('',#11466);
#3437=VERTEX_POINT('',#11470);
#3438=VERTEX_POINT('',#11474);
#3439=VERTEX_POINT('',#11478);
#3440=VERTEX_POINT('',#11482);
#3441=VERTEX_POINT('',#11486);
#3442=VERTEX_POINT('',#11490);
#3443=VERTEX_POINT('',#11494);
#3444=VERTEX_POINT('',#11498);
#3445=VERTEX_POINT('',#11502);
#3446=VERTEX_POINT('',#11506);
#3447=VERTEX_POINT('',#11510);
#3448=VERTEX_POINT('',#11514);
#3449=VERTEX_POINT('',#11518);
#3450=VERTEX_POINT('',#11522);
#3451=VERTEX_POINT('',#11526);
#3452=VERTEX_POINT('',#11530);
#3453=VERTEX_POINT('',#11534);
#3454=VERTEX_POINT('',#11538);
#3455=VERTEX_POINT('',#11542);
#3456=VERTEX_POINT('',#11546);
#3457=VERTEX_POINT('',#11550);
#3458=VERTEX_POINT('',#11554);
#3459=VERTEX_POINT('',#11558);
#3460=VERTEX_POINT('',#11562);
#3461=VERTEX_POINT('',#11566);
#3462=VERTEX_POINT('',#11570);
#3463=VERTEX_POINT('',#11574);
#3464=VERTEX_POINT('',#11578);
#3465=VERTEX_POINT('',#11582);
#3466=VERTEX_POINT('',#11586);
#3467=VERTEX_POINT('',#11590);
#3468=VERTEX_POINT('',#11594);
#3469=VERTEX_POINT('',#11598);
#3470=VERTEX_POINT('',#11600);
#3471=VERTEX_POINT('',#11604);
#3472=VERTEX_POINT('',#11608);
#3473=VERTEX_POINT('',#11612);
#3474=VERTEX_POINT('',#11616);
#3475=VERTEX_POINT('',#11620);
#3476=VERTEX_POINT('',#11624);
#3477=VERTEX_POINT('',#11628);
#3478=VERTEX_POINT('',#11632);
#3479=VERTEX_POINT('',#11636);
#3480=VERTEX_POINT('',#11640);
#3481=VERTEX_POINT('',#11644);
#3482=VERTEX_POINT('',#11648);
#3483=VERTEX_POINT('',#11652);
#3484=VERTEX_POINT('',#11656);
#3485=VERTEX_POINT('',#11660);
#3486=VERTEX_POINT('',#11664);
#3487=VERTEX_POINT('',#11668);
#3488=VERTEX_POINT('',#11672);
#3489=VERTEX_POINT('',#11676);
#3490=VERTEX_POINT('',#11680);
#3491=VERTEX_POINT('',#11684);
#3492=VERTEX_POINT('',#11688);
#3493=VERTEX_POINT('',#11692);
#3494=VERTEX_POINT('',#11696);
#3495=VERTEX_POINT('',#11700);
#3496=VERTEX_POINT('',#11704);
#3497=VERTEX_POINT('',#11708);
#3498=VERTEX_POINT('',#11712);
#3499=VERTEX_POINT('',#11716);
#3500=VERTEX_POINT('',#11720);
#3501=VERTEX_POINT('',#11724);
#3502=VERTEX_POINT('',#11728);
#3503=VERTEX_POINT('',#11732);
#3504=VERTEX_POINT('',#11736);
#3505=VERTEX_POINT('',#11740);
#3506=VERTEX_POINT('',#11744);
#3507=VERTEX_POINT('',#11748);
#3508=VERTEX_POINT('',#11752);
#3509=VERTEX_POINT('',#11756);
#3510=VERTEX_POINT('',#11760);
#3511=VERTEX_POINT('',#11764);
#3512=VERTEX_POINT('',#11768);
#3513=VERTEX_POINT('',#11772);
#3514=VERTEX_POINT('',#11776);
#3515=VERTEX_POINT('',#11780);
#3516=VERTEX_POINT('',#11784);
#3517=VERTEX_POINT('',#11788);
#3518=VERTEX_POINT('',#11792);
#3519=VERTEX_POINT('',#11796);
#3520=VERTEX_POINT('',#11800);
#3521=VERTEX_POINT('',#11804);
#3522=VERTEX_POINT('',#11808);
#3523=VERTEX_POINT('',#11812);
#3524=VERTEX_POINT('',#11816);
#3525=VERTEX_POINT('',#11820);
#3526=VERTEX_POINT('',#11824);
#3527=VERTEX_POINT('',#11828);
#3528=VERTEX_POINT('',#11832);
#3529=VERTEX_POINT('',#11836);
#3530=VERTEX_POINT('',#11840);
#3531=VERTEX_POINT('',#11844);
#3532=VERTEX_POINT('',#11848);
#3533=VERTEX_POINT('',#11852);
#3534=VERTEX_POINT('',#11856);
#3535=VERTEX_POINT('',#11860);
#3536=VERTEX_POINT('',#11864);
#3537=VERTEX_POINT('',#11868);
#3538=VERTEX_POINT('',#11872);
#3539=VERTEX_POINT('',#11876);
#3540=VERTEX_POINT('',#11880);
#3541=VERTEX_POINT('',#11884);
#3542=VERTEX_POINT('',#11888);
#3543=VERTEX_POINT('',#11892);
#3544=VERTEX_POINT('',#11896);
#3545=EDGE_CURVE('',#2921,#2922,#2065,.T.);
#3546=EDGE_CURVE('',#2921,#2923,#2066,.T.);
#3547=EDGE_CURVE('',#2923,#2924,#2067,.T.);
#3548=EDGE_CURVE('',#2924,#2922,#2068,.T.);
#3549=EDGE_CURVE('',#2925,#2926,#2069,.T.);
#3550=EDGE_CURVE('',#2927,#2925,#2070,.T.);
#3551=EDGE_CURVE('',#2927,#2928,#534,.T.);
#3552=EDGE_CURVE('',#2929,#2928,#2071,.T.);
#3553=EDGE_CURVE('',#2929,#2930,#535,.T.);
#3554=EDGE_CURVE('',#2931,#2930,#2072,.T.);
#3555=EDGE_CURVE('',#2931,#2932,#536,.T.);
#3556=EDGE_CURVE('',#2933,#2932,#2073,.T.);
#3557=EDGE_CURVE('',#2933,#2934,#537,.T.);
#3558=EDGE_CURVE('',#2935,#2934,#2074,.T.);
#3559=EDGE_CURVE('',#2935,#2936,#538,.T.);
#3560=EDGE_CURVE('',#2937,#2936,#2075,.T.);
#3561=EDGE_CURVE('',#2937,#2938,#539,.T.);
#3562=EDGE_CURVE('',#2939,#2938,#2076,.T.);
#3563=EDGE_CURVE('',#2939,#2940,#540,.T.);
#3564=EDGE_CURVE('',#2941,#2940,#2077,.T.);
#3565=EDGE_CURVE('',#2941,#2942,#541,.T.);
#3566=EDGE_CURVE('',#2943,#2942,#2078,.T.);
#3567=EDGE_CURVE('',#2943,#2944,#542,.T.);
#3568=EDGE_CURVE('',#2945,#2944,#2079,.T.);
#3569=EDGE_CURVE('',#2946,#2945,#2080,.T.);
#3570=EDGE_CURVE('',#2947,#2946,#543,.F.);
#3571=EDGE_CURVE('',#2948,#2947,#2081,.T.);
#3572=EDGE_CURVE('',#2949,#2948,#544,.F.);
#3573=EDGE_CURVE('',#2950,#2949,#2082,.T.);
#3574=EDGE_CURVE('',#2951,#2950,#545,.F.);
#3575=EDGE_CURVE('',#2952,#2951,#2083,.T.);
#3576=EDGE_CURVE('',#2953,#2952,#546,.F.);
#3577=EDGE_CURVE('',#2954,#2953,#2084,.T.);
#3578=EDGE_CURVE('',#2955,#2954,#547,.F.);
#3579=EDGE_CURVE('',#2956,#2955,#2085,.T.);
#3580=EDGE_CURVE('',#2957,#2956,#548,.F.);
#3581=EDGE_CURVE('',#2958,#2957,#2086,.T.);
#3582=EDGE_CURVE('',#2959,#2958,#549,.F.);
#3583=EDGE_CURVE('',#2960,#2959,#2087,.T.);
#3584=EDGE_CURVE('',#2961,#2960,#550,.F.);
#3585=EDGE_CURVE('',#2962,#2961,#2088,.T.);
#3586=EDGE_CURVE('',#2963,#2962,#551,.F.);
#3587=EDGE_CURVE('',#2964,#2963,#2089,.T.);
#3588=EDGE_CURVE('',#2965,#2964,#2090,.T.);
#3589=EDGE_CURVE('',#2966,#2965,#552,.F.);
#3590=EDGE_CURVE('',#2967,#2966,#2091,.T.);
#3591=EDGE_CURVE('',#2968,#2967,#553,.F.);
#3592=EDGE_CURVE('',#2969,#2968,#2092,.T.);
#3593=EDGE_CURVE('',#2970,#2969,#554,.F.);
#3594=EDGE_CURVE('',#2971,#2970,#2093,.T.);
#3595=EDGE_CURVE('',#2972,#2971,#555,.F.);
#3596=EDGE_CURVE('',#2973,#2972,#2094,.T.);
#3597=EDGE_CURVE('',#2974,#2973,#556,.F.);
#3598=EDGE_CURVE('',#2975,#2974,#2095,.T.);
#3599=EDGE_CURVE('',#2976,#2975,#557,.F.);
#3600=EDGE_CURVE('',#2977,#2976,#2096,.T.);
#3601=EDGE_CURVE('',#2978,#2977,#558,.F.);
#3602=EDGE_CURVE('',#2979,#2978,#2097,.T.);
#3603=EDGE_CURVE('',#2980,#2979,#559,.F.);
#3604=EDGE_CURVE('',#2981,#2980,#2098,.T.);
#3605=EDGE_CURVE('',#2982,#2981,#560,.F.);
#3606=EDGE_CURVE('',#2983,#2982,#2099,.T.);
#3607=EDGE_CURVE('',#2984,#2983,#2100,.T.);
#3608=EDGE_CURVE('',#2984,#2985,#561,.T.);
#3609=EDGE_CURVE('',#2986,#2985,#2101,.T.);
#3610=EDGE_CURVE('',#2986,#2987,#562,.T.);
#3611=EDGE_CURVE('',#2988,#2987,#2102,.T.);
#3612=EDGE_CURVE('',#2988,#2989,#563,.T.);
#3613=EDGE_CURVE('',#2990,#2989,#2103,.T.);
#3614=EDGE_CURVE('',#2990,#2991,#564,.T.);
#3615=EDGE_CURVE('',#2992,#2991,#2104,.T.);
#3616=EDGE_CURVE('',#2992,#2993,#565,.T.);
#3617=EDGE_CURVE('',#2994,#2993,#2105,.T.);
#3618=EDGE_CURVE('',#2994,#2995,#566,.T.);
#3619=EDGE_CURVE('',#2996,#2995,#2106,.T.);
#3620=EDGE_CURVE('',#2996,#2997,#567,.T.);
#3621=EDGE_CURVE('',#2998,#2997,#2107,.T.);
#3622=EDGE_CURVE('',#2998,#2999,#568,.T.);
#3623=EDGE_CURVE('',#3000,#2999,#2108,.T.);
#3624=EDGE_CURVE('',#3000,#2926,#569,.T.);
#3625=EDGE_CURVE('',#2922,#3001,#570,.T.);
#3626=EDGE_CURVE('',#3001,#3002,#571,.T.);
#3627=EDGE_CURVE('',#3002,#3003,#572,.T.);
#3628=EDGE_CURVE('',#3003,#3004,#573,.T.);
#3629=EDGE_CURVE('',#3004,#3005,#574,.T.);
#3630=EDGE_CURVE('',#3005,#3006,#575,.T.);
#3631=EDGE_CURVE('',#3006,#3007,#576,.T.);
#3632=EDGE_CURVE('',#3007,#3008,#577,.T.);
#3633=EDGE_CURVE('',#3008,#3009,#578,.T.);
#3634=EDGE_CURVE('',#3009,#3010,#579,.T.);
#3635=EDGE_CURVE('',#3010,#3011,#580,.T.);
#3636=EDGE_CURVE('',#3011,#3012,#581,.T.);
#3637=EDGE_CURVE('',#3012,#3013,#582,.T.);
#3638=EDGE_CURVE('',#3013,#3014,#583,.T.);
#3639=EDGE_CURVE('',#3014,#3015,#584,.T.);
#3640=EDGE_CURVE('',#3015,#3016,#585,.T.);
#3641=EDGE_CURVE('',#3016,#3017,#586,.T.);
#3642=EDGE_CURVE('',#3017,#3018,#587,.T.);
#3643=EDGE_CURVE('',#3018,#3019,#588,.T.);
#3644=EDGE_CURVE('',#3019,#3020,#589,.T.);
#3645=EDGE_CURVE('',#3020,#3021,#590,.T.);
#3646=EDGE_CURVE('',#3021,#3022,#591,.T.);
#3647=EDGE_CURVE('',#3022,#3023,#592,.T.);
#3648=EDGE_CURVE('',#3023,#3024,#593,.T.);
#3649=EDGE_CURVE('',#3024,#3025,#594,.T.);
#3650=EDGE_CURVE('',#3025,#3026,#595,.T.);
#3651=EDGE_CURVE('',#3026,#3027,#596,.T.);
#3652=EDGE_CURVE('',#3027,#3028,#597,.T.);
#3653=EDGE_CURVE('',#3028,#3029,#598,.T.);
#3654=EDGE_CURVE('',#3029,#3030,#599,.T.);
#3655=EDGE_CURVE('',#3030,#3031,#600,.T.);
#3656=EDGE_CURVE('',#3031,#3032,#601,.T.);
#3657=EDGE_CURVE('',#3032,#3033,#602,.T.);
#3658=EDGE_CURVE('',#3033,#3034,#603,.T.);
#3659=EDGE_CURVE('',#3034,#3035,#604,.T.);
#3660=EDGE_CURVE('',#3035,#3036,#605,.T.);
#3661=EDGE_CURVE('',#3036,#3037,#606,.T.);
#3662=EDGE_CURVE('',#3037,#3038,#2109,.T.);
#3663=EDGE_CURVE('',#3038,#3039,#607,.T.);
#3664=EDGE_CURVE('',#3039,#3040,#2110,.T.);
#3665=EDGE_CURVE('',#3040,#3041,#608,.T.);
#3666=EDGE_CURVE('',#3041,#3042,#2111,.T.);
#3667=EDGE_CURVE('',#3042,#3043,#609,.T.);
#3668=EDGE_CURVE('',#3043,#3044,#2112,.T.);
#3669=EDGE_CURVE('',#3044,#3045,#610,.T.);
#3670=EDGE_CURVE('',#3045,#3046,#2113,.T.);
#3671=EDGE_CURVE('',#3046,#3047,#611,.T.);
#3672=EDGE_CURVE('',#3047,#3048,#2114,.T.);
#3673=EDGE_CURVE('',#3048,#3049,#612,.T.);
#3674=EDGE_CURVE('',#3049,#3050,#2115,.T.);
#3675=EDGE_CURVE('',#3050,#3051,#613,.T.);
#3676=EDGE_CURVE('',#3051,#3052,#2116,.T.);
#3677=EDGE_CURVE('',#3052,#3053,#614,.T.);
#3678=EDGE_CURVE('',#3053,#3054,#2117,.T.);
#3679=EDGE_CURVE('',#3054,#3055,#615,.T.);
#3680=EDGE_CURVE('',#3055,#3056,#2118,.T.);
#3681=EDGE_CURVE('',#3056,#3057,#616,.T.);
#3682=EDGE_CURVE('',#3057,#3058,#2119,.T.);
#3683=EDGE_CURVE('',#3058,#3059,#617,.T.);
#3684=EDGE_CURVE('',#3059,#3060,#2120,.T.);
#3685=EDGE_CURVE('',#3060,#3061,#618,.T.);
#3686=EDGE_CURVE('',#3061,#3062,#2121,.T.);
#3687=EDGE_CURVE('',#3062,#3063,#619,.T.);
#3688=EDGE_CURVE('',#3063,#3064,#2122,.T.);
#3689=EDGE_CURVE('',#3064,#3065,#620,.T.);
#3690=EDGE_CURVE('',#3065,#3066,#2123,.T.);
#3691=EDGE_CURVE('',#3066,#3067,#621,.T.);
#3692=EDGE_CURVE('',#3067,#3068,#2124,.T.);
#3693=EDGE_CURVE('',#3068,#3069,#622,.T.);
#3694=EDGE_CURVE('',#3069,#3070,#2125,.T.);
#3695=EDGE_CURVE('',#3070,#2921,#623,.T.);
#3696=EDGE_CURVE('',#3071,#3071,#624,.T.);
#3697=EDGE_CURVE('',#3072,#3072,#625,.T.);
#3698=EDGE_CURVE('',#3073,#3073,#626,.T.);
#3699=EDGE_CURVE('',#3074,#3074,#627,.T.);
#3700=EDGE_CURVE('',#3075,#3075,#628,.T.);
#3701=EDGE_CURVE('',#3076,#3076,#629,.T.);
#3702=EDGE_CURVE('',#3077,#3077,#630,.T.);
#3703=EDGE_CURVE('',#3078,#3078,#631,.T.);
#3704=EDGE_CURVE('',#3079,#3079,#632,.T.);
#3705=EDGE_CURVE('',#3080,#3080,#633,.T.);
#3706=EDGE_CURVE('',#3081,#3081,#634,.T.);
#3707=EDGE_CURVE('',#3082,#3082,#635,.T.);
#3708=EDGE_CURVE('',#3083,#3083,#636,.T.);
#3709=EDGE_CURVE('',#3084,#3084,#637,.T.);
#3710=EDGE_CURVE('',#3085,#3085,#638,.T.);
#3711=EDGE_CURVE('',#3086,#3086,#639,.T.);
#3712=EDGE_CURVE('',#3087,#3087,#640,.T.);
#3713=EDGE_CURVE('',#3088,#3088,#641,.T.);
#3714=EDGE_CURVE('',#3089,#3089,#642,.T.);
#3715=EDGE_CURVE('',#3090,#3090,#643,.T.);
#3716=EDGE_CURVE('',#3091,#3091,#644,.T.);
#3717=EDGE_CURVE('',#3092,#3092,#645,.T.);
#3718=EDGE_CURVE('',#3093,#3093,#646,.T.);
#3719=EDGE_CURVE('',#3094,#3094,#647,.T.);
#3720=EDGE_CURVE('',#3095,#3095,#648,.T.);
#3721=EDGE_CURVE('',#3096,#3096,#649,.T.);
#3722=EDGE_CURVE('',#3097,#3097,#650,.T.);
#3723=EDGE_CURVE('',#3098,#3098,#651,.T.);
#3724=EDGE_CURVE('',#3099,#3099,#652,.T.);
#3725=EDGE_CURVE('',#3100,#3100,#653,.T.);
#3726=EDGE_CURVE('',#3101,#3101,#654,.T.);
#3727=EDGE_CURVE('',#3102,#3102,#655,.T.);
#3728=EDGE_CURVE('',#3103,#3103,#656,.T.);
#3729=EDGE_CURVE('',#3104,#3104,#657,.T.);
#3730=EDGE_CURVE('',#3105,#3105,#658,.T.);
#3731=EDGE_CURVE('',#3106,#3106,#659,.T.);
#3732=EDGE_CURVE('',#2923,#3107,#660,.T.);
#3733=EDGE_CURVE('',#3108,#3107,#2126,.T.);
#3734=EDGE_CURVE('',#3108,#3109,#661,.T.);
#3735=EDGE_CURVE('',#3110,#3109,#2127,.T.);
#3736=EDGE_CURVE('',#3110,#3111,#662,.T.);
#3737=EDGE_CURVE('',#3112,#3111,#2128,.T.);
#3738=EDGE_CURVE('',#3112,#3113,#663,.T.);
#3739=EDGE_CURVE('',#3114,#3113,#2129,.T.);
#3740=EDGE_CURVE('',#3114,#3115,#664,.T.);
#3741=EDGE_CURVE('',#3116,#3115,#2130,.T.);
#3742=EDGE_CURVE('',#3116,#3117,#665,.T.);
#3743=EDGE_CURVE('',#3118,#3117,#2131,.T.);
#3744=EDGE_CURVE('',#3118,#3119,#666,.T.);
#3745=EDGE_CURVE('',#3120,#3119,#2132,.T.);
#3746=EDGE_CURVE('',#3120,#3121,#667,.T.);
#3747=EDGE_CURVE('',#3121,#3122,#2133,.T.);
#3748=EDGE_CURVE('',#3122,#3123,#668,.T.);
#3749=EDGE_CURVE('',#3124,#3123,#2134,.T.);
#3750=EDGE_CURVE('',#3124,#3125,#669,.T.);
#3751=EDGE_CURVE('',#3126,#3125,#2135,.T.);
#3752=EDGE_CURVE('',#3126,#3127,#670,.T.);
#3753=EDGE_CURVE('',#3128,#3127,#2136,.T.);
#3754=EDGE_CURVE('',#3128,#3129,#671,.T.);
#3755=EDGE_CURVE('',#3130,#3129,#2137,.T.);
#3756=EDGE_CURVE('',#3130,#3131,#672,.T.);
#3757=EDGE_CURVE('',#3132,#3131,#2138,.T.);
#3758=EDGE_CURVE('',#3132,#3133,#673,.T.);
#3759=EDGE_CURVE('',#3134,#3133,#2139,.T.);
#3760=EDGE_CURVE('',#3134,#3135,#674,.T.);
#3761=EDGE_CURVE('',#3136,#3135,#2140,.T.);
#3762=EDGE_CURVE('',#3136,#3137,#675,.T.);
#3763=EDGE_CURVE('',#3138,#3137,#2141,.T.);
#3764=EDGE_CURVE('',#3138,#3139,#676,.T.);
#3765=EDGE_CURVE('',#3139,#3140,#2142,.T.);
#3766=EDGE_CURVE('',#3140,#3141,#677,.T.);
#3767=EDGE_CURVE('',#3141,#3142,#678,.T.);
#3768=EDGE_CURVE('',#3142,#3143,#679,.T.);
#3769=EDGE_CURVE('',#3143,#3144,#680,.T.);
#3770=EDGE_CURVE('',#3144,#3145,#681,.T.);
#3771=EDGE_CURVE('',#3145,#3146,#682,.T.);
#3772=EDGE_CURVE('',#3146,#3147,#683,.T.);
#3773=EDGE_CURVE('',#3147,#3148,#684,.T.);
#3774=EDGE_CURVE('',#3148,#3149,#685,.T.);
#3775=EDGE_CURVE('',#3149,#3150,#686,.T.);
#3776=EDGE_CURVE('',#3150,#3151,#687,.T.);
#3777=EDGE_CURVE('',#3151,#3152,#688,.T.);
#3778=EDGE_CURVE('',#3152,#3153,#689,.T.);
#3779=EDGE_CURVE('',#3153,#3154,#690,.T.);
#3780=EDGE_CURVE('',#3154,#3155,#691,.T.);
#3781=EDGE_CURVE('',#3155,#3156,#692,.T.);
#3782=EDGE_CURVE('',#3156,#3157,#693,.T.);
#3783=EDGE_CURVE('',#3157,#3158,#694,.T.);
#3784=EDGE_CURVE('',#3158,#3159,#695,.T.);
#3785=EDGE_CURVE('',#3159,#3160,#696,.T.);
#3786=EDGE_CURVE('',#3160,#3161,#697,.T.);
#3787=EDGE_CURVE('',#3161,#3162,#698,.T.);
#3788=EDGE_CURVE('',#3162,#3163,#699,.T.);
#3789=EDGE_CURVE('',#3163,#3164,#700,.T.);
#3790=EDGE_CURVE('',#3164,#3165,#701,.T.);
#3791=EDGE_CURVE('',#3165,#3166,#702,.T.);
#3792=EDGE_CURVE('',#3166,#3167,#703,.T.);
#3793=EDGE_CURVE('',#3167,#3168,#704,.T.);
#3794=EDGE_CURVE('',#3168,#3169,#705,.T.);
#3795=EDGE_CURVE('',#3169,#3170,#706,.T.);
#3796=EDGE_CURVE('',#3170,#3171,#707,.T.);
#3797=EDGE_CURVE('',#3171,#3172,#708,.T.);
#3798=EDGE_CURVE('',#3172,#3173,#709,.T.);
#3799=EDGE_CURVE('',#3173,#3174,#710,.T.);
#3800=EDGE_CURVE('',#3174,#3175,#711,.T.);
#3801=EDGE_CURVE('',#3175,#3176,#712,.T.);
#3802=EDGE_CURVE('',#3176,#2924,#713,.T.);
#3803=EDGE_CURVE('',#3177,#3177,#714,.T.);
#3804=EDGE_CURVE('',#3178,#3178,#715,.T.);
#3805=EDGE_CURVE('',#3179,#3179,#716,.T.);
#3806=EDGE_CURVE('',#3180,#3180,#717,.T.);
#3807=EDGE_CURVE('',#3181,#3181,#718,.T.);
#3808=EDGE_CURVE('',#3182,#3182,#719,.T.);
#3809=EDGE_CURVE('',#3183,#3183,#720,.T.);
#3810=EDGE_CURVE('',#3184,#3184,#721,.T.);
#3811=EDGE_CURVE('',#3185,#3185,#722,.T.);
#3812=EDGE_CURVE('',#3186,#3186,#723,.T.);
#3813=EDGE_CURVE('',#3187,#3187,#724,.T.);
#3814=EDGE_CURVE('',#3188,#3188,#725,.T.);
#3815=EDGE_CURVE('',#3189,#3189,#726,.T.);
#3816=EDGE_CURVE('',#3190,#3190,#727,.T.);
#3817=EDGE_CURVE('',#3191,#3191,#728,.T.);
#3818=EDGE_CURVE('',#3192,#3192,#729,.T.);
#3819=EDGE_CURVE('',#3193,#3193,#730,.T.);
#3820=EDGE_CURVE('',#3194,#3194,#731,.T.);
#3821=EDGE_CURVE('',#3195,#3195,#732,.T.);
#3822=EDGE_CURVE('',#3196,#3196,#733,.T.);
#3823=EDGE_CURVE('',#3197,#3197,#734,.T.);
#3824=EDGE_CURVE('',#3198,#3198,#735,.T.);
#3825=EDGE_CURVE('',#3199,#3199,#736,.T.);
#3826=EDGE_CURVE('',#3200,#3200,#737,.T.);
#3827=EDGE_CURVE('',#3201,#3201,#738,.T.);
#3828=EDGE_CURVE('',#3202,#3202,#739,.T.);
#3829=EDGE_CURVE('',#3203,#3203,#740,.T.);
#3830=EDGE_CURVE('',#3204,#3204,#741,.T.);
#3831=EDGE_CURVE('',#3205,#3205,#742,.T.);
#3832=EDGE_CURVE('',#3206,#3206,#743,.T.);
#3833=EDGE_CURVE('',#3207,#3207,#744,.T.);
#3834=EDGE_CURVE('',#3208,#3208,#745,.T.);
#3835=EDGE_CURVE('',#3209,#3209,#746,.T.);
#3836=EDGE_CURVE('',#3210,#3210,#747,.T.);
#3837=EDGE_CURVE('',#3211,#3211,#748,.T.);
#3838=EDGE_CURVE('',#3212,#3212,#749,.T.);
#3839=EDGE_CURVE('',#3213,#3213,#750,.T.);
#3840=EDGE_CURVE('',#3214,#3214,#751,.T.);
#3841=EDGE_CURVE('',#3215,#3215,#752,.T.);
#3842=EDGE_CURVE('',#3216,#3216,#753,.T.);
#3843=EDGE_CURVE('',#3217,#3217,#754,.T.);
#3844=EDGE_CURVE('',#3218,#3218,#755,.T.);
#3845=EDGE_CURVE('',#3219,#3219,#756,.T.);
#3846=EDGE_CURVE('',#3220,#3220,#757,.T.);
#3847=EDGE_CURVE('',#3221,#3221,#758,.T.);
#3848=EDGE_CURVE('',#3222,#3222,#759,.T.);
#3849=EDGE_CURVE('',#3223,#3223,#760,.T.);
#3850=EDGE_CURVE('',#3224,#3224,#761,.T.);
#3851=EDGE_CURVE('',#3225,#3225,#762,.T.);
#3852=EDGE_CURVE('',#3226,#3226,#763,.T.);
#3853=EDGE_CURVE('',#3227,#3227,#764,.T.);
#3854=EDGE_CURVE('',#3228,#3228,#765,.T.);
#3855=EDGE_CURVE('',#3229,#3229,#766,.T.);
#3856=EDGE_CURVE('',#3230,#3230,#767,.T.);
#3857=EDGE_CURVE('',#3231,#3231,#768,.T.);
#3858=EDGE_CURVE('',#3232,#3232,#769,.T.);
#3859=EDGE_CURVE('',#3233,#3233,#770,.T.);
#3860=EDGE_CURVE('',#3234,#3234,#771,.T.);
#3861=EDGE_CURVE('',#3235,#3235,#772,.T.);
#3862=EDGE_CURVE('',#3236,#3236,#773,.T.);
#3863=EDGE_CURVE('',#3237,#3237,#774,.T.);
#3864=EDGE_CURVE('',#3238,#3238,#775,.T.);
#3865=EDGE_CURVE('',#3239,#3239,#776,.T.);
#3866=EDGE_CURVE('',#3240,#3240,#777,.T.);
#3867=EDGE_CURVE('',#3069,#3108,#2143,.T.);
#3868=EDGE_CURVE('',#3107,#3070,#2144,.T.);
#3869=EDGE_CURVE('',#3067,#3110,#2145,.T.);
#3870=EDGE_CURVE('',#3109,#3068,#2146,.T.);
#3871=EDGE_CURVE('',#3065,#3112,#2147,.T.);
#3872=EDGE_CURVE('',#3111,#3066,#2148,.T.);
#3873=EDGE_CURVE('',#3063,#3114,#2149,.T.);
#3874=EDGE_CURVE('',#3113,#3064,#2150,.T.);
#3875=EDGE_CURVE('',#3061,#3116,#2151,.T.);
#3876=EDGE_CURVE('',#3115,#3062,#2152,.T.);
#3877=EDGE_CURVE('',#3059,#3118,#2153,.T.);
#3878=EDGE_CURVE('',#3117,#3060,#2154,.T.);
#3879=EDGE_CURVE('',#3057,#3120,#2155,.T.);
#3880=EDGE_CURVE('',#3119,#3058,#2156,.T.);
#3881=EDGE_CURVE('',#3055,#3122,#2157,.T.);
#3882=EDGE_CURVE('',#3121,#3056,#2158,.T.);
#3883=EDGE_CURVE('',#3053,#3124,#2159,.T.);
#3884=EDGE_CURVE('',#3123,#3054,#2160,.T.);
#3885=EDGE_CURVE('',#3051,#3126,#2161,.T.);
#3886=EDGE_CURVE('',#3125,#3052,#2162,.T.);
#3887=EDGE_CURVE('',#3049,#3128,#2163,.T.);
#3888=EDGE_CURVE('',#3127,#3050,#2164,.T.);
#3889=EDGE_CURVE('',#3047,#3130,#2165,.T.);
#3890=EDGE_CURVE('',#3129,#3048,#2166,.T.);
#3891=EDGE_CURVE('',#3045,#3132,#2167,.T.);
#3892=EDGE_CURVE('',#3131,#3046,#2168,.T.);
#3893=EDGE_CURVE('',#3043,#3134,#2169,.T.);
#3894=EDGE_CURVE('',#3133,#3044,#2170,.T.);
#3895=EDGE_CURVE('',#3041,#3136,#2171,.T.);
#3896=EDGE_CURVE('',#3135,#3042,#2172,.T.);
#3897=EDGE_CURVE('',#3039,#3138,#2173,.T.);
#3898=EDGE_CURVE('',#3137,#3040,#2174,.T.);
#3899=EDGE_CURVE('',#3037,#3140,#2175,.T.);
#3900=EDGE_CURVE('',#3139,#3038,#2176,.T.);
#3901=EDGE_CURVE('',#3175,#3002,#2177,.T.);
#3902=EDGE_CURVE('',#3001,#3176,#2178,.T.);
#3903=EDGE_CURVE('',#3173,#3004,#2179,.T.);
#3904=EDGE_CURVE('',#3003,#3174,#2180,.T.);
#3905=EDGE_CURVE('',#3171,#3006,#2181,.T.);
#3906=EDGE_CURVE('',#3005,#3172,#2182,.T.);
#3907=EDGE_CURVE('',#3169,#3008,#2183,.T.);
#3908=EDGE_CURVE('',#3007,#3170,#2184,.T.);
#3909=EDGE_CURVE('',#3167,#3010,#2185,.T.);
#3910=EDGE_CURVE('',#3009,#3168,#2186,.T.);
#3911=EDGE_CURVE('',#3165,#3012,#2187,.T.);
#3912=EDGE_CURVE('',#3011,#3166,#2188,.T.);
#3913=EDGE_CURVE('',#3163,#3014,#2189,.T.);
#3914=EDGE_CURVE('',#3013,#3164,#2190,.T.);
#3915=EDGE_CURVE('',#3161,#3016,#2191,.T.);
#3916=EDGE_CURVE('',#3015,#3162,#2192,.T.);
#3917=EDGE_CURVE('',#3159,#3018,#2193,.T.);
#3918=EDGE_CURVE('',#3017,#3160,#2194,.T.);
#3919=EDGE_CURVE('',#3157,#3020,#2195,.T.);
#3920=EDGE_CURVE('',#3019,#3158,#2196,.T.);
#3921=EDGE_CURVE('',#3155,#3022,#2197,.T.);
#3922=EDGE_CURVE('',#3021,#3156,#2198,.T.);
#3923=EDGE_CURVE('',#3153,#3024,#2199,.T.);
#3924=EDGE_CURVE('',#3023,#3154,#2200,.T.);
#3925=EDGE_CURVE('',#3151,#3026,#2201,.T.);
#3926=EDGE_CURVE('',#3025,#3152,#2202,.T.);
#3927=EDGE_CURVE('',#3149,#3028,#2203,.T.);
#3928=EDGE_CURVE('',#3027,#3150,#2204,.T.);
#3929=EDGE_CURVE('',#3147,#3030,#2205,.T.);
#3930=EDGE_CURVE('',#3029,#3148,#2206,.T.);
#3931=EDGE_CURVE('',#3145,#3032,#2207,.T.);
#3932=EDGE_CURVE('',#3031,#3146,#2208,.T.);
#3933=EDGE_CURVE('',#3143,#3034,#2209,.T.);
#3934=EDGE_CURVE('',#3033,#3144,#2210,.T.);
#3935=EDGE_CURVE('',#3141,#3036,#2211,.T.);
#3936=EDGE_CURVE('',#3035,#3142,#2212,.T.);
#3937=EDGE_CURVE('',#3241,#3241,#778,.T.);
#3938=EDGE_CURVE('',#3241,#3178,#2213,.T.);
#3939=EDGE_CURVE('',#3242,#3242,#779,.T.);
#3940=EDGE_CURVE('',#3242,#3179,#2214,.T.);
#3941=EDGE_CURVE('',#3243,#3243,#780,.T.);
#3942=EDGE_CURVE('',#3243,#3180,#2215,.T.);
#3943=EDGE_CURVE('',#3244,#3244,#781,.T.);
#3944=EDGE_CURVE('',#3244,#3181,#2216,.T.);
#3945=EDGE_CURVE('',#3245,#3245,#782,.T.);
#3946=EDGE_CURVE('',#3245,#3182,#2217,.T.);
#3947=EDGE_CURVE('',#3246,#3246,#783,.T.);
#3948=EDGE_CURVE('',#3246,#3183,#2218,.T.);
#3949=EDGE_CURVE('',#3247,#3247,#784,.T.);
#3950=EDGE_CURVE('',#3247,#3184,#2219,.T.);
#3951=EDGE_CURVE('',#3248,#3248,#785,.T.);
#3952=EDGE_CURVE('',#3248,#3185,#2220,.T.);
#3953=EDGE_CURVE('',#3249,#3249,#786,.T.);
#3954=EDGE_CURVE('',#3249,#3186,#2221,.T.);
#3955=EDGE_CURVE('',#3250,#3250,#787,.T.);
#3956=EDGE_CURVE('',#3250,#3177,#2222,.T.);
#3957=EDGE_CURVE('',#3251,#3251,#788,.T.);
#3958=EDGE_CURVE('',#3251,#3187,#2223,.T.);
#3959=EDGE_CURVE('',#3252,#3252,#789,.T.);
#3960=EDGE_CURVE('',#3252,#3188,#2224,.T.);
#3961=EDGE_CURVE('',#3253,#3253,#790,.T.);
#3962=EDGE_CURVE('',#3253,#3189,#2225,.T.);
#3963=EDGE_CURVE('',#3254,#3254,#791,.T.);
#3964=EDGE_CURVE('',#3254,#3190,#2226,.T.);
#3965=EDGE_CURVE('',#3255,#3255,#792,.T.);
#3966=EDGE_CURVE('',#3255,#3191,#2227,.T.);
#3967=EDGE_CURVE('',#3256,#3256,#793,.T.);
#3968=EDGE_CURVE('',#3256,#3192,#2228,.T.);
#3969=EDGE_CURVE('',#3257,#3257,#794,.T.);
#3970=EDGE_CURVE('',#3257,#3193,#2229,.T.);
#3971=EDGE_CURVE('',#3258,#3258,#795,.T.);
#3972=EDGE_CURVE('',#3258,#3194,#2230,.T.);
#3973=EDGE_CURVE('',#3259,#3259,#796,.T.);
#3974=EDGE_CURVE('',#3259,#3195,#2231,.T.);
#3975=EDGE_CURVE('',#3260,#3260,#797,.T.);
#3976=EDGE_CURVE('',#3260,#3196,#2232,.T.);
#3977=EDGE_CURVE('',#3261,#3261,#798,.T.);
#3978=EDGE_CURVE('',#3261,#3197,#2233,.T.);
#3979=EDGE_CURVE('',#3262,#3262,#799,.T.);
#3980=EDGE_CURVE('',#3262,#3198,#2234,.T.);
#3981=EDGE_CURVE('',#3263,#3263,#800,.T.);
#3982=EDGE_CURVE('',#3263,#3199,#2235,.T.);
#3983=EDGE_CURVE('',#3264,#3264,#801,.T.);
#3984=EDGE_CURVE('',#3264,#3200,#2236,.T.);
#3985=EDGE_CURVE('',#3265,#3265,#802,.T.);
#3986=EDGE_CURVE('',#3265,#3201,#2237,.T.);
#3987=EDGE_CURVE('',#3266,#3266,#803,.T.);
#3988=EDGE_CURVE('',#3266,#3202,#2238,.T.);
#3989=EDGE_CURVE('',#3267,#3267,#804,.T.);
#3990=EDGE_CURVE('',#3267,#3203,#2239,.T.);
#3991=EDGE_CURVE('',#3268,#3268,#805,.T.);
#3992=EDGE_CURVE('',#3268,#3204,#2240,.T.);
#3993=EDGE_CURVE('',#3269,#3269,#806,.T.);
#3994=EDGE_CURVE('',#3269,#3205,#2241,.T.);
#3995=EDGE_CURVE('',#3270,#3270,#807,.T.);
#3996=EDGE_CURVE('',#3270,#3206,#2242,.T.);
#3997=EDGE_CURVE('',#3271,#3271,#808,.T.);
#3998=EDGE_CURVE('',#3271,#3231,#2243,.T.);
#3999=EDGE_CURVE('',#3272,#3272,#809,.T.);
#4000=EDGE_CURVE('',#3272,#3240,#2244,.T.);
#4001=EDGE_CURVE('',#3273,#3273,#810,.T.);
#4002=EDGE_CURVE('',#3273,#3213,#2245,.T.);
#4003=EDGE_CURVE('',#3274,#3274,#811,.T.);
#4004=EDGE_CURVE('',#3274,#3207,#2246,.T.);
#4005=EDGE_CURVE('',#3275,#3275,#812,.T.);
#4006=EDGE_CURVE('',#3275,#3208,#2247,.T.);
#4007=EDGE_CURVE('',#3276,#3276,#813,.T.);
#4008=EDGE_CURVE('',#3276,#3209,#2248,.T.);
#4009=EDGE_CURVE('',#3277,#3277,#814,.T.);
#4010=EDGE_CURVE('',#3277,#3221,#2249,.T.);
#4011=EDGE_CURVE('',#3278,#3278,#815,.T.);
#4012=EDGE_CURVE('',#3278,#3217,#2250,.T.);
#4013=EDGE_CURVE('',#3279,#3279,#816,.T.);
#4014=EDGE_CURVE('',#3279,#3225,#2251,.T.);
#4015=EDGE_CURVE('',#3280,#3280,#817,.T.);
#4016=EDGE_CURVE('',#3280,#3230,#2252,.T.);
#4017=EDGE_CURVE('',#3281,#3281,#818,.T.);
#4018=EDGE_CURVE('',#3281,#3232,#2253,.T.);
#4019=EDGE_CURVE('',#3282,#3282,#819,.T.);
#4020=EDGE_CURVE('',#3282,#3236,#2254,.T.);
#4021=EDGE_CURVE('',#3283,#3283,#820,.T.);
#4022=EDGE_CURVE('',#3283,#3235,#2255,.T.);
#4023=EDGE_CURVE('',#3284,#3284,#821,.T.);
#4024=EDGE_CURVE('',#3284,#3239,#2256,.T.);
#4025=EDGE_CURVE('',#3285,#3285,#822,.T.);
#4026=EDGE_CURVE('',#3285,#3211,#2257,.T.);
#4027=EDGE_CURVE('',#3286,#3286,#823,.T.);
#4028=EDGE_CURVE('',#3286,#3219,#2258,.T.);
#4029=EDGE_CURVE('',#3287,#3287,#824,.T.);
#4030=EDGE_CURVE('',#3287,#3212,#2259,.T.);
#4031=EDGE_CURVE('',#3288,#3288,#825,.T.);
#4032=EDGE_CURVE('',#3288,#3215,#2260,.T.);
#4033=EDGE_CURVE('',#3289,#3289,#826,.T.);
#4034=EDGE_CURVE('',#3289,#3226,#2261,.T.);
#4035=EDGE_CURVE('',#3290,#3290,#827,.T.);
#4036=EDGE_CURVE('',#3290,#3216,#2262,.T.);
#4037=EDGE_CURVE('',#3291,#3291,#828,.T.);
#4038=EDGE_CURVE('',#3291,#3233,#2263,.T.);
#4039=EDGE_CURVE('',#3292,#3292,#829,.T.);
#4040=EDGE_CURVE('',#3292,#3210,#2264,.T.);
#4041=EDGE_CURVE('',#3293,#3293,#830,.T.);
#4042=EDGE_CURVE('',#3293,#3214,#2265,.T.);
#4043=EDGE_CURVE('',#3294,#3294,#831,.T.);
#4044=EDGE_CURVE('',#3294,#3237,#2266,.T.);
#4045=EDGE_CURVE('',#3295,#3295,#832,.T.);
#4046=EDGE_CURVE('',#3295,#3234,#2267,.T.);
#4047=EDGE_CURVE('',#3296,#3296,#833,.T.);
#4048=EDGE_CURVE('',#3296,#3227,#2268,.T.);
#4049=EDGE_CURVE('',#3297,#3297,#834,.T.);
#4050=EDGE_CURVE('',#3297,#3228,#2269,.T.);
#4051=EDGE_CURVE('',#3298,#3298,#835,.T.);
#4052=EDGE_CURVE('',#3298,#3238,#2270,.T.);
#4053=EDGE_CURVE('',#3299,#3299,#836,.T.);
#4054=EDGE_CURVE('',#3299,#3223,#2271,.T.);
#4055=EDGE_CURVE('',#3300,#3300,#837,.T.);
#4056=EDGE_CURVE('',#3300,#3222,#2272,.T.);
#4057=EDGE_CURVE('',#3301,#3301,#838,.T.);
#4058=EDGE_CURVE('',#3301,#3218,#2273,.T.);
#4059=EDGE_CURVE('',#3302,#3302,#839,.T.);
#4060=EDGE_CURVE('',#3302,#3224,#2274,.T.);
#4061=EDGE_CURVE('',#3303,#3303,#840,.T.);
#4062=EDGE_CURVE('',#3303,#3229,#2275,.T.);
#4063=EDGE_CURVE('',#3304,#3304,#841,.T.);
#4064=EDGE_CURVE('',#3304,#3220,#2276,.T.);
#4065=EDGE_CURVE('',#3305,#3305,#842,.T.);
#4066=EDGE_CURVE('',#3306,#3306,#843,.T.);
#4067=EDGE_CURVE('',#3307,#3307,#844,.T.);
#4068=EDGE_CURVE('',#3308,#3308,#845,.T.);
#4069=EDGE_CURVE('',#3309,#3309,#846,.T.);
#4070=EDGE_CURVE('',#3310,#3310,#847,.T.);
#4071=EDGE_CURVE('',#3311,#3311,#848,.T.);
#4072=EDGE_CURVE('',#3312,#3312,#849,.T.);
#4073=EDGE_CURVE('',#3313,#3313,#850,.T.);
#4074=EDGE_CURVE('',#3314,#3314,#851,.T.);
#4075=EDGE_CURVE('',#3315,#3315,#852,.T.);
#4076=EDGE_CURVE('',#3316,#3316,#853,.T.);
#4077=EDGE_CURVE('',#3317,#3317,#854,.T.);
#4078=EDGE_CURVE('',#3318,#3318,#855,.T.);
#4079=EDGE_CURVE('',#3319,#3319,#856,.T.);
#4080=EDGE_CURVE('',#3320,#3320,#857,.T.);
#4081=EDGE_CURVE('',#3321,#3321,#858,.T.);
#4082=EDGE_CURVE('',#3322,#3322,#859,.T.);
#4083=EDGE_CURVE('',#3323,#3323,#860,.T.);
#4084=EDGE_CURVE('',#3324,#3324,#861,.T.);
#4085=EDGE_CURVE('',#3325,#3325,#862,.T.);
#4086=EDGE_CURVE('',#3326,#3326,#863,.T.);
#4087=EDGE_CURVE('',#3327,#3327,#864,.T.);
#4088=EDGE_CURVE('',#3328,#3328,#865,.T.);
#4089=EDGE_CURVE('',#3329,#3329,#866,.T.);
#4090=EDGE_CURVE('',#3330,#3330,#867,.T.);
#4091=EDGE_CURVE('',#3331,#3331,#868,.T.);
#4092=EDGE_CURVE('',#3332,#3332,#869,.T.);
#4093=EDGE_CURVE('',#3333,#3333,#870,.T.);
#4094=EDGE_CURVE('',#3334,#3334,#871,.T.);
#4095=EDGE_CURVE('',#3335,#3335,#872,.T.);
#4096=EDGE_CURVE('',#3336,#3336,#873,.T.);
#4097=EDGE_CURVE('',#3337,#3337,#874,.T.);
#4098=EDGE_CURVE('',#3338,#3338,#875,.T.);
#4099=EDGE_CURVE('',#3339,#3339,#876,.T.);
#4100=EDGE_CURVE('',#3340,#3340,#877,.T.);
#4101=EDGE_CURVE('',#3341,#3341,#878,.T.);
#4102=EDGE_CURVE('',#3342,#3342,#879,.T.);
#4103=EDGE_CURVE('',#3343,#3343,#880,.T.);
#4104=EDGE_CURVE('',#3344,#3344,#881,.T.);
#4105=EDGE_CURVE('',#3345,#3345,#882,.T.);
#4106=EDGE_CURVE('',#3346,#3346,#883,.T.);
#4107=EDGE_CURVE('',#3347,#3347,#884,.T.);
#4108=EDGE_CURVE('',#3348,#3348,#885,.T.);
#4109=EDGE_CURVE('',#3349,#3349,#886,.T.);
#4110=EDGE_CURVE('',#3350,#3350,#887,.T.);
#4111=EDGE_CURVE('',#3351,#3351,#888,.T.);
#4112=EDGE_CURVE('',#3352,#3352,#889,.T.);
#4113=EDGE_CURVE('',#3353,#3353,#890,.T.);
#4114=EDGE_CURVE('',#3354,#3354,#891,.T.);
#4115=EDGE_CURVE('',#3355,#3355,#892,.T.);
#4116=EDGE_CURVE('',#3356,#3356,#893,.T.);
#4117=EDGE_CURVE('',#3357,#3357,#894,.T.);
#4118=EDGE_CURVE('',#3358,#3358,#895,.T.);
#4119=EDGE_CURVE('',#3359,#3359,#896,.T.);
#4120=EDGE_CURVE('',#3360,#3360,#897,.T.);
#4121=EDGE_CURVE('',#3361,#3361,#898,.T.);
#4122=EDGE_CURVE('',#3362,#3362,#899,.T.);
#4123=EDGE_CURVE('',#3363,#3363,#900,.T.);
#4124=EDGE_CURVE('',#3364,#3364,#901,.T.);
#4125=EDGE_CURVE('',#3365,#3365,#902,.T.);
#4126=EDGE_CURVE('',#3366,#3366,#903,.T.);
#4127=EDGE_CURVE('',#3367,#3367,#904,.T.);
#4128=EDGE_CURVE('',#3368,#3368,#905,.T.);
#4129=EDGE_CURVE('',#3369,#3369,#906,.T.);
#4130=EDGE_CURVE('',#3369,#3305,#2277,.T.);
#4131=EDGE_CURVE('',#3370,#3370,#907,.T.);
#4132=EDGE_CURVE('',#3370,#3306,#2278,.T.);
#4133=EDGE_CURVE('',#3371,#3371,#908,.T.);
#4134=EDGE_CURVE('',#3371,#3307,#2279,.T.);
#4135=EDGE_CURVE('',#3372,#3372,#909,.T.);
#4136=EDGE_CURVE('',#3372,#3104,#2280,.T.);
#4137=EDGE_CURVE('',#3373,#3373,#910,.T.);
#4138=EDGE_CURVE('',#3373,#3103,#2281,.T.);
#4139=EDGE_CURVE('',#3374,#3374,#911,.T.);
#4140=EDGE_CURVE('',#3374,#3308,#2282,.T.);
#4141=EDGE_CURVE('',#3375,#3375,#912,.T.);
#4142=EDGE_CURVE('',#3375,#3102,#2283,.T.);
#4143=EDGE_CURVE('',#3376,#3376,#913,.T.);
#4144=EDGE_CURVE('',#3376,#3309,#2284,.T.);
#4145=EDGE_CURVE('',#3377,#3377,#914,.T.);
#4146=EDGE_CURVE('',#3377,#3101,#2285,.T.);
#4147=EDGE_CURVE('',#3378,#3378,#915,.T.);
#4148=EDGE_CURVE('',#3378,#3310,#2286,.T.);
#4149=EDGE_CURVE('',#3379,#3379,#916,.T.);
#4150=EDGE_CURVE('',#3379,#3100,#2287,.T.);
#4151=EDGE_CURVE('',#3380,#3380,#917,.T.);
#4152=EDGE_CURVE('',#3380,#3311,#2288,.T.);
#4153=EDGE_CURVE('',#3381,#3381,#918,.T.);
#4154=EDGE_CURVE('',#3381,#3099,#2289,.T.);
#4155=EDGE_CURVE('',#3382,#3382,#919,.T.);
#4156=EDGE_CURVE('',#3382,#3312,#2290,.T.);
#4157=EDGE_CURVE('',#3383,#3383,#920,.T.);
#4158=EDGE_CURVE('',#3383,#3098,#2291,.T.);
#4159=EDGE_CURVE('',#3384,#3384,#921,.T.);
#4160=EDGE_CURVE('',#3384,#3082,#2292,.T.);
#4161=EDGE_CURVE('',#3385,#3385,#922,.T.);
#4162=EDGE_CURVE('',#3385,#3313,#2293,.T.);
#4163=EDGE_CURVE('',#3386,#3386,#923,.T.);
#4164=EDGE_CURVE('',#3386,#3314,#2294,.T.);
#4165=EDGE_CURVE('',#3387,#3387,#924,.T.);
#4166=EDGE_CURVE('',#3387,#3315,#2295,.T.);
#4167=EDGE_CURVE('',#3388,#3388,#925,.T.);
#4168=EDGE_CURVE('',#3388,#3316,#2296,.T.);
#4169=EDGE_CURVE('',#3389,#3389,#926,.T.);
#4170=EDGE_CURVE('',#3389,#3317,#2297,.T.);
#4171=EDGE_CURVE('',#3390,#3390,#927,.T.);
#4172=EDGE_CURVE('',#3390,#3318,#2298,.T.);
#4173=EDGE_CURVE('',#3391,#3391,#928,.T.);
#4174=EDGE_CURVE('',#3391,#3319,#2299,.T.);
#4175=EDGE_CURVE('',#3392,#3392,#929,.T.);
#4176=EDGE_CURVE('',#3392,#3320,#2300,.T.);
#4177=EDGE_CURVE('',#3393,#3393,#930,.T.);
#4178=EDGE_CURVE('',#3393,#3321,#2301,.T.);
#4179=EDGE_CURVE('',#3394,#3394,#931,.T.);
#4180=EDGE_CURVE('',#3394,#3322,#2302,.T.);
#4181=EDGE_CURVE('',#3395,#3395,#932,.T.);
#4182=EDGE_CURVE('',#3395,#3323,#2303,.T.);
#4183=EDGE_CURVE('',#3396,#3396,#933,.T.);
#4184=EDGE_CURVE('',#3396,#3324,#2304,.T.);
#4185=EDGE_CURVE('',#3397,#3397,#934,.T.);
#4186=EDGE_CURVE('',#3397,#3097,#2305,.T.);
#4187=EDGE_CURVE('',#3398,#3398,#935,.T.);
#4188=EDGE_CURVE('',#3398,#3096,#2306,.T.);
#4189=EDGE_CURVE('',#3399,#3399,#936,.T.);
#4190=EDGE_CURVE('',#3399,#3325,#2307,.T.);
#4191=EDGE_CURVE('',#3400,#3400,#937,.T.);
#4192=EDGE_CURVE('',#3400,#3326,#2308,.T.);
#4193=EDGE_CURVE('',#3401,#3401,#938,.T.);
#4194=EDGE_CURVE('',#3401,#3327,#2309,.T.);
#4195=EDGE_CURVE('',#3402,#3402,#939,.T.);
#4196=EDGE_CURVE('',#3402,#3328,#2310,.T.);
#4197=EDGE_CURVE('',#3403,#3403,#940,.T.);
#4198=EDGE_CURVE('',#3403,#3329,#2311,.T.);
#4199=EDGE_CURVE('',#3404,#3404,#941,.T.);
#4200=EDGE_CURVE('',#3404,#3083,#2312,.T.);
#4201=EDGE_CURVE('',#3405,#3405,#942,.T.);
#4202=EDGE_CURVE('',#3405,#3330,#2313,.T.);
#4203=EDGE_CURVE('',#3406,#3406,#943,.T.);
#4204=EDGE_CURVE('',#3406,#3331,#2314,.T.);
#4205=EDGE_CURVE('',#3407,#3407,#944,.T.);
#4206=EDGE_CURVE('',#3407,#3095,#2315,.T.);
#4207=EDGE_CURVE('',#3408,#3408,#945,.T.);
#4208=EDGE_CURVE('',#3408,#3084,#2316,.T.);
#4209=EDGE_CURVE('',#3409,#3409,#946,.T.);
#4210=EDGE_CURVE('',#3409,#3332,#2317,.T.);
#4211=EDGE_CURVE('',#3410,#3410,#947,.T.);
#4212=EDGE_CURVE('',#3410,#3081,#2318,.T.);
#4213=EDGE_CURVE('',#3411,#3411,#948,.T.);
#4214=EDGE_CURVE('',#3411,#3333,#2319,.T.);
#4215=EDGE_CURVE('',#3412,#3412,#949,.T.);
#4216=EDGE_CURVE('',#3412,#3094,#2320,.T.);
#4217=EDGE_CURVE('',#3413,#3413,#950,.T.);
#4218=EDGE_CURVE('',#3413,#3334,#2321,.T.);
#4219=EDGE_CURVE('',#3414,#3414,#951,.T.);
#4220=EDGE_CURVE('',#3414,#3335,#2322,.T.);
#4221=EDGE_CURVE('',#3415,#3415,#952,.T.);
#4222=EDGE_CURVE('',#3415,#3336,#2323,.T.);
#4223=EDGE_CURVE('',#3416,#3416,#953,.T.);
#4224=EDGE_CURVE('',#3416,#3337,#2324,.T.);
#4225=EDGE_CURVE('',#3417,#3417,#954,.T.);
#4226=EDGE_CURVE('',#3417,#3338,#2325,.T.);
#4227=EDGE_CURVE('',#3418,#3418,#955,.T.);
#4228=EDGE_CURVE('',#3418,#3093,#2326,.T.);
#4229=EDGE_CURVE('',#3419,#3419,#956,.T.);
#4230=EDGE_CURVE('',#3419,#3339,#2327,.T.);
#4231=EDGE_CURVE('',#3420,#3420,#957,.T.);
#4232=EDGE_CURVE('',#3420,#3092,#2328,.T.);
#4233=EDGE_CURVE('',#3421,#3421,#958,.T.);
#4234=EDGE_CURVE('',#3421,#3340,#2329,.T.);
#4235=EDGE_CURVE('',#3422,#3422,#959,.T.);
#4236=EDGE_CURVE('',#3422,#3091,#2330,.T.);
#4237=EDGE_CURVE('',#3423,#3423,#960,.T.);
#4238=EDGE_CURVE('',#3423,#3341,#2331,.T.);
#4239=EDGE_CURVE('',#3424,#3424,#961,.T.);
#4240=EDGE_CURVE('',#3424,#3090,#2332,.T.);
#4241=EDGE_CURVE('',#3425,#3425,#962,.T.);
#4242=EDGE_CURVE('',#3425,#3342,#2333,.T.);
#4243=EDGE_CURVE('',#3426,#3426,#963,.T.);
#4244=EDGE_CURVE('',#3426,#3343,#2334,.T.);
#4245=EDGE_CURVE('',#3427,#3427,#964,.T.);
#4246=EDGE_CURVE('',#3427,#3344,#2335,.T.);
#4247=EDGE_CURVE('',#3428,#3428,#965,.T.);
#4248=EDGE_CURVE('',#3428,#3080,#2336,.T.);
#4249=EDGE_CURVE('',#3429,#3429,#966,.T.);
#4250=EDGE_CURVE('',#3429,#3089,#2337,.T.);
#4251=EDGE_CURVE('',#3430,#3430,#967,.T.);
#4252=EDGE_CURVE('',#3430,#3345,#2338,.T.);
#4253=EDGE_CURVE('',#3431,#3431,#968,.T.);
#4254=EDGE_CURVE('',#3431,#3346,#2339,.T.);
#4255=EDGE_CURVE('',#3432,#3432,#969,.T.);
#4256=EDGE_CURVE('',#3432,#3347,#2340,.T.);
#4257=EDGE_CURVE('',#3433,#3433,#970,.T.);
#4258=EDGE_CURVE('',#3433,#3348,#2341,.T.);
#4259=EDGE_CURVE('',#3434,#3434,#971,.T.);
#4260=EDGE_CURVE('',#3434,#3349,#2342,.T.);
#4261=EDGE_CURVE('',#3435,#3435,#972,.T.);
#4262=EDGE_CURVE('',#3435,#3350,#2343,.T.);
#4263=EDGE_CURVE('',#3436,#3436,#973,.T.);
#4264=EDGE_CURVE('',#3436,#3351,#2344,.T.);
#4265=EDGE_CURVE('',#3437,#3437,#974,.T.);
#4266=EDGE_CURVE('',#3437,#3352,#2345,.T.);
#4267=EDGE_CURVE('',#3438,#3438,#975,.T.);
#4268=EDGE_CURVE('',#3438,#3079,#2346,.T.);
#4269=EDGE_CURVE('',#3439,#3439,#976,.T.);
#4270=EDGE_CURVE('',#3439,#3088,#2347,.T.);
#4271=EDGE_CURVE('',#3440,#3440,#977,.T.);
#4272=EDGE_CURVE('',#3440,#3353,#2348,.T.);
#4273=EDGE_CURVE('',#3441,#3441,#978,.T.);
#4274=EDGE_CURVE('',#3441,#3354,#2349,.T.);
#4275=EDGE_CURVE('',#3442,#3442,#979,.T.);
#4276=EDGE_CURVE('',#3442,#3355,#2350,.T.);
#4277=EDGE_CURVE('',#3443,#3443,#980,.T.);
#4278=EDGE_CURVE('',#3443,#3356,#2351,.T.);
#4279=EDGE_CURVE('',#3444,#3444,#981,.T.);
#4280=EDGE_CURVE('',#3444,#3357,#2352,.T.);
#4281=EDGE_CURVE('',#3445,#3445,#982,.T.);
#4282=EDGE_CURVE('',#3445,#3358,#2353,.T.);
#4283=EDGE_CURVE('',#3446,#3446,#983,.T.);
#4284=EDGE_CURVE('',#3446,#3359,#2354,.T.);
#4285=EDGE_CURVE('',#3447,#3447,#984,.T.);
#4286=EDGE_CURVE('',#3447,#3360,#2355,.T.);
#4287=EDGE_CURVE('',#3448,#3448,#985,.T.);
#4288=EDGE_CURVE('',#3448,#3105,#2356,.T.);
#4289=EDGE_CURVE('',#3449,#3449,#986,.T.);
#4290=EDGE_CURVE('',#3449,#3087,#2357,.T.);
#4291=EDGE_CURVE('',#3450,#3450,#987,.T.);
#4292=EDGE_CURVE('',#3450,#3361,#2358,.T.);
#4293=EDGE_CURVE('',#3451,#3451,#988,.T.);
#4294=EDGE_CURVE('',#3451,#3362,#2359,.T.);
#4295=EDGE_CURVE('',#3452,#3452,#989,.T.);
#4296=EDGE_CURVE('',#3452,#3363,#2360,.T.);
#4297=EDGE_CURVE('',#3453,#3453,#990,.T.);
#4298=EDGE_CURVE('',#3453,#3364,#2361,.T.);
#4299=EDGE_CURVE('',#3454,#3454,#991,.T.);
#4300=EDGE_CURVE('',#3454,#3365,#2362,.T.);
#4301=EDGE_CURVE('',#3455,#3455,#992,.T.);
#4302=EDGE_CURVE('',#3455,#3366,#2363,.T.);
#4303=EDGE_CURVE('',#3456,#3456,#993,.T.);
#4304=EDGE_CURVE('',#3456,#3367,#2364,.T.);
#4305=EDGE_CURVE('',#3457,#3457,#994,.T.);
#4306=EDGE_CURVE('',#3457,#3368,#2365,.T.);
#4307=EDGE_CURVE('',#3458,#3458,#995,.T.);
#4308=EDGE_CURVE('',#3458,#3078,#2366,.T.);
#4309=EDGE_CURVE('',#3459,#3459,#996,.T.);
#4310=EDGE_CURVE('',#3459,#3086,#2367,.T.);
#4311=EDGE_CURVE('',#3460,#3460,#997,.T.);
#4312=EDGE_CURVE('',#3460,#3071,#2368,.T.);
#4313=EDGE_CURVE('',#3461,#3461,#998,.T.);
#4314=EDGE_CURVE('',#3461,#3106,#2369,.T.);
#4315=EDGE_CURVE('',#3462,#3462,#999,.T.);
#4316=EDGE_CURVE('',#3462,#3072,#2370,.T.);
#4317=EDGE_CURVE('',#3463,#3463,#1000,.T.);
#4318=EDGE_CURVE('',#3463,#3073,#2371,.T.);
#4319=EDGE_CURVE('',#3464,#3464,#1001,.T.);
#4320=EDGE_CURVE('',#3464,#3074,#2372,.T.);
#4321=EDGE_CURVE('',#3465,#3465,#1002,.T.);
#4322=EDGE_CURVE('',#3465,#3075,#2373,.T.);
#4323=EDGE_CURVE('',#3466,#3466,#1003,.T.);
#4324=EDGE_CURVE('',#3466,#3076,#2374,.T.);
#4325=EDGE_CURVE('',#3467,#3467,#1004,.T.);
#4326=EDGE_CURVE('',#3467,#3077,#2375,.T.);
#4327=EDGE_CURVE('',#3468,#3468,#1005,.T.);
#4328=EDGE_CURVE('',#3468,#3085,#2376,.T.);
#4329=EDGE_CURVE('',#2984,#3469,#2377,.T.);
#4330=EDGE_CURVE('',#3470,#3469,#1006,.T.);
#4331=EDGE_CURVE('',#2985,#3470,#2378,.T.);
#4332=EDGE_CURVE('',#3471,#3470,#2379,.T.);
#4333=EDGE_CURVE('',#2986,#3471,#2380,.T.);
#4334=EDGE_CURVE('',#3472,#3471,#1007,.T.);
#4335=EDGE_CURVE('',#2987,#3472,#2381,.T.);
#4336=EDGE_CURVE('',#3473,#3472,#2382,.T.);
#4337=EDGE_CURVE('',#2988,#3473,#2383,.T.);
#4338=EDGE_CURVE('',#3474,#3473,#1008,.T.);
#4339=EDGE_CURVE('',#2989,#3474,#2384,.T.);
#4340=EDGE_CURVE('',#3475,#3474,#2385,.T.);
#4341=EDGE_CURVE('',#2990,#3475,#2386,.T.);
#4342=EDGE_CURVE('',#3476,#3475,#1009,.T.);
#4343=EDGE_CURVE('',#2991,#3476,#2387,.T.);
#4344=EDGE_CURVE('',#3477,#3476,#2388,.T.);
#4345=EDGE_CURVE('',#2992,#3477,#2389,.T.);
#4346=EDGE_CURVE('',#3478,#3477,#1010,.T.);
#4347=EDGE_CURVE('',#2993,#3478,#2390,.T.);
#4348=EDGE_CURVE('',#3479,#3478,#2391,.T.);
#4349=EDGE_CURVE('',#2994,#3479,#2392,.T.);
#4350=EDGE_CURVE('',#3480,#3479,#1011,.T.);
#4351=EDGE_CURVE('',#2995,#3480,#2393,.T.);
#4352=EDGE_CURVE('',#3481,#3480,#2394,.T.);
#4353=EDGE_CURVE('',#2996,#3481,#2395,.T.);
#4354=EDGE_CURVE('',#3482,#3481,#1012,.T.);
#4355=EDGE_CURVE('',#2997,#3482,#2396,.T.);
#4356=EDGE_CURVE('',#3483,#3482,#2397,.T.);
#4357=EDGE_CURVE('',#2998,#3483,#2398,.T.);
#4358=EDGE_CURVE('',#3484,#3483,#1013,.T.);
#4359=EDGE_CURVE('',#2999,#3484,#2399,.T.);
#4360=EDGE_CURVE('',#3485,#3484,#2400,.T.);
#4361=EDGE_CURVE('',#3000,#3485,#2401,.T.);
#4362=EDGE_CURVE('',#3486,#3485,#1014,.T.);
#4363=EDGE_CURVE('',#2926,#3486,#2402,.T.);
#4364=EDGE_CURVE('',#3487,#3486,#2403,.T.);
#4365=EDGE_CURVE('',#2925,#3487,#2404,.T.);
#4366=EDGE_CURVE('',#3488,#3487,#2405,.T.);
#4367=EDGE_CURVE('',#2927,#3488,#2406,.T.);
#4368=EDGE_CURVE('',#3489,#3488,#1015,.T.);
#4369=EDGE_CURVE('',#2928,#3489,#2407,.T.);
#4370=EDGE_CURVE('',#3490,#3489,#2408,.T.);
#4371=EDGE_CURVE('',#2929,#3490,#2409,.T.);
#4372=EDGE_CURVE('',#3491,#3490,#1016,.T.);
#4373=EDGE_CURVE('',#2930,#3491,#2410,.T.);
#4374=EDGE_CURVE('',#3492,#3491,#2411,.T.);
#4375=EDGE_CURVE('',#2931,#3492,#2412,.T.);
#4376=EDGE_CURVE('',#3493,#3492,#1017,.T.);
#4377=EDGE_CURVE('',#2932,#3493,#2413,.T.);
#4378=EDGE_CURVE('',#3494,#3493,#2414,.T.);
#4379=EDGE_CURVE('',#2933,#3494,#2415,.T.);
#4380=EDGE_CURVE('',#3495,#3494,#1018,.T.);
#4381=EDGE_CURVE('',#2934,#3495,#2416,.T.);
#4382=EDGE_CURVE('',#3496,#3495,#2417,.T.);
#4383=EDGE_CURVE('',#2935,#3496,#2418,.T.);
#4384=EDGE_CURVE('',#3497,#3496,#1019,.T.);
#4385=EDGE_CURVE('',#2936,#3497,#2419,.T.);
#4386=EDGE_CURVE('',#3498,#3497,#2420,.T.);
#4387=EDGE_CURVE('',#2937,#3498,#2421,.T.);
#4388=EDGE_CURVE('',#3499,#3498,#1020,.T.);
#4389=EDGE_CURVE('',#2938,#3499,#2422,.T.);
#4390=EDGE_CURVE('',#3500,#3499,#2423,.T.);
#4391=EDGE_CURVE('',#2939,#3500,#2424,.T.);
#4392=EDGE_CURVE('',#3501,#3500,#1021,.T.);
#4393=EDGE_CURVE('',#2940,#3501,#2425,.T.);
#4394=EDGE_CURVE('',#3502,#3501,#2426,.T.);
#4395=EDGE_CURVE('',#2941,#3502,#2427,.T.);
#4396=EDGE_CURVE('',#3503,#3502,#1022,.T.);
#4397=EDGE_CURVE('',#2942,#3503,#2428,.T.);
#4398=EDGE_CURVE('',#3504,#3503,#2429,.T.);
#4399=EDGE_CURVE('',#2943,#3504,#2430,.T.);
#4400=EDGE_CURVE('',#3505,#3504,#1023,.T.);
#4401=EDGE_CURVE('',#2944,#3505,#2431,.T.);
#4402=EDGE_CURVE('',#3506,#3505,#2432,.T.);
#4403=EDGE_CURVE('',#2945,#3506,#2433,.T.);
#4404=EDGE_CURVE('',#3507,#3506,#2434,.T.);
#4405=EDGE_CURVE('',#2946,#3507,#2435,.F.);
#4406=EDGE_CURVE('',#3508,#3507,#1024,.F.);
#4407=EDGE_CURVE('',#2947,#3508,#2436,.T.);
#4408=EDGE_CURVE('',#3509,#3508,#2437,.T.);
#4409=EDGE_CURVE('',#2948,#3509,#2438,.F.);
#4410=EDGE_CURVE('',#3510,#3509,#1025,.F.);
#4411=EDGE_CURVE('',#2949,#3510,#2439,.T.);
#4412=EDGE_CURVE('',#3511,#3510,#2440,.T.);
#4413=EDGE_CURVE('',#2950,#3511,#2441,.F.);
#4414=EDGE_CURVE('',#3512,#3511,#1026,.F.);
#4415=EDGE_CURVE('',#2951,#3512,#2442,.T.);
#4416=EDGE_CURVE('',#3513,#3512,#2443,.T.);
#4417=EDGE_CURVE('',#2952,#3513,#2444,.F.);
#4418=EDGE_CURVE('',#3514,#3513,#1027,.F.);
#4419=EDGE_CURVE('',#2953,#3514,#2445,.T.);
#4420=EDGE_CURVE('',#3515,#3514,#2446,.T.);
#4421=EDGE_CURVE('',#2954,#3515,#2447,.F.);
#4422=EDGE_CURVE('',#3516,#3515,#1028,.F.);
#4423=EDGE_CURVE('',#2955,#3516,#2448,.T.);
#4424=EDGE_CURVE('',#3517,#3516,#2449,.T.);
#4425=EDGE_CURVE('',#2956,#3517,#2450,.F.);
#4426=EDGE_CURVE('',#3518,#3517,#1029,.F.);
#4427=EDGE_CURVE('',#2957,#3518,#2451,.T.);
#4428=EDGE_CURVE('',#3519,#3518,#2452,.T.);
#4429=EDGE_CURVE('',#2958,#3519,#2453,.F.);
#4430=EDGE_CURVE('',#3520,#3519,#1030,.F.);
#4431=EDGE_CURVE('',#2959,#3520,#2454,.T.);
#4432=EDGE_CURVE('',#3521,#3520,#2455,.T.);
#4433=EDGE_CURVE('',#2960,#3521,#2456,.F.);
#4434=EDGE_CURVE('',#3522,#3521,#1031,.F.);
#4435=EDGE_CURVE('',#2961,#3522,#2457,.T.);
#4436=EDGE_CURVE('',#3523,#3522,#2458,.T.);
#4437=EDGE_CURVE('',#2962,#3523,#2459,.F.);
#4438=EDGE_CURVE('',#3524,#3523,#1032,.F.);
#4439=EDGE_CURVE('',#2963,#3524,#2460,.T.);
#4440=EDGE_CURVE('',#3525,#3524,#2461,.T.);
#4441=EDGE_CURVE('',#2964,#3525,#2462,.T.);
#4442=EDGE_CURVE('',#3526,#3525,#2463,.T.);
#4443=EDGE_CURVE('',#2965,#3526,#2464,.F.);
#4444=EDGE_CURVE('',#3527,#3526,#1033,.F.);
#4445=EDGE_CURVE('',#2966,#3527,#2465,.T.);
#4446=EDGE_CURVE('',#3528,#3527,#2466,.T.);
#4447=EDGE_CURVE('',#2967,#3528,#2467,.F.);
#4448=EDGE_CURVE('',#3529,#3528,#1034,.F.);
#4449=EDGE_CURVE('',#2968,#3529,#2468,.T.);
#4450=EDGE_CURVE('',#3530,#3529,#2469,.T.);
#4451=EDGE_CURVE('',#2969,#3530,#2470,.F.);
#4452=EDGE_CURVE('',#3531,#3530,#1035,.F.);
#4453=EDGE_CURVE('',#2970,#3531,#2471,.T.);
#4454=EDGE_CURVE('',#3532,#3531,#2472,.T.);
#4455=EDGE_CURVE('',#2971,#3532,#2473,.F.);
#4456=EDGE_CURVE('',#3533,#3532,#1036,.F.);
#4457=EDGE_CURVE('',#2972,#3533,#2474,.T.);
#4458=EDGE_CURVE('',#3534,#3533,#2475,.T.);
#4459=EDGE_CURVE('',#2973,#3534,#2476,.F.);
#4460=EDGE_CURVE('',#3535,#3534,#1037,.F.);
#4461=EDGE_CURVE('',#2974,#3535,#2477,.T.);
#4462=EDGE_CURVE('',#3536,#3535,#2478,.T.);
#4463=EDGE_CURVE('',#2975,#3536,#2479,.F.);
#4464=EDGE_CURVE('',#3537,#3536,#1038,.F.);
#4465=EDGE_CURVE('',#2976,#3537,#2480,.T.);
#4466=EDGE_CURVE('',#3538,#3537,#2481,.T.);
#4467=EDGE_CURVE('',#2977,#3538,#2482,.F.);
#4468=EDGE_CURVE('',#3539,#3538,#1039,.F.);
#4469=EDGE_CURVE('',#2978,#3539,#2483,.T.);
#4470=EDGE_CURVE('',#3540,#3539,#2484,.T.);
#4471=EDGE_CURVE('',#2979,#3540,#2485,.F.);
#4472=EDGE_CURVE('',#3541,#3540,#1040,.F.);
#4473=EDGE_CURVE('',#2980,#3541,#2486,.T.);
#4474=EDGE_CURVE('',#3542,#3541,#2487,.T.);
#4475=EDGE_CURVE('',#2981,#3542,#2488,.F.);
#4476=EDGE_CURVE('',#3543,#3542,#1041,.F.);
#4477=EDGE_CURVE('',#2982,#3543,#2489,.T.);
#4478=EDGE_CURVE('',#3544,#3543,#2490,.T.);
#4479=EDGE_CURVE('',#2983,#3544,#2491,.T.);
#4480=EDGE_CURVE('',#3469,#3544,#2492,.T.);
#4481=ORIENTED_EDGE('',*,*,#3545,.F.);
#4482=ORIENTED_EDGE('',*,*,#3546,.T.);
#4483=ORIENTED_EDGE('',*,*,#3547,.T.);
#4484=ORIENTED_EDGE('',*,*,#3548,.T.);
#4485=ORIENTED_EDGE('',*,*,#3549,.F.);
#4486=ORIENTED_EDGE('',*,*,#3550,.F.);
#4487=ORIENTED_EDGE('',*,*,#3551,.T.);
#4488=ORIENTED_EDGE('',*,*,#3552,.F.);
#4489=ORIENTED_EDGE('',*,*,#3553,.T.);
#4490=ORIENTED_EDGE('',*,*,#3554,.F.);
#4491=ORIENTED_EDGE('',*,*,#3555,.T.);
#4492=ORIENTED_EDGE('',*,*,#3556,.F.);
#4493=ORIENTED_EDGE('',*,*,#3557,.T.);
#4494=ORIENTED_EDGE('',*,*,#3558,.F.);
#4495=ORIENTED_EDGE('',*,*,#3559,.T.);
#4496=ORIENTED_EDGE('',*,*,#3560,.F.);
#4497=ORIENTED_EDGE('',*,*,#3561,.T.);
#4498=ORIENTED_EDGE('',*,*,#3562,.F.);
#4499=ORIENTED_EDGE('',*,*,#3563,.T.);
#4500=ORIENTED_EDGE('',*,*,#3564,.F.);
#4501=ORIENTED_EDGE('',*,*,#3565,.T.);
#4502=ORIENTED_EDGE('',*,*,#3566,.F.);
#4503=ORIENTED_EDGE('',*,*,#3567,.T.);
#4504=ORIENTED_EDGE('',*,*,#3568,.F.);
#4505=ORIENTED_EDGE('',*,*,#3569,.F.);
#4506=ORIENTED_EDGE('',*,*,#3570,.F.);
#4507=ORIENTED_EDGE('',*,*,#3571,.F.);
#4508=ORIENTED_EDGE('',*,*,#3572,.F.);
#4509=ORIENTED_EDGE('',*,*,#3573,.F.);
#4510=ORIENTED_EDGE('',*,*,#3574,.F.);
#4511=ORIENTED_EDGE('',*,*,#3575,.F.);
#4512=ORIENTED_EDGE('',*,*,#3576,.F.);
#4513=ORIENTED_EDGE('',*,*,#3577,.F.);
#4514=ORIENTED_EDGE('',*,*,#3578,.F.);
#4515=ORIENTED_EDGE('',*,*,#3579,.F.);
#4516=ORIENTED_EDGE('',*,*,#3580,.F.);
#4517=ORIENTED_EDGE('',*,*,#3581,.F.);
#4518=ORIENTED_EDGE('',*,*,#3582,.F.);
#4519=ORIENTED_EDGE('',*,*,#3583,.F.);
#4520=ORIENTED_EDGE('',*,*,#3584,.F.);
#4521=ORIENTED_EDGE('',*,*,#3585,.F.);
#4522=ORIENTED_EDGE('',*,*,#3586,.F.);
#4523=ORIENTED_EDGE('',*,*,#3587,.F.);
#4524=ORIENTED_EDGE('',*,*,#3588,.F.);
#4525=ORIENTED_EDGE('',*,*,#3589,.F.);
#4526=ORIENTED_EDGE('',*,*,#3590,.F.);
#4527=ORIENTED_EDGE('',*,*,#3591,.F.);
#4528=ORIENTED_EDGE('',*,*,#3592,.F.);
#4529=ORIENTED_EDGE('',*,*,#3593,.F.);
#4530=ORIENTED_EDGE('',*,*,#3594,.F.);
#4531=ORIENTED_EDGE('',*,*,#3595,.F.);
#4532=ORIENTED_EDGE('',*,*,#3596,.F.);
#4533=ORIENTED_EDGE('',*,*,#3597,.F.);
#4534=ORIENTED_EDGE('',*,*,#3598,.F.);
#4535=ORIENTED_EDGE('',*,*,#3599,.F.);
#4536=ORIENTED_EDGE('',*,*,#3600,.F.);
#4537=ORIENTED_EDGE('',*,*,#3601,.F.);
#4538=ORIENTED_EDGE('',*,*,#3602,.F.);
#4539=ORIENTED_EDGE('',*,*,#3603,.F.);
#4540=ORIENTED_EDGE('',*,*,#3604,.F.);
#4541=ORIENTED_EDGE('',*,*,#3605,.F.);
#4542=ORIENTED_EDGE('',*,*,#3606,.F.);
#4543=ORIENTED_EDGE('',*,*,#3607,.F.);
#4544=ORIENTED_EDGE('',*,*,#3608,.T.);
#4545=ORIENTED_EDGE('',*,*,#3609,.F.);
#4546=ORIENTED_EDGE('',*,*,#3610,.T.);
#4547=ORIENTED_EDGE('',*,*,#3611,.F.);
#4548=ORIENTED_EDGE('',*,*,#3612,.T.);
#4549=ORIENTED_EDGE('',*,*,#3613,.F.);
#4550=ORIENTED_EDGE('',*,*,#3614,.T.);
#4551=ORIENTED_EDGE('',*,*,#3615,.F.);
#4552=ORIENTED_EDGE('',*,*,#3616,.T.);
#4553=ORIENTED_EDGE('',*,*,#3617,.F.);
#4554=ORIENTED_EDGE('',*,*,#3618,.T.);
#4555=ORIENTED_EDGE('',*,*,#3619,.F.);
#4556=ORIENTED_EDGE('',*,*,#3620,.T.);
#4557=ORIENTED_EDGE('',*,*,#3621,.F.);
#4558=ORIENTED_EDGE('',*,*,#3622,.T.);
#4559=ORIENTED_EDGE('',*,*,#3623,.F.);
#4560=ORIENTED_EDGE('',*,*,#3624,.T.);
#4561=ORIENTED_EDGE('',*,*,#3545,.T.);
#4562=ORIENTED_EDGE('',*,*,#3625,.T.);
#4563=ORIENTED_EDGE('',*,*,#3626,.T.);
#4564=ORIENTED_EDGE('',*,*,#3627,.T.);
#4565=ORIENTED_EDGE('',*,*,#3628,.T.);
#4566=ORIENTED_EDGE('',*,*,#3629,.T.);
#4567=ORIENTED_EDGE('',*,*,#3630,.T.);
#4568=ORIENTED_EDGE('',*,*,#3631,.T.);
#4569=ORIENTED_EDGE('',*,*,#3632,.T.);
#4570=ORIENTED_EDGE('',*,*,#3633,.T.);
#4571=ORIENTED_EDGE('',*,*,#3634,.T.);
#4572=ORIENTED_EDGE('',*,*,#3635,.T.);
#4573=ORIENTED_EDGE('',*,*,#3636,.T.);
#4574=ORIENTED_EDGE('',*,*,#3637,.T.);
#4575=ORIENTED_EDGE('',*,*,#3638,.T.);
#4576=ORIENTED_EDGE('',*,*,#3639,.T.);
#4577=ORIENTED_EDGE('',*,*,#3640,.T.);
#4578=ORIENTED_EDGE('',*,*,#3641,.T.);
#4579=ORIENTED_EDGE('',*,*,#3642,.T.);
#4580=ORIENTED_EDGE('',*,*,#3643,.T.);
#4581=ORIENTED_EDGE('',*,*,#3644,.T.);
#4582=ORIENTED_EDGE('',*,*,#3645,.T.);
#4583=ORIENTED_EDGE('',*,*,#3646,.T.);
#4584=ORIENTED_EDGE('',*,*,#3647,.T.);
#4585=ORIENTED_EDGE('',*,*,#3648,.T.);
#4586=ORIENTED_EDGE('',*,*,#3649,.T.);
#4587=ORIENTED_EDGE('',*,*,#3650,.T.);
#4588=ORIENTED_EDGE('',*,*,#3651,.T.);
#4589=ORIENTED_EDGE('',*,*,#3652,.T.);
#4590=ORIENTED_EDGE('',*,*,#3653,.T.);
#4591=ORIENTED_EDGE('',*,*,#3654,.T.);
#4592=ORIENTED_EDGE('',*,*,#3655,.T.);
#4593=ORIENTED_EDGE('',*,*,#3656,.T.);
#4594=ORIENTED_EDGE('',*,*,#3657,.T.);
#4595=ORIENTED_EDGE('',*,*,#3658,.T.);
#4596=ORIENTED_EDGE('',*,*,#3659,.T.);
#4597=ORIENTED_EDGE('',*,*,#3660,.T.);
#4598=ORIENTED_EDGE('',*,*,#3661,.T.);
#4599=ORIENTED_EDGE('',*,*,#3662,.T.);
#4600=ORIENTED_EDGE('',*,*,#3663,.T.);
#4601=ORIENTED_EDGE('',*,*,#3664,.T.);
#4602=ORIENTED_EDGE('',*,*,#3665,.T.);
#4603=ORIENTED_EDGE('',*,*,#3666,.T.);
#4604=ORIENTED_EDGE('',*,*,#3667,.T.);
#4605=ORIENTED_EDGE('',*,*,#3668,.T.);
#4606=ORIENTED_EDGE('',*,*,#3669,.T.);
#4607=ORIENTED_EDGE('',*,*,#3670,.T.);
#4608=ORIENTED_EDGE('',*,*,#3671,.T.);
#4609=ORIENTED_EDGE('',*,*,#3672,.T.);
#4610=ORIENTED_EDGE('',*,*,#3673,.T.);
#4611=ORIENTED_EDGE('',*,*,#3674,.T.);
#4612=ORIENTED_EDGE('',*,*,#3675,.T.);
#4613=ORIENTED_EDGE('',*,*,#3676,.T.);
#4614=ORIENTED_EDGE('',*,*,#3677,.T.);
#4615=ORIENTED_EDGE('',*,*,#3678,.T.);
#4616=ORIENTED_EDGE('',*,*,#3679,.T.);
#4617=ORIENTED_EDGE('',*,*,#3680,.T.);
#4618=ORIENTED_EDGE('',*,*,#3681,.T.);
#4619=ORIENTED_EDGE('',*,*,#3682,.T.);
#4620=ORIENTED_EDGE('',*,*,#3683,.T.);
#4621=ORIENTED_EDGE('',*,*,#3684,.T.);
#4622=ORIENTED_EDGE('',*,*,#3685,.T.);
#4623=ORIENTED_EDGE('',*,*,#3686,.T.);
#4624=ORIENTED_EDGE('',*,*,#3687,.T.);
#4625=ORIENTED_EDGE('',*,*,#3688,.T.);
#4626=ORIENTED_EDGE('',*,*,#3689,.T.);
#4627=ORIENTED_EDGE('',*,*,#3690,.T.);
#4628=ORIENTED_EDGE('',*,*,#3691,.T.);
#4629=ORIENTED_EDGE('',*,*,#3692,.T.);
#4630=ORIENTED_EDGE('',*,*,#3693,.T.);
#4631=ORIENTED_EDGE('',*,*,#3694,.T.);
#4632=ORIENTED_EDGE('',*,*,#3695,.T.);
#4633=ORIENTED_EDGE('',*,*,#3696,.F.);
#4634=ORIENTED_EDGE('',*,*,#3697,.F.);
#4635=ORIENTED_EDGE('',*,*,#3698,.F.);
#4636=ORIENTED_EDGE('',*,*,#3699,.F.);
#4637=ORIENTED_EDGE('',*,*,#3700,.F.);
#4638=ORIENTED_EDGE('',*,*,#3701,.F.);
#4639=ORIENTED_EDGE('',*,*,#3702,.F.);
#4640=ORIENTED_EDGE('',*,*,#3703,.F.);
#4641=ORIENTED_EDGE('',*,*,#3704,.F.);
#4642=ORIENTED_EDGE('',*,*,#3705,.F.);
#4643=ORIENTED_EDGE('',*,*,#3706,.F.);
#4644=ORIENTED_EDGE('',*,*,#3707,.F.);
#4645=ORIENTED_EDGE('',*,*,#3708,.F.);
#4646=ORIENTED_EDGE('',*,*,#3709,.F.);
#4647=ORIENTED_EDGE('',*,*,#3710,.F.);
#4648=ORIENTED_EDGE('',*,*,#3711,.F.);
#4649=ORIENTED_EDGE('',*,*,#3712,.F.);
#4650=ORIENTED_EDGE('',*,*,#3713,.F.);
#4651=ORIENTED_EDGE('',*,*,#3714,.F.);
#4652=ORIENTED_EDGE('',*,*,#3715,.F.);
#4653=ORIENTED_EDGE('',*,*,#3716,.F.);
#4654=ORIENTED_EDGE('',*,*,#3717,.F.);
#4655=ORIENTED_EDGE('',*,*,#3718,.F.);
#4656=ORIENTED_EDGE('',*,*,#3719,.F.);
#4657=ORIENTED_EDGE('',*,*,#3720,.F.);
#4658=ORIENTED_EDGE('',*,*,#3721,.F.);
#4659=ORIENTED_EDGE('',*,*,#3722,.F.);
#4660=ORIENTED_EDGE('',*,*,#3723,.F.);
#4661=ORIENTED_EDGE('',*,*,#3724,.F.);
#4662=ORIENTED_EDGE('',*,*,#3725,.F.);
#4663=ORIENTED_EDGE('',*,*,#3726,.F.);
#4664=ORIENTED_EDGE('',*,*,#3727,.F.);
#4665=ORIENTED_EDGE('',*,*,#3728,.F.);
#4666=ORIENTED_EDGE('',*,*,#3729,.F.);
#4667=ORIENTED_EDGE('',*,*,#3730,.F.);
#4668=ORIENTED_EDGE('',*,*,#3731,.F.);
#4669=ORIENTED_EDGE('',*,*,#3547,.F.);
#4670=ORIENTED_EDGE('',*,*,#3732,.T.);
#4671=ORIENTED_EDGE('',*,*,#3733,.F.);
#4672=ORIENTED_EDGE('',*,*,#3734,.T.);
#4673=ORIENTED_EDGE('',*,*,#3735,.F.);
#4674=ORIENTED_EDGE('',*,*,#3736,.T.);
#4675=ORIENTED_EDGE('',*,*,#3737,.F.);
#4676=ORIENTED_EDGE('',*,*,#3738,.T.);
#4677=ORIENTED_EDGE('',*,*,#3739,.F.);
#4678=ORIENTED_EDGE('',*,*,#3740,.T.);
#4679=ORIENTED_EDGE('',*,*,#3741,.F.);
#4680=ORIENTED_EDGE('',*,*,#3742,.T.);
#4681=ORIENTED_EDGE('',*,*,#3743,.F.);
#4682=ORIENTED_EDGE('',*,*,#3744,.T.);
#4683=ORIENTED_EDGE('',*,*,#3745,.F.);
#4684=ORIENTED_EDGE('',*,*,#3746,.T.);
#4685=ORIENTED_EDGE('',*,*,#3747,.T.);
#4686=ORIENTED_EDGE('',*,*,#3748,.T.);
#4687=ORIENTED_EDGE('',*,*,#3749,.F.);
#4688=ORIENTED_EDGE('',*,*,#3750,.T.);
#4689=ORIENTED_EDGE('',*,*,#3751,.F.);
#4690=ORIENTED_EDGE('',*,*,#3752,.T.);
#4691=ORIENTED_EDGE('',*,*,#3753,.F.);
#4692=ORIENTED_EDGE('',*,*,#3754,.T.);
#4693=ORIENTED_EDGE('',*,*,#3755,.F.);
#4694=ORIENTED_EDGE('',*,*,#3756,.T.);
#4695=ORIENTED_EDGE('',*,*,#3757,.F.);
#4696=ORIENTED_EDGE('',*,*,#3758,.T.);
#4697=ORIENTED_EDGE('',*,*,#3759,.F.);
#4698=ORIENTED_EDGE('',*,*,#3760,.T.);
#4699=ORIENTED_EDGE('',*,*,#3761,.F.);
#4700=ORIENTED_EDGE('',*,*,#3762,.T.);
#4701=ORIENTED_EDGE('',*,*,#3763,.F.);
#4702=ORIENTED_EDGE('',*,*,#3764,.T.);
#4703=ORIENTED_EDGE('',*,*,#3765,.T.);
#4704=ORIENTED_EDGE('',*,*,#3766,.T.);
#4705=ORIENTED_EDGE('',*,*,#3767,.T.);
#4706=ORIENTED_EDGE('',*,*,#3768,.T.);
#4707=ORIENTED_EDGE('',*,*,#3769,.T.);
#4708=ORIENTED_EDGE('',*,*,#3770,.T.);
#4709=ORIENTED_EDGE('',*,*,#3771,.T.);
#4710=ORIENTED_EDGE('',*,*,#3772,.T.);
#4711=ORIENTED_EDGE('',*,*,#3773,.T.);
#4712=ORIENTED_EDGE('',*,*,#3774,.T.);
#4713=ORIENTED_EDGE('',*,*,#3775,.T.);
#4714=ORIENTED_EDGE('',*,*,#3776,.T.);
#4715=ORIENTED_EDGE('',*,*,#3777,.T.);
#4716=ORIENTED_EDGE('',*,*,#3778,.T.);
#4717=ORIENTED_EDGE('',*,*,#3779,.T.);
#4718=ORIENTED_EDGE('',*,*,#3780,.T.);
#4719=ORIENTED_EDGE('',*,*,#3781,.T.);
#4720=ORIENTED_EDGE('',*,*,#3782,.T.);
#4721=ORIENTED_EDGE('',*,*,#3783,.T.);
#4722=ORIENTED_EDGE('',*,*,#3784,.T.);
#4723=ORIENTED_EDGE('',*,*,#3785,.T.);
#4724=ORIENTED_EDGE('',*,*,#3786,.T.);
#4725=ORIENTED_EDGE('',*,*,#3787,.T.);
#4726=ORIENTED_EDGE('',*,*,#3788,.T.);
#4727=ORIENTED_EDGE('',*,*,#3789,.T.);
#4728=ORIENTED_EDGE('',*,*,#3790,.T.);
#4729=ORIENTED_EDGE('',*,*,#3791,.T.);
#4730=ORIENTED_EDGE('',*,*,#3792,.T.);
#4731=ORIENTED_EDGE('',*,*,#3793,.T.);
#4732=ORIENTED_EDGE('',*,*,#3794,.T.);
#4733=ORIENTED_EDGE('',*,*,#3795,.T.);
#4734=ORIENTED_EDGE('',*,*,#3796,.T.);
#4735=ORIENTED_EDGE('',*,*,#3797,.T.);
#4736=ORIENTED_EDGE('',*,*,#3798,.T.);
#4737=ORIENTED_EDGE('',*,*,#3799,.T.);
#4738=ORIENTED_EDGE('',*,*,#3800,.T.);
#4739=ORIENTED_EDGE('',*,*,#3801,.T.);
#4740=ORIENTED_EDGE('',*,*,#3802,.T.);
#4741=ORIENTED_EDGE('',*,*,#3803,.T.);
#4742=ORIENTED_EDGE('',*,*,#3804,.T.);
#4743=ORIENTED_EDGE('',*,*,#3805,.T.);
#4744=ORIENTED_EDGE('',*,*,#3806,.T.);
#4745=ORIENTED_EDGE('',*,*,#3807,.T.);
#4746=ORIENTED_EDGE('',*,*,#3808,.T.);
#4747=ORIENTED_EDGE('',*,*,#3809,.T.);
#4748=ORIENTED_EDGE('',*,*,#3810,.T.);
#4749=ORIENTED_EDGE('',*,*,#3811,.T.);
#4750=ORIENTED_EDGE('',*,*,#3812,.T.);
#4751=ORIENTED_EDGE('',*,*,#3813,.T.);
#4752=ORIENTED_EDGE('',*,*,#3814,.T.);
#4753=ORIENTED_EDGE('',*,*,#3815,.T.);
#4754=ORIENTED_EDGE('',*,*,#3816,.T.);
#4755=ORIENTED_EDGE('',*,*,#3817,.T.);
#4756=ORIENTED_EDGE('',*,*,#3818,.T.);
#4757=ORIENTED_EDGE('',*,*,#3819,.T.);
#4758=ORIENTED_EDGE('',*,*,#3820,.T.);
#4759=ORIENTED_EDGE('',*,*,#3821,.T.);
#4760=ORIENTED_EDGE('',*,*,#3822,.T.);
#4761=ORIENTED_EDGE('',*,*,#3823,.T.);
#4762=ORIENTED_EDGE('',*,*,#3824,.T.);
#4763=ORIENTED_EDGE('',*,*,#3825,.T.);
#4764=ORIENTED_EDGE('',*,*,#3826,.T.);
#4765=ORIENTED_EDGE('',*,*,#3827,.T.);
#4766=ORIENTED_EDGE('',*,*,#3828,.T.);
#4767=ORIENTED_EDGE('',*,*,#3829,.T.);
#4768=ORIENTED_EDGE('',*,*,#3830,.T.);
#4769=ORIENTED_EDGE('',*,*,#3831,.T.);
#4770=ORIENTED_EDGE('',*,*,#3832,.T.);
#4771=ORIENTED_EDGE('',*,*,#3833,.T.);
#4772=ORIENTED_EDGE('',*,*,#3834,.T.);
#4773=ORIENTED_EDGE('',*,*,#3835,.T.);
#4774=ORIENTED_EDGE('',*,*,#3836,.T.);
#4775=ORIENTED_EDGE('',*,*,#3837,.T.);
#4776=ORIENTED_EDGE('',*,*,#3838,.T.);
#4777=ORIENTED_EDGE('',*,*,#3839,.T.);
#4778=ORIENTED_EDGE('',*,*,#3840,.T.);
#4779=ORIENTED_EDGE('',*,*,#3841,.T.);
#4780=ORIENTED_EDGE('',*,*,#3842,.T.);
#4781=ORIENTED_EDGE('',*,*,#3843,.T.);
#4782=ORIENTED_EDGE('',*,*,#3844,.T.);
#4783=ORIENTED_EDGE('',*,*,#3845,.T.);
#4784=ORIENTED_EDGE('',*,*,#3846,.T.);
#4785=ORIENTED_EDGE('',*,*,#3847,.T.);
#4786=ORIENTED_EDGE('',*,*,#3848,.T.);
#4787=ORIENTED_EDGE('',*,*,#3849,.T.);
#4788=ORIENTED_EDGE('',*,*,#3850,.T.);
#4789=ORIENTED_EDGE('',*,*,#3851,.T.);
#4790=ORIENTED_EDGE('',*,*,#3852,.T.);
#4791=ORIENTED_EDGE('',*,*,#3853,.T.);
#4792=ORIENTED_EDGE('',*,*,#3854,.T.);
#4793=ORIENTED_EDGE('',*,*,#3855,.T.);
#4794=ORIENTED_EDGE('',*,*,#3856,.T.);
#4795=ORIENTED_EDGE('',*,*,#3857,.T.);
#4796=ORIENTED_EDGE('',*,*,#3858,.T.);
#4797=ORIENTED_EDGE('',*,*,#3859,.T.);
#4798=ORIENTED_EDGE('',*,*,#3860,.T.);
#4799=ORIENTED_EDGE('',*,*,#3861,.T.);
#4800=ORIENTED_EDGE('',*,*,#3862,.T.);
#4801=ORIENTED_EDGE('',*,*,#3863,.T.);
#4802=ORIENTED_EDGE('',*,*,#3864,.T.);
#4803=ORIENTED_EDGE('',*,*,#3865,.T.);
#4804=ORIENTED_EDGE('',*,*,#3866,.T.);
#4805=ORIENTED_EDGE('',*,*,#3694,.F.);
#4806=ORIENTED_EDGE('',*,*,#3867,.T.);
#4807=ORIENTED_EDGE('',*,*,#3733,.T.);
#4808=ORIENTED_EDGE('',*,*,#3868,.T.);
#4809=ORIENTED_EDGE('',*,*,#3692,.F.);
#4810=ORIENTED_EDGE('',*,*,#3869,.T.);
#4811=ORIENTED_EDGE('',*,*,#3735,.T.);
#4812=ORIENTED_EDGE('',*,*,#3870,.T.);
#4813=ORIENTED_EDGE('',*,*,#3690,.F.);
#4814=ORIENTED_EDGE('',*,*,#3871,.T.);
#4815=ORIENTED_EDGE('',*,*,#3737,.T.);
#4816=ORIENTED_EDGE('',*,*,#3872,.T.);
#4817=ORIENTED_EDGE('',*,*,#3688,.F.);
#4818=ORIENTED_EDGE('',*,*,#3873,.T.);
#4819=ORIENTED_EDGE('',*,*,#3739,.T.);
#4820=ORIENTED_EDGE('',*,*,#3874,.T.);
#4821=ORIENTED_EDGE('',*,*,#3686,.F.);
#4822=ORIENTED_EDGE('',*,*,#3875,.T.);
#4823=ORIENTED_EDGE('',*,*,#3741,.T.);
#4824=ORIENTED_EDGE('',*,*,#3876,.T.);
#4825=ORIENTED_EDGE('',*,*,#3684,.F.);
#4826=ORIENTED_EDGE('',*,*,#3877,.T.);
#4827=ORIENTED_EDGE('',*,*,#3743,.T.);
#4828=ORIENTED_EDGE('',*,*,#3878,.T.);
#4829=ORIENTED_EDGE('',*,*,#3682,.F.);
#4830=ORIENTED_EDGE('',*,*,#3879,.T.);
#4831=ORIENTED_EDGE('',*,*,#3745,.T.);
#4832=ORIENTED_EDGE('',*,*,#3880,.T.);
#4833=ORIENTED_EDGE('',*,*,#3680,.F.);
#4834=ORIENTED_EDGE('',*,*,#3881,.T.);
#4835=ORIENTED_EDGE('',*,*,#3747,.F.);
#4836=ORIENTED_EDGE('',*,*,#3882,.T.);
#4837=ORIENTED_EDGE('',*,*,#3678,.F.);
#4838=ORIENTED_EDGE('',*,*,#3883,.T.);
#4839=ORIENTED_EDGE('',*,*,#3749,.T.);
#4840=ORIENTED_EDGE('',*,*,#3884,.T.);
#4841=ORIENTED_EDGE('',*,*,#3676,.F.);
#4842=ORIENTED_EDGE('',*,*,#3885,.T.);
#4843=ORIENTED_EDGE('',*,*,#3751,.T.);
#4844=ORIENTED_EDGE('',*,*,#3886,.T.);
#4845=ORIENTED_EDGE('',*,*,#3674,.F.);
#4846=ORIENTED_EDGE('',*,*,#3887,.T.);
#4847=ORIENTED_EDGE('',*,*,#3753,.T.);
#4848=ORIENTED_EDGE('',*,*,#3888,.T.);
#4849=ORIENTED_EDGE('',*,*,#3672,.F.);
#4850=ORIENTED_EDGE('',*,*,#3889,.T.);
#4851=ORIENTED_EDGE('',*,*,#3755,.T.);
#4852=ORIENTED_EDGE('',*,*,#3890,.T.);
#4853=ORIENTED_EDGE('',*,*,#3670,.F.);
#4854=ORIENTED_EDGE('',*,*,#3891,.T.);
#4855=ORIENTED_EDGE('',*,*,#3757,.T.);
#4856=ORIENTED_EDGE('',*,*,#3892,.T.);
#4857=ORIENTED_EDGE('',*,*,#3668,.F.);
#4858=ORIENTED_EDGE('',*,*,#3893,.T.);
#4859=ORIENTED_EDGE('',*,*,#3759,.T.);
#4860=ORIENTED_EDGE('',*,*,#3894,.T.);
#4861=ORIENTED_EDGE('',*,*,#3666,.F.);
#4862=ORIENTED_EDGE('',*,*,#3895,.T.);
#4863=ORIENTED_EDGE('',*,*,#3761,.T.);
#4864=ORIENTED_EDGE('',*,*,#3896,.T.);
#4865=ORIENTED_EDGE('',*,*,#3664,.F.);
#4866=ORIENTED_EDGE('',*,*,#3897,.T.);
#4867=ORIENTED_EDGE('',*,*,#3763,.T.);
#4868=ORIENTED_EDGE('',*,*,#3898,.T.);
#4869=ORIENTED_EDGE('',*,*,#3662,.F.);
#4870=ORIENTED_EDGE('',*,*,#3899,.T.);
#4871=ORIENTED_EDGE('',*,*,#3765,.F.);
#4872=ORIENTED_EDGE('',*,*,#3900,.T.);
#4873=ORIENTED_EDGE('',*,*,#3801,.F.);
#4874=ORIENTED_EDGE('',*,*,#3901,.T.);
#4875=ORIENTED_EDGE('',*,*,#3626,.F.);
#4876=ORIENTED_EDGE('',*,*,#3902,.T.);
#4877=ORIENTED_EDGE('',*,*,#3799,.F.);
#4878=ORIENTED_EDGE('',*,*,#3903,.T.);
#4879=ORIENTED_EDGE('',*,*,#3628,.F.);
#4880=ORIENTED_EDGE('',*,*,#3904,.T.);
#4881=ORIENTED_EDGE('',*,*,#3797,.F.);
#4882=ORIENTED_EDGE('',*,*,#3905,.T.);
#4883=ORIENTED_EDGE('',*,*,#3630,.F.);
#4884=ORIENTED_EDGE('',*,*,#3906,.T.);
#4885=ORIENTED_EDGE('',*,*,#3795,.F.);
#4886=ORIENTED_EDGE('',*,*,#3907,.T.);
#4887=ORIENTED_EDGE('',*,*,#3632,.F.);
#4888=ORIENTED_EDGE('',*,*,#3908,.T.);
#4889=ORIENTED_EDGE('',*,*,#3793,.F.);
#4890=ORIENTED_EDGE('',*,*,#3909,.T.);
#4891=ORIENTED_EDGE('',*,*,#3634,.F.);
#4892=ORIENTED_EDGE('',*,*,#3910,.T.);
#4893=ORIENTED_EDGE('',*,*,#3791,.F.);
#4894=ORIENTED_EDGE('',*,*,#3911,.T.);
#4895=ORIENTED_EDGE('',*,*,#3636,.F.);
#4896=ORIENTED_EDGE('',*,*,#3912,.T.);
#4897=ORIENTED_EDGE('',*,*,#3789,.F.);
#4898=ORIENTED_EDGE('',*,*,#3913,.T.);
#4899=ORIENTED_EDGE('',*,*,#3638,.F.);
#4900=ORIENTED_EDGE('',*,*,#3914,.T.);
#4901=ORIENTED_EDGE('',*,*,#3787,.F.);
#4902=ORIENTED_EDGE('',*,*,#3915,.T.);
#4903=ORIENTED_EDGE('',*,*,#3640,.F.);
#4904=ORIENTED_EDGE('',*,*,#3916,.T.);
#4905=ORIENTED_EDGE('',*,*,#3785,.F.);
#4906=ORIENTED_EDGE('',*,*,#3917,.T.);
#4907=ORIENTED_EDGE('',*,*,#3642,.F.);
#4908=ORIENTED_EDGE('',*,*,#3918,.T.);
#4909=ORIENTED_EDGE('',*,*,#3783,.F.);
#4910=ORIENTED_EDGE('',*,*,#3919,.T.);
#4911=ORIENTED_EDGE('',*,*,#3644,.F.);
#4912=ORIENTED_EDGE('',*,*,#3920,.T.);
#4913=ORIENTED_EDGE('',*,*,#3781,.F.);
#4914=ORIENTED_EDGE('',*,*,#3921,.T.);
#4915=ORIENTED_EDGE('',*,*,#3646,.F.);
#4916=ORIENTED_EDGE('',*,*,#3922,.T.);
#4917=ORIENTED_EDGE('',*,*,#3779,.F.);
#4918=ORIENTED_EDGE('',*,*,#3923,.T.);
#4919=ORIENTED_EDGE('',*,*,#3648,.F.);
#4920=ORIENTED_EDGE('',*,*,#3924,.T.);
#4921=ORIENTED_EDGE('',*,*,#3777,.F.);
#4922=ORIENTED_EDGE('',*,*,#3925,.T.);
#4923=ORIENTED_EDGE('',*,*,#3650,.F.);
#4924=ORIENTED_EDGE('',*,*,#3926,.T.);
#4925=ORIENTED_EDGE('',*,*,#3775,.F.);
#4926=ORIENTED_EDGE('',*,*,#3927,.T.);
#4927=ORIENTED_EDGE('',*,*,#3652,.F.);
#4928=ORIENTED_EDGE('',*,*,#3928,.T.);
#4929=ORIENTED_EDGE('',*,*,#3773,.F.);
#4930=ORIENTED_EDGE('',*,*,#3929,.T.);
#4931=ORIENTED_EDGE('',*,*,#3654,.F.);
#4932=ORIENTED_EDGE('',*,*,#3930,.T.);
#4933=ORIENTED_EDGE('',*,*,#3771,.F.);
#4934=ORIENTED_EDGE('',*,*,#3931,.T.);
#4935=ORIENTED_EDGE('',*,*,#3656,.F.);
#4936=ORIENTED_EDGE('',*,*,#3932,.T.);
#4937=ORIENTED_EDGE('',*,*,#3769,.F.);
#4938=ORIENTED_EDGE('',*,*,#3933,.T.);
#4939=ORIENTED_EDGE('',*,*,#3658,.F.);
#4940=ORIENTED_EDGE('',*,*,#3934,.T.);
#4941=ORIENTED_EDGE('',*,*,#3767,.F.);
#4942=ORIENTED_EDGE('',*,*,#3935,.T.);
#4943=ORIENTED_EDGE('',*,*,#3660,.F.);
#4944=ORIENTED_EDGE('',*,*,#3936,.T.);
#4945=ORIENTED_EDGE('',*,*,#3748,.F.);
#4946=ORIENTED_EDGE('',*,*,#3881,.F.);
#4947=ORIENTED_EDGE('',*,*,#3679,.F.);
#4948=ORIENTED_EDGE('',*,*,#3884,.F.);
#4949=ORIENTED_EDGE('',*,*,#3746,.F.);
#4950=ORIENTED_EDGE('',*,*,#3879,.F.);
#4951=ORIENTED_EDGE('',*,*,#3681,.F.);
#4952=ORIENTED_EDGE('',*,*,#3882,.F.);
#4953=ORIENTED_EDGE('',*,*,#3744,.F.);
#4954=ORIENTED_EDGE('',*,*,#3877,.F.);
#4955=ORIENTED_EDGE('',*,*,#3683,.F.);
#4956=ORIENTED_EDGE('',*,*,#3880,.F.);
#4957=ORIENTED_EDGE('',*,*,#3742,.F.);
#4958=ORIENTED_EDGE('',*,*,#3875,.F.);
#4959=ORIENTED_EDGE('',*,*,#3685,.F.);
#4960=ORIENTED_EDGE('',*,*,#3878,.F.);
#4961=ORIENTED_EDGE('',*,*,#3740,.F.);
#4962=ORIENTED_EDGE('',*,*,#3873,.F.);
#4963=ORIENTED_EDGE('',*,*,#3687,.F.);
#4964=ORIENTED_EDGE('',*,*,#3876,.F.);
#4965=ORIENTED_EDGE('',*,*,#3738,.F.);
#4966=ORIENTED_EDGE('',*,*,#3871,.F.);
#4967=ORIENTED_EDGE('',*,*,#3689,.F.);
#4968=ORIENTED_EDGE('',*,*,#3874,.F.);
#4969=ORIENTED_EDGE('',*,*,#3736,.F.);
#4970=ORIENTED_EDGE('',*,*,#3869,.F.);
#4971=ORIENTED_EDGE('',*,*,#3691,.F.);
#4972=ORIENTED_EDGE('',*,*,#3872,.F.);
#4973=ORIENTED_EDGE('',*,*,#3734,.F.);
#4974=ORIENTED_EDGE('',*,*,#3867,.F.);
#4975=ORIENTED_EDGE('',*,*,#3693,.F.);
#4976=ORIENTED_EDGE('',*,*,#3870,.F.);
#4977=ORIENTED_EDGE('',*,*,#3732,.F.);
#4978=ORIENTED_EDGE('',*,*,#3546,.F.);
#4979=ORIENTED_EDGE('',*,*,#3695,.F.);
#4980=ORIENTED_EDGE('',*,*,#3868,.F.);
#4981=ORIENTED_EDGE('',*,*,#3902,.F.);
#4982=ORIENTED_EDGE('',*,*,#3625,.F.);
#4983=ORIENTED_EDGE('',*,*,#3548,.F.);
#4984=ORIENTED_EDGE('',*,*,#3802,.F.);
#4985=ORIENTED_EDGE('',*,*,#3750,.F.);
#4986=ORIENTED_EDGE('',*,*,#3883,.F.);
#4987=ORIENTED_EDGE('',*,*,#3677,.F.);
#4988=ORIENTED_EDGE('',*,*,#3886,.F.);
#4989=ORIENTED_EDGE('',*,*,#3937,.F.);
#4990=ORIENTED_EDGE('',*,*,#3938,.T.);
#4991=ORIENTED_EDGE('',*,*,#3804,.F.);
#4992=ORIENTED_EDGE('',*,*,#3938,.F.);
#4993=ORIENTED_EDGE('',*,*,#3939,.F.);
#4994=ORIENTED_EDGE('',*,*,#3940,.T.);
#4995=ORIENTED_EDGE('',*,*,#3805,.F.);
#4996=ORIENTED_EDGE('',*,*,#3940,.F.);
#4997=ORIENTED_EDGE('',*,*,#3941,.F.);
#4998=ORIENTED_EDGE('',*,*,#3942,.T.);
#4999=ORIENTED_EDGE('',*,*,#3806,.F.);
#5000=ORIENTED_EDGE('',*,*,#3942,.F.);
#5001=ORIENTED_EDGE('',*,*,#3943,.F.);
#5002=ORIENTED_EDGE('',*,*,#3944,.T.);
#5003=ORIENTED_EDGE('',*,*,#3807,.F.);
#5004=ORIENTED_EDGE('',*,*,#3944,.F.);
#5005=ORIENTED_EDGE('',*,*,#3945,.F.);
#5006=ORIENTED_EDGE('',*,*,#3946,.T.);
#5007=ORIENTED_EDGE('',*,*,#3808,.F.);
#5008=ORIENTED_EDGE('',*,*,#3946,.F.);
#5009=ORIENTED_EDGE('',*,*,#3947,.F.);
#5010=ORIENTED_EDGE('',*,*,#3948,.T.);
#5011=ORIENTED_EDGE('',*,*,#3809,.F.);
#5012=ORIENTED_EDGE('',*,*,#3948,.F.);
#5013=ORIENTED_EDGE('',*,*,#3949,.F.);
#5014=ORIENTED_EDGE('',*,*,#3950,.T.);
#5015=ORIENTED_EDGE('',*,*,#3810,.F.);
#5016=ORIENTED_EDGE('',*,*,#3950,.F.);
#5017=ORIENTED_EDGE('',*,*,#3951,.F.);
#5018=ORIENTED_EDGE('',*,*,#3952,.T.);
#5019=ORIENTED_EDGE('',*,*,#3811,.F.);
#5020=ORIENTED_EDGE('',*,*,#3952,.F.);
#5021=ORIENTED_EDGE('',*,*,#3800,.F.);
#5022=ORIENTED_EDGE('',*,*,#3904,.F.);
#5023=ORIENTED_EDGE('',*,*,#3627,.F.);
#5024=ORIENTED_EDGE('',*,*,#3901,.F.);
#5025=ORIENTED_EDGE('',*,*,#3752,.F.);
#5026=ORIENTED_EDGE('',*,*,#3885,.F.);
#5027=ORIENTED_EDGE('',*,*,#3675,.F.);
#5028=ORIENTED_EDGE('',*,*,#3888,.F.);
#5029=ORIENTED_EDGE('',*,*,#3953,.F.);
#5030=ORIENTED_EDGE('',*,*,#3954,.T.);
#5031=ORIENTED_EDGE('',*,*,#3812,.F.);
#5032=ORIENTED_EDGE('',*,*,#3954,.F.);
#5033=ORIENTED_EDGE('',*,*,#3955,.F.);
#5034=ORIENTED_EDGE('',*,*,#3956,.T.);
#5035=ORIENTED_EDGE('',*,*,#3803,.F.);
#5036=ORIENTED_EDGE('',*,*,#3956,.F.);
#5037=ORIENTED_EDGE('',*,*,#3957,.F.);
#5038=ORIENTED_EDGE('',*,*,#3958,.T.);
#5039=ORIENTED_EDGE('',*,*,#3813,.F.);
#5040=ORIENTED_EDGE('',*,*,#3958,.F.);
#5041=ORIENTED_EDGE('',*,*,#3959,.F.);
#5042=ORIENTED_EDGE('',*,*,#3960,.T.);
#5043=ORIENTED_EDGE('',*,*,#3814,.F.);
#5044=ORIENTED_EDGE('',*,*,#3960,.F.);
#5045=ORIENTED_EDGE('',*,*,#3961,.F.);
#5046=ORIENTED_EDGE('',*,*,#3962,.T.);
#5047=ORIENTED_EDGE('',*,*,#3815,.F.);
#5048=ORIENTED_EDGE('',*,*,#3962,.F.);
#5049=ORIENTED_EDGE('',*,*,#3963,.F.);
#5050=ORIENTED_EDGE('',*,*,#3964,.T.);
#5051=ORIENTED_EDGE('',*,*,#3816,.F.);
#5052=ORIENTED_EDGE('',*,*,#3964,.F.);
#5053=ORIENTED_EDGE('',*,*,#3965,.F.);
#5054=ORIENTED_EDGE('',*,*,#3966,.T.);
#5055=ORIENTED_EDGE('',*,*,#3817,.F.);
#5056=ORIENTED_EDGE('',*,*,#3966,.F.);
#5057=ORIENTED_EDGE('',*,*,#3967,.F.);
#5058=ORIENTED_EDGE('',*,*,#3968,.T.);
#5059=ORIENTED_EDGE('',*,*,#3818,.F.);
#5060=ORIENTED_EDGE('',*,*,#3968,.F.);
#5061=ORIENTED_EDGE('',*,*,#3798,.F.);
#5062=ORIENTED_EDGE('',*,*,#3906,.F.);
#5063=ORIENTED_EDGE('',*,*,#3629,.F.);
#5064=ORIENTED_EDGE('',*,*,#3903,.F.);
#5065=ORIENTED_EDGE('',*,*,#3754,.F.);
#5066=ORIENTED_EDGE('',*,*,#3887,.F.);
#5067=ORIENTED_EDGE('',*,*,#3673,.F.);
#5068=ORIENTED_EDGE('',*,*,#3890,.F.);
#5069=ORIENTED_EDGE('',*,*,#3969,.F.);
#5070=ORIENTED_EDGE('',*,*,#3970,.T.);
#5071=ORIENTED_EDGE('',*,*,#3819,.F.);
#5072=ORIENTED_EDGE('',*,*,#3970,.F.);
#5073=ORIENTED_EDGE('',*,*,#3971,.F.);
#5074=ORIENTED_EDGE('',*,*,#3972,.T.);
#5075=ORIENTED_EDGE('',*,*,#3820,.F.);
#5076=ORIENTED_EDGE('',*,*,#3972,.F.);
#5077=ORIENTED_EDGE('',*,*,#3973,.F.);
#5078=ORIENTED_EDGE('',*,*,#3974,.T.);
#5079=ORIENTED_EDGE('',*,*,#3821,.F.);
#5080=ORIENTED_EDGE('',*,*,#3974,.F.);
#5081=ORIENTED_EDGE('',*,*,#3975,.F.);
#5082=ORIENTED_EDGE('',*,*,#3976,.T.);
#5083=ORIENTED_EDGE('',*,*,#3822,.F.);
#5084=ORIENTED_EDGE('',*,*,#3976,.F.);
#5085=ORIENTED_EDGE('',*,*,#3977,.F.);
#5086=ORIENTED_EDGE('',*,*,#3978,.T.);
#5087=ORIENTED_EDGE('',*,*,#3823,.F.);
#5088=ORIENTED_EDGE('',*,*,#3978,.F.);
#5089=ORIENTED_EDGE('',*,*,#3979,.F.);
#5090=ORIENTED_EDGE('',*,*,#3980,.T.);
#5091=ORIENTED_EDGE('',*,*,#3824,.F.);
#5092=ORIENTED_EDGE('',*,*,#3980,.F.);
#5093=ORIENTED_EDGE('',*,*,#3981,.F.);
#5094=ORIENTED_EDGE('',*,*,#3982,.T.);
#5095=ORIENTED_EDGE('',*,*,#3825,.F.);
#5096=ORIENTED_EDGE('',*,*,#3982,.F.);
#5097=ORIENTED_EDGE('',*,*,#3983,.F.);
#5098=ORIENTED_EDGE('',*,*,#3984,.T.);
#5099=ORIENTED_EDGE('',*,*,#3826,.F.);
#5100=ORIENTED_EDGE('',*,*,#3984,.F.);
#5101=ORIENTED_EDGE('',*,*,#3796,.F.);
#5102=ORIENTED_EDGE('',*,*,#3908,.F.);
#5103=ORIENTED_EDGE('',*,*,#3631,.F.);
#5104=ORIENTED_EDGE('',*,*,#3905,.F.);
#5105=ORIENTED_EDGE('',*,*,#3756,.F.);
#5106=ORIENTED_EDGE('',*,*,#3889,.F.);
#5107=ORIENTED_EDGE('',*,*,#3671,.F.);
#5108=ORIENTED_EDGE('',*,*,#3892,.F.);
#5109=ORIENTED_EDGE('',*,*,#3985,.F.);
#5110=ORIENTED_EDGE('',*,*,#3986,.T.);
#5111=ORIENTED_EDGE('',*,*,#3827,.F.);
#5112=ORIENTED_EDGE('',*,*,#3986,.F.);
#5113=ORIENTED_EDGE('',*,*,#3987,.F.);
#5114=ORIENTED_EDGE('',*,*,#3988,.T.);
#5115=ORIENTED_EDGE('',*,*,#3828,.F.);
#5116=ORIENTED_EDGE('',*,*,#3988,.F.);
#5117=ORIENTED_EDGE('',*,*,#3989,.F.);
#5118=ORIENTED_EDGE('',*,*,#3990,.T.);
#5119=ORIENTED_EDGE('',*,*,#3829,.F.);
#5120=ORIENTED_EDGE('',*,*,#3990,.F.);
#5121=ORIENTED_EDGE('',*,*,#3770,.F.);
#5122=ORIENTED_EDGE('',*,*,#3934,.F.);
#5123=ORIENTED_EDGE('',*,*,#3657,.F.);
#5124=ORIENTED_EDGE('',*,*,#3931,.F.);
#5125=ORIENTED_EDGE('',*,*,#3991,.F.);
#5126=ORIENTED_EDGE('',*,*,#3992,.T.);
#5127=ORIENTED_EDGE('',*,*,#3830,.F.);
#5128=ORIENTED_EDGE('',*,*,#3992,.F.);
#5129=ORIENTED_EDGE('',*,*,#3774,.F.);
#5130=ORIENTED_EDGE('',*,*,#3930,.F.);
#5131=ORIENTED_EDGE('',*,*,#3653,.F.);
#5132=ORIENTED_EDGE('',*,*,#3927,.F.);
#5133=ORIENTED_EDGE('',*,*,#3993,.F.);
#5134=ORIENTED_EDGE('',*,*,#3994,.T.);
#5135=ORIENTED_EDGE('',*,*,#3831,.F.);
#5136=ORIENTED_EDGE('',*,*,#3994,.F.);
#5137=ORIENTED_EDGE('',*,*,#3776,.F.);
#5138=ORIENTED_EDGE('',*,*,#3928,.F.);
#5139=ORIENTED_EDGE('',*,*,#3651,.F.);
#5140=ORIENTED_EDGE('',*,*,#3925,.F.);
#5141=ORIENTED_EDGE('',*,*,#3995,.F.);
#5142=ORIENTED_EDGE('',*,*,#3996,.T.);
#5143=ORIENTED_EDGE('',*,*,#3832,.F.);
#5144=ORIENTED_EDGE('',*,*,#3996,.F.);
#5145=ORIENTED_EDGE('',*,*,#3794,.F.);
#5146=ORIENTED_EDGE('',*,*,#3910,.F.);
#5147=ORIENTED_EDGE('',*,*,#3633,.F.);
#5148=ORIENTED_EDGE('',*,*,#3907,.F.);
#5149=ORIENTED_EDGE('',*,*,#3997,.F.);
#5150=ORIENTED_EDGE('',*,*,#3998,.T.);
#5151=ORIENTED_EDGE('',*,*,#3857,.F.);
#5152=ORIENTED_EDGE('',*,*,#3998,.F.);
#5153=ORIENTED_EDGE('',*,*,#3999,.F.);
#5154=ORIENTED_EDGE('',*,*,#4000,.T.);
#5155=ORIENTED_EDGE('',*,*,#3866,.F.);
#5156=ORIENTED_EDGE('',*,*,#4000,.F.);
#5157=ORIENTED_EDGE('',*,*,#4001,.F.);
#5158=ORIENTED_EDGE('',*,*,#4002,.T.);
#5159=ORIENTED_EDGE('',*,*,#3839,.F.);
#5160=ORIENTED_EDGE('',*,*,#4002,.F.);
#5161=ORIENTED_EDGE('',*,*,#4003,.F.);
#5162=ORIENTED_EDGE('',*,*,#4004,.T.);
#5163=ORIENTED_EDGE('',*,*,#3833,.F.);
#5164=ORIENTED_EDGE('',*,*,#4004,.F.);
#5165=ORIENTED_EDGE('',*,*,#4005,.F.);
#5166=ORIENTED_EDGE('',*,*,#4006,.T.);
#5167=ORIENTED_EDGE('',*,*,#3834,.F.);
#5168=ORIENTED_EDGE('',*,*,#4006,.F.);
#5169=ORIENTED_EDGE('',*,*,#3772,.F.);
#5170=ORIENTED_EDGE('',*,*,#3932,.F.);
#5171=ORIENTED_EDGE('',*,*,#3655,.F.);
#5172=ORIENTED_EDGE('',*,*,#3929,.F.);
#5173=ORIENTED_EDGE('',*,*,#4007,.F.);
#5174=ORIENTED_EDGE('',*,*,#4008,.T.);
#5175=ORIENTED_EDGE('',*,*,#3835,.F.);
#5176=ORIENTED_EDGE('',*,*,#4008,.F.);
#5177=ORIENTED_EDGE('',*,*,#3758,.F.);
#5178=ORIENTED_EDGE('',*,*,#3891,.F.);
#5179=ORIENTED_EDGE('',*,*,#3669,.F.);
#5180=ORIENTED_EDGE('',*,*,#3894,.F.);
#5181=ORIENTED_EDGE('',*,*,#4009,.F.);
#5182=ORIENTED_EDGE('',*,*,#4010,.T.);
#5183=ORIENTED_EDGE('',*,*,#3847,.F.);
#5184=ORIENTED_EDGE('',*,*,#4010,.F.);
#5185=ORIENTED_EDGE('',*,*,#3764,.F.);
#5186=ORIENTED_EDGE('',*,*,#3897,.F.);
#5187=ORIENTED_EDGE('',*,*,#3663,.F.);
#5188=ORIENTED_EDGE('',*,*,#3900,.F.);
#5189=ORIENTED_EDGE('',*,*,#3790,.F.);
#5190=ORIENTED_EDGE('',*,*,#3914,.F.);
#5191=ORIENTED_EDGE('',*,*,#3637,.F.);
#5192=ORIENTED_EDGE('',*,*,#3911,.F.);
#5193=ORIENTED_EDGE('',*,*,#4011,.F.);
#5194=ORIENTED_EDGE('',*,*,#4012,.T.);
#5195=ORIENTED_EDGE('',*,*,#3843,.F.);
#5196=ORIENTED_EDGE('',*,*,#4012,.F.);
#5197=ORIENTED_EDGE('',*,*,#4013,.F.);
#5198=ORIENTED_EDGE('',*,*,#4014,.T.);
#5199=ORIENTED_EDGE('',*,*,#3851,.F.);
#5200=ORIENTED_EDGE('',*,*,#4014,.F.);
#5201=ORIENTED_EDGE('',*,*,#3762,.F.);
#5202=ORIENTED_EDGE('',*,*,#3895,.F.);
#5203=ORIENTED_EDGE('',*,*,#3665,.F.);
#5204=ORIENTED_EDGE('',*,*,#3898,.F.);
#5205=ORIENTED_EDGE('',*,*,#4015,.F.);
#5206=ORIENTED_EDGE('',*,*,#4016,.T.);
#5207=ORIENTED_EDGE('',*,*,#3856,.F.);
#5208=ORIENTED_EDGE('',*,*,#4016,.F.);
#5209=ORIENTED_EDGE('',*,*,#4017,.F.);
#5210=ORIENTED_EDGE('',*,*,#4018,.T.);
#5211=ORIENTED_EDGE('',*,*,#3858,.F.);
#5212=ORIENTED_EDGE('',*,*,#4018,.F.);
#5213=ORIENTED_EDGE('',*,*,#4019,.F.);
#5214=ORIENTED_EDGE('',*,*,#4020,.T.);
#5215=ORIENTED_EDGE('',*,*,#3862,.F.);
#5216=ORIENTED_EDGE('',*,*,#4020,.F.);
#5217=ORIENTED_EDGE('',*,*,#4021,.F.);
#5218=ORIENTED_EDGE('',*,*,#4022,.T.);
#5219=ORIENTED_EDGE('',*,*,#3861,.F.);
#5220=ORIENTED_EDGE('',*,*,#4022,.F.);
#5221=ORIENTED_EDGE('',*,*,#4023,.F.);
#5222=ORIENTED_EDGE('',*,*,#4024,.T.);
#5223=ORIENTED_EDGE('',*,*,#3865,.F.);
#5224=ORIENTED_EDGE('',*,*,#4024,.F.);
#5225=ORIENTED_EDGE('',*,*,#3935,.F.);
#5226=ORIENTED_EDGE('',*,*,#3766,.F.);
#5227=ORIENTED_EDGE('',*,*,#3899,.F.);
#5228=ORIENTED_EDGE('',*,*,#3661,.F.);
#5229=ORIENTED_EDGE('',*,*,#3768,.F.);
#5230=ORIENTED_EDGE('',*,*,#3936,.F.);
#5231=ORIENTED_EDGE('',*,*,#3659,.F.);
#5232=ORIENTED_EDGE('',*,*,#3933,.F.);
#5233=ORIENTED_EDGE('',*,*,#4025,.F.);
#5234=ORIENTED_EDGE('',*,*,#4026,.T.);
#5235=ORIENTED_EDGE('',*,*,#3837,.F.);
#5236=ORIENTED_EDGE('',*,*,#4026,.F.);
#5237=ORIENTED_EDGE('',*,*,#4027,.F.);
#5238=ORIENTED_EDGE('',*,*,#4028,.T.);
#5239=ORIENTED_EDGE('',*,*,#3845,.F.);
#5240=ORIENTED_EDGE('',*,*,#4028,.F.);
#5241=ORIENTED_EDGE('',*,*,#4029,.F.);
#5242=ORIENTED_EDGE('',*,*,#4030,.T.);
#5243=ORIENTED_EDGE('',*,*,#3838,.F.);
#5244=ORIENTED_EDGE('',*,*,#4030,.F.);
#5245=ORIENTED_EDGE('',*,*,#4031,.F.);
#5246=ORIENTED_EDGE('',*,*,#4032,.T.);
#5247=ORIENTED_EDGE('',*,*,#3841,.F.);
#5248=ORIENTED_EDGE('',*,*,#4032,.F.);
#5249=ORIENTED_EDGE('',*,*,#4033,.F.);
#5250=ORIENTED_EDGE('',*,*,#4034,.T.);
#5251=ORIENTED_EDGE('',*,*,#3852,.F.);
#5252=ORIENTED_EDGE('',*,*,#4034,.F.);
#5253=ORIENTED_EDGE('',*,*,#4035,.F.);
#5254=ORIENTED_EDGE('',*,*,#4036,.T.);
#5255=ORIENTED_EDGE('',*,*,#3842,.F.);
#5256=ORIENTED_EDGE('',*,*,#4036,.F.);
#5257=ORIENTED_EDGE('',*,*,#4037,.F.);
#5258=ORIENTED_EDGE('',*,*,#4038,.T.);
#5259=ORIENTED_EDGE('',*,*,#3859,.F.);
#5260=ORIENTED_EDGE('',*,*,#4038,.F.);
#5261=ORIENTED_EDGE('',*,*,#4039,.F.);
#5262=ORIENTED_EDGE('',*,*,#4040,.T.);
#5263=ORIENTED_EDGE('',*,*,#3836,.F.);
#5264=ORIENTED_EDGE('',*,*,#4040,.F.);
#5265=ORIENTED_EDGE('',*,*,#4041,.F.);
#5266=ORIENTED_EDGE('',*,*,#4042,.T.);
#5267=ORIENTED_EDGE('',*,*,#3840,.F.);
#5268=ORIENTED_EDGE('',*,*,#4042,.F.);
#5269=ORIENTED_EDGE('',*,*,#4043,.F.);
#5270=ORIENTED_EDGE('',*,*,#4044,.T.);
#5271=ORIENTED_EDGE('',*,*,#3863,.F.);
#5272=ORIENTED_EDGE('',*,*,#4044,.F.);
#5273=ORIENTED_EDGE('',*,*,#4045,.F.);
#5274=ORIENTED_EDGE('',*,*,#4046,.T.);
#5275=ORIENTED_EDGE('',*,*,#3860,.F.);
#5276=ORIENTED_EDGE('',*,*,#4046,.F.);
#5277=ORIENTED_EDGE('',*,*,#4047,.F.);
#5278=ORIENTED_EDGE('',*,*,#4048,.T.);
#5279=ORIENTED_EDGE('',*,*,#3853,.F.);
#5280=ORIENTED_EDGE('',*,*,#4048,.F.);
#5281=ORIENTED_EDGE('',*,*,#3760,.F.);
#5282=ORIENTED_EDGE('',*,*,#3893,.F.);
#5283=ORIENTED_EDGE('',*,*,#3667,.F.);
#5284=ORIENTED_EDGE('',*,*,#3896,.F.);
#5285=ORIENTED_EDGE('',*,*,#3784,.F.);
#5286=ORIENTED_EDGE('',*,*,#3920,.F.);
#5287=ORIENTED_EDGE('',*,*,#3643,.F.);
#5288=ORIENTED_EDGE('',*,*,#3917,.F.);
#5289=ORIENTED_EDGE('',*,*,#4049,.F.);
#5290=ORIENTED_EDGE('',*,*,#4050,.T.);
#5291=ORIENTED_EDGE('',*,*,#3854,.F.);
#5292=ORIENTED_EDGE('',*,*,#4050,.F.);
#5293=ORIENTED_EDGE('',*,*,#3792,.F.);
#5294=ORIENTED_EDGE('',*,*,#3912,.F.);
#5295=ORIENTED_EDGE('',*,*,#3635,.F.);
#5296=ORIENTED_EDGE('',*,*,#3909,.F.);
#5297=ORIENTED_EDGE('',*,*,#4051,.F.);
#5298=ORIENTED_EDGE('',*,*,#4052,.T.);
#5299=ORIENTED_EDGE('',*,*,#3864,.F.);
#5300=ORIENTED_EDGE('',*,*,#4052,.F.);
#5301=ORIENTED_EDGE('',*,*,#3786,.F.);
#5302=ORIENTED_EDGE('',*,*,#3918,.F.);
#5303=ORIENTED_EDGE('',*,*,#3641,.F.);
#5304=ORIENTED_EDGE('',*,*,#3915,.F.);
#5305=ORIENTED_EDGE('',*,*,#4053,.F.);
#5306=ORIENTED_EDGE('',*,*,#4054,.T.);
#5307=ORIENTED_EDGE('',*,*,#3849,.F.);
#5308=ORIENTED_EDGE('',*,*,#4054,.F.);
#5309=ORIENTED_EDGE('',*,*,#3782,.F.);
#5310=ORIENTED_EDGE('',*,*,#3922,.F.);
#5311=ORIENTED_EDGE('',*,*,#3645,.F.);
#5312=ORIENTED_EDGE('',*,*,#3919,.F.);
#5313=ORIENTED_EDGE('',*,*,#4055,.F.);
#5314=ORIENTED_EDGE('',*,*,#4056,.T.);
#5315=ORIENTED_EDGE('',*,*,#3848,.F.);
#5316=ORIENTED_EDGE('',*,*,#4056,.F.);
#5317=ORIENTED_EDGE('',*,*,#3778,.F.);
#5318=ORIENTED_EDGE('',*,*,#3926,.F.);
#5319=ORIENTED_EDGE('',*,*,#3649,.F.);
#5320=ORIENTED_EDGE('',*,*,#3923,.F.);
#5321=ORIENTED_EDGE('',*,*,#4057,.F.);
#5322=ORIENTED_EDGE('',*,*,#4058,.T.);
#5323=ORIENTED_EDGE('',*,*,#3844,.F.);
#5324=ORIENTED_EDGE('',*,*,#4058,.F.);
#5325=ORIENTED_EDGE('',*,*,#3780,.F.);
#5326=ORIENTED_EDGE('',*,*,#3924,.F.);
#5327=ORIENTED_EDGE('',*,*,#3647,.F.);
#5328=ORIENTED_EDGE('',*,*,#3921,.F.);
#5329=ORIENTED_EDGE('',*,*,#3788,.F.);
#5330=ORIENTED_EDGE('',*,*,#3916,.F.);
#5331=ORIENTED_EDGE('',*,*,#3639,.F.);
#5332=ORIENTED_EDGE('',*,*,#3913,.F.);
#5333=ORIENTED_EDGE('',*,*,#4059,.F.);
#5334=ORIENTED_EDGE('',*,*,#4060,.T.);
#5335=ORIENTED_EDGE('',*,*,#3850,.F.);
#5336=ORIENTED_EDGE('',*,*,#4060,.F.);
#5337=ORIENTED_EDGE('',*,*,#4061,.F.);
#5338=ORIENTED_EDGE('',*,*,#4062,.T.);
#5339=ORIENTED_EDGE('',*,*,#3855,.F.);
#5340=ORIENTED_EDGE('',*,*,#4062,.F.);
#5341=ORIENTED_EDGE('',*,*,#4063,.F.);
#5342=ORIENTED_EDGE('',*,*,#4064,.T.);
#5343=ORIENTED_EDGE('',*,*,#3846,.F.);
#5344=ORIENTED_EDGE('',*,*,#4064,.F.);
#5345=ORIENTED_EDGE('',*,*,#4063,.T.);
#5346=ORIENTED_EDGE('',*,*,#4065,.F.);
#5347=ORIENTED_EDGE('',*,*,#4061,.T.);
#5348=ORIENTED_EDGE('',*,*,#4066,.F.);
#5349=ORIENTED_EDGE('',*,*,#4059,.T.);
#5350=ORIENTED_EDGE('',*,*,#4067,.F.);
#5351=ORIENTED_EDGE('',*,*,#4057,.T.);
#5352=ORIENTED_EDGE('',*,*,#4068,.F.);
#5353=ORIENTED_EDGE('',*,*,#4055,.T.);
#5354=ORIENTED_EDGE('',*,*,#4069,.F.);
#5355=ORIENTED_EDGE('',*,*,#4053,.T.);
#5356=ORIENTED_EDGE('',*,*,#4070,.F.);
#5357=ORIENTED_EDGE('',*,*,#4051,.T.);
#5358=ORIENTED_EDGE('',*,*,#4071,.F.);
#5359=ORIENTED_EDGE('',*,*,#4049,.T.);
#5360=ORIENTED_EDGE('',*,*,#4072,.F.);
#5361=ORIENTED_EDGE('',*,*,#4047,.T.);
#5362=ORIENTED_EDGE('',*,*,#4073,.F.);
#5363=ORIENTED_EDGE('',*,*,#4045,.T.);
#5364=ORIENTED_EDGE('',*,*,#4074,.F.);
#5365=ORIENTED_EDGE('',*,*,#4043,.T.);
#5366=ORIENTED_EDGE('',*,*,#4075,.F.);
#5367=ORIENTED_EDGE('',*,*,#4041,.T.);
#5368=ORIENTED_EDGE('',*,*,#4076,.F.);
#5369=ORIENTED_EDGE('',*,*,#4039,.T.);
#5370=ORIENTED_EDGE('',*,*,#4077,.F.);
#5371=ORIENTED_EDGE('',*,*,#4037,.T.);
#5372=ORIENTED_EDGE('',*,*,#4078,.F.);
#5373=ORIENTED_EDGE('',*,*,#4035,.T.);
#5374=ORIENTED_EDGE('',*,*,#4079,.F.);
#5375=ORIENTED_EDGE('',*,*,#4033,.T.);
#5376=ORIENTED_EDGE('',*,*,#4080,.F.);
#5377=ORIENTED_EDGE('',*,*,#4031,.T.);
#5378=ORIENTED_EDGE('',*,*,#4081,.F.);
#5379=ORIENTED_EDGE('',*,*,#4029,.T.);
#5380=ORIENTED_EDGE('',*,*,#4082,.F.);
#5381=ORIENTED_EDGE('',*,*,#4027,.T.);
#5382=ORIENTED_EDGE('',*,*,#4083,.F.);
#5383=ORIENTED_EDGE('',*,*,#4025,.T.);
#5384=ORIENTED_EDGE('',*,*,#4084,.F.);
#5385=ORIENTED_EDGE('',*,*,#4023,.T.);
#5386=ORIENTED_EDGE('',*,*,#4085,.F.);
#5387=ORIENTED_EDGE('',*,*,#4021,.T.);
#5388=ORIENTED_EDGE('',*,*,#4086,.F.);
#5389=ORIENTED_EDGE('',*,*,#4019,.T.);
#5390=ORIENTED_EDGE('',*,*,#4087,.F.);
#5391=ORIENTED_EDGE('',*,*,#4017,.T.);
#5392=ORIENTED_EDGE('',*,*,#4088,.F.);
#5393=ORIENTED_EDGE('',*,*,#4015,.T.);
#5394=ORIENTED_EDGE('',*,*,#4089,.F.);
#5395=ORIENTED_EDGE('',*,*,#4013,.T.);
#5396=ORIENTED_EDGE('',*,*,#4090,.F.);
#5397=ORIENTED_EDGE('',*,*,#4011,.T.);
#5398=ORIENTED_EDGE('',*,*,#4091,.F.);
#5399=ORIENTED_EDGE('',*,*,#4009,.T.);
#5400=ORIENTED_EDGE('',*,*,#4092,.F.);
#5401=ORIENTED_EDGE('',*,*,#4007,.T.);
#5402=ORIENTED_EDGE('',*,*,#4093,.F.);
#5403=ORIENTED_EDGE('',*,*,#4005,.T.);
#5404=ORIENTED_EDGE('',*,*,#4094,.F.);
#5405=ORIENTED_EDGE('',*,*,#4003,.T.);
#5406=ORIENTED_EDGE('',*,*,#4095,.F.);
#5407=ORIENTED_EDGE('',*,*,#4001,.T.);
#5408=ORIENTED_EDGE('',*,*,#4096,.F.);
#5409=ORIENTED_EDGE('',*,*,#3999,.T.);
#5410=ORIENTED_EDGE('',*,*,#4097,.F.);
#5411=ORIENTED_EDGE('',*,*,#3997,.T.);
#5412=ORIENTED_EDGE('',*,*,#4098,.F.);
#5413=ORIENTED_EDGE('',*,*,#3995,.T.);
#5414=ORIENTED_EDGE('',*,*,#4099,.F.);
#5415=ORIENTED_EDGE('',*,*,#3993,.T.);
#5416=ORIENTED_EDGE('',*,*,#4100,.F.);
#5417=ORIENTED_EDGE('',*,*,#3991,.T.);
#5418=ORIENTED_EDGE('',*,*,#4101,.F.);
#5419=ORIENTED_EDGE('',*,*,#3989,.T.);
#5420=ORIENTED_EDGE('',*,*,#4102,.F.);
#5421=ORIENTED_EDGE('',*,*,#3987,.T.);
#5422=ORIENTED_EDGE('',*,*,#4103,.F.);
#5423=ORIENTED_EDGE('',*,*,#3985,.T.);
#5424=ORIENTED_EDGE('',*,*,#4104,.F.);
#5425=ORIENTED_EDGE('',*,*,#3983,.T.);
#5426=ORIENTED_EDGE('',*,*,#4105,.F.);
#5427=ORIENTED_EDGE('',*,*,#3981,.T.);
#5428=ORIENTED_EDGE('',*,*,#4106,.F.);
#5429=ORIENTED_EDGE('',*,*,#3979,.T.);
#5430=ORIENTED_EDGE('',*,*,#4107,.F.);
#5431=ORIENTED_EDGE('',*,*,#3977,.T.);
#5432=ORIENTED_EDGE('',*,*,#4108,.F.);
#5433=ORIENTED_EDGE('',*,*,#3975,.T.);
#5434=ORIENTED_EDGE('',*,*,#4109,.F.);
#5435=ORIENTED_EDGE('',*,*,#3973,.T.);
#5436=ORIENTED_EDGE('',*,*,#4110,.F.);
#5437=ORIENTED_EDGE('',*,*,#3971,.T.);
#5438=ORIENTED_EDGE('',*,*,#4111,.F.);
#5439=ORIENTED_EDGE('',*,*,#3969,.T.);
#5440=ORIENTED_EDGE('',*,*,#4112,.F.);
#5441=ORIENTED_EDGE('',*,*,#3967,.T.);
#5442=ORIENTED_EDGE('',*,*,#4113,.F.);
#5443=ORIENTED_EDGE('',*,*,#3965,.T.);
#5444=ORIENTED_EDGE('',*,*,#4114,.F.);
#5445=ORIENTED_EDGE('',*,*,#3963,.T.);
#5446=ORIENTED_EDGE('',*,*,#4115,.F.);
#5447=ORIENTED_EDGE('',*,*,#3961,.T.);
#5448=ORIENTED_EDGE('',*,*,#4116,.F.);
#5449=ORIENTED_EDGE('',*,*,#3959,.T.);
#5450=ORIENTED_EDGE('',*,*,#4117,.F.);
#5451=ORIENTED_EDGE('',*,*,#3957,.T.);
#5452=ORIENTED_EDGE('',*,*,#4118,.F.);
#5453=ORIENTED_EDGE('',*,*,#3955,.T.);
#5454=ORIENTED_EDGE('',*,*,#4119,.F.);
#5455=ORIENTED_EDGE('',*,*,#3953,.T.);
#5456=ORIENTED_EDGE('',*,*,#4120,.F.);
#5457=ORIENTED_EDGE('',*,*,#3951,.T.);
#5458=ORIENTED_EDGE('',*,*,#4121,.F.);
#5459=ORIENTED_EDGE('',*,*,#3949,.T.);
#5460=ORIENTED_EDGE('',*,*,#4122,.F.);
#5461=ORIENTED_EDGE('',*,*,#3947,.T.);
#5462=ORIENTED_EDGE('',*,*,#4123,.F.);
#5463=ORIENTED_EDGE('',*,*,#3945,.T.);
#5464=ORIENTED_EDGE('',*,*,#4124,.F.);
#5465=ORIENTED_EDGE('',*,*,#3943,.T.);
#5466=ORIENTED_EDGE('',*,*,#4125,.F.);
#5467=ORIENTED_EDGE('',*,*,#3941,.T.);
#5468=ORIENTED_EDGE('',*,*,#4126,.F.);
#5469=ORIENTED_EDGE('',*,*,#3939,.T.);
#5470=ORIENTED_EDGE('',*,*,#4127,.F.);
#5471=ORIENTED_EDGE('',*,*,#3937,.T.);
#5472=ORIENTED_EDGE('',*,*,#4128,.F.);
#5473=ORIENTED_EDGE('',*,*,#4129,.F.);
#5474=ORIENTED_EDGE('',*,*,#4130,.T.);
#5475=ORIENTED_EDGE('',*,*,#4065,.T.);
#5476=ORIENTED_EDGE('',*,*,#4130,.F.);
#5477=ORIENTED_EDGE('',*,*,#4131,.F.);
#5478=ORIENTED_EDGE('',*,*,#4132,.T.);
#5479=ORIENTED_EDGE('',*,*,#4066,.T.);
#5480=ORIENTED_EDGE('',*,*,#4132,.F.);
#5481=ORIENTED_EDGE('',*,*,#4133,.F.);
#5482=ORIENTED_EDGE('',*,*,#4134,.T.);
#5483=ORIENTED_EDGE('',*,*,#4067,.T.);
#5484=ORIENTED_EDGE('',*,*,#4134,.F.);
#5485=ORIENTED_EDGE('',*,*,#4135,.F.);
#5486=ORIENTED_EDGE('',*,*,#4136,.T.);
#5487=ORIENTED_EDGE('',*,*,#3729,.T.);
#5488=ORIENTED_EDGE('',*,*,#4136,.F.);
#5489=ORIENTED_EDGE('',*,*,#4137,.F.);
#5490=ORIENTED_EDGE('',*,*,#4138,.T.);
#5491=ORIENTED_EDGE('',*,*,#3728,.T.);
#5492=ORIENTED_EDGE('',*,*,#4138,.F.);
#5493=ORIENTED_EDGE('',*,*,#4139,.F.);
#5494=ORIENTED_EDGE('',*,*,#4140,.T.);
#5495=ORIENTED_EDGE('',*,*,#4068,.T.);
#5496=ORIENTED_EDGE('',*,*,#4140,.F.);
#5497=ORIENTED_EDGE('',*,*,#4141,.F.);
#5498=ORIENTED_EDGE('',*,*,#4142,.T.);
#5499=ORIENTED_EDGE('',*,*,#3727,.T.);
#5500=ORIENTED_EDGE('',*,*,#4142,.F.);
#5501=ORIENTED_EDGE('',*,*,#4143,.F.);
#5502=ORIENTED_EDGE('',*,*,#4144,.T.);
#5503=ORIENTED_EDGE('',*,*,#4069,.T.);
#5504=ORIENTED_EDGE('',*,*,#4144,.F.);
#5505=ORIENTED_EDGE('',*,*,#4145,.F.);
#5506=ORIENTED_EDGE('',*,*,#4146,.T.);
#5507=ORIENTED_EDGE('',*,*,#3726,.T.);
#5508=ORIENTED_EDGE('',*,*,#4146,.F.);
#5509=ORIENTED_EDGE('',*,*,#4147,.F.);
#5510=ORIENTED_EDGE('',*,*,#4148,.T.);
#5511=ORIENTED_EDGE('',*,*,#4070,.T.);
#5512=ORIENTED_EDGE('',*,*,#4148,.F.);
#5513=ORIENTED_EDGE('',*,*,#4149,.F.);
#5514=ORIENTED_EDGE('',*,*,#4150,.T.);
#5515=ORIENTED_EDGE('',*,*,#3725,.T.);
#5516=ORIENTED_EDGE('',*,*,#4150,.F.);
#5517=ORIENTED_EDGE('',*,*,#4151,.F.);
#5518=ORIENTED_EDGE('',*,*,#4152,.T.);
#5519=ORIENTED_EDGE('',*,*,#4071,.T.);
#5520=ORIENTED_EDGE('',*,*,#4152,.F.);
#5521=ORIENTED_EDGE('',*,*,#4153,.F.);
#5522=ORIENTED_EDGE('',*,*,#4154,.T.);
#5523=ORIENTED_EDGE('',*,*,#3724,.T.);
#5524=ORIENTED_EDGE('',*,*,#4154,.F.);
#5525=ORIENTED_EDGE('',*,*,#4155,.F.);
#5526=ORIENTED_EDGE('',*,*,#4156,.T.);
#5527=ORIENTED_EDGE('',*,*,#4072,.T.);
#5528=ORIENTED_EDGE('',*,*,#4156,.F.);
#5529=ORIENTED_EDGE('',*,*,#4157,.F.);
#5530=ORIENTED_EDGE('',*,*,#4158,.T.);
#5531=ORIENTED_EDGE('',*,*,#3723,.T.);
#5532=ORIENTED_EDGE('',*,*,#4158,.F.);
#5533=ORIENTED_EDGE('',*,*,#4159,.F.);
#5534=ORIENTED_EDGE('',*,*,#4160,.T.);
#5535=ORIENTED_EDGE('',*,*,#3707,.T.);
#5536=ORIENTED_EDGE('',*,*,#4160,.F.);
#5537=ORIENTED_EDGE('',*,*,#4161,.F.);
#5538=ORIENTED_EDGE('',*,*,#4162,.T.);
#5539=ORIENTED_EDGE('',*,*,#4073,.T.);
#5540=ORIENTED_EDGE('',*,*,#4162,.F.);
#5541=ORIENTED_EDGE('',*,*,#4163,.F.);
#5542=ORIENTED_EDGE('',*,*,#4164,.T.);
#5543=ORIENTED_EDGE('',*,*,#4074,.T.);
#5544=ORIENTED_EDGE('',*,*,#4164,.F.);
#5545=ORIENTED_EDGE('',*,*,#4165,.F.);
#5546=ORIENTED_EDGE('',*,*,#4166,.T.);
#5547=ORIENTED_EDGE('',*,*,#4075,.T.);
#5548=ORIENTED_EDGE('',*,*,#4166,.F.);
#5549=ORIENTED_EDGE('',*,*,#4167,.F.);
#5550=ORIENTED_EDGE('',*,*,#4168,.T.);
#5551=ORIENTED_EDGE('',*,*,#4076,.T.);
#5552=ORIENTED_EDGE('',*,*,#4168,.F.);
#5553=ORIENTED_EDGE('',*,*,#4169,.F.);
#5554=ORIENTED_EDGE('',*,*,#4170,.T.);
#5555=ORIENTED_EDGE('',*,*,#4077,.T.);
#5556=ORIENTED_EDGE('',*,*,#4170,.F.);
#5557=ORIENTED_EDGE('',*,*,#4171,.F.);
#5558=ORIENTED_EDGE('',*,*,#4172,.T.);
#5559=ORIENTED_EDGE('',*,*,#4078,.T.);
#5560=ORIENTED_EDGE('',*,*,#4172,.F.);
#5561=ORIENTED_EDGE('',*,*,#4173,.F.);
#5562=ORIENTED_EDGE('',*,*,#4174,.T.);
#5563=ORIENTED_EDGE('',*,*,#4079,.T.);
#5564=ORIENTED_EDGE('',*,*,#4174,.F.);
#5565=ORIENTED_EDGE('',*,*,#4175,.F.);
#5566=ORIENTED_EDGE('',*,*,#4176,.T.);
#5567=ORIENTED_EDGE('',*,*,#4080,.T.);
#5568=ORIENTED_EDGE('',*,*,#4176,.F.);
#5569=ORIENTED_EDGE('',*,*,#4177,.F.);
#5570=ORIENTED_EDGE('',*,*,#4178,.T.);
#5571=ORIENTED_EDGE('',*,*,#4081,.T.);
#5572=ORIENTED_EDGE('',*,*,#4178,.F.);
#5573=ORIENTED_EDGE('',*,*,#4179,.F.);
#5574=ORIENTED_EDGE('',*,*,#4180,.T.);
#5575=ORIENTED_EDGE('',*,*,#4082,.T.);
#5576=ORIENTED_EDGE('',*,*,#4180,.F.);
#5577=ORIENTED_EDGE('',*,*,#4181,.F.);
#5578=ORIENTED_EDGE('',*,*,#4182,.T.);
#5579=ORIENTED_EDGE('',*,*,#4083,.T.);
#5580=ORIENTED_EDGE('',*,*,#4182,.F.);
#5581=ORIENTED_EDGE('',*,*,#4183,.F.);
#5582=ORIENTED_EDGE('',*,*,#4184,.T.);
#5583=ORIENTED_EDGE('',*,*,#4084,.T.);
#5584=ORIENTED_EDGE('',*,*,#4184,.F.);
#5585=ORIENTED_EDGE('',*,*,#4185,.F.);
#5586=ORIENTED_EDGE('',*,*,#4186,.T.);
#5587=ORIENTED_EDGE('',*,*,#3722,.T.);
#5588=ORIENTED_EDGE('',*,*,#4186,.F.);
#5589=ORIENTED_EDGE('',*,*,#4187,.F.);
#5590=ORIENTED_EDGE('',*,*,#4188,.T.);
#5591=ORIENTED_EDGE('',*,*,#3721,.T.);
#5592=ORIENTED_EDGE('',*,*,#4188,.F.);
#5593=ORIENTED_EDGE('',*,*,#4189,.F.);
#5594=ORIENTED_EDGE('',*,*,#4190,.T.);
#5595=ORIENTED_EDGE('',*,*,#4085,.T.);
#5596=ORIENTED_EDGE('',*,*,#4190,.F.);
#5597=ORIENTED_EDGE('',*,*,#4191,.F.);
#5598=ORIENTED_EDGE('',*,*,#4192,.T.);
#5599=ORIENTED_EDGE('',*,*,#4086,.T.);
#5600=ORIENTED_EDGE('',*,*,#4192,.F.);
#5601=ORIENTED_EDGE('',*,*,#4193,.F.);
#5602=ORIENTED_EDGE('',*,*,#4194,.T.);
#5603=ORIENTED_EDGE('',*,*,#4087,.T.);
#5604=ORIENTED_EDGE('',*,*,#4194,.F.);
#5605=ORIENTED_EDGE('',*,*,#4195,.F.);
#5606=ORIENTED_EDGE('',*,*,#4196,.T.);
#5607=ORIENTED_EDGE('',*,*,#4088,.T.);
#5608=ORIENTED_EDGE('',*,*,#4196,.F.);
#5609=ORIENTED_EDGE('',*,*,#4197,.F.);
#5610=ORIENTED_EDGE('',*,*,#4198,.T.);
#5611=ORIENTED_EDGE('',*,*,#4089,.T.);
#5612=ORIENTED_EDGE('',*,*,#4198,.F.);
#5613=ORIENTED_EDGE('',*,*,#4199,.F.);
#5614=ORIENTED_EDGE('',*,*,#4200,.T.);
#5615=ORIENTED_EDGE('',*,*,#3708,.T.);
#5616=ORIENTED_EDGE('',*,*,#4200,.F.);
#5617=ORIENTED_EDGE('',*,*,#4201,.F.);
#5618=ORIENTED_EDGE('',*,*,#4202,.T.);
#5619=ORIENTED_EDGE('',*,*,#4090,.T.);
#5620=ORIENTED_EDGE('',*,*,#4202,.F.);
#5621=ORIENTED_EDGE('',*,*,#4203,.F.);
#5622=ORIENTED_EDGE('',*,*,#4204,.T.);
#5623=ORIENTED_EDGE('',*,*,#4091,.T.);
#5624=ORIENTED_EDGE('',*,*,#4204,.F.);
#5625=ORIENTED_EDGE('',*,*,#4205,.F.);
#5626=ORIENTED_EDGE('',*,*,#4206,.T.);
#5627=ORIENTED_EDGE('',*,*,#3720,.T.);
#5628=ORIENTED_EDGE('',*,*,#4206,.F.);
#5629=ORIENTED_EDGE('',*,*,#4207,.F.);
#5630=ORIENTED_EDGE('',*,*,#4208,.T.);
#5631=ORIENTED_EDGE('',*,*,#3709,.T.);
#5632=ORIENTED_EDGE('',*,*,#4208,.F.);
#5633=ORIENTED_EDGE('',*,*,#4209,.F.);
#5634=ORIENTED_EDGE('',*,*,#4210,.T.);
#5635=ORIENTED_EDGE('',*,*,#4092,.T.);
#5636=ORIENTED_EDGE('',*,*,#4210,.F.);
#5637=ORIENTED_EDGE('',*,*,#4211,.F.);
#5638=ORIENTED_EDGE('',*,*,#4212,.T.);
#5639=ORIENTED_EDGE('',*,*,#3706,.T.);
#5640=ORIENTED_EDGE('',*,*,#4212,.F.);
#5641=ORIENTED_EDGE('',*,*,#4213,.F.);
#5642=ORIENTED_EDGE('',*,*,#4214,.T.);
#5643=ORIENTED_EDGE('',*,*,#4093,.T.);
#5644=ORIENTED_EDGE('',*,*,#4214,.F.);
#5645=ORIENTED_EDGE('',*,*,#4215,.F.);
#5646=ORIENTED_EDGE('',*,*,#4216,.T.);
#5647=ORIENTED_EDGE('',*,*,#3719,.T.);
#5648=ORIENTED_EDGE('',*,*,#4216,.F.);
#5649=ORIENTED_EDGE('',*,*,#4217,.F.);
#5650=ORIENTED_EDGE('',*,*,#4218,.T.);
#5651=ORIENTED_EDGE('',*,*,#4094,.T.);
#5652=ORIENTED_EDGE('',*,*,#4218,.F.);
#5653=ORIENTED_EDGE('',*,*,#4219,.F.);
#5654=ORIENTED_EDGE('',*,*,#4220,.T.);
#5655=ORIENTED_EDGE('',*,*,#4095,.T.);
#5656=ORIENTED_EDGE('',*,*,#4220,.F.);
#5657=ORIENTED_EDGE('',*,*,#4221,.F.);
#5658=ORIENTED_EDGE('',*,*,#4222,.T.);
#5659=ORIENTED_EDGE('',*,*,#4096,.T.);
#5660=ORIENTED_EDGE('',*,*,#4222,.F.);
#5661=ORIENTED_EDGE('',*,*,#4223,.F.);
#5662=ORIENTED_EDGE('',*,*,#4224,.T.);
#5663=ORIENTED_EDGE('',*,*,#4097,.T.);
#5664=ORIENTED_EDGE('',*,*,#4224,.F.);
#5665=ORIENTED_EDGE('',*,*,#4225,.F.);
#5666=ORIENTED_EDGE('',*,*,#4226,.T.);
#5667=ORIENTED_EDGE('',*,*,#4098,.T.);
#5668=ORIENTED_EDGE('',*,*,#4226,.F.);
#5669=ORIENTED_EDGE('',*,*,#4227,.F.);
#5670=ORIENTED_EDGE('',*,*,#4228,.T.);
#5671=ORIENTED_EDGE('',*,*,#3718,.T.);
#5672=ORIENTED_EDGE('',*,*,#4228,.F.);
#5673=ORIENTED_EDGE('',*,*,#4229,.F.);
#5674=ORIENTED_EDGE('',*,*,#4230,.T.);
#5675=ORIENTED_EDGE('',*,*,#4099,.T.);
#5676=ORIENTED_EDGE('',*,*,#4230,.F.);
#5677=ORIENTED_EDGE('',*,*,#4231,.F.);
#5678=ORIENTED_EDGE('',*,*,#4232,.T.);
#5679=ORIENTED_EDGE('',*,*,#3717,.T.);
#5680=ORIENTED_EDGE('',*,*,#4232,.F.);
#5681=ORIENTED_EDGE('',*,*,#4233,.F.);
#5682=ORIENTED_EDGE('',*,*,#4234,.T.);
#5683=ORIENTED_EDGE('',*,*,#4100,.T.);
#5684=ORIENTED_EDGE('',*,*,#4234,.F.);
#5685=ORIENTED_EDGE('',*,*,#4235,.F.);
#5686=ORIENTED_EDGE('',*,*,#4236,.T.);
#5687=ORIENTED_EDGE('',*,*,#3716,.T.);
#5688=ORIENTED_EDGE('',*,*,#4236,.F.);
#5689=ORIENTED_EDGE('',*,*,#4237,.F.);
#5690=ORIENTED_EDGE('',*,*,#4238,.T.);
#5691=ORIENTED_EDGE('',*,*,#4101,.T.);
#5692=ORIENTED_EDGE('',*,*,#4238,.F.);
#5693=ORIENTED_EDGE('',*,*,#4239,.F.);
#5694=ORIENTED_EDGE('',*,*,#4240,.T.);
#5695=ORIENTED_EDGE('',*,*,#3715,.T.);
#5696=ORIENTED_EDGE('',*,*,#4240,.F.);
#5697=ORIENTED_EDGE('',*,*,#4241,.F.);
#5698=ORIENTED_EDGE('',*,*,#4242,.T.);
#5699=ORIENTED_EDGE('',*,*,#4102,.T.);
#5700=ORIENTED_EDGE('',*,*,#4242,.F.);
#5701=ORIENTED_EDGE('',*,*,#4243,.F.);
#5702=ORIENTED_EDGE('',*,*,#4244,.T.);
#5703=ORIENTED_EDGE('',*,*,#4103,.T.);
#5704=ORIENTED_EDGE('',*,*,#4244,.F.);
#5705=ORIENTED_EDGE('',*,*,#4245,.F.);
#5706=ORIENTED_EDGE('',*,*,#4246,.T.);
#5707=ORIENTED_EDGE('',*,*,#4104,.T.);
#5708=ORIENTED_EDGE('',*,*,#4246,.F.);
#5709=ORIENTED_EDGE('',*,*,#4247,.F.);
#5710=ORIENTED_EDGE('',*,*,#4248,.T.);
#5711=ORIENTED_EDGE('',*,*,#3705,.T.);
#5712=ORIENTED_EDGE('',*,*,#4248,.F.);
#5713=ORIENTED_EDGE('',*,*,#4249,.F.);
#5714=ORIENTED_EDGE('',*,*,#4250,.T.);
#5715=ORIENTED_EDGE('',*,*,#3714,.T.);
#5716=ORIENTED_EDGE('',*,*,#4250,.F.);
#5717=ORIENTED_EDGE('',*,*,#4251,.F.);
#5718=ORIENTED_EDGE('',*,*,#4252,.T.);
#5719=ORIENTED_EDGE('',*,*,#4105,.T.);
#5720=ORIENTED_EDGE('',*,*,#4252,.F.);
#5721=ORIENTED_EDGE('',*,*,#4253,.F.);
#5722=ORIENTED_EDGE('',*,*,#4254,.T.);
#5723=ORIENTED_EDGE('',*,*,#4106,.T.);
#5724=ORIENTED_EDGE('',*,*,#4254,.F.);
#5725=ORIENTED_EDGE('',*,*,#4255,.F.);
#5726=ORIENTED_EDGE('',*,*,#4256,.T.);
#5727=ORIENTED_EDGE('',*,*,#4107,.T.);
#5728=ORIENTED_EDGE('',*,*,#4256,.F.);
#5729=ORIENTED_EDGE('',*,*,#4257,.F.);
#5730=ORIENTED_EDGE('',*,*,#4258,.T.);
#5731=ORIENTED_EDGE('',*,*,#4108,.T.);
#5732=ORIENTED_EDGE('',*,*,#4258,.F.);
#5733=ORIENTED_EDGE('',*,*,#4259,.F.);
#5734=ORIENTED_EDGE('',*,*,#4260,.T.);
#5735=ORIENTED_EDGE('',*,*,#4109,.T.);
#5736=ORIENTED_EDGE('',*,*,#4260,.F.);
#5737=ORIENTED_EDGE('',*,*,#4261,.F.);
#5738=ORIENTED_EDGE('',*,*,#4262,.T.);
#5739=ORIENTED_EDGE('',*,*,#4110,.T.);
#5740=ORIENTED_EDGE('',*,*,#4262,.F.);
#5741=ORIENTED_EDGE('',*,*,#4263,.F.);
#5742=ORIENTED_EDGE('',*,*,#4264,.T.);
#5743=ORIENTED_EDGE('',*,*,#4111,.T.);
#5744=ORIENTED_EDGE('',*,*,#4264,.F.);
#5745=ORIENTED_EDGE('',*,*,#4265,.F.);
#5746=ORIENTED_EDGE('',*,*,#4266,.T.);
#5747=ORIENTED_EDGE('',*,*,#4112,.T.);
#5748=ORIENTED_EDGE('',*,*,#4266,.F.);
#5749=ORIENTED_EDGE('',*,*,#4267,.F.);
#5750=ORIENTED_EDGE('',*,*,#4268,.T.);
#5751=ORIENTED_EDGE('',*,*,#3704,.T.);
#5752=ORIENTED_EDGE('',*,*,#4268,.F.);
#5753=ORIENTED_EDGE('',*,*,#4269,.F.);
#5754=ORIENTED_EDGE('',*,*,#4270,.T.);
#5755=ORIENTED_EDGE('',*,*,#3713,.T.);
#5756=ORIENTED_EDGE('',*,*,#4270,.F.);
#5757=ORIENTED_EDGE('',*,*,#4271,.F.);
#5758=ORIENTED_EDGE('',*,*,#4272,.T.);
#5759=ORIENTED_EDGE('',*,*,#4113,.T.);
#5760=ORIENTED_EDGE('',*,*,#4272,.F.);
#5761=ORIENTED_EDGE('',*,*,#4273,.F.);
#5762=ORIENTED_EDGE('',*,*,#4274,.T.);
#5763=ORIENTED_EDGE('',*,*,#4114,.T.);
#5764=ORIENTED_EDGE('',*,*,#4274,.F.);
#5765=ORIENTED_EDGE('',*,*,#4275,.F.);
#5766=ORIENTED_EDGE('',*,*,#4276,.T.);
#5767=ORIENTED_EDGE('',*,*,#4115,.T.);
#5768=ORIENTED_EDGE('',*,*,#4276,.F.);
#5769=ORIENTED_EDGE('',*,*,#4277,.F.);
#5770=ORIENTED_EDGE('',*,*,#4278,.T.);
#5771=ORIENTED_EDGE('',*,*,#4116,.T.);
#5772=ORIENTED_EDGE('',*,*,#4278,.F.);
#5773=ORIENTED_EDGE('',*,*,#4279,.F.);
#5774=ORIENTED_EDGE('',*,*,#4280,.T.);
#5775=ORIENTED_EDGE('',*,*,#4117,.T.);
#5776=ORIENTED_EDGE('',*,*,#4280,.F.);
#5777=ORIENTED_EDGE('',*,*,#4281,.F.);
#5778=ORIENTED_EDGE('',*,*,#4282,.T.);
#5779=ORIENTED_EDGE('',*,*,#4118,.T.);
#5780=ORIENTED_EDGE('',*,*,#4282,.F.);
#5781=ORIENTED_EDGE('',*,*,#4283,.F.);
#5782=ORIENTED_EDGE('',*,*,#4284,.T.);
#5783=ORIENTED_EDGE('',*,*,#4119,.T.);
#5784=ORIENTED_EDGE('',*,*,#4284,.F.);
#5785=ORIENTED_EDGE('',*,*,#4285,.F.);
#5786=ORIENTED_EDGE('',*,*,#4286,.T.);
#5787=ORIENTED_EDGE('',*,*,#4120,.T.);
#5788=ORIENTED_EDGE('',*,*,#4286,.F.);
#5789=ORIENTED_EDGE('',*,*,#4287,.F.);
#5790=ORIENTED_EDGE('',*,*,#4288,.T.);
#5791=ORIENTED_EDGE('',*,*,#3730,.T.);
#5792=ORIENTED_EDGE('',*,*,#4288,.F.);
#5793=ORIENTED_EDGE('',*,*,#4289,.F.);
#5794=ORIENTED_EDGE('',*,*,#4290,.T.);
#5795=ORIENTED_EDGE('',*,*,#3712,.T.);
#5796=ORIENTED_EDGE('',*,*,#4290,.F.);
#5797=ORIENTED_EDGE('',*,*,#4291,.F.);
#5798=ORIENTED_EDGE('',*,*,#4292,.T.);
#5799=ORIENTED_EDGE('',*,*,#4121,.T.);
#5800=ORIENTED_EDGE('',*,*,#4292,.F.);
#5801=ORIENTED_EDGE('',*,*,#4293,.F.);
#5802=ORIENTED_EDGE('',*,*,#4294,.T.);
#5803=ORIENTED_EDGE('',*,*,#4122,.T.);
#5804=ORIENTED_EDGE('',*,*,#4294,.F.);
#5805=ORIENTED_EDGE('',*,*,#4295,.F.);
#5806=ORIENTED_EDGE('',*,*,#4296,.T.);
#5807=ORIENTED_EDGE('',*,*,#4123,.T.);
#5808=ORIENTED_EDGE('',*,*,#4296,.F.);
#5809=ORIENTED_EDGE('',*,*,#4297,.F.);
#5810=ORIENTED_EDGE('',*,*,#4298,.T.);
#5811=ORIENTED_EDGE('',*,*,#4124,.T.);
#5812=ORIENTED_EDGE('',*,*,#4298,.F.);
#5813=ORIENTED_EDGE('',*,*,#4299,.F.);
#5814=ORIENTED_EDGE('',*,*,#4300,.T.);
#5815=ORIENTED_EDGE('',*,*,#4125,.T.);
#5816=ORIENTED_EDGE('',*,*,#4300,.F.);
#5817=ORIENTED_EDGE('',*,*,#4301,.F.);
#5818=ORIENTED_EDGE('',*,*,#4302,.T.);
#5819=ORIENTED_EDGE('',*,*,#4126,.T.);
#5820=ORIENTED_EDGE('',*,*,#4302,.F.);
#5821=ORIENTED_EDGE('',*,*,#4303,.F.);
#5822=ORIENTED_EDGE('',*,*,#4304,.T.);
#5823=ORIENTED_EDGE('',*,*,#4127,.T.);
#5824=ORIENTED_EDGE('',*,*,#4304,.F.);
#5825=ORIENTED_EDGE('',*,*,#4305,.F.);
#5826=ORIENTED_EDGE('',*,*,#4306,.T.);
#5827=ORIENTED_EDGE('',*,*,#4128,.T.);
#5828=ORIENTED_EDGE('',*,*,#4306,.F.);
#5829=ORIENTED_EDGE('',*,*,#4307,.F.);
#5830=ORIENTED_EDGE('',*,*,#4308,.T.);
#5831=ORIENTED_EDGE('',*,*,#3703,.T.);
#5832=ORIENTED_EDGE('',*,*,#4308,.F.);
#5833=ORIENTED_EDGE('',*,*,#4309,.F.);
#5834=ORIENTED_EDGE('',*,*,#4310,.T.);
#5835=ORIENTED_EDGE('',*,*,#3711,.T.);
#5836=ORIENTED_EDGE('',*,*,#4310,.F.);
#5837=ORIENTED_EDGE('',*,*,#4311,.F.);
#5838=ORIENTED_EDGE('',*,*,#4312,.T.);
#5839=ORIENTED_EDGE('',*,*,#3696,.T.);
#5840=ORIENTED_EDGE('',*,*,#4312,.F.);
#5841=ORIENTED_EDGE('',*,*,#4313,.F.);
#5842=ORIENTED_EDGE('',*,*,#4314,.T.);
#5843=ORIENTED_EDGE('',*,*,#3731,.T.);
#5844=ORIENTED_EDGE('',*,*,#4314,.F.);
#5845=ORIENTED_EDGE('',*,*,#4315,.F.);
#5846=ORIENTED_EDGE('',*,*,#4316,.T.);
#5847=ORIENTED_EDGE('',*,*,#3697,.T.);
#5848=ORIENTED_EDGE('',*,*,#4316,.F.);
#5849=ORIENTED_EDGE('',*,*,#4317,.F.);
#5850=ORIENTED_EDGE('',*,*,#4318,.T.);
#5851=ORIENTED_EDGE('',*,*,#3698,.T.);
#5852=ORIENTED_EDGE('',*,*,#4318,.F.);
#5853=ORIENTED_EDGE('',*,*,#4319,.F.);
#5854=ORIENTED_EDGE('',*,*,#4320,.T.);
#5855=ORIENTED_EDGE('',*,*,#3699,.T.);
#5856=ORIENTED_EDGE('',*,*,#4320,.F.);
#5857=ORIENTED_EDGE('',*,*,#4321,.F.);
#5858=ORIENTED_EDGE('',*,*,#4322,.T.);
#5859=ORIENTED_EDGE('',*,*,#3700,.T.);
#5860=ORIENTED_EDGE('',*,*,#4322,.F.);
#5861=ORIENTED_EDGE('',*,*,#4323,.F.);
#5862=ORIENTED_EDGE('',*,*,#4324,.T.);
#5863=ORIENTED_EDGE('',*,*,#3701,.T.);
#5864=ORIENTED_EDGE('',*,*,#4324,.F.);
#5865=ORIENTED_EDGE('',*,*,#4325,.F.);
#5866=ORIENTED_EDGE('',*,*,#4326,.T.);
#5867=ORIENTED_EDGE('',*,*,#3702,.T.);
#5868=ORIENTED_EDGE('',*,*,#4326,.F.);
#5869=ORIENTED_EDGE('',*,*,#4327,.F.);
#5870=ORIENTED_EDGE('',*,*,#4328,.T.);
#5871=ORIENTED_EDGE('',*,*,#3710,.T.);
#5872=ORIENTED_EDGE('',*,*,#4328,.F.);
#5873=ORIENTED_EDGE('',*,*,#3608,.F.);
#5874=ORIENTED_EDGE('',*,*,#4329,.T.);
#5875=ORIENTED_EDGE('',*,*,#4330,.F.);
#5876=ORIENTED_EDGE('',*,*,#4331,.F.);
#5877=ORIENTED_EDGE('',*,*,#3609,.T.);
#5878=ORIENTED_EDGE('',*,*,#4331,.T.);
#5879=ORIENTED_EDGE('',*,*,#4332,.F.);
#5880=ORIENTED_EDGE('',*,*,#4333,.F.);
#5881=ORIENTED_EDGE('',*,*,#3610,.F.);
#5882=ORIENTED_EDGE('',*,*,#4333,.T.);
#5883=ORIENTED_EDGE('',*,*,#4334,.F.);
#5884=ORIENTED_EDGE('',*,*,#4335,.F.);
#5885=ORIENTED_EDGE('',*,*,#3611,.T.);
#5886=ORIENTED_EDGE('',*,*,#4335,.T.);
#5887=ORIENTED_EDGE('',*,*,#4336,.F.);
#5888=ORIENTED_EDGE('',*,*,#4337,.F.);
#5889=ORIENTED_EDGE('',*,*,#3612,.F.);
#5890=ORIENTED_EDGE('',*,*,#4337,.T.);
#5891=ORIENTED_EDGE('',*,*,#4338,.F.);
#5892=ORIENTED_EDGE('',*,*,#4339,.F.);
#5893=ORIENTED_EDGE('',*,*,#3613,.T.);
#5894=ORIENTED_EDGE('',*,*,#4339,.T.);
#5895=ORIENTED_EDGE('',*,*,#4340,.F.);
#5896=ORIENTED_EDGE('',*,*,#4341,.F.);
#5897=ORIENTED_EDGE('',*,*,#3614,.F.);
#5898=ORIENTED_EDGE('',*,*,#4341,.T.);
#5899=ORIENTED_EDGE('',*,*,#4342,.F.);
#5900=ORIENTED_EDGE('',*,*,#4343,.F.);
#5901=ORIENTED_EDGE('',*,*,#3615,.T.);
#5902=ORIENTED_EDGE('',*,*,#4343,.T.);
#5903=ORIENTED_EDGE('',*,*,#4344,.F.);
#5904=ORIENTED_EDGE('',*,*,#4345,.F.);
#5905=ORIENTED_EDGE('',*,*,#3616,.F.);
#5906=ORIENTED_EDGE('',*,*,#4345,.T.);
#5907=ORIENTED_EDGE('',*,*,#4346,.F.);
#5908=ORIENTED_EDGE('',*,*,#4347,.F.);
#5909=ORIENTED_EDGE('',*,*,#3617,.T.);
#5910=ORIENTED_EDGE('',*,*,#4347,.T.);
#5911=ORIENTED_EDGE('',*,*,#4348,.F.);
#5912=ORIENTED_EDGE('',*,*,#4349,.F.);
#5913=ORIENTED_EDGE('',*,*,#3618,.F.);
#5914=ORIENTED_EDGE('',*,*,#4349,.T.);
#5915=ORIENTED_EDGE('',*,*,#4350,.F.);
#5916=ORIENTED_EDGE('',*,*,#4351,.F.);
#5917=ORIENTED_EDGE('',*,*,#3619,.T.);
#5918=ORIENTED_EDGE('',*,*,#4351,.T.);
#5919=ORIENTED_EDGE('',*,*,#4352,.F.);
#5920=ORIENTED_EDGE('',*,*,#4353,.F.);
#5921=ORIENTED_EDGE('',*,*,#3620,.F.);
#5922=ORIENTED_EDGE('',*,*,#4353,.T.);
#5923=ORIENTED_EDGE('',*,*,#4354,.F.);
#5924=ORIENTED_EDGE('',*,*,#4355,.F.);
#5925=ORIENTED_EDGE('',*,*,#3621,.T.);
#5926=ORIENTED_EDGE('',*,*,#4355,.T.);
#5927=ORIENTED_EDGE('',*,*,#4356,.F.);
#5928=ORIENTED_EDGE('',*,*,#4357,.F.);
#5929=ORIENTED_EDGE('',*,*,#3622,.F.);
#5930=ORIENTED_EDGE('',*,*,#4357,.T.);
#5931=ORIENTED_EDGE('',*,*,#4358,.F.);
#5932=ORIENTED_EDGE('',*,*,#4359,.F.);
#5933=ORIENTED_EDGE('',*,*,#3623,.T.);
#5934=ORIENTED_EDGE('',*,*,#4359,.T.);
#5935=ORIENTED_EDGE('',*,*,#4360,.F.);
#5936=ORIENTED_EDGE('',*,*,#4361,.F.);
#5937=ORIENTED_EDGE('',*,*,#3624,.F.);
#5938=ORIENTED_EDGE('',*,*,#4361,.T.);
#5939=ORIENTED_EDGE('',*,*,#4362,.F.);
#5940=ORIENTED_EDGE('',*,*,#4363,.F.);
#5941=ORIENTED_EDGE('',*,*,#3549,.T.);
#5942=ORIENTED_EDGE('',*,*,#4363,.T.);
#5943=ORIENTED_EDGE('',*,*,#4364,.F.);
#5944=ORIENTED_EDGE('',*,*,#4365,.F.);
#5945=ORIENTED_EDGE('',*,*,#3550,.T.);
#5946=ORIENTED_EDGE('',*,*,#4365,.T.);
#5947=ORIENTED_EDGE('',*,*,#4366,.F.);
#5948=ORIENTED_EDGE('',*,*,#4367,.F.);
#5949=ORIENTED_EDGE('',*,*,#3551,.F.);
#5950=ORIENTED_EDGE('',*,*,#4367,.T.);
#5951=ORIENTED_EDGE('',*,*,#4368,.F.);
#5952=ORIENTED_EDGE('',*,*,#4369,.F.);
#5953=ORIENTED_EDGE('',*,*,#3552,.T.);
#5954=ORIENTED_EDGE('',*,*,#4369,.T.);
#5955=ORIENTED_EDGE('',*,*,#4370,.F.);
#5956=ORIENTED_EDGE('',*,*,#4371,.F.);
#5957=ORIENTED_EDGE('',*,*,#3553,.F.);
#5958=ORIENTED_EDGE('',*,*,#4371,.T.);
#5959=ORIENTED_EDGE('',*,*,#4372,.F.);
#5960=ORIENTED_EDGE('',*,*,#4373,.F.);
#5961=ORIENTED_EDGE('',*,*,#3554,.T.);
#5962=ORIENTED_EDGE('',*,*,#4373,.T.);
#5963=ORIENTED_EDGE('',*,*,#4374,.F.);
#5964=ORIENTED_EDGE('',*,*,#4375,.F.);
#5965=ORIENTED_EDGE('',*,*,#3555,.F.);
#5966=ORIENTED_EDGE('',*,*,#4375,.T.);
#5967=ORIENTED_EDGE('',*,*,#4376,.F.);
#5968=ORIENTED_EDGE('',*,*,#4377,.F.);
#5969=ORIENTED_EDGE('',*,*,#3556,.T.);
#5970=ORIENTED_EDGE('',*,*,#4377,.T.);
#5971=ORIENTED_EDGE('',*,*,#4378,.F.);
#5972=ORIENTED_EDGE('',*,*,#4379,.F.);
#5973=ORIENTED_EDGE('',*,*,#3557,.F.);
#5974=ORIENTED_EDGE('',*,*,#4379,.T.);
#5975=ORIENTED_EDGE('',*,*,#4380,.F.);
#5976=ORIENTED_EDGE('',*,*,#4381,.F.);
#5977=ORIENTED_EDGE('',*,*,#3558,.T.);
#5978=ORIENTED_EDGE('',*,*,#4381,.T.);
#5979=ORIENTED_EDGE('',*,*,#4382,.F.);
#5980=ORIENTED_EDGE('',*,*,#4383,.F.);
#5981=ORIENTED_EDGE('',*,*,#3559,.F.);
#5982=ORIENTED_EDGE('',*,*,#4383,.T.);
#5983=ORIENTED_EDGE('',*,*,#4384,.F.);
#5984=ORIENTED_EDGE('',*,*,#4385,.F.);
#5985=ORIENTED_EDGE('',*,*,#3560,.T.);
#5986=ORIENTED_EDGE('',*,*,#4385,.T.);
#5987=ORIENTED_EDGE('',*,*,#4386,.F.);
#5988=ORIENTED_EDGE('',*,*,#4387,.F.);
#5989=ORIENTED_EDGE('',*,*,#3561,.F.);
#5990=ORIENTED_EDGE('',*,*,#4387,.T.);
#5991=ORIENTED_EDGE('',*,*,#4388,.F.);
#5992=ORIENTED_EDGE('',*,*,#4389,.F.);
#5993=ORIENTED_EDGE('',*,*,#3562,.T.);
#5994=ORIENTED_EDGE('',*,*,#4389,.T.);
#5995=ORIENTED_EDGE('',*,*,#4390,.F.);
#5996=ORIENTED_EDGE('',*,*,#4391,.F.);
#5997=ORIENTED_EDGE('',*,*,#3563,.F.);
#5998=ORIENTED_EDGE('',*,*,#4391,.T.);
#5999=ORIENTED_EDGE('',*,*,#4392,.F.);
#6000=ORIENTED_EDGE('',*,*,#4393,.F.);
#6001=ORIENTED_EDGE('',*,*,#3564,.T.);
#6002=ORIENTED_EDGE('',*,*,#4393,.T.);
#6003=ORIENTED_EDGE('',*,*,#4394,.F.);
#6004=ORIENTED_EDGE('',*,*,#4395,.F.);
#6005=ORIENTED_EDGE('',*,*,#3565,.F.);
#6006=ORIENTED_EDGE('',*,*,#4395,.T.);
#6007=ORIENTED_EDGE('',*,*,#4396,.F.);
#6008=ORIENTED_EDGE('',*,*,#4397,.F.);
#6009=ORIENTED_EDGE('',*,*,#3566,.T.);
#6010=ORIENTED_EDGE('',*,*,#4397,.T.);
#6011=ORIENTED_EDGE('',*,*,#4398,.F.);
#6012=ORIENTED_EDGE('',*,*,#4399,.F.);
#6013=ORIENTED_EDGE('',*,*,#3567,.F.);
#6014=ORIENTED_EDGE('',*,*,#4399,.T.);
#6015=ORIENTED_EDGE('',*,*,#4400,.F.);
#6016=ORIENTED_EDGE('',*,*,#4401,.F.);
#6017=ORIENTED_EDGE('',*,*,#3568,.T.);
#6018=ORIENTED_EDGE('',*,*,#4401,.T.);
#6019=ORIENTED_EDGE('',*,*,#4402,.F.);
#6020=ORIENTED_EDGE('',*,*,#4403,.F.);
#6021=ORIENTED_EDGE('',*,*,#3569,.T.);
#6022=ORIENTED_EDGE('',*,*,#4403,.T.);
#6023=ORIENTED_EDGE('',*,*,#4404,.F.);
#6024=ORIENTED_EDGE('',*,*,#4405,.F.);
#6025=ORIENTED_EDGE('',*,*,#3570,.T.);
#6026=ORIENTED_EDGE('',*,*,#4405,.T.);
#6027=ORIENTED_EDGE('',*,*,#4406,.F.);
#6028=ORIENTED_EDGE('',*,*,#4407,.F.);
#6029=ORIENTED_EDGE('',*,*,#3571,.T.);
#6030=ORIENTED_EDGE('',*,*,#4407,.T.);
#6031=ORIENTED_EDGE('',*,*,#4408,.F.);
#6032=ORIENTED_EDGE('',*,*,#4409,.F.);
#6033=ORIENTED_EDGE('',*,*,#3572,.T.);
#6034=ORIENTED_EDGE('',*,*,#4409,.T.);
#6035=ORIENTED_EDGE('',*,*,#4410,.F.);
#6036=ORIENTED_EDGE('',*,*,#4411,.F.);
#6037=ORIENTED_EDGE('',*,*,#3573,.T.);
#6038=ORIENTED_EDGE('',*,*,#4411,.T.);
#6039=ORIENTED_EDGE('',*,*,#4412,.F.);
#6040=ORIENTED_EDGE('',*,*,#4413,.F.);
#6041=ORIENTED_EDGE('',*,*,#3574,.T.);
#6042=ORIENTED_EDGE('',*,*,#4413,.T.);
#6043=ORIENTED_EDGE('',*,*,#4414,.F.);
#6044=ORIENTED_EDGE('',*,*,#4415,.F.);
#6045=ORIENTED_EDGE('',*,*,#3575,.T.);
#6046=ORIENTED_EDGE('',*,*,#4415,.T.);
#6047=ORIENTED_EDGE('',*,*,#4416,.F.);
#6048=ORIENTED_EDGE('',*,*,#4417,.F.);
#6049=ORIENTED_EDGE('',*,*,#3576,.T.);
#6050=ORIENTED_EDGE('',*,*,#4417,.T.);
#6051=ORIENTED_EDGE('',*,*,#4418,.F.);
#6052=ORIENTED_EDGE('',*,*,#4419,.F.);
#6053=ORIENTED_EDGE('',*,*,#3577,.T.);
#6054=ORIENTED_EDGE('',*,*,#4419,.T.);
#6055=ORIENTED_EDGE('',*,*,#4420,.F.);
#6056=ORIENTED_EDGE('',*,*,#4421,.F.);
#6057=ORIENTED_EDGE('',*,*,#3578,.T.);
#6058=ORIENTED_EDGE('',*,*,#4421,.T.);
#6059=ORIENTED_EDGE('',*,*,#4422,.F.);
#6060=ORIENTED_EDGE('',*,*,#4423,.F.);
#6061=ORIENTED_EDGE('',*,*,#3579,.T.);
#6062=ORIENTED_EDGE('',*,*,#4423,.T.);
#6063=ORIENTED_EDGE('',*,*,#4424,.F.);
#6064=ORIENTED_EDGE('',*,*,#4425,.F.);
#6065=ORIENTED_EDGE('',*,*,#3580,.T.);
#6066=ORIENTED_EDGE('',*,*,#4425,.T.);
#6067=ORIENTED_EDGE('',*,*,#4426,.F.);
#6068=ORIENTED_EDGE('',*,*,#4427,.F.);
#6069=ORIENTED_EDGE('',*,*,#3581,.T.);
#6070=ORIENTED_EDGE('',*,*,#4427,.T.);
#6071=ORIENTED_EDGE('',*,*,#4428,.F.);
#6072=ORIENTED_EDGE('',*,*,#4429,.F.);
#6073=ORIENTED_EDGE('',*,*,#3582,.T.);
#6074=ORIENTED_EDGE('',*,*,#4429,.T.);
#6075=ORIENTED_EDGE('',*,*,#4430,.F.);
#6076=ORIENTED_EDGE('',*,*,#4431,.F.);
#6077=ORIENTED_EDGE('',*,*,#3583,.T.);
#6078=ORIENTED_EDGE('',*,*,#4431,.T.);
#6079=ORIENTED_EDGE('',*,*,#4432,.F.);
#6080=ORIENTED_EDGE('',*,*,#4433,.F.);
#6081=ORIENTED_EDGE('',*,*,#3584,.T.);
#6082=ORIENTED_EDGE('',*,*,#4433,.T.);
#6083=ORIENTED_EDGE('',*,*,#4434,.F.);
#6084=ORIENTED_EDGE('',*,*,#4435,.F.);
#6085=ORIENTED_EDGE('',*,*,#3585,.T.);
#6086=ORIENTED_EDGE('',*,*,#4435,.T.);
#6087=ORIENTED_EDGE('',*,*,#4436,.F.);
#6088=ORIENTED_EDGE('',*,*,#4437,.F.);
#6089=ORIENTED_EDGE('',*,*,#3586,.T.);
#6090=ORIENTED_EDGE('',*,*,#4437,.T.);
#6091=ORIENTED_EDGE('',*,*,#4438,.F.);
#6092=ORIENTED_EDGE('',*,*,#4439,.F.);
#6093=ORIENTED_EDGE('',*,*,#3587,.T.);
#6094=ORIENTED_EDGE('',*,*,#4439,.T.);
#6095=ORIENTED_EDGE('',*,*,#4440,.F.);
#6096=ORIENTED_EDGE('',*,*,#4441,.F.);
#6097=ORIENTED_EDGE('',*,*,#3588,.T.);
#6098=ORIENTED_EDGE('',*,*,#4441,.T.);
#6099=ORIENTED_EDGE('',*,*,#4442,.F.);
#6100=ORIENTED_EDGE('',*,*,#4443,.F.);
#6101=ORIENTED_EDGE('',*,*,#3589,.T.);
#6102=ORIENTED_EDGE('',*,*,#4443,.T.);
#6103=ORIENTED_EDGE('',*,*,#4444,.F.);
#6104=ORIENTED_EDGE('',*,*,#4445,.F.);
#6105=ORIENTED_EDGE('',*,*,#3590,.T.);
#6106=ORIENTED_EDGE('',*,*,#4445,.T.);
#6107=ORIENTED_EDGE('',*,*,#4446,.F.);
#6108=ORIENTED_EDGE('',*,*,#4447,.F.);
#6109=ORIENTED_EDGE('',*,*,#3591,.T.);
#6110=ORIENTED_EDGE('',*,*,#4447,.T.);
#6111=ORIENTED_EDGE('',*,*,#4448,.F.);
#6112=ORIENTED_EDGE('',*,*,#4449,.F.);
#6113=ORIENTED_EDGE('',*,*,#3592,.T.);
#6114=ORIENTED_EDGE('',*,*,#4449,.T.);
#6115=ORIENTED_EDGE('',*,*,#4450,.F.);
#6116=ORIENTED_EDGE('',*,*,#4451,.F.);
#6117=ORIENTED_EDGE('',*,*,#3593,.T.);
#6118=ORIENTED_EDGE('',*,*,#4451,.T.);
#6119=ORIENTED_EDGE('',*,*,#4452,.F.);
#6120=ORIENTED_EDGE('',*,*,#4453,.F.);
#6121=ORIENTED_EDGE('',*,*,#3594,.T.);
#6122=ORIENTED_EDGE('',*,*,#4453,.T.);
#6123=ORIENTED_EDGE('',*,*,#4454,.F.);
#6124=ORIENTED_EDGE('',*,*,#4455,.F.);
#6125=ORIENTED_EDGE('',*,*,#3595,.T.);
#6126=ORIENTED_EDGE('',*,*,#4455,.T.);
#6127=ORIENTED_EDGE('',*,*,#4456,.F.);
#6128=ORIENTED_EDGE('',*,*,#4457,.F.);
#6129=ORIENTED_EDGE('',*,*,#3596,.T.);
#6130=ORIENTED_EDGE('',*,*,#4457,.T.);
#6131=ORIENTED_EDGE('',*,*,#4458,.F.);
#6132=ORIENTED_EDGE('',*,*,#4459,.F.);
#6133=ORIENTED_EDGE('',*,*,#3597,.T.);
#6134=ORIENTED_EDGE('',*,*,#4459,.T.);
#6135=ORIENTED_EDGE('',*,*,#4460,.F.);
#6136=ORIENTED_EDGE('',*,*,#4461,.F.);
#6137=ORIENTED_EDGE('',*,*,#3598,.T.);
#6138=ORIENTED_EDGE('',*,*,#4461,.T.);
#6139=ORIENTED_EDGE('',*,*,#4462,.F.);
#6140=ORIENTED_EDGE('',*,*,#4463,.F.);
#6141=ORIENTED_EDGE('',*,*,#3599,.T.);
#6142=ORIENTED_EDGE('',*,*,#4463,.T.);
#6143=ORIENTED_EDGE('',*,*,#4464,.F.);
#6144=ORIENTED_EDGE('',*,*,#4465,.F.);
#6145=ORIENTED_EDGE('',*,*,#3600,.T.);
#6146=ORIENTED_EDGE('',*,*,#4465,.T.);
#6147=ORIENTED_EDGE('',*,*,#4466,.F.);
#6148=ORIENTED_EDGE('',*,*,#4467,.F.);
#6149=ORIENTED_EDGE('',*,*,#3601,.T.);
#6150=ORIENTED_EDGE('',*,*,#4467,.T.);
#6151=ORIENTED_EDGE('',*,*,#4468,.F.);
#6152=ORIENTED_EDGE('',*,*,#4469,.F.);
#6153=ORIENTED_EDGE('',*,*,#3602,.T.);
#6154=ORIENTED_EDGE('',*,*,#4469,.T.);
#6155=ORIENTED_EDGE('',*,*,#4470,.F.);
#6156=ORIENTED_EDGE('',*,*,#4471,.F.);
#6157=ORIENTED_EDGE('',*,*,#3603,.T.);
#6158=ORIENTED_EDGE('',*,*,#4471,.T.);
#6159=ORIENTED_EDGE('',*,*,#4472,.F.);
#6160=ORIENTED_EDGE('',*,*,#4473,.F.);
#6161=ORIENTED_EDGE('',*,*,#3604,.T.);
#6162=ORIENTED_EDGE('',*,*,#4473,.T.);
#6163=ORIENTED_EDGE('',*,*,#4474,.F.);
#6164=ORIENTED_EDGE('',*,*,#4475,.F.);
#6165=ORIENTED_EDGE('',*,*,#3605,.T.);
#6166=ORIENTED_EDGE('',*,*,#4475,.T.);
#6167=ORIENTED_EDGE('',*,*,#4476,.F.);
#6168=ORIENTED_EDGE('',*,*,#4477,.F.);
#6169=ORIENTED_EDGE('',*,*,#3606,.T.);
#6170=ORIENTED_EDGE('',*,*,#4477,.T.);
#6171=ORIENTED_EDGE('',*,*,#4478,.F.);
#6172=ORIENTED_EDGE('',*,*,#4479,.F.);
#6173=ORIENTED_EDGE('',*,*,#3607,.T.);
#6174=ORIENTED_EDGE('',*,*,#4479,.T.);
#6175=ORIENTED_EDGE('',*,*,#4480,.F.);
#6176=ORIENTED_EDGE('',*,*,#4329,.F.);
#6177=ORIENTED_EDGE('',*,*,#4480,.T.);
#6178=ORIENTED_EDGE('',*,*,#4478,.T.);
#6179=ORIENTED_EDGE('',*,*,#4476,.T.);
#6180=ORIENTED_EDGE('',*,*,#4474,.T.);
#6181=ORIENTED_EDGE('',*,*,#4472,.T.);
#6182=ORIENTED_EDGE('',*,*,#4470,.T.);
#6183=ORIENTED_EDGE('',*,*,#4468,.T.);
#6184=ORIENTED_EDGE('',*,*,#4466,.T.);
#6185=ORIENTED_EDGE('',*,*,#4464,.T.);
#6186=ORIENTED_EDGE('',*,*,#4462,.T.);
#6187=ORIENTED_EDGE('',*,*,#4460,.T.);
#6188=ORIENTED_EDGE('',*,*,#4458,.T.);
#6189=ORIENTED_EDGE('',*,*,#4456,.T.);
#6190=ORIENTED_EDGE('',*,*,#4454,.T.);
#6191=ORIENTED_EDGE('',*,*,#4452,.T.);
#6192=ORIENTED_EDGE('',*,*,#4450,.T.);
#6193=ORIENTED_EDGE('',*,*,#4448,.T.);
#6194=ORIENTED_EDGE('',*,*,#4446,.T.);
#6195=ORIENTED_EDGE('',*,*,#4444,.T.);
#6196=ORIENTED_EDGE('',*,*,#4442,.T.);
#6197=ORIENTED_EDGE('',*,*,#4440,.T.);
#6198=ORIENTED_EDGE('',*,*,#4438,.T.);
#6199=ORIENTED_EDGE('',*,*,#4436,.T.);
#6200=ORIENTED_EDGE('',*,*,#4434,.T.);
#6201=ORIENTED_EDGE('',*,*,#4432,.T.);
#6202=ORIENTED_EDGE('',*,*,#4430,.T.);
#6203=ORIENTED_EDGE('',*,*,#4428,.T.);
#6204=ORIENTED_EDGE('',*,*,#4426,.T.);
#6205=ORIENTED_EDGE('',*,*,#4424,.T.);
#6206=ORIENTED_EDGE('',*,*,#4422,.T.);
#6207=ORIENTED_EDGE('',*,*,#4420,.T.);
#6208=ORIENTED_EDGE('',*,*,#4418,.T.);
#6209=ORIENTED_EDGE('',*,*,#4416,.T.);
#6210=ORIENTED_EDGE('',*,*,#4414,.T.);
#6211=ORIENTED_EDGE('',*,*,#4412,.T.);
#6212=ORIENTED_EDGE('',*,*,#4410,.T.);
#6213=ORIENTED_EDGE('',*,*,#4408,.T.);
#6214=ORIENTED_EDGE('',*,*,#4406,.T.);
#6215=ORIENTED_EDGE('',*,*,#4404,.T.);
#6216=ORIENTED_EDGE('',*,*,#4402,.T.);
#6217=ORIENTED_EDGE('',*,*,#4400,.T.);
#6218=ORIENTED_EDGE('',*,*,#4398,.T.);
#6219=ORIENTED_EDGE('',*,*,#4396,.T.);
#6220=ORIENTED_EDGE('',*,*,#4394,.T.);
#6221=ORIENTED_EDGE('',*,*,#4392,.T.);
#6222=ORIENTED_EDGE('',*,*,#4390,.T.);
#6223=ORIENTED_EDGE('',*,*,#4388,.T.);
#6224=ORIENTED_EDGE('',*,*,#4386,.T.);
#6225=ORIENTED_EDGE('',*,*,#4384,.T.);
#6226=ORIENTED_EDGE('',*,*,#4382,.T.);
#6227=ORIENTED_EDGE('',*,*,#4380,.T.);
#6228=ORIENTED_EDGE('',*,*,#4378,.T.);
#6229=ORIENTED_EDGE('',*,*,#4376,.T.);
#6230=ORIENTED_EDGE('',*,*,#4374,.T.);
#6231=ORIENTED_EDGE('',*,*,#4372,.T.);
#6232=ORIENTED_EDGE('',*,*,#4370,.T.);
#6233=ORIENTED_EDGE('',*,*,#4368,.T.);
#6234=ORIENTED_EDGE('',*,*,#4366,.T.);
#6235=ORIENTED_EDGE('',*,*,#4364,.T.);
#6236=ORIENTED_EDGE('',*,*,#4362,.T.);
#6237=ORIENTED_EDGE('',*,*,#4360,.T.);
#6238=ORIENTED_EDGE('',*,*,#4358,.T.);
#6239=ORIENTED_EDGE('',*,*,#4356,.T.);
#6240=ORIENTED_EDGE('',*,*,#4354,.T.);
#6241=ORIENTED_EDGE('',*,*,#4352,.T.);
#6242=ORIENTED_EDGE('',*,*,#4350,.T.);
#6243=ORIENTED_EDGE('',*,*,#4348,.T.);
#6244=ORIENTED_EDGE('',*,*,#4346,.T.);
#6245=ORIENTED_EDGE('',*,*,#4344,.T.);
#6246=ORIENTED_EDGE('',*,*,#4342,.T.);
#6247=ORIENTED_EDGE('',*,*,#4340,.T.);
#6248=ORIENTED_EDGE('',*,*,#4338,.T.);
#6249=ORIENTED_EDGE('',*,*,#4336,.T.);
#6250=ORIENTED_EDGE('',*,*,#4334,.T.);
#6251=ORIENTED_EDGE('',*,*,#4332,.T.);
#6252=ORIENTED_EDGE('',*,*,#4330,.T.);
#6253=ORIENTED_EDGE('',*,*,#4327,.T.);
#6254=ORIENTED_EDGE('',*,*,#4325,.T.);
#6255=ORIENTED_EDGE('',*,*,#4323,.T.);
#6256=ORIENTED_EDGE('',*,*,#4321,.T.);
#6257=ORIENTED_EDGE('',*,*,#4319,.T.);
#6258=ORIENTED_EDGE('',*,*,#4317,.T.);
#6259=ORIENTED_EDGE('',*,*,#4315,.T.);
#6260=ORIENTED_EDGE('',*,*,#4313,.T.);
#6261=ORIENTED_EDGE('',*,*,#4311,.T.);
#6262=ORIENTED_EDGE('',*,*,#4309,.T.);
#6263=ORIENTED_EDGE('',*,*,#4307,.T.);
#6264=ORIENTED_EDGE('',*,*,#4305,.T.);
#6265=ORIENTED_EDGE('',*,*,#4303,.T.);
#6266=ORIENTED_EDGE('',*,*,#4301,.T.);
#6267=ORIENTED_EDGE('',*,*,#4299,.T.);
#6268=ORIENTED_EDGE('',*,*,#4297,.T.);
#6269=ORIENTED_EDGE('',*,*,#4295,.T.);
#6270=ORIENTED_EDGE('',*,*,#4293,.T.);
#6271=ORIENTED_EDGE('',*,*,#4291,.T.);
#6272=ORIENTED_EDGE('',*,*,#4289,.T.);
#6273=ORIENTED_EDGE('',*,*,#4287,.T.);
#6274=ORIENTED_EDGE('',*,*,#4285,.T.);
#6275=ORIENTED_EDGE('',*,*,#4283,.T.);
#6276=ORIENTED_EDGE('',*,*,#4281,.T.);
#6277=ORIENTED_EDGE('',*,*,#4279,.T.);
#6278=ORIENTED_EDGE('',*,*,#4277,.T.);
#6279=ORIENTED_EDGE('',*,*,#4275,.T.);
#6280=ORIENTED_EDGE('',*,*,#4273,.T.);
#6281=ORIENTED_EDGE('',*,*,#4271,.T.);
#6282=ORIENTED_EDGE('',*,*,#4269,.T.);
#6283=ORIENTED_EDGE('',*,*,#4267,.T.);
#6284=ORIENTED_EDGE('',*,*,#4265,.T.);
#6285=ORIENTED_EDGE('',*,*,#4263,.T.);
#6286=ORIENTED_EDGE('',*,*,#4261,.T.);
#6287=ORIENTED_EDGE('',*,*,#4259,.T.);
#6288=ORIENTED_EDGE('',*,*,#4257,.T.);
#6289=ORIENTED_EDGE('',*,*,#4255,.T.);
#6290=ORIENTED_EDGE('',*,*,#4253,.T.);
#6291=ORIENTED_EDGE('',*,*,#4251,.T.);
#6292=ORIENTED_EDGE('',*,*,#4249,.T.);
#6293=ORIENTED_EDGE('',*,*,#4247,.T.);
#6294=ORIENTED_EDGE('',*,*,#4245,.T.);
#6295=ORIENTED_EDGE('',*,*,#4243,.T.);
#6296=ORIENTED_EDGE('',*,*,#4241,.T.);
#6297=ORIENTED_EDGE('',*,*,#4239,.T.);
#6298=ORIENTED_EDGE('',*,*,#4237,.T.);
#6299=ORIENTED_EDGE('',*,*,#4235,.T.);
#6300=ORIENTED_EDGE('',*,*,#4233,.T.);
#6301=ORIENTED_EDGE('',*,*,#4231,.T.);
#6302=ORIENTED_EDGE('',*,*,#4229,.T.);
#6303=ORIENTED_EDGE('',*,*,#4227,.T.);
#6304=ORIENTED_EDGE('',*,*,#4225,.T.);
#6305=ORIENTED_EDGE('',*,*,#4223,.T.);
#6306=ORIENTED_EDGE('',*,*,#4221,.T.);
#6307=ORIENTED_EDGE('',*,*,#4219,.T.);
#6308=ORIENTED_EDGE('',*,*,#4217,.T.);
#6309=ORIENTED_EDGE('',*,*,#4215,.T.);
#6310=ORIENTED_EDGE('',*,*,#4213,.T.);
#6311=ORIENTED_EDGE('',*,*,#4211,.T.);
#6312=ORIENTED_EDGE('',*,*,#4209,.T.);
#6313=ORIENTED_EDGE('',*,*,#4207,.T.);
#6314=ORIENTED_EDGE('',*,*,#4205,.T.);
#6315=ORIENTED_EDGE('',*,*,#4203,.T.);
#6316=ORIENTED_EDGE('',*,*,#4201,.T.);
#6317=ORIENTED_EDGE('',*,*,#4199,.T.);
#6318=ORIENTED_EDGE('',*,*,#4197,.T.);
#6319=ORIENTED_EDGE('',*,*,#4195,.T.);
#6320=ORIENTED_EDGE('',*,*,#4193,.T.);
#6321=ORIENTED_EDGE('',*,*,#4191,.T.);
#6322=ORIENTED_EDGE('',*,*,#4189,.T.);
#6323=ORIENTED_EDGE('',*,*,#4187,.T.);
#6324=ORIENTED_EDGE('',*,*,#4185,.T.);
#6325=ORIENTED_EDGE('',*,*,#4183,.T.);
#6326=ORIENTED_EDGE('',*,*,#4181,.T.);
#6327=ORIENTED_EDGE('',*,*,#4179,.T.);
#6328=ORIENTED_EDGE('',*,*,#4177,.T.);
#6329=ORIENTED_EDGE('',*,*,#4175,.T.);
#6330=ORIENTED_EDGE('',*,*,#4173,.T.);
#6331=ORIENTED_EDGE('',*,*,#4171,.T.);
#6332=ORIENTED_EDGE('',*,*,#4169,.T.);
#6333=ORIENTED_EDGE('',*,*,#4167,.T.);
#6334=ORIENTED_EDGE('',*,*,#4165,.T.);
#6335=ORIENTED_EDGE('',*,*,#4163,.T.);
#6336=ORIENTED_EDGE('',*,*,#4161,.T.);
#6337=ORIENTED_EDGE('',*,*,#4159,.T.);
#6338=ORIENTED_EDGE('',*,*,#4157,.T.);
#6339=ORIENTED_EDGE('',*,*,#4155,.T.);
#6340=ORIENTED_EDGE('',*,*,#4153,.T.);
#6341=ORIENTED_EDGE('',*,*,#4151,.T.);
#6342=ORIENTED_EDGE('',*,*,#4149,.T.);
#6343=ORIENTED_EDGE('',*,*,#4147,.T.);
#6344=ORIENTED_EDGE('',*,*,#4145,.T.);
#6345=ORIENTED_EDGE('',*,*,#4143,.T.);
#6346=ORIENTED_EDGE('',*,*,#4141,.T.);
#6347=ORIENTED_EDGE('',*,*,#4139,.T.);
#6348=ORIENTED_EDGE('',*,*,#4137,.T.);
#6349=ORIENTED_EDGE('',*,*,#4135,.T.);
#6350=ORIENTED_EDGE('',*,*,#4133,.T.);
#6351=ORIENTED_EDGE('',*,*,#4131,.T.);
#6352=ORIENTED_EDGE('',*,*,#4129,.T.);
#6353=PLANE('',#6871);
#6354=PLANE('',#6872);
#6355=PLANE('',#6999);
#6356=PLANE('',#7118);
#6357=PLANE('',#7119);
#6358=PLANE('',#7120);
#6359=PLANE('',#7121);
#6360=PLANE('',#7122);
#6361=PLANE('',#7123);
#6362=PLANE('',#7124);
#6363=PLANE('',#7125);
#6364=PLANE('',#7126);
#6365=PLANE('',#7127);
#6366=PLANE('',#7128);
#6367=PLANE('',#7129);
#6368=PLANE('',#7130);
#6369=PLANE('',#7131);
#6370=PLANE('',#7132);
#6371=PLANE('',#7133);
#6372=PLANE('',#7134);
#6373=PLANE('',#7317);
#6374=PLANE('',#7319);
#6375=PLANE('',#7321);
#6376=PLANE('',#7323);
#6377=PLANE('',#7325);
#6378=PLANE('',#7327);
#6379=PLANE('',#7329);
#6380=PLANE('',#7331);
#6381=PLANE('',#7333);
#6382=PLANE('',#7335);
#6383=PLANE('',#7337);
#6384=PLANE('',#7339);
#6385=PLANE('',#7341);
#6386=PLANE('',#7343);
#6387=PLANE('',#7345);
#6388=PLANE('',#7347);
#6389=PLANE('',#7349);
#6390=PLANE('',#7351);
#6391=PLANE('',#7353);
#6392=PLANE('',#7355);
#6393=PLANE('',#7357);
#6394=PLANE('',#7359);
#6395=PLANE('',#7361);
#6396=PLANE('',#7363);
#6397=PLANE('',#7365);
#6398=PLANE('',#7367);
#6399=PLANE('',#7369);
#6400=PLANE('',#7371);
#6401=PLANE('',#7373);
#6402=PLANE('',#7375);
#6403=PLANE('',#7377);
#6404=PLANE('',#7379);
#6405=PLANE('',#7381);
#6406=PLANE('',#7383);
#6407=PLANE('',#7385);
#6408=PLANE('',#7387);
#6409=PLANE('',#7389);
#6410=PLANE('',#7391);
#6411=PLANE('',#7393);
#6412=PLANE('',#7395);
#6413=PLANE('',#7397);
#6414=PLANE('',#7399);
#6415=PLANE('',#7401);
#6416=PLANE('',#7403);
#6417=PLANE('',#7405);
#6418=PLANE('',#7407);
#6419=PLANE('',#7409);
#6420=PLANE('',#7411);
#6421=PLANE('',#7413);
#6422=PLANE('',#7415);
#6423=PLANE('',#7417);
#6424=PLANE('',#7419);
#6425=PLANE('',#7421);
#6426=PLANE('',#7423);
#6427=PLANE('',#7425);
#6428=PLANE('',#7427);
#6429=PLANE('',#7429);
#6430=PLANE('',#7431);
#6431=PLANE('',#7433);
#6432=PLANE('',#7435);
#6433=PLANE('',#7437);
#6434=PLANE('',#7439);
#6435=PLANE('',#7441);
#6436=PLANE('',#7443);
#6437=PLANE('',#7647);
#6438=PLANE('',#7650);
#6439=PLANE('',#7653);
#6440=PLANE('',#7656);
#6441=PLANE('',#7659);
#6442=PLANE('',#7662);
#6443=PLANE('',#7665);
#6444=PLANE('',#7668);
#6445=PLANE('',#7671);
#6446=PLANE('',#7672);
#6447=PLANE('',#7675);
#6448=PLANE('',#7678);
#6449=PLANE('',#7681);
#6450=PLANE('',#7684);
#6451=PLANE('',#7687);
#6452=PLANE('',#7690);
#6453=PLANE('',#7693);
#6454=PLANE('',#7696);
#6455=PLANE('',#7699);
#6456=PLANE('',#7700);
#6457=PLANE('',#7703);
#6458=PLANE('',#7706);
#6459=PLANE('',#7709);
#6460=PLANE('',#7712);
#6461=PLANE('',#7715);
#6462=PLANE('',#7718);
#6463=PLANE('',#7721);
#6464=PLANE('',#7724);
#6465=PLANE('',#7727);
#6466=PLANE('',#7728);
#6467=PLANE('',#7731);
#6468=PLANE('',#7734);
#6469=PLANE('',#7737);
#6470=PLANE('',#7740);
#6471=PLANE('',#7743);
#6472=PLANE('',#7746);
#6473=PLANE('',#7749);
#6474=PLANE('',#7752);
#6475=PLANE('',#7755);
#6476=PLANE('',#7756);
#6477=PLANE('',#7757);
#6478=ADVANCED_FACE('',(#1042),#6353,.F.);
#6479=ADVANCED_FACE('',(#1043,#269,#270,#271,#272,#273,#274,#275,#276,#277,
#278,#279,#280,#281,#282,#283,#284,#285,#286,#287,#288,#289,#290,#291,#292,
#293,#294,#295,#296,#297,#298,#299,#300,#301,#302,#303,#304,#305),#6354,
 .F.);
#6480=ADVANCED_FACE('',(#1044,#306,#307,#308,#309,#310,#311,#312,#313,#314,
#315,#316,#317,#318,#319,#320,#321,#322,#323,#324,#325,#326,#327,#328,#329,
#330,#331,#332,#333,#334,#335,#336,#337,#338,#339,#340,#341,#342,#343,#344,
#345,#346,#347,#348,#349,#350,#351,#352,#353,#354,#355,#356,#357,#358,#359,
#360,#361,#362,#363,#364,#365,#366,#367,#368,#369),#6355,.F.);
#6481=ADVANCED_FACE('',(#1045),#6356,.F.);
#6482=ADVANCED_FACE('',(#1046),#6357,.F.);
#6483=ADVANCED_FACE('',(#1047),#6358,.F.);
#6484=ADVANCED_FACE('',(#1048),#6359,.F.);
#6485=ADVANCED_FACE('',(#1049),#6360,.F.);
#6486=ADVANCED_FACE('',(#1050),#6361,.F.);
#6487=ADVANCED_FACE('',(#1051),#6362,.F.);
#6488=ADVANCED_FACE('',(#1052),#6363,.F.);
#6489=ADVANCED_FACE('',(#1053),#6364,.F.);
#6490=ADVANCED_FACE('',(#1054),#6365,.F.);
#6491=ADVANCED_FACE('',(#1055),#6366,.F.);
#6492=ADVANCED_FACE('',(#1056),#6367,.F.);
#6493=ADVANCED_FACE('',(#1057),#6368,.F.);
#6494=ADVANCED_FACE('',(#1058),#6369,.F.);
#6495=ADVANCED_FACE('',(#1059),#6370,.F.);
#6496=ADVANCED_FACE('',(#1060),#6371,.F.);
#6497=ADVANCED_FACE('',(#1061),#6372,.F.);
#6498=ADVANCED_FACE('',(#1062),#15,.T.);
#6499=ADVANCED_FACE('',(#1063),#16,.T.);
#6500=ADVANCED_FACE('',(#1064),#17,.T.);
#6501=ADVANCED_FACE('',(#1065),#18,.T.);
#6502=ADVANCED_FACE('',(#1066),#19,.T.);
#6503=ADVANCED_FACE('',(#1067),#20,.T.);
#6504=ADVANCED_FACE('',(#1068),#21,.T.);
#6505=ADVANCED_FACE('',(#1069),#22,.T.);
#6506=ADVANCED_FACE('',(#1070),#23,.T.);
#6507=ADVANCED_FACE('',(#1071),#24,.T.);
#6508=ADVANCED_FACE('',(#1072),#25,.T.);
#6509=ADVANCED_FACE('',(#1073),#26,.T.);
#6510=ADVANCED_FACE('',(#1074),#27,.T.);
#6511=ADVANCED_FACE('',(#1075),#28,.T.);
#6512=ADVANCED_FACE('',(#1076),#29,.T.);
#6513=ADVANCED_FACE('',(#1077),#30,.T.);
#6514=ADVANCED_FACE('',(#1078),#31,.T.);
#6515=ADVANCED_FACE('',(#1079),#32,.T.);
#6516=ADVANCED_FACE('',(#1080),#33,.T.);
#6517=ADVANCED_FACE('',(#1081),#34,.T.);
#6518=ADVANCED_FACE('',(#1082),#35,.T.);
#6519=ADVANCED_FACE('',(#1083),#36,.T.);
#6520=ADVANCED_FACE('',(#1084),#37,.T.);
#6521=ADVANCED_FACE('',(#1085),#38,.T.);
#6522=ADVANCED_FACE('',(#1086),#39,.T.);
#6523=ADVANCED_FACE('',(#1087),#40,.T.);
#6524=ADVANCED_FACE('',(#1088),#41,.T.);
#6525=ADVANCED_FACE('',(#1089),#42,.T.);
#6526=ADVANCED_FACE('',(#1090),#43,.T.);
#6527=ADVANCED_FACE('',(#1091),#44,.T.);
#6528=ADVANCED_FACE('',(#1092),#45,.T.);
#6529=ADVANCED_FACE('',(#1093),#46,.T.);
#6530=ADVANCED_FACE('',(#1094),#47,.T.);
#6531=ADVANCED_FACE('',(#1095),#48,.T.);
#6532=ADVANCED_FACE('',(#1096),#49,.T.);
#6533=ADVANCED_FACE('',(#1097),#50,.T.);
#6534=ADVANCED_FACE('',(#1098),#51,.T.);
#6535=ADVANCED_FACE('',(#1099),#52,.T.);
#6536=ADVANCED_FACE('',(#1100),#53,.T.);
#6537=ADVANCED_FACE('',(#1101),#54,.T.);
#6538=ADVANCED_FACE('',(#1102),#55,.T.);
#6539=ADVANCED_FACE('',(#1103),#56,.T.);
#6540=ADVANCED_FACE('',(#1104),#57,.T.);
#6541=ADVANCED_FACE('',(#1105),#58,.T.);
#6542=ADVANCED_FACE('',(#1106),#59,.T.);
#6543=ADVANCED_FACE('',(#1107),#60,.T.);
#6544=ADVANCED_FACE('',(#1108),#61,.T.);
#6545=ADVANCED_FACE('',(#1109),#62,.T.);
#6546=ADVANCED_FACE('',(#1110),#63,.T.);
#6547=ADVANCED_FACE('',(#1111),#64,.T.);
#6548=ADVANCED_FACE('',(#1112),#65,.T.);
#6549=ADVANCED_FACE('',(#1113),#66,.T.);
#6550=ADVANCED_FACE('',(#1114),#67,.T.);
#6551=ADVANCED_FACE('',(#1115),#68,.T.);
#6552=ADVANCED_FACE('',(#1116),#69,.T.);
#6553=ADVANCED_FACE('',(#1117),#70,.T.);
#6554=ADVANCED_FACE('',(#1118),#71,.T.);
#6555=ADVANCED_FACE('',(#1119),#72,.T.);
#6556=ADVANCED_FACE('',(#1120),#73,.T.);
#6557=ADVANCED_FACE('',(#1121),#74,.T.);
#6558=ADVANCED_FACE('',(#1122),#75,.T.);
#6559=ADVANCED_FACE('',(#1123),#76,.T.);
#6560=ADVANCED_FACE('',(#1124),#77,.T.);
#6561=ADVANCED_FACE('',(#1125),#78,.T.);
#6562=ADVANCED_FACE('',(#1126),#79,.T.);
#6563=ADVANCED_FACE('',(#1127),#80,.T.);
#6564=ADVANCED_FACE('',(#1128),#81,.T.);
#6565=ADVANCED_FACE('',(#1129),#82,.T.);
#6566=ADVANCED_FACE('',(#1130),#83,.T.);
#6567=ADVANCED_FACE('',(#1131),#84,.T.);
#6568=ADVANCED_FACE('',(#1132),#85,.T.);
#6569=ADVANCED_FACE('',(#1133),#86,.T.);
#6570=ADVANCED_FACE('',(#1134),#87,.T.);
#6571=ADVANCED_FACE('',(#1135),#88,.T.);
#6572=ADVANCED_FACE('',(#1136),#89,.T.);
#6573=ADVANCED_FACE('',(#1137),#90,.T.);
#6574=ADVANCED_FACE('',(#1138),#91,.T.);
#6575=ADVANCED_FACE('',(#1139),#92,.T.);
#6576=ADVANCED_FACE('',(#1140),#93,.T.);
#6577=ADVANCED_FACE('',(#1141),#94,.T.);
#6578=ADVANCED_FACE('',(#1142),#95,.T.);
#6579=ADVANCED_FACE('',(#1143),#96,.T.);
#6580=ADVANCED_FACE('',(#1144),#97,.T.);
#6581=ADVANCED_FACE('',(#1145),#98,.T.);
#6582=ADVANCED_FACE('',(#1146),#99,.T.);
#6583=ADVANCED_FACE('',(#1147),#100,.T.);
#6584=ADVANCED_FACE('',(#1148),#101,.T.);
#6585=ADVANCED_FACE('',(#1149),#102,.T.);
#6586=ADVANCED_FACE('',(#1150),#103,.T.);
#6587=ADVANCED_FACE('',(#1151),#104,.T.);
#6588=ADVANCED_FACE('',(#1152),#105,.T.);
#6589=ADVANCED_FACE('',(#1153),#106,.T.);
#6590=ADVANCED_FACE('',(#1154),#107,.T.);
#6591=ADVANCED_FACE('',(#1155),#108,.T.);
#6592=ADVANCED_FACE('',(#1156),#109,.T.);
#6593=ADVANCED_FACE('',(#1157),#110,.T.);
#6594=ADVANCED_FACE('',(#1158),#111,.T.);
#6595=ADVANCED_FACE('',(#1159),#112,.T.);
#6596=ADVANCED_FACE('',(#1160),#113,.T.);
#6597=ADVANCED_FACE('',(#1161),#114,.T.);
#6598=ADVANCED_FACE('',(#1162),#115,.T.);
#6599=ADVANCED_FACE('',(#1163),#116,.T.);
#6600=ADVANCED_FACE('',(#1164),#117,.T.);
#6601=ADVANCED_FACE('',(#1165),#118,.T.);
#6602=ADVANCED_FACE('',(#1166),#119,.T.);
#6603=ADVANCED_FACE('',(#1167),#120,.T.);
#6604=ADVANCED_FACE('',(#1168),#121,.T.);
#6605=ADVANCED_FACE('',(#1169),#122,.T.);
#6606=ADVANCED_FACE('',(#1170),#123,.T.);
#6607=ADVANCED_FACE('',(#1171),#124,.T.);
#6608=ADVANCED_FACE('',(#1172),#125,.T.);
#6609=ADVANCED_FACE('',(#1173),#126,.T.);
#6610=ADVANCED_FACE('',(#1174),#127,.T.);
#6611=ADVANCED_FACE('',(#1175),#128,.T.);
#6612=ADVANCED_FACE('',(#1176),#129,.T.);
#6613=ADVANCED_FACE('',(#1177),#130,.T.);
#6614=ADVANCED_FACE('',(#1178),#131,.T.);
#6615=ADVANCED_FACE('',(#1179),#132,.T.);
#6616=ADVANCED_FACE('',(#1180,#370),#6373,.F.);
#6617=ADVANCED_FACE('',(#1181,#371),#6374,.F.);
#6618=ADVANCED_FACE('',(#1182,#372),#6375,.F.);
#6619=ADVANCED_FACE('',(#1183,#373),#6376,.F.);
#6620=ADVANCED_FACE('',(#1184,#374),#6377,.F.);
#6621=ADVANCED_FACE('',(#1185,#375),#6378,.F.);
#6622=ADVANCED_FACE('',(#1186,#376),#6379,.F.);
#6623=ADVANCED_FACE('',(#1187,#377),#6380,.F.);
#6624=ADVANCED_FACE('',(#1188,#378),#6381,.F.);
#6625=ADVANCED_FACE('',(#1189,#379),#6382,.F.);
#6626=ADVANCED_FACE('',(#1190,#380),#6383,.F.);
#6627=ADVANCED_FACE('',(#1191,#381),#6384,.F.);
#6628=ADVANCED_FACE('',(#1192,#382),#6385,.F.);
#6629=ADVANCED_FACE('',(#1193,#383),#6386,.F.);
#6630=ADVANCED_FACE('',(#1194,#384),#6387,.F.);
#6631=ADVANCED_FACE('',(#1195,#385),#6388,.F.);
#6632=ADVANCED_FACE('',(#1196,#386),#6389,.F.);
#6633=ADVANCED_FACE('',(#1197,#387),#6390,.F.);
#6634=ADVANCED_FACE('',(#1198,#388),#6391,.F.);
#6635=ADVANCED_FACE('',(#1199,#389),#6392,.F.);
#6636=ADVANCED_FACE('',(#1200,#390),#6393,.F.);
#6637=ADVANCED_FACE('',(#1201,#391),#6394,.F.);
#6638=ADVANCED_FACE('',(#1202,#392),#6395,.F.);
#6639=ADVANCED_FACE('',(#1203,#393),#6396,.F.);
#6640=ADVANCED_FACE('',(#1204,#394),#6397,.F.);
#6641=ADVANCED_FACE('',(#1205,#395),#6398,.F.);
#6642=ADVANCED_FACE('',(#1206,#396),#6399,.F.);
#6643=ADVANCED_FACE('',(#1207,#397),#6400,.F.);
#6644=ADVANCED_FACE('',(#1208,#398),#6401,.F.);
#6645=ADVANCED_FACE('',(#1209,#399),#6402,.F.);
#6646=ADVANCED_FACE('',(#1210,#400),#6403,.F.);
#6647=ADVANCED_FACE('',(#1211,#401),#6404,.F.);
#6648=ADVANCED_FACE('',(#1212,#402),#6405,.F.);
#6649=ADVANCED_FACE('',(#1213,#403),#6406,.F.);
#6650=ADVANCED_FACE('',(#1214,#404),#6407,.F.);
#6651=ADVANCED_FACE('',(#1215,#405),#6408,.F.);
#6652=ADVANCED_FACE('',(#1216,#406),#6409,.F.);
#6653=ADVANCED_FACE('',(#1217,#407),#6410,.F.);
#6654=ADVANCED_FACE('',(#1218,#408),#6411,.F.);
#6655=ADVANCED_FACE('',(#1219,#409),#6412,.F.);
#6656=ADVANCED_FACE('',(#1220,#410),#6413,.F.);
#6657=ADVANCED_FACE('',(#1221,#411),#6414,.F.);
#6658=ADVANCED_FACE('',(#1222,#412),#6415,.F.);
#6659=ADVANCED_FACE('',(#1223,#413),#6416,.F.);
#6660=ADVANCED_FACE('',(#1224,#414),#6417,.F.);
#6661=ADVANCED_FACE('',(#1225,#415),#6418,.F.);
#6662=ADVANCED_FACE('',(#1226,#416),#6419,.F.);
#6663=ADVANCED_FACE('',(#1227,#417),#6420,.F.);
#6664=ADVANCED_FACE('',(#1228,#418),#6421,.F.);
#6665=ADVANCED_FACE('',(#1229,#419),#6422,.F.);
#6666=ADVANCED_FACE('',(#1230,#420),#6423,.F.);
#6667=ADVANCED_FACE('',(#1231,#421),#6424,.F.);
#6668=ADVANCED_FACE('',(#1232,#422),#6425,.F.);
#6669=ADVANCED_FACE('',(#1233,#423),#6426,.F.);
#6670=ADVANCED_FACE('',(#1234,#424),#6427,.F.);
#6671=ADVANCED_FACE('',(#1235,#425),#6428,.F.);
#6672=ADVANCED_FACE('',(#1236,#426),#6429,.F.);
#6673=ADVANCED_FACE('',(#1237,#427),#6430,.F.);
#6674=ADVANCED_FACE('',(#1238,#428),#6431,.F.);
#6675=ADVANCED_FACE('',(#1239,#429),#6432,.F.);
#6676=ADVANCED_FACE('',(#1240,#430),#6433,.F.);
#6677=ADVANCED_FACE('',(#1241,#431),#6434,.F.);
#6678=ADVANCED_FACE('',(#1242,#432),#6435,.F.);
#6679=ADVANCED_FACE('',(#1243,#433),#6436,.F.);
#6680=ADVANCED_FACE('',(#1244),#133,.F.);
#6681=ADVANCED_FACE('',(#1245),#134,.F.);
#6682=ADVANCED_FACE('',(#1246),#135,.F.);
#6683=ADVANCED_FACE('',(#1247),#136,.F.);
#6684=ADVANCED_FACE('',(#1248),#137,.F.);
#6685=ADVANCED_FACE('',(#1249),#138,.F.);
#6686=ADVANCED_FACE('',(#1250),#139,.F.);
#6687=ADVANCED_FACE('',(#1251),#140,.F.);
#6688=ADVANCED_FACE('',(#1252),#141,.F.);
#6689=ADVANCED_FACE('',(#1253),#142,.F.);
#6690=ADVANCED_FACE('',(#1254),#143,.F.);
#6691=ADVANCED_FACE('',(#1255),#144,.F.);
#6692=ADVANCED_FACE('',(#1256),#145,.F.);
#6693=ADVANCED_FACE('',(#1257),#146,.F.);
#6694=ADVANCED_FACE('',(#1258),#147,.F.);
#6695=ADVANCED_FACE('',(#1259),#148,.F.);
#6696=ADVANCED_FACE('',(#1260),#149,.F.);
#6697=ADVANCED_FACE('',(#1261),#150,.F.);
#6698=ADVANCED_FACE('',(#1262),#151,.F.);
#6699=ADVANCED_FACE('',(#1263),#152,.F.);
#6700=ADVANCED_FACE('',(#1264),#153,.F.);
#6701=ADVANCED_FACE('',(#1265),#154,.F.);
#6702=ADVANCED_FACE('',(#1266),#155,.F.);
#6703=ADVANCED_FACE('',(#1267),#156,.F.);
#6704=ADVANCED_FACE('',(#1268),#157,.F.);
#6705=ADVANCED_FACE('',(#1269),#158,.F.);
#6706=ADVANCED_FACE('',(#1270),#159,.F.);
#6707=ADVANCED_FACE('',(#1271),#160,.F.);
#6708=ADVANCED_FACE('',(#1272),#161,.F.);
#6709=ADVANCED_FACE('',(#1273),#162,.F.);
#6710=ADVANCED_FACE('',(#1274),#163,.F.);
#6711=ADVANCED_FACE('',(#1275),#164,.F.);
#6712=ADVANCED_FACE('',(#1276),#165,.F.);
#6713=ADVANCED_FACE('',(#1277),#166,.F.);
#6714=ADVANCED_FACE('',(#1278),#167,.F.);
#6715=ADVANCED_FACE('',(#1279),#168,.F.);
#6716=ADVANCED_FACE('',(#1280),#169,.F.);
#6717=ADVANCED_FACE('',(#1281),#170,.F.);
#6718=ADVANCED_FACE('',(#1282),#171,.F.);
#6719=ADVANCED_FACE('',(#1283),#172,.F.);
#6720=ADVANCED_FACE('',(#1284),#173,.F.);
#6721=ADVANCED_FACE('',(#1285),#174,.F.);
#6722=ADVANCED_FACE('',(#1286),#175,.F.);
#6723=ADVANCED_FACE('',(#1287),#176,.F.);
#6724=ADVANCED_FACE('',(#1288),#177,.F.);
#6725=ADVANCED_FACE('',(#1289),#178,.F.);
#6726=ADVANCED_FACE('',(#1290),#179,.F.);
#6727=ADVANCED_FACE('',(#1291),#180,.F.);
#6728=ADVANCED_FACE('',(#1292),#181,.F.);
#6729=ADVANCED_FACE('',(#1293),#182,.F.);
#6730=ADVANCED_FACE('',(#1294),#183,.F.);
#6731=ADVANCED_FACE('',(#1295),#184,.F.);
#6732=ADVANCED_FACE('',(#1296),#185,.F.);
#6733=ADVANCED_FACE('',(#1297),#186,.F.);
#6734=ADVANCED_FACE('',(#1298),#187,.F.);
#6735=ADVANCED_FACE('',(#1299),#188,.F.);
#6736=ADVANCED_FACE('',(#1300),#189,.F.);
#6737=ADVANCED_FACE('',(#1301),#190,.F.);
#6738=ADVANCED_FACE('',(#1302),#191,.F.);
#6739=ADVANCED_FACE('',(#1303),#192,.F.);
#6740=ADVANCED_FACE('',(#1304),#193,.F.);
#6741=ADVANCED_FACE('',(#1305),#194,.F.);
#6742=ADVANCED_FACE('',(#1306),#195,.F.);
#6743=ADVANCED_FACE('',(#1307),#196,.F.);
#6744=ADVANCED_FACE('',(#1308),#197,.F.);
#6745=ADVANCED_FACE('',(#1309),#198,.F.);
#6746=ADVANCED_FACE('',(#1310),#199,.F.);
#6747=ADVANCED_FACE('',(#1311),#200,.F.);
#6748=ADVANCED_FACE('',(#1312),#201,.F.);
#6749=ADVANCED_FACE('',(#1313),#202,.F.);
#6750=ADVANCED_FACE('',(#1314),#203,.F.);
#6751=ADVANCED_FACE('',(#1315),#204,.F.);
#6752=ADVANCED_FACE('',(#1316),#205,.F.);
#6753=ADVANCED_FACE('',(#1317),#206,.F.);
#6754=ADVANCED_FACE('',(#1318),#207,.F.);
#6755=ADVANCED_FACE('',(#1319),#208,.F.);
#6756=ADVANCED_FACE('',(#1320),#209,.F.);
#6757=ADVANCED_FACE('',(#1321),#210,.F.);
#6758=ADVANCED_FACE('',(#1322),#211,.F.);
#6759=ADVANCED_FACE('',(#1323),#212,.F.);
#6760=ADVANCED_FACE('',(#1324),#213,.F.);
#6761=ADVANCED_FACE('',(#1325),#214,.F.);
#6762=ADVANCED_FACE('',(#1326),#215,.F.);
#6763=ADVANCED_FACE('',(#1327),#216,.F.);
#6764=ADVANCED_FACE('',(#1328),#217,.F.);
#6765=ADVANCED_FACE('',(#1329),#218,.F.);
#6766=ADVANCED_FACE('',(#1330),#219,.F.);
#6767=ADVANCED_FACE('',(#1331),#220,.F.);
#6768=ADVANCED_FACE('',(#1332),#221,.F.);
#6769=ADVANCED_FACE('',(#1333),#222,.F.);
#6770=ADVANCED_FACE('',(#1334),#223,.F.);
#6771=ADVANCED_FACE('',(#1335),#224,.F.);
#6772=ADVANCED_FACE('',(#1336),#225,.F.);
#6773=ADVANCED_FACE('',(#1337),#226,.F.);
#6774=ADVANCED_FACE('',(#1338),#227,.F.);
#6775=ADVANCED_FACE('',(#1339),#228,.F.);
#6776=ADVANCED_FACE('',(#1340),#229,.F.);
#6777=ADVANCED_FACE('',(#1341),#230,.F.);
#6778=ADVANCED_FACE('',(#1342),#231,.F.);
#6779=ADVANCED_FACE('',(#1343),#232,.F.);
#6780=ADVANCED_FACE('',(#1344),#233,.F.);
#6781=ADVANCED_FACE('',(#1345),#6437,.T.);
#6782=ADVANCED_FACE('',(#1346),#234,.F.);
#6783=ADVANCED_FACE('',(#1347),#6438,.T.);
#6784=ADVANCED_FACE('',(#1348),#235,.F.);
#6785=ADVANCED_FACE('',(#1349),#6439,.T.);
#6786=ADVANCED_FACE('',(#1350),#236,.F.);
#6787=ADVANCED_FACE('',(#1351),#6440,.T.);
#6788=ADVANCED_FACE('',(#1352),#237,.F.);
#6789=ADVANCED_FACE('',(#1353),#6441,.T.);
#6790=ADVANCED_FACE('',(#1354),#238,.F.);
#6791=ADVANCED_FACE('',(#1355),#6442,.T.);
#6792=ADVANCED_FACE('',(#1356),#239,.F.);
#6793=ADVANCED_FACE('',(#1357),#6443,.T.);
#6794=ADVANCED_FACE('',(#1358),#240,.F.);
#6795=ADVANCED_FACE('',(#1359),#6444,.T.);
#6796=ADVANCED_FACE('',(#1360),#241,.F.);
#6797=ADVANCED_FACE('',(#1361),#6445,.T.);
#6798=ADVANCED_FACE('',(#1362),#6446,.T.);
#6799=ADVANCED_FACE('',(#1363),#242,.F.);
#6800=ADVANCED_FACE('',(#1364),#6447,.T.);
#6801=ADVANCED_FACE('',(#1365),#243,.F.);
#6802=ADVANCED_FACE('',(#1366),#6448,.T.);
#6803=ADVANCED_FACE('',(#1367),#244,.F.);
#6804=ADVANCED_FACE('',(#1368),#6449,.T.);
#6805=ADVANCED_FACE('',(#1369),#245,.F.);
#6806=ADVANCED_FACE('',(#1370),#6450,.T.);
#6807=ADVANCED_FACE('',(#1371),#246,.F.);
#6808=ADVANCED_FACE('',(#1372),#6451,.T.);
#6809=ADVANCED_FACE('',(#1373),#247,.F.);
#6810=ADVANCED_FACE('',(#1374),#6452,.T.);
#6811=ADVANCED_FACE('',(#1375),#248,.F.);
#6812=ADVANCED_FACE('',(#1376),#6453,.T.);
#6813=ADVANCED_FACE('',(#1377),#249,.F.);
#6814=ADVANCED_FACE('',(#1378),#6454,.T.);
#6815=ADVANCED_FACE('',(#1379),#250,.F.);
#6816=ADVANCED_FACE('',(#1380),#6455,.T.);
#6817=ADVANCED_FACE('',(#1381),#6456,.T.);
#6818=ADVANCED_FACE('',(#1382),#251,.T.);
#6819=ADVANCED_FACE('',(#1383),#6457,.T.);
#6820=ADVANCED_FACE('',(#1384),#252,.T.);
#6821=ADVANCED_FACE('',(#1385),#6458,.T.);
#6822=ADVANCED_FACE('',(#1386),#253,.T.);
#6823=ADVANCED_FACE('',(#1387),#6459,.T.);
#6824=ADVANCED_FACE('',(#1388),#254,.T.);
#6825=ADVANCED_FACE('',(#1389),#6460,.T.);
#6826=ADVANCED_FACE('',(#1390),#255,.T.);
#6827=ADVANCED_FACE('',(#1391),#6461,.T.);
#6828=ADVANCED_FACE('',(#1392),#256,.T.);
#6829=ADVANCED_FACE('',(#1393),#6462,.T.);
#6830=ADVANCED_FACE('',(#1394),#257,.T.);
#6831=ADVANCED_FACE('',(#1395),#6463,.T.);
#6832=ADVANCED_FACE('',(#1396),#258,.T.);
#6833=ADVANCED_FACE('',(#1397),#6464,.T.);
#6834=ADVANCED_FACE('',(#1398),#259,.T.);
#6835=ADVANCED_FACE('',(#1399),#6465,.T.);
#6836=ADVANCED_FACE('',(#1400),#6466,.T.);
#6837=ADVANCED_FACE('',(#1401),#260,.T.);
#6838=ADVANCED_FACE('',(#1402),#6467,.T.);
#6839=ADVANCED_FACE('',(#1403),#261,.T.);
#6840=ADVANCED_FACE('',(#1404),#6468,.T.);
#6841=ADVANCED_FACE('',(#1405),#262,.T.);
#6842=ADVANCED_FACE('',(#1406),#6469,.T.);
#6843=ADVANCED_FACE('',(#1407),#263,.T.);
#6844=ADVANCED_FACE('',(#1408),#6470,.T.);
#6845=ADVANCED_FACE('',(#1409),#264,.T.);
#6846=ADVANCED_FACE('',(#1410),#6471,.T.);
#6847=ADVANCED_FACE('',(#1411),#265,.T.);
#6848=ADVANCED_FACE('',(#1412),#6472,.T.);
#6849=ADVANCED_FACE('',(#1413),#266,.T.);
#6850=ADVANCED_FACE('',(#1414),#6473,.T.);
#6851=ADVANCED_FACE('',(#1415),#267,.T.);
#6852=ADVANCED_FACE('',(#1416),#6474,.T.);
#6853=ADVANCED_FACE('',(#1417),#268,.T.);
#6854=ADVANCED_FACE('',(#1418),#6475,.T.);
#6855=ADVANCED_FACE('',(#1419),#6476,.T.);
#6856=ADVANCED_FACE('',(#1420,#434,#435,#436,#437,#438,#439,#440,#441,#442,
#443,#444,#445,#446,#447,#448,#449,#450,#451,#452,#453,#454,#455,#456,#457,
#458,#459,#460,#461,#462,#463,#464,#465,#466,#467,#468,#469,#470,#471,#472,
#473,#474,#475,#476,#477,#478,#479,#480,#481,#482,#483,#484,#485,#486,#487,
#488,#489,#490,#491,#492,#493,#494,#495,#496,#497,#498,#499,#500,#501,#502,
#503,#504,#505,#506,#507,#508,#509,#510,#511,#512,#513,#514,#515,#516,#517,
#518,#519,#520,#521,#522,#523,#524,#525,#526,#527,#528,#529,#530,#531,#532,
#533),#6477,.T.);
#6857=CLOSED_SHELL('',(#6478,#6479,#6480,#6481,#6482,#6483,#6484,#6485,
#6486,#6487,#6488,#6489,#6490,#6491,#6492,#6493,#6494,#6495,#6496,#6497,
#6498,#6499,#6500,#6501,#6502,#6503,#6504,#6505,#6506,#6507,#6508,#6509,
#6510,#6511,#6512,#6513,#6514,#6515,#6516,#6517,#6518,#6519,#6520,#6521,
#6522,#6523,#6524,#6525,#6526,#6527,#6528,#6529,#6530,#6531,#6532,#6533,
#6534,#6535,#6536,#6537,#6538,#6539,#6540,#6541,#6542,#6543,#6544,#6545,
#6546,#6547,#6548,#6549,#6550,#6551,#6552,#6553,#6554,#6555,#6556,#6557,
#6558,#6559,#6560,#6561,#6562,#6563,#6564,#6565,#6566,#6567,#6568,#6569,
#6570,#6571,#6572,#6573,#6574,#6575,#6576,#6577,#6578,#6579,#6580,#6581,
#6582,#6583,#6584,#6585,#6586,#6587,#6588,#6589,#6590,#6591,#6592,#6593,
#6594,#6595,#6596,#6597,#6598,#6599,#6600,#6601,#6602,#6603,#6604,#6605,
#6606,#6607,#6608,#6609,#6610,#6611,#6612,#6613,#6614,#6615,#6616,#6617,
#6618,#6619,#6620,#6621,#6622,#6623,#6624,#6625,#6626,#6627,#6628,#6629,
#6630,#6631,#6632,#6633,#6634,#6635,#6636,#6637,#6638,#6639,#6640,#6641,
#6642,#6643,#6644,#6645,#6646,#6647,#6648,#6649,#6650,#6651,#6652,#6653,
#6654,#6655,#6656,#6657,#6658,#6659,#6660,#6661,#6662,#6663,#6664,#6665,
#6666,#6667,#6668,#6669,#6670,#6671,#6672,#6673,#6674,#6675,#6676,#6677,
#6678,#6679,#6680,#6681,#6682,#6683,#6684,#6685,#6686,#6687,#6688,#6689,
#6690,#6691,#6692,#6693,#6694,#6695,#6696,#6697,#6698,#6699,#6700,#6701,
#6702,#6703,#6704,#6705,#6706,#6707,#6708,#6709,#6710,#6711,#6712,#6713,
#6714,#6715,#6716,#6717,#6718,#6719,#6720,#6721,#6722,#6723,#6724,#6725,
#6726,#6727,#6728,#6729,#6730,#6731,#6732,#6733,#6734,#6735,#6736,#6737,
#6738,#6739,#6740,#6741,#6742,#6743,#6744,#6745,#6746,#6747,#6748,#6749,
#6750,#6751,#6752,#6753,#6754,#6755,#6756,#6757,#6758,#6759,#6760,#6761,
#6762,#6763,#6764,#6765,#6766,#6767,#6768,#6769,#6770,#6771,#6772,#6773,
#6774,#6775,#6776,#6777,#6778,#6779,#6780,#6781,#6782,#6783,#6784,#6785,
#6786,#6787,#6788,#6789,#6790,#6791,#6792,#6793,#6794,#6795,#6796,#6797,
#6798,#6799,#6800,#6801,#6802,#6803,#6804,#6805,#6806,#6807,#6808,#6809,
#6810,#6811,#6812,#6813,#6814,#6815,#6816,#6817,#6818,#6819,#6820,#6821,
#6822,#6823,#6824,#6825,#6826,#6827,#6828,#6829,#6830,#6831,#6832,#6833,
#6834,#6835,#6836,#6837,#6838,#6839,#6840,#6841,#6842,#6843,#6844,#6845,
#6846,#6847,#6848,#6849,#6850,#6851,#6852,#6853,#6854,#6855,#6856));
#6858=DERIVED_UNIT_ELEMENT(#6860,1.);
#6859=DERIVED_UNIT_ELEMENT(#11907,-3.);
#6860=(
MASS_UNIT()
NAMED_UNIT(*)
SI_UNIT(.KILO.,.GRAM.)
);
#6861=DERIVED_UNIT((#6858,#6859));
#6862=MEASURE_REPRESENTATION_ITEM('density measure',
POSITIVE_RATIO_MEASURE(7850.),#6861);
#6863=PROPERTY_DEFINITION_REPRESENTATION(#6868,#6865);
#6864=PROPERTY_DEFINITION_REPRESENTATION(#6869,#6866);
#6865=REPRESENTATION('material name',(#6867),#11904);
#6866=REPRESENTATION('density',(#6862),#11904);
#6867=DESCRIPTIVE_REPRESENTATION_ITEM('Steel','Steel');
#6868=PROPERTY_DEFINITION('material property','material name',#11914);
#6869=PROPERTY_DEFINITION('material property','density of part',#11914);
#6870=AXIS2_PLACEMENT_3D('',#9962,#7758,#7759);
#6871=AXIS2_PLACEMENT_3D('',#9963,#7760,#7761);
#6872=AXIS2_PLACEMENT_3D('',#9972,#7766,#7767);
#6873=AXIS2_PLACEMENT_3D('',#9979,#7770,#7771);
#6874=AXIS2_PLACEMENT_3D('',#9983,#7773,#7774);
#6875=AXIS2_PLACEMENT_3D('',#9987,#7776,#7777);
#6876=AXIS2_PLACEMENT_3D('',#9991,#7779,#7780);
#6877=AXIS2_PLACEMENT_3D('',#9995,#7782,#7783);
#6878=AXIS2_PLACEMENT_3D('',#9999,#7785,#7786);
#6879=AXIS2_PLACEMENT_3D('',#10003,#7788,#7789);
#6880=AXIS2_PLACEMENT_3D('',#10007,#7791,#7792);
#6881=AXIS2_PLACEMENT_3D('',#10011,#7794,#7795);
#6882=AXIS2_PLACEMENT_3D('',#10017,#7798,#7799);
#6883=AXIS2_PLACEMENT_3D('',#10021,#7801,#7802);
#6884=AXIS2_PLACEMENT_3D('',#10025,#7804,#7805);
#6885=AXIS2_PLACEMENT_3D('',#10029,#7807,#7808);
#6886=AXIS2_PLACEMENT_3D('',#10033,#7810,#7811);
#6887=AXIS2_PLACEMENT_3D('',#10037,#7813,#7814);
#6888=AXIS2_PLACEMENT_3D('',#10041,#7816,#7817);
#6889=AXIS2_PLACEMENT_3D('',#10045,#7819,#7820);
#6890=AXIS2_PLACEMENT_3D('',#10049,#7822,#7823);
#6891=AXIS2_PLACEMENT_3D('',#10055,#7826,#7827);
#6892=AXIS2_PLACEMENT_3D('',#10059,#7829,#7830);
#6893=AXIS2_PLACEMENT_3D('',#10063,#7832,#7833);
#6894=AXIS2_PLACEMENT_3D('',#10067,#7835,#7836);
#6895=AXIS2_PLACEMENT_3D('',#10071,#7838,#7839);
#6896=AXIS2_PLACEMENT_3D('',#10075,#7841,#7842);
#6897=AXIS2_PLACEMENT_3D('',#10079,#7844,#7845);
#6898=AXIS2_PLACEMENT_3D('',#10083,#7847,#7848);
#6899=AXIS2_PLACEMENT_3D('',#10087,#7850,#7851);
#6900=AXIS2_PLACEMENT_3D('',#10093,#7854,#7855);
#6901=AXIS2_PLACEMENT_3D('',#10097,#7857,#7858);
#6902=AXIS2_PLACEMENT_3D('',#10101,#7860,#7861);
#6903=AXIS2_PLACEMENT_3D('',#10105,#7863,#7864);
#6904=AXIS2_PLACEMENT_3D('',#10109,#7866,#7867);
#6905=AXIS2_PLACEMENT_3D('',#10113,#7869,#7870);
#6906=AXIS2_PLACEMENT_3D('',#10117,#7872,#7873);
#6907=AXIS2_PLACEMENT_3D('',#10121,#7875,#7876);
#6908=AXIS2_PLACEMENT_3D('',#10124,#7878,#7879);
#6909=AXIS2_PLACEMENT_3D('',#10126,#7880,#7881);
#6910=AXIS2_PLACEMENT_3D('',#10128,#7882,#7883);
#6911=AXIS2_PLACEMENT_3D('',#10130,#7884,#7885);
#6912=AXIS2_PLACEMENT_3D('',#10132,#7886,#7887);
#6913=AXIS2_PLACEMENT_3D('',#10134,#7888,#7889);
#6914=AXIS2_PLACEMENT_3D('',#10136,#7890,#7891);
#6915=AXIS2_PLACEMENT_3D('',#10138,#7892,#7893);
#6916=AXIS2_PLACEMENT_3D('',#10140,#7894,#7895);
#6917=AXIS2_PLACEMENT_3D('',#10142,#7896,#7897);
#6918=AXIS2_PLACEMENT_3D('',#10144,#7898,#7899);
#6919=AXIS2_PLACEMENT_3D('',#10146,#7900,#7901);
#6920=AXIS2_PLACEMENT_3D('',#10148,#7902,#7903);
#6921=AXIS2_PLACEMENT_3D('',#10150,#7904,#7905);
#6922=AXIS2_PLACEMENT_3D('',#10152,#7906,#7907);
#6923=AXIS2_PLACEMENT_3D('',#10154,#7908,#7909);
#6924=AXIS2_PLACEMENT_3D('',#10156,#7910,#7911);
#6925=AXIS2_PLACEMENT_3D('',#10158,#7912,#7913);
#6926=AXIS2_PLACEMENT_3D('',#10160,#7914,#7915);
#6927=AXIS2_PLACEMENT_3D('',#10162,#7916,#7917);
#6928=AXIS2_PLACEMENT_3D('',#10164,#7918,#7919);
#6929=AXIS2_PLACEMENT_3D('',#10166,#7920,#7921);
#6930=AXIS2_PLACEMENT_3D('',#10168,#7922,#7923);
#6931=AXIS2_PLACEMENT_3D('',#10170,#7924,#7925);
#6932=AXIS2_PLACEMENT_3D('',#10172,#7926,#7927);
#6933=AXIS2_PLACEMENT_3D('',#10174,#7928,#7929);
#6934=AXIS2_PLACEMENT_3D('',#10176,#7930,#7931);
#6935=AXIS2_PLACEMENT_3D('',#10178,#7932,#7933);
#6936=AXIS2_PLACEMENT_3D('',#10180,#7934,#7935);
#6937=AXIS2_PLACEMENT_3D('',#10182,#7936,#7937);
#6938=AXIS2_PLACEMENT_3D('',#10184,#7938,#7939);
#6939=AXIS2_PLACEMENT_3D('',#10186,#7940,#7941);
#6940=AXIS2_PLACEMENT_3D('',#10188,#7942,#7943);
#6941=AXIS2_PLACEMENT_3D('',#10190,#7944,#7945);
#6942=AXIS2_PLACEMENT_3D('',#10192,#7946,#7947);
#6943=AXIS2_PLACEMENT_3D('',#10194,#7948,#7949);
#6944=AXIS2_PLACEMENT_3D('',#10196,#7950,#7951);
#6945=AXIS2_PLACEMENT_3D('',#10198,#7952,#7953);
#6946=AXIS2_PLACEMENT_3D('',#10202,#7955,#7956);
#6947=AXIS2_PLACEMENT_3D('',#10206,#7958,#7959);
#6948=AXIS2_PLACEMENT_3D('',#10210,#7961,#7962);
#6949=AXIS2_PLACEMENT_3D('',#10214,#7964,#7965);
#6950=AXIS2_PLACEMENT_3D('',#10218,#7967,#7968);
#6951=AXIS2_PLACEMENT_3D('',#10222,#7970,#7971);
#6952=AXIS2_PLACEMENT_3D('',#10226,#7973,#7974);
#6953=AXIS2_PLACEMENT_3D('',#10230,#7976,#7977);
#6954=AXIS2_PLACEMENT_3D('',#10234,#7979,#7980);
#6955=AXIS2_PLACEMENT_3D('',#10238,#7982,#7983);
#6956=AXIS2_PLACEMENT_3D('',#10242,#7985,#7986);
#6957=AXIS2_PLACEMENT_3D('',#10246,#7988,#7989);
#6958=AXIS2_PLACEMENT_3D('',#10250,#7991,#7992);
#6959=AXIS2_PLACEMENT_3D('',#10254,#7994,#7995);
#6960=AXIS2_PLACEMENT_3D('',#10258,#7997,#7998);
#6961=AXIS2_PLACEMENT_3D('',#10262,#8000,#8001);
#6962=AXIS2_PLACEMENT_3D('',#10265,#8003,#8004);
#6963=AXIS2_PLACEMENT_3D('',#10267,#8005,#8006);
#6964=AXIS2_PLACEMENT_3D('',#10269,#8007,#8008);
#6965=AXIS2_PLACEMENT_3D('',#10271,#8009,#8010);
#6966=AXIS2_PLACEMENT_3D('',#10273,#8011,#8012);
#6967=AXIS2_PLACEMENT_3D('',#10275,#8013,#8014);
#6968=AXIS2_PLACEMENT_3D('',#10277,#8015,#8016);
#6969=AXIS2_PLACEMENT_3D('',#10279,#8017,#8018);
#6970=AXIS2_PLACEMENT_3D('',#10281,#8019,#8020);
#6971=AXIS2_PLACEMENT_3D('',#10283,#8021,#8022);
#6972=AXIS2_PLACEMENT_3D('',#10285,#8023,#8024);
#6973=AXIS2_PLACEMENT_3D('',#10287,#8025,#8026);
#6974=AXIS2_PLACEMENT_3D('',#10289,#8027,#8028);
#6975=AXIS2_PLACEMENT_3D('',#10291,#8029,#8030);
#6976=AXIS2_PLACEMENT_3D('',#10293,#8031,#8032);
#6977=AXIS2_PLACEMENT_3D('',#10295,#8033,#8034);
#6978=AXIS2_PLACEMENT_3D('',#10297,#8035,#8036);
#6979=AXIS2_PLACEMENT_3D('',#10299,#8037,#8038);
#6980=AXIS2_PLACEMENT_3D('',#10301,#8039,#8040);
#6981=AXIS2_PLACEMENT_3D('',#10303,#8041,#8042);
#6982=AXIS2_PLACEMENT_3D('',#10305,#8043,#8044);
#6983=AXIS2_PLACEMENT_3D('',#10307,#8045,#8046);
#6984=AXIS2_PLACEMENT_3D('',#10309,#8047,#8048);
#6985=AXIS2_PLACEMENT_3D('',#10311,#8049,#8050);
#6986=AXIS2_PLACEMENT_3D('',#10313,#8051,#8052);
#6987=AXIS2_PLACEMENT_3D('',#10315,#8053,#8054);
#6988=AXIS2_PLACEMENT_3D('',#10317,#8055,#8056);
#6989=AXIS2_PLACEMENT_3D('',#10319,#8057,#8058);
#6990=AXIS2_PLACEMENT_3D('',#10321,#8059,#8060);
#6991=AXIS2_PLACEMENT_3D('',#10323,#8061,#8062);
#6992=AXIS2_PLACEMENT_3D('',#10325,#8063,#8064);
#6993=AXIS2_PLACEMENT_3D('',#10327,#8065,#8066);
#6994=AXIS2_PLACEMENT_3D('',#10329,#8067,#8068);
#6995=AXIS2_PLACEMENT_3D('',#10331,#8069,#8070);
#6996=AXIS2_PLACEMENT_3D('',#10333,#8071,#8072);
#6997=AXIS2_PLACEMENT_3D('',#10335,#8073,#8074);
#6998=AXIS2_PLACEMENT_3D('',#10337,#8075,#8076);
#6999=AXIS2_PLACEMENT_3D('',#10338,#8077,#8078);
#7000=AXIS2_PLACEMENT_3D('',#10340,#8079,#8080);
#7001=AXIS2_PLACEMENT_3D('',#10344,#8082,#8083);
#7002=AXIS2_PLACEMENT_3D('',#10348,#8085,#8086);
#7003=AXIS2_PLACEMENT_3D('',#10352,#8088,#8089);
#7004=AXIS2_PLACEMENT_3D('',#10356,#8091,#8092);
#7005=AXIS2_PLACEMENT_3D('',#10360,#8094,#8095);
#7006=AXIS2_PLACEMENT_3D('',#10364,#8097,#8098);
#7007=AXIS2_PLACEMENT_3D('',#10368,#8100,#8101);
#7008=AXIS2_PLACEMENT_3D('',#10372,#8103,#8104);
#7009=AXIS2_PLACEMENT_3D('',#10376,#8106,#8107);
#7010=AXIS2_PLACEMENT_3D('',#10380,#8109,#8110);
#7011=AXIS2_PLACEMENT_3D('',#10384,#8112,#8113);
#7012=AXIS2_PLACEMENT_3D('',#10388,#8115,#8116);
#7013=AXIS2_PLACEMENT_3D('',#10392,#8118,#8119);
#7014=AXIS2_PLACEMENT_3D('',#10396,#8121,#8122);
#7015=AXIS2_PLACEMENT_3D('',#10400,#8124,#8125);
#7016=AXIS2_PLACEMENT_3D('',#10404,#8127,#8128);
#7017=AXIS2_PLACEMENT_3D('',#10408,#8130,#8131);
#7018=AXIS2_PLACEMENT_3D('',#10410,#8132,#8133);
#7019=AXIS2_PLACEMENT_3D('',#10412,#8134,#8135);
#7020=AXIS2_PLACEMENT_3D('',#10414,#8136,#8137);
#7021=AXIS2_PLACEMENT_3D('',#10416,#8138,#8139);
#7022=AXIS2_PLACEMENT_3D('',#10418,#8140,#8141);
#7023=AXIS2_PLACEMENT_3D('',#10420,#8142,#8143);
#7024=AXIS2_PLACEMENT_3D('',#10422,#8144,#8145);
#7025=AXIS2_PLACEMENT_3D('',#10424,#8146,#8147);
#7026=AXIS2_PLACEMENT_3D('',#10426,#8148,#8149);
#7027=AXIS2_PLACEMENT_3D('',#10428,#8150,#8151);
#7028=AXIS2_PLACEMENT_3D('',#10430,#8152,#8153);
#7029=AXIS2_PLACEMENT_3D('',#10432,#8154,#8155);
#7030=AXIS2_PLACEMENT_3D('',#10434,#8156,#8157);
#7031=AXIS2_PLACEMENT_3D('',#10436,#8158,#8159);
#7032=AXIS2_PLACEMENT_3D('',#10438,#8160,#8161);
#7033=AXIS2_PLACEMENT_3D('',#10440,#8162,#8163);
#7034=AXIS2_PLACEMENT_3D('',#10442,#8164,#8165);
#7035=AXIS2_PLACEMENT_3D('',#10444,#8166,#8167);
#7036=AXIS2_PLACEMENT_3D('',#10446,#8168,#8169);
#7037=AXIS2_PLACEMENT_3D('',#10448,#8170,#8171);
#7038=AXIS2_PLACEMENT_3D('',#10450,#8172,#8173);
#7039=AXIS2_PLACEMENT_3D('',#10452,#8174,#8175);
#7040=AXIS2_PLACEMENT_3D('',#10454,#8176,#8177);
#7041=AXIS2_PLACEMENT_3D('',#10456,#8178,#8179);
#7042=AXIS2_PLACEMENT_3D('',#10458,#8180,#8181);
#7043=AXIS2_PLACEMENT_3D('',#10460,#8182,#8183);
#7044=AXIS2_PLACEMENT_3D('',#10462,#8184,#8185);
#7045=AXIS2_PLACEMENT_3D('',#10464,#8186,#8187);
#7046=AXIS2_PLACEMENT_3D('',#10466,#8188,#8189);
#7047=AXIS2_PLACEMENT_3D('',#10468,#8190,#8191);
#7048=AXIS2_PLACEMENT_3D('',#10470,#8192,#8193);
#7049=AXIS2_PLACEMENT_3D('',#10472,#8194,#8195);
#7050=AXIS2_PLACEMENT_3D('',#10474,#8196,#8197);
#7051=AXIS2_PLACEMENT_3D('',#10476,#8198,#8199);
#7052=AXIS2_PLACEMENT_3D('',#10478,#8200,#8201);
#7053=AXIS2_PLACEMENT_3D('',#10479,#8202,#8203);
#7054=AXIS2_PLACEMENT_3D('',#10481,#8204,#8205);
#7055=AXIS2_PLACEMENT_3D('',#10483,#8206,#8207);
#7056=AXIS2_PLACEMENT_3D('',#10485,#8208,#8209);
#7057=AXIS2_PLACEMENT_3D('',#10487,#8210,#8211);
#7058=AXIS2_PLACEMENT_3D('',#10489,#8212,#8213);
#7059=AXIS2_PLACEMENT_3D('',#10491,#8214,#8215);
#7060=AXIS2_PLACEMENT_3D('',#10493,#8216,#8217);
#7061=AXIS2_PLACEMENT_3D('',#10495,#8218,#8219);
#7062=AXIS2_PLACEMENT_3D('',#10497,#8220,#8221);
#7063=AXIS2_PLACEMENT_3D('',#10499,#8222,#8223);
#7064=AXIS2_PLACEMENT_3D('',#10501,#8224,#8225);
#7065=AXIS2_PLACEMENT_3D('',#10503,#8226,#8227);
#7066=AXIS2_PLACEMENT_3D('',#10505,#8228,#8229);
#7067=AXIS2_PLACEMENT_3D('',#10507,#8230,#8231);
#7068=AXIS2_PLACEMENT_3D('',#10509,#8232,#8233);
#7069=AXIS2_PLACEMENT_3D('',#10511,#8234,#8235);
#7070=AXIS2_PLACEMENT_3D('',#10513,#8236,#8237);
#7071=AXIS2_PLACEMENT_3D('',#10515,#8238,#8239);
#7072=AXIS2_PLACEMENT_3D('',#10517,#8240,#8241);
#7073=AXIS2_PLACEMENT_3D('',#10519,#8242,#8243);
#7074=AXIS2_PLACEMENT_3D('',#10521,#8244,#8245);
#7075=AXIS2_PLACEMENT_3D('',#10523,#8246,#8247);
#7076=AXIS2_PLACEMENT_3D('',#10525,#8248,#8249);
#7077=AXIS2_PLACEMENT_3D('',#10527,#8250,#8251);
#7078=AXIS2_PLACEMENT_3D('',#10529,#8252,#8253);
#7079=AXIS2_PLACEMENT_3D('',#10531,#8254,#8255);
#7080=AXIS2_PLACEMENT_3D('',#10533,#8256,#8257);
#7081=AXIS2_PLACEMENT_3D('',#10535,#8258,#8259);
#7082=AXIS2_PLACEMENT_3D('',#10537,#8260,#8261);
#7083=AXIS2_PLACEMENT_3D('',#10539,#8262,#8263);
#7084=AXIS2_PLACEMENT_3D('',#10541,#8264,#8265);
#7085=AXIS2_PLACEMENT_3D('',#10543,#8266,#8267);
#7086=AXIS2_PLACEMENT_3D('',#10545,#8268,#8269);
#7087=AXIS2_PLACEMENT_3D('',#10547,#8270,#8271);
#7088=AXIS2_PLACEMENT_3D('',#10549,#8272,#8273);
#7089=AXIS2_PLACEMENT_3D('',#10551,#8274,#8275);
#7090=AXIS2_PLACEMENT_3D('',#10553,#8276,#8277);
#7091=AXIS2_PLACEMENT_3D('',#10555,#8278,#8279);
#7092=AXIS2_PLACEMENT_3D('',#10557,#8280,#8281);
#7093=AXIS2_PLACEMENT_3D('',#10559,#8282,#8283);
#7094=AXIS2_PLACEMENT_3D('',#10561,#8284,#8285);
#7095=AXIS2_PLACEMENT_3D('',#10563,#8286,#8287);
#7096=AXIS2_PLACEMENT_3D('',#10565,#8288,#8289);
#7097=AXIS2_PLACEMENT_3D('',#10567,#8290,#8291);
#7098=AXIS2_PLACEMENT_3D('',#10569,#8292,#8293);
#7099=AXIS2_PLACEMENT_3D('',#10571,#8294,#8295);
#7100=AXIS2_PLACEMENT_3D('',#10573,#8296,#8297);
#7101=AXIS2_PLACEMENT_3D('',#10575,#8298,#8299);
#7102=AXIS2_PLACEMENT_3D('',#10577,#8300,#8301);
#7103=AXIS2_PLACEMENT_3D('',#10579,#8302,#8303);
#7104=AXIS2_PLACEMENT_3D('',#10581,#8304,#8305);
#7105=AXIS2_PLACEMENT_3D('',#10583,#8306,#8307);
#7106=AXIS2_PLACEMENT_3D('',#10585,#8308,#8309);
#7107=AXIS2_PLACEMENT_3D('',#10587,#8310,#8311);
#7108=AXIS2_PLACEMENT_3D('',#10589,#8312,#8313);
#7109=AXIS2_PLACEMENT_3D('',#10591,#8314,#8315);
#7110=AXIS2_PLACEMENT_3D('',#10593,#8316,#8317);
#7111=AXIS2_PLACEMENT_3D('',#10595,#8318,#8319);
#7112=AXIS2_PLACEMENT_3D('',#10597,#8320,#8321);
#7113=AXIS2_PLACEMENT_3D('',#10599,#8322,#8323);
#7114=AXIS2_PLACEMENT_3D('',#10601,#8324,#8325);
#7115=AXIS2_PLACEMENT_3D('',#10603,#8326,#8327);
#7116=AXIS2_PLACEMENT_3D('',#10605,#8328,#8329);
#7117=AXIS2_PLACEMENT_3D('',#10607,#8330,#8331);
#7118=AXIS2_PLACEMENT_3D('',#10608,#8332,#8333);
#7119=AXIS2_PLACEMENT_3D('',#10611,#8336,#8337);
#7120=AXIS2_PLACEMENT_3D('',#10614,#8340,#8341);
#7121=AXIS2_PLACEMENT_3D('',#10617,#8344,#8345);
#7122=AXIS2_PLACEMENT_3D('',#10620,#8348,#8349);
#7123=AXIS2_PLACEMENT_3D('',#10623,#8352,#8353);
#7124=AXIS2_PLACEMENT_3D('',#10626,#8356,#8357);
#7125=AXIS2_PLACEMENT_3D('',#10629,#8360,#8361);
#7126=AXIS2_PLACEMENT_3D('',#10632,#8364,#8365);
#7127=AXIS2_PLACEMENT_3D('',#10635,#8368,#8369);
#7128=AXIS2_PLACEMENT_3D('',#10638,#8372,#8373);
#7129=AXIS2_PLACEMENT_3D('',#10641,#8376,#8377);
#7130=AXIS2_PLACEMENT_3D('',#10644,#8380,#8381);
#7131=AXIS2_PLACEMENT_3D('',#10647,#8384,#8385);
#7132=AXIS2_PLACEMENT_3D('',#10650,#8388,#8389);
#7133=AXIS2_PLACEMENT_3D('',#10653,#8392,#8393);
#7134=AXIS2_PLACEMENT_3D('',#10656,#8396,#8397);
#7135=AXIS2_PLACEMENT_3D('',#10659,#8400,#8401);
#7136=AXIS2_PLACEMENT_3D('',#10662,#8404,#8405);
#7137=AXIS2_PLACEMENT_3D('',#10665,#8408,#8409);
#7138=AXIS2_PLACEMENT_3D('',#10668,#8412,#8413);
#7139=AXIS2_PLACEMENT_3D('',#10671,#8416,#8417);
#7140=AXIS2_PLACEMENT_3D('',#10674,#8420,#8421);
#7141=AXIS2_PLACEMENT_3D('',#10677,#8424,#8425);
#7142=AXIS2_PLACEMENT_3D('',#10680,#8428,#8429);
#7143=AXIS2_PLACEMENT_3D('',#10683,#8432,#8433);
#7144=AXIS2_PLACEMENT_3D('',#10686,#8436,#8437);
#7145=AXIS2_PLACEMENT_3D('',#10689,#8440,#8441);
#7146=AXIS2_PLACEMENT_3D('',#10692,#8444,#8445);
#7147=AXIS2_PLACEMENT_3D('',#10695,#8448,#8449);
#7148=AXIS2_PLACEMENT_3D('',#10698,#8452,#8453);
#7149=AXIS2_PLACEMENT_3D('',#10701,#8456,#8457);
#7150=AXIS2_PLACEMENT_3D('',#10704,#8460,#8461);
#7151=AXIS2_PLACEMENT_3D('',#10707,#8464,#8465);
#7152=AXIS2_PLACEMENT_3D('',#10710,#8468,#8469);
#7153=AXIS2_PLACEMENT_3D('',#10713,#8472,#8473);
#7154=AXIS2_PLACEMENT_3D('',#10714,#8474,#8475);
#7155=AXIS2_PLACEMENT_3D('',#10715,#8476,#8477);
#7156=AXIS2_PLACEMENT_3D('',#10716,#8478,#8479);
#7157=AXIS2_PLACEMENT_3D('',#10717,#8480,#8481);
#7158=AXIS2_PLACEMENT_3D('',#10718,#8482,#8483);
#7159=AXIS2_PLACEMENT_3D('',#10719,#8484,#8485);
#7160=AXIS2_PLACEMENT_3D('',#10720,#8486,#8487);
#7161=AXIS2_PLACEMENT_3D('',#10721,#8488,#8489);
#7162=AXIS2_PLACEMENT_3D('',#10722,#8490,#8491);
#7163=AXIS2_PLACEMENT_3D('',#10723,#8492,#8493);
#7164=AXIS2_PLACEMENT_3D('',#10724,#8494,#8495);
#7165=AXIS2_PLACEMENT_3D('',#10726,#8496,#8497);
#7166=AXIS2_PLACEMENT_3D('',#10728,#8499,#8500);
#7167=AXIS2_PLACEMENT_3D('',#10730,#8501,#8502);
#7168=AXIS2_PLACEMENT_3D('',#10732,#8504,#8505);
#7169=AXIS2_PLACEMENT_3D('',#10734,#8506,#8507);
#7170=AXIS2_PLACEMENT_3D('',#10736,#8509,#8510);
#7171=AXIS2_PLACEMENT_3D('',#10738,#8511,#8512);
#7172=AXIS2_PLACEMENT_3D('',#10740,#8514,#8515);
#7173=AXIS2_PLACEMENT_3D('',#10742,#8516,#8517);
#7174=AXIS2_PLACEMENT_3D('',#10744,#8519,#8520);
#7175=AXIS2_PLACEMENT_3D('',#10746,#8521,#8522);
#7176=AXIS2_PLACEMENT_3D('',#10748,#8524,#8525);
#7177=AXIS2_PLACEMENT_3D('',#10750,#8526,#8527);
#7178=AXIS2_PLACEMENT_3D('',#10752,#8529,#8530);
#7179=AXIS2_PLACEMENT_3D('',#10754,#8531,#8532);
#7180=AXIS2_PLACEMENT_3D('',#10756,#8534,#8535);
#7181=AXIS2_PLACEMENT_3D('',#10757,#8536,#8537);
#7182=AXIS2_PLACEMENT_3D('',#10758,#8538,#8539);
#7183=AXIS2_PLACEMENT_3D('',#10760,#8540,#8541);
#7184=AXIS2_PLACEMENT_3D('',#10762,#8543,#8544);
#7185=AXIS2_PLACEMENT_3D('',#10764,#8545,#8546);
#7186=AXIS2_PLACEMENT_3D('',#10766,#8548,#8549);
#7187=AXIS2_PLACEMENT_3D('',#10768,#8550,#8551);
#7188=AXIS2_PLACEMENT_3D('',#10770,#8553,#8554);
#7189=AXIS2_PLACEMENT_3D('',#10772,#8555,#8556);
#7190=AXIS2_PLACEMENT_3D('',#10774,#8558,#8559);
#7191=AXIS2_PLACEMENT_3D('',#10776,#8560,#8561);
#7192=AXIS2_PLACEMENT_3D('',#10778,#8563,#8564);
#7193=AXIS2_PLACEMENT_3D('',#10780,#8565,#8566);
#7194=AXIS2_PLACEMENT_3D('',#10782,#8568,#8569);
#7195=AXIS2_PLACEMENT_3D('',#10784,#8570,#8571);
#7196=AXIS2_PLACEMENT_3D('',#10786,#8573,#8574);
#7197=AXIS2_PLACEMENT_3D('',#10788,#8575,#8576);
#7198=AXIS2_PLACEMENT_3D('',#10790,#8578,#8579);
#7199=AXIS2_PLACEMENT_3D('',#10791,#8580,#8581);
#7200=AXIS2_PLACEMENT_3D('',#10792,#8582,#8583);
#7201=AXIS2_PLACEMENT_3D('',#10794,#8584,#8585);
#7202=AXIS2_PLACEMENT_3D('',#10796,#8587,#8588);
#7203=AXIS2_PLACEMENT_3D('',#10798,#8589,#8590);
#7204=AXIS2_PLACEMENT_3D('',#10800,#8592,#8593);
#7205=AXIS2_PLACEMENT_3D('',#10802,#8594,#8595);
#7206=AXIS2_PLACEMENT_3D('',#10804,#8597,#8598);
#7207=AXIS2_PLACEMENT_3D('',#10806,#8599,#8600);
#7208=AXIS2_PLACEMENT_3D('',#10808,#8602,#8603);
#7209=AXIS2_PLACEMENT_3D('',#10810,#8604,#8605);
#7210=AXIS2_PLACEMENT_3D('',#10812,#8607,#8608);
#7211=AXIS2_PLACEMENT_3D('',#10814,#8609,#8610);
#7212=AXIS2_PLACEMENT_3D('',#10816,#8612,#8613);
#7213=AXIS2_PLACEMENT_3D('',#10818,#8614,#8615);
#7214=AXIS2_PLACEMENT_3D('',#10820,#8617,#8618);
#7215=AXIS2_PLACEMENT_3D('',#10822,#8619,#8620);
#7216=AXIS2_PLACEMENT_3D('',#10824,#8622,#8623);
#7217=AXIS2_PLACEMENT_3D('',#10825,#8624,#8625);
#7218=AXIS2_PLACEMENT_3D('',#10826,#8626,#8627);
#7219=AXIS2_PLACEMENT_3D('',#10828,#8628,#8629);
#7220=AXIS2_PLACEMENT_3D('',#10830,#8631,#8632);
#7221=AXIS2_PLACEMENT_3D('',#10832,#8633,#8634);
#7222=AXIS2_PLACEMENT_3D('',#10834,#8636,#8637);
#7223=AXIS2_PLACEMENT_3D('',#10836,#8638,#8639);
#7224=AXIS2_PLACEMENT_3D('',#10838,#8641,#8642);
#7225=AXIS2_PLACEMENT_3D('',#10839,#8643,#8644);
#7226=AXIS2_PLACEMENT_3D('',#10841,#8645,#8646);
#7227=AXIS2_PLACEMENT_3D('',#10843,#8648,#8649);
#7228=AXIS2_PLACEMENT_3D('',#10844,#8650,#8651);
#7229=AXIS2_PLACEMENT_3D('',#10846,#8652,#8653);
#7230=AXIS2_PLACEMENT_3D('',#10848,#8655,#8656);
#7231=AXIS2_PLACEMENT_3D('',#10849,#8657,#8658);
#7232=AXIS2_PLACEMENT_3D('',#10851,#8659,#8660);
#7233=AXIS2_PLACEMENT_3D('',#10853,#8662,#8663);
#7234=AXIS2_PLACEMENT_3D('',#10854,#8664,#8665);
#7235=AXIS2_PLACEMENT_3D('',#10856,#8666,#8667);
#7236=AXIS2_PLACEMENT_3D('',#10858,#8669,#8670);
#7237=AXIS2_PLACEMENT_3D('',#10860,#8671,#8672);
#7238=AXIS2_PLACEMENT_3D('',#10862,#8674,#8675);
#7239=AXIS2_PLACEMENT_3D('',#10864,#8676,#8677);
#7240=AXIS2_PLACEMENT_3D('',#10866,#8679,#8680);
#7241=AXIS2_PLACEMENT_3D('',#10868,#8681,#8682);
#7242=AXIS2_PLACEMENT_3D('',#10870,#8684,#8685);
#7243=AXIS2_PLACEMENT_3D('',#10872,#8686,#8687);
#7244=AXIS2_PLACEMENT_3D('',#10874,#8689,#8690);
#7245=AXIS2_PLACEMENT_3D('',#10875,#8691,#8692);
#7246=AXIS2_PLACEMENT_3D('',#10877,#8693,#8694);
#7247=AXIS2_PLACEMENT_3D('',#10879,#8696,#8697);
#7248=AXIS2_PLACEMENT_3D('',#10880,#8698,#8699);
#7249=AXIS2_PLACEMENT_3D('',#10882,#8700,#8701);
#7250=AXIS2_PLACEMENT_3D('',#10884,#8703,#8704);
#7251=AXIS2_PLACEMENT_3D('',#10885,#8705,#8706);
#7252=AXIS2_PLACEMENT_3D('',#10886,#8707,#8708);
#7253=AXIS2_PLACEMENT_3D('',#10888,#8709,#8710);
#7254=AXIS2_PLACEMENT_3D('',#10890,#8712,#8713);
#7255=AXIS2_PLACEMENT_3D('',#10892,#8714,#8715);
#7256=AXIS2_PLACEMENT_3D('',#10894,#8717,#8718);
#7257=AXIS2_PLACEMENT_3D('',#10895,#8719,#8720);
#7258=AXIS2_PLACEMENT_3D('',#10897,#8721,#8722);
#7259=AXIS2_PLACEMENT_3D('',#10899,#8724,#8725);
#7260=AXIS2_PLACEMENT_3D('',#10901,#8726,#8727);
#7261=AXIS2_PLACEMENT_3D('',#10903,#8729,#8730);
#7262=AXIS2_PLACEMENT_3D('',#10905,#8731,#8732);
#7263=AXIS2_PLACEMENT_3D('',#10907,#8734,#8735);
#7264=AXIS2_PLACEMENT_3D('',#10909,#8736,#8737);
#7265=AXIS2_PLACEMENT_3D('',#10911,#8739,#8740);
#7266=AXIS2_PLACEMENT_3D('',#10913,#8741,#8742);
#7267=AXIS2_PLACEMENT_3D('',#10915,#8744,#8745);
#7268=AXIS2_PLACEMENT_3D('',#10916,#8746,#8747);
#7269=AXIS2_PLACEMENT_3D('',#10917,#8748,#8749);
#7270=AXIS2_PLACEMENT_3D('',#10919,#8750,#8751);
#7271=AXIS2_PLACEMENT_3D('',#10921,#8753,#8754);
#7272=AXIS2_PLACEMENT_3D('',#10923,#8755,#8756);
#7273=AXIS2_PLACEMENT_3D('',#10925,#8758,#8759);
#7274=AXIS2_PLACEMENT_3D('',#10927,#8760,#8761);
#7275=AXIS2_PLACEMENT_3D('',#10929,#8763,#8764);
#7276=AXIS2_PLACEMENT_3D('',#10931,#8765,#8766);
#7277=AXIS2_PLACEMENT_3D('',#10933,#8768,#8769);
#7278=AXIS2_PLACEMENT_3D('',#10935,#8770,#8771);
#7279=AXIS2_PLACEMENT_3D('',#10937,#8773,#8774);
#7280=AXIS2_PLACEMENT_3D('',#10939,#8775,#8776);
#7281=AXIS2_PLACEMENT_3D('',#10941,#8778,#8779);
#7282=AXIS2_PLACEMENT_3D('',#10943,#8780,#8781);
#7283=AXIS2_PLACEMENT_3D('',#10945,#8783,#8784);
#7284=AXIS2_PLACEMENT_3D('',#10947,#8785,#8786);
#7285=AXIS2_PLACEMENT_3D('',#10949,#8788,#8789);
#7286=AXIS2_PLACEMENT_3D('',#10951,#8790,#8791);
#7287=AXIS2_PLACEMENT_3D('',#10953,#8793,#8794);
#7288=AXIS2_PLACEMENT_3D('',#10955,#8795,#8796);
#7289=AXIS2_PLACEMENT_3D('',#10957,#8798,#8799);
#7290=AXIS2_PLACEMENT_3D('',#10959,#8800,#8801);
#7291=AXIS2_PLACEMENT_3D('',#10961,#8803,#8804);
#7292=AXIS2_PLACEMENT_3D('',#10963,#8805,#8806);
#7293=AXIS2_PLACEMENT_3D('',#10965,#8808,#8809);
#7294=AXIS2_PLACEMENT_3D('',#10966,#8810,#8811);
#7295=AXIS2_PLACEMENT_3D('',#10967,#8812,#8813);
#7296=AXIS2_PLACEMENT_3D('',#10969,#8814,#8815);
#7297=AXIS2_PLACEMENT_3D('',#10971,#8817,#8818);
#7298=AXIS2_PLACEMENT_3D('',#10972,#8819,#8820);
#7299=AXIS2_PLACEMENT_3D('',#10974,#8821,#8822);
#7300=AXIS2_PLACEMENT_3D('',#10976,#8824,#8825);
#7301=AXIS2_PLACEMENT_3D('',#10977,#8826,#8827);
#7302=AXIS2_PLACEMENT_3D('',#10979,#8828,#8829);
#7303=AXIS2_PLACEMENT_3D('',#10981,#8831,#8832);
#7304=AXIS2_PLACEMENT_3D('',#10982,#8833,#8834);
#7305=AXIS2_PLACEMENT_3D('',#10984,#8835,#8836);
#7306=AXIS2_PLACEMENT_3D('',#10986,#8838,#8839);
#7307=AXIS2_PLACEMENT_3D('',#10987,#8840,#8841);
#7308=AXIS2_PLACEMENT_3D('',#10989,#8842,#8843);
#7309=AXIS2_PLACEMENT_3D('',#10991,#8845,#8846);
#7310=AXIS2_PLACEMENT_3D('',#10992,#8847,#8848);
#7311=AXIS2_PLACEMENT_3D('',#10993,#8849,#8850);
#7312=AXIS2_PLACEMENT_3D('',#10995,#8851,#8852);
#7313=AXIS2_PLACEMENT_3D('',#10997,#8854,#8855);
#7314=AXIS2_PLACEMENT_3D('',#10999,#8856,#8857);
#7315=AXIS2_PLACEMENT_3D('',#11001,#8859,#8860);
#7316=AXIS2_PLACEMENT_3D('',#11003,#8861,#8862);
#7317=AXIS2_PLACEMENT_3D('',#11005,#8864,#8865);
#7318=AXIS2_PLACEMENT_3D('',#11007,#8866,#8867);
#7319=AXIS2_PLACEMENT_3D('',#11008,#8868,#8869);
#7320=AXIS2_PLACEMENT_3D('',#11010,#8870,#8871);
#7321=AXIS2_PLACEMENT_3D('',#11011,#8872,#8873);
#7322=AXIS2_PLACEMENT_3D('',#11013,#8874,#8875);
#7323=AXIS2_PLACEMENT_3D('',#11014,#8876,#8877);
#7324=AXIS2_PLACEMENT_3D('',#11016,#8878,#8879);
#7325=AXIS2_PLACEMENT_3D('',#11017,#8880,#8881);
#7326=AXIS2_PLACEMENT_3D('',#11019,#8882,#8883);
#7327=AXIS2_PLACEMENT_3D('',#11020,#8884,#8885);
#7328=AXIS2_PLACEMENT_3D('',#11022,#8886,#8887);
#7329=AXIS2_PLACEMENT_3D('',#11023,#8888,#8889);
#7330=AXIS2_PLACEMENT_3D('',#11025,#8890,#8891);
#7331=AXIS2_PLACEMENT_3D('',#11026,#8892,#8893);
#7332=AXIS2_PLACEMENT_3D('',#11028,#8894,#8895);
#7333=AXIS2_PLACEMENT_3D('',#11029,#8896,#8897);
#7334=AXIS2_PLACEMENT_3D('',#11031,#8898,#8899);
#7335=AXIS2_PLACEMENT_3D('',#11032,#8900,#8901);
#7336=AXIS2_PLACEMENT_3D('',#11034,#8902,#8903);
#7337=AXIS2_PLACEMENT_3D('',#11035,#8904,#8905);
#7338=AXIS2_PLACEMENT_3D('',#11037,#8906,#8907);
#7339=AXIS2_PLACEMENT_3D('',#11038,#8908,#8909);
#7340=AXIS2_PLACEMENT_3D('',#11040,#8910,#8911);
#7341=AXIS2_PLACEMENT_3D('',#11041,#8912,#8913);
#7342=AXIS2_PLACEMENT_3D('',#11043,#8914,#8915);
#7343=AXIS2_PLACEMENT_3D('',#11044,#8916,#8917);
#7344=AXIS2_PLACEMENT_3D('',#11046,#8918,#8919);
#7345=AXIS2_PLACEMENT_3D('',#11047,#8920,#8921);
#7346=AXIS2_PLACEMENT_3D('',#11049,#8922,#8923);
#7347=AXIS2_PLACEMENT_3D('',#11050,#8924,#8925);
#7348=AXIS2_PLACEMENT_3D('',#11052,#8926,#8927);
#7349=AXIS2_PLACEMENT_3D('',#11053,#8928,#8929);
#7350=AXIS2_PLACEMENT_3D('',#11055,#8930,#8931);
#7351=AXIS2_PLACEMENT_3D('',#11056,#8932,#8933);
#7352=AXIS2_PLACEMENT_3D('',#11058,#8934,#8935);
#7353=AXIS2_PLACEMENT_3D('',#11059,#8936,#8937);
#7354=AXIS2_PLACEMENT_3D('',#11061,#8938,#8939);
#7355=AXIS2_PLACEMENT_3D('',#11062,#8940,#8941);
#7356=AXIS2_PLACEMENT_3D('',#11064,#8942,#8943);
#7357=AXIS2_PLACEMENT_3D('',#11065,#8944,#8945);
#7358=AXIS2_PLACEMENT_3D('',#11067,#8946,#8947);
#7359=AXIS2_PLACEMENT_3D('',#11068,#8948,#8949);
#7360=AXIS2_PLACEMENT_3D('',#11070,#8950,#8951);
#7361=AXIS2_PLACEMENT_3D('',#11071,#8952,#8953);
#7362=AXIS2_PLACEMENT_3D('',#11073,#8954,#8955);
#7363=AXIS2_PLACEMENT_3D('',#11074,#8956,#8957);
#7364=AXIS2_PLACEMENT_3D('',#11076,#8958,#8959);
#7365=AXIS2_PLACEMENT_3D('',#11077,#8960,#8961);
#7366=AXIS2_PLACEMENT_3D('',#11079,#8962,#8963);
#7367=AXIS2_PLACEMENT_3D('',#11080,#8964,#8965);
#7368=AXIS2_PLACEMENT_3D('',#11082,#8966,#8967);
#7369=AXIS2_PLACEMENT_3D('',#11083,#8968,#8969);
#7370=AXIS2_PLACEMENT_3D('',#11085,#8970,#8971);
#7371=AXIS2_PLACEMENT_3D('',#11086,#8972,#8973);
#7372=AXIS2_PLACEMENT_3D('',#11088,#8974,#8975);
#7373=AXIS2_PLACEMENT_3D('',#11089,#8976,#8977);
#7374=AXIS2_PLACEMENT_3D('',#11091,#8978,#8979);
#7375=AXIS2_PLACEMENT_3D('',#11092,#8980,#8981);
#7376=AXIS2_PLACEMENT_3D('',#11094,#8982,#8983);
#7377=AXIS2_PLACEMENT_3D('',#11095,#8984,#8985);
#7378=AXIS2_PLACEMENT_3D('',#11097,#8986,#8987);
#7379=AXIS2_PLACEMENT_3D('',#11098,#8988,#8989);
#7380=AXIS2_PLACEMENT_3D('',#11100,#8990,#8991);
#7381=AXIS2_PLACEMENT_3D('',#11101,#8992,#8993);
#7382=AXIS2_PLACEMENT_3D('',#11103,#8994,#8995);
#7383=AXIS2_PLACEMENT_3D('',#11104,#8996,#8997);
#7384=AXIS2_PLACEMENT_3D('',#11106,#8998,#8999);
#7385=AXIS2_PLACEMENT_3D('',#11107,#9000,#9001);
#7386=AXIS2_PLACEMENT_3D('',#11109,#9002,#9003);
#7387=AXIS2_PLACEMENT_3D('',#11110,#9004,#9005);
#7388=AXIS2_PLACEMENT_3D('',#11112,#9006,#9007);
#7389=AXIS2_PLACEMENT_3D('',#11113,#9008,#9009);
#7390=AXIS2_PLACEMENT_3D('',#11115,#9010,#9011);
#7391=AXIS2_PLACEMENT_3D('',#11116,#9012,#9013);
#7392=AXIS2_PLACEMENT_3D('',#11118,#9014,#9015);
#7393=AXIS2_PLACEMENT_3D('',#11119,#9016,#9017);
#7394=AXIS2_PLACEMENT_3D('',#11121,#9018,#9019);
#7395=AXIS2_PLACEMENT_3D('',#11122,#9020,#9021);
#7396=AXIS2_PLACEMENT_3D('',#11124,#9022,#9023);
#7397=AXIS2_PLACEMENT_3D('',#11125,#9024,#9025);
#7398=AXIS2_PLACEMENT_3D('',#11127,#9026,#9027);
#7399=AXIS2_PLACEMENT_3D('',#11128,#9028,#9029);
#7400=AXIS2_PLACEMENT_3D('',#11130,#9030,#9031);
#7401=AXIS2_PLACEMENT_3D('',#11131,#9032,#9033);
#7402=AXIS2_PLACEMENT_3D('',#11133,#9034,#9035);
#7403=AXIS2_PLACEMENT_3D('',#11134,#9036,#9037);
#7404=AXIS2_PLACEMENT_3D('',#11136,#9038,#9039);
#7405=AXIS2_PLACEMENT_3D('',#11137,#9040,#9041);
#7406=AXIS2_PLACEMENT_3D('',#11139,#9042,#9043);
#7407=AXIS2_PLACEMENT_3D('',#11140,#9044,#9045);
#7408=AXIS2_PLACEMENT_3D('',#11142,#9046,#9047);
#7409=AXIS2_PLACEMENT_3D('',#11143,#9048,#9049);
#7410=AXIS2_PLACEMENT_3D('',#11145,#9050,#9051);
#7411=AXIS2_PLACEMENT_3D('',#11146,#9052,#9053);
#7412=AXIS2_PLACEMENT_3D('',#11148,#9054,#9055);
#7413=AXIS2_PLACEMENT_3D('',#11149,#9056,#9057);
#7414=AXIS2_PLACEMENT_3D('',#11151,#9058,#9059);
#7415=AXIS2_PLACEMENT_3D('',#11152,#9060,#9061);
#7416=AXIS2_PLACEMENT_3D('',#11154,#9062,#9063);
#7417=AXIS2_PLACEMENT_3D('',#11155,#9064,#9065);
#7418=AXIS2_PLACEMENT_3D('',#11157,#9066,#9067);
#7419=AXIS2_PLACEMENT_3D('',#11158,#9068,#9069);
#7420=AXIS2_PLACEMENT_3D('',#11160,#9070,#9071);
#7421=AXIS2_PLACEMENT_3D('',#11161,#9072,#9073);
#7422=AXIS2_PLACEMENT_3D('',#11163,#9074,#9075);
#7423=AXIS2_PLACEMENT_3D('',#11164,#9076,#9077);
#7424=AXIS2_PLACEMENT_3D('',#11166,#9078,#9079);
#7425=AXIS2_PLACEMENT_3D('',#11167,#9080,#9081);
#7426=AXIS2_PLACEMENT_3D('',#11169,#9082,#9083);
#7427=AXIS2_PLACEMENT_3D('',#11170,#9084,#9085);
#7428=AXIS2_PLACEMENT_3D('',#11172,#9086,#9087);
#7429=AXIS2_PLACEMENT_3D('',#11173,#9088,#9089);
#7430=AXIS2_PLACEMENT_3D('',#11175,#9090,#9091);
#7431=AXIS2_PLACEMENT_3D('',#11176,#9092,#9093);
#7432=AXIS2_PLACEMENT_3D('',#11178,#9094,#9095);
#7433=AXIS2_PLACEMENT_3D('',#11179,#9096,#9097);
#7434=AXIS2_PLACEMENT_3D('',#11181,#9098,#9099);
#7435=AXIS2_PLACEMENT_3D('',#11182,#9100,#9101);
#7436=AXIS2_PLACEMENT_3D('',#11184,#9102,#9103);
#7437=AXIS2_PLACEMENT_3D('',#11185,#9104,#9105);
#7438=AXIS2_PLACEMENT_3D('',#11187,#9106,#9107);
#7439=AXIS2_PLACEMENT_3D('',#11188,#9108,#9109);
#7440=AXIS2_PLACEMENT_3D('',#11190,#9110,#9111);
#7441=AXIS2_PLACEMENT_3D('',#11191,#9112,#9113);
#7442=AXIS2_PLACEMENT_3D('',#11193,#9114,#9115);
#7443=AXIS2_PLACEMENT_3D('',#11194,#9116,#9117);
#7444=AXIS2_PLACEMENT_3D('',#11196,#9118,#9119);
#7445=AXIS2_PLACEMENT_3D('',#11197,#9120,#9121);
#7446=AXIS2_PLACEMENT_3D('',#11199,#9122,#9123);
#7447=AXIS2_PLACEMENT_3D('',#11201,#9125,#9126);
#7448=AXIS2_PLACEMENT_3D('',#11203,#9127,#9128);
#7449=AXIS2_PLACEMENT_3D('',#11205,#9130,#9131);
#7450=AXIS2_PLACEMENT_3D('',#11207,#9132,#9133);
#7451=AXIS2_PLACEMENT_3D('',#11209,#9135,#9136);
#7452=AXIS2_PLACEMENT_3D('',#11211,#9137,#9138);
#7453=AXIS2_PLACEMENT_3D('',#11213,#9140,#9141);
#7454=AXIS2_PLACEMENT_3D('',#11215,#9142,#9143);
#7455=AXIS2_PLACEMENT_3D('',#11217,#9145,#9146);
#7456=AXIS2_PLACEMENT_3D('',#11219,#9147,#9148);
#7457=AXIS2_PLACEMENT_3D('',#11221,#9150,#9151);
#7458=AXIS2_PLACEMENT_3D('',#11223,#9152,#9153);
#7459=AXIS2_PLACEMENT_3D('',#11225,#9155,#9156);
#7460=AXIS2_PLACEMENT_3D('',#11227,#9157,#9158);
#7461=AXIS2_PLACEMENT_3D('',#11229,#9160,#9161);
#7462=AXIS2_PLACEMENT_3D('',#11231,#9162,#9163);
#7463=AXIS2_PLACEMENT_3D('',#11233,#9165,#9166);
#7464=AXIS2_PLACEMENT_3D('',#11235,#9167,#9168);
#7465=AXIS2_PLACEMENT_3D('',#11237,#9170,#9171);
#7466=AXIS2_PLACEMENT_3D('',#11239,#9172,#9173);
#7467=AXIS2_PLACEMENT_3D('',#11241,#9175,#9176);
#7468=AXIS2_PLACEMENT_3D('',#11243,#9177,#9178);
#7469=AXIS2_PLACEMENT_3D('',#11245,#9180,#9181);
#7470=AXIS2_PLACEMENT_3D('',#11247,#9182,#9183);
#7471=AXIS2_PLACEMENT_3D('',#11249,#9185,#9186);
#7472=AXIS2_PLACEMENT_3D('',#11251,#9187,#9188);
#7473=AXIS2_PLACEMENT_3D('',#11253,#9190,#9191);
#7474=AXIS2_PLACEMENT_3D('',#11255,#9192,#9193);
#7475=AXIS2_PLACEMENT_3D('',#11257,#9195,#9196);
#7476=AXIS2_PLACEMENT_3D('',#11259,#9197,#9198);
#7477=AXIS2_PLACEMENT_3D('',#11261,#9200,#9201);
#7478=AXIS2_PLACEMENT_3D('',#11263,#9202,#9203);
#7479=AXIS2_PLACEMENT_3D('',#11265,#9205,#9206);
#7480=AXIS2_PLACEMENT_3D('',#11267,#9207,#9208);
#7481=AXIS2_PLACEMENT_3D('',#11269,#9210,#9211);
#7482=AXIS2_PLACEMENT_3D('',#11271,#9212,#9213);
#7483=AXIS2_PLACEMENT_3D('',#11273,#9215,#9216);
#7484=AXIS2_PLACEMENT_3D('',#11275,#9217,#9218);
#7485=AXIS2_PLACEMENT_3D('',#11277,#9220,#9221);
#7486=AXIS2_PLACEMENT_3D('',#11279,#9222,#9223);
#7487=AXIS2_PLACEMENT_3D('',#11281,#9225,#9226);
#7488=AXIS2_PLACEMENT_3D('',#11283,#9227,#9228);
#7489=AXIS2_PLACEMENT_3D('',#11285,#9230,#9231);
#7490=AXIS2_PLACEMENT_3D('',#11287,#9232,#9233);
#7491=AXIS2_PLACEMENT_3D('',#11289,#9235,#9236);
#7492=AXIS2_PLACEMENT_3D('',#11291,#9237,#9238);
#7493=AXIS2_PLACEMENT_3D('',#11293,#9240,#9241);
#7494=AXIS2_PLACEMENT_3D('',#11295,#9242,#9243);
#7495=AXIS2_PLACEMENT_3D('',#11297,#9245,#9246);
#7496=AXIS2_PLACEMENT_3D('',#11299,#9247,#9248);
#7497=AXIS2_PLACEMENT_3D('',#11301,#9250,#9251);
#7498=AXIS2_PLACEMENT_3D('',#11303,#9252,#9253);
#7499=AXIS2_PLACEMENT_3D('',#11305,#9255,#9256);
#7500=AXIS2_PLACEMENT_3D('',#11307,#9257,#9258);
#7501=AXIS2_PLACEMENT_3D('',#11309,#9260,#9261);
#7502=AXIS2_PLACEMENT_3D('',#11311,#9262,#9263);
#7503=AXIS2_PLACEMENT_3D('',#11313,#9265,#9266);
#7504=AXIS2_PLACEMENT_3D('',#11315,#9267,#9268);
#7505=AXIS2_PLACEMENT_3D('',#11317,#9270,#9271);
#7506=AXIS2_PLACEMENT_3D('',#11319,#9272,#9273);
#7507=AXIS2_PLACEMENT_3D('',#11321,#9275,#9276);
#7508=AXIS2_PLACEMENT_3D('',#11323,#9277,#9278);
#7509=AXIS2_PLACEMENT_3D('',#11325,#9280,#9281);
#7510=AXIS2_PLACEMENT_3D('',#11327,#9282,#9283);
#7511=AXIS2_PLACEMENT_3D('',#11329,#9285,#9286);
#7512=AXIS2_PLACEMENT_3D('',#11331,#9287,#9288);
#7513=AXIS2_PLACEMENT_3D('',#11333,#9290,#9291);
#7514=AXIS2_PLACEMENT_3D('',#11335,#9292,#9293);
#7515=AXIS2_PLACEMENT_3D('',#11337,#9295,#9296);
#7516=AXIS2_PLACEMENT_3D('',#11339,#9297,#9298);
#7517=AXIS2_PLACEMENT_3D('',#11341,#9300,#9301);
#7518=AXIS2_PLACEMENT_3D('',#11343,#9302,#9303);
#7519=AXIS2_PLACEMENT_3D('',#11345,#9305,#9306);
#7520=AXIS2_PLACEMENT_3D('',#11347,#9307,#9308);
#7521=AXIS2_PLACEMENT_3D('',#11349,#9310,#9311);
#7522=AXIS2_PLACEMENT_3D('',#11351,#9312,#9313);
#7523=AXIS2_PLACEMENT_3D('',#11353,#9315,#9316);
#7524=AXIS2_PLACEMENT_3D('',#11355,#9317,#9318);
#7525=AXIS2_PLACEMENT_3D('',#11357,#9320,#9321);
#7526=AXIS2_PLACEMENT_3D('',#11359,#9322,#9323);
#7527=AXIS2_PLACEMENT_3D('',#11361,#9325,#9326);
#7528=AXIS2_PLACEMENT_3D('',#11363,#9327,#9328);
#7529=AXIS2_PLACEMENT_3D('',#11365,#9330,#9331);
#7530=AXIS2_PLACEMENT_3D('',#11367,#9332,#9333);
#7531=AXIS2_PLACEMENT_3D('',#11369,#9335,#9336);
#7532=AXIS2_PLACEMENT_3D('',#11371,#9337,#9338);
#7533=AXIS2_PLACEMENT_3D('',#11373,#9340,#9341);
#7534=AXIS2_PLACEMENT_3D('',#11375,#9342,#9343);
#7535=AXIS2_PLACEMENT_3D('',#11377,#9345,#9346);
#7536=AXIS2_PLACEMENT_3D('',#11379,#9347,#9348);
#7537=AXIS2_PLACEMENT_3D('',#11381,#9350,#9351);
#7538=AXIS2_PLACEMENT_3D('',#11383,#9352,#9353);
#7539=AXIS2_PLACEMENT_3D('',#11385,#9355,#9356);
#7540=AXIS2_PLACEMENT_3D('',#11387,#9357,#9358);
#7541=AXIS2_PLACEMENT_3D('',#11389,#9360,#9361);
#7542=AXIS2_PLACEMENT_3D('',#11391,#9362,#9363);
#7543=AXIS2_PLACEMENT_3D('',#11393,#9365,#9366);
#7544=AXIS2_PLACEMENT_3D('',#11395,#9367,#9368);
#7545=AXIS2_PLACEMENT_3D('',#11397,#9370,#9371);
#7546=AXIS2_PLACEMENT_3D('',#11399,#9372,#9373);
#7547=AXIS2_PLACEMENT_3D('',#11401,#9375,#9376);
#7548=AXIS2_PLACEMENT_3D('',#11403,#9377,#9378);
#7549=AXIS2_PLACEMENT_3D('',#11405,#9380,#9381);
#7550=AXIS2_PLACEMENT_3D('',#11407,#9382,#9383);
#7551=AXIS2_PLACEMENT_3D('',#11409,#9385,#9386);
#7552=AXIS2_PLACEMENT_3D('',#11411,#9387,#9388);
#7553=AXIS2_PLACEMENT_3D('',#11413,#9390,#9391);
#7554=AXIS2_PLACEMENT_3D('',#11415,#9392,#9393);
#7555=AXIS2_PLACEMENT_3D('',#11417,#9395,#9396);
#7556=AXIS2_PLACEMENT_3D('',#11419,#9397,#9398);
#7557=AXIS2_PLACEMENT_3D('',#11421,#9400,#9401);
#7558=AXIS2_PLACEMENT_3D('',#11423,#9402,#9403);
#7559=AXIS2_PLACEMENT_3D('',#11425,#9405,#9406);
#7560=AXIS2_PLACEMENT_3D('',#11427,#9407,#9408);
#7561=AXIS2_PLACEMENT_3D('',#11429,#9410,#9411);
#7562=AXIS2_PLACEMENT_3D('',#11431,#9412,#9413);
#7563=AXIS2_PLACEMENT_3D('',#11433,#9415,#9416);
#7564=AXIS2_PLACEMENT_3D('',#11435,#9417,#9418);
#7565=AXIS2_PLACEMENT_3D('',#11437,#9420,#9421);
#7566=AXIS2_PLACEMENT_3D('',#11439,#9422,#9423);
#7567=AXIS2_PLACEMENT_3D('',#11441,#9425,#9426);
#7568=AXIS2_PLACEMENT_3D('',#11443,#9427,#9428);
#7569=AXIS2_PLACEMENT_3D('',#11445,#9430,#9431);
#7570=AXIS2_PLACEMENT_3D('',#11447,#9432,#9433);
#7571=AXIS2_PLACEMENT_3D('',#11449,#9435,#9436);
#7572=AXIS2_PLACEMENT_3D('',#11451,#9437,#9438);
#7573=AXIS2_PLACEMENT_3D('',#11453,#9440,#9441);
#7574=AXIS2_PLACEMENT_3D('',#11455,#9442,#9443);
#7575=AXIS2_PLACEMENT_3D('',#11457,#9445,#9446);
#7576=AXIS2_PLACEMENT_3D('',#11459,#9447,#9448);
#7577=AXIS2_PLACEMENT_3D('',#11461,#9450,#9451);
#7578=AXIS2_PLACEMENT_3D('',#11463,#9452,#9453);
#7579=AXIS2_PLACEMENT_3D('',#11465,#9455,#9456);
#7580=AXIS2_PLACEMENT_3D('',#11467,#9457,#9458);
#7581=AXIS2_PLACEMENT_3D('',#11469,#9460,#9461);
#7582=AXIS2_PLACEMENT_3D('',#11471,#9462,#9463);
#7583=AXIS2_PLACEMENT_3D('',#11473,#9465,#9466);
#7584=AXIS2_PLACEMENT_3D('',#11475,#9467,#9468);
#7585=AXIS2_PLACEMENT_3D('',#11477,#9470,#9471);
#7586=AXIS2_PLACEMENT_3D('',#11479,#9472,#9473);
#7587=AXIS2_PLACEMENT_3D('',#11481,#9475,#9476);
#7588=AXIS2_PLACEMENT_3D('',#11483,#9477,#9478);
#7589=AXIS2_PLACEMENT_3D('',#11485,#9480,#9481);
#7590=AXIS2_PLACEMENT_3D('',#11487,#9482,#9483);
#7591=AXIS2_PLACEMENT_3D('',#11489,#9485,#9486);
#7592=AXIS2_PLACEMENT_3D('',#11491,#9487,#9488);
#7593=AXIS2_PLACEMENT_3D('',#11493,#9490,#9491);
#7594=AXIS2_PLACEMENT_3D('',#11495,#9492,#9493);
#7595=AXIS2_PLACEMENT_3D('',#11497,#9495,#9496);
#7596=AXIS2_PLACEMENT_3D('',#11499,#9497,#9498);
#7597=AXIS2_PLACEMENT_3D('',#11501,#9500,#9501);
#7598=AXIS2_PLACEMENT_3D('',#11503,#9502,#9503);
#7599=AXIS2_PLACEMENT_3D('',#11505,#9505,#9506);
#7600=AXIS2_PLACEMENT_3D('',#11507,#9507,#9508);
#7601=AXIS2_PLACEMENT_3D('',#11509,#9510,#9511);
#7602=AXIS2_PLACEMENT_3D('',#11511,#9512,#9513);
#7603=AXIS2_PLACEMENT_3D('',#11513,#9515,#9516);
#7604=AXIS2_PLACEMENT_3D('',#11515,#9517,#9518);
#7605=AXIS2_PLACEMENT_3D('',#11517,#9520,#9521);
#7606=AXIS2_PLACEMENT_3D('',#11519,#9522,#9523);
#7607=AXIS2_PLACEMENT_3D('',#11521,#9525,#9526);
#7608=AXIS2_PLACEMENT_3D('',#11523,#9527,#9528);
#7609=AXIS2_PLACEMENT_3D('',#11525,#9530,#9531);
#7610=AXIS2_PLACEMENT_3D('',#11527,#9532,#9533);
#7611=AXIS2_PLACEMENT_3D('',#11529,#9535,#9536);
#7612=AXIS2_PLACEMENT_3D('',#11531,#9537,#9538);
#7613=AXIS2_PLACEMENT_3D('',#11533,#9540,#9541);
#7614=AXIS2_PLACEMENT_3D('',#11535,#9542,#9543);
#7615=AXIS2_PLACEMENT_3D('',#11537,#9545,#9546);
#7616=AXIS2_PLACEMENT_3D('',#11539,#9547,#9548);
#7617=AXIS2_PLACEMENT_3D('',#11541,#9550,#9551);
#7618=AXIS2_PLACEMENT_3D('',#11543,#9552,#9553);
#7619=AXIS2_PLACEMENT_3D('',#11545,#9555,#9556);
#7620=AXIS2_PLACEMENT_3D('',#11547,#9557,#9558);
#7621=AXIS2_PLACEMENT_3D('',#11549,#9560,#9561);
#7622=AXIS2_PLACEMENT_3D('',#11551,#9562,#9563);
#7623=AXIS2_PLACEMENT_3D('',#11553,#9565,#9566);
#7624=AXIS2_PLACEMENT_3D('',#11555,#9567,#9568);
#7625=AXIS2_PLACEMENT_3D('',#11557,#9570,#9571);
#7626=AXIS2_PLACEMENT_3D('',#11559,#9572,#9573);
#7627=AXIS2_PLACEMENT_3D('',#11561,#9575,#9576);
#7628=AXIS2_PLACEMENT_3D('',#11563,#9577,#9578);
#7629=AXIS2_PLACEMENT_3D('',#11565,#9580,#9581);
#7630=AXIS2_PLACEMENT_3D('',#11567,#9582,#9583);
#7631=AXIS2_PLACEMENT_3D('',#11569,#9585,#9586);
#7632=AXIS2_PLACEMENT_3D('',#11571,#9587,#9588);
#7633=AXIS2_PLACEMENT_3D('',#11573,#9590,#9591);
#7634=AXIS2_PLACEMENT_3D('',#11575,#9592,#9593);
#7635=AXIS2_PLACEMENT_3D('',#11577,#9595,#9596);
#7636=AXIS2_PLACEMENT_3D('',#11579,#9597,#9598);
#7637=AXIS2_PLACEMENT_3D('',#11581,#9600,#9601);
#7638=AXIS2_PLACEMENT_3D('',#11583,#9602,#9603);
#7639=AXIS2_PLACEMENT_3D('',#11585,#9605,#9606);
#7640=AXIS2_PLACEMENT_3D('',#11587,#9607,#9608);
#7641=AXIS2_PLACEMENT_3D('',#11589,#9610,#9611);
#7642=AXIS2_PLACEMENT_3D('',#11591,#9612,#9613);
#7643=AXIS2_PLACEMENT_3D('',#11593,#9615,#9616);
#7644=AXIS2_PLACEMENT_3D('',#11595,#9617,#9618);
#7645=AXIS2_PLACEMENT_3D('',#11597,#9620,#9621);
#7646=AXIS2_PLACEMENT_3D('',#11601,#9623,#9624);
#7647=AXIS2_PLACEMENT_3D('',#11603,#9626,#9627);
#7648=AXIS2_PLACEMENT_3D('',#11607,#9630,#9631);
#7649=AXIS2_PLACEMENT_3D('',#11609,#9632,#9633);
#7650=AXIS2_PLACEMENT_3D('',#11611,#9635,#9636);
#7651=AXIS2_PLACEMENT_3D('',#11615,#9639,#9640);
#7652=AXIS2_PLACEMENT_3D('',#11617,#9641,#9642);
#7653=AXIS2_PLACEMENT_3D('',#11619,#9644,#9645);
#7654=AXIS2_PLACEMENT_3D('',#11623,#9648,#9649);
#7655=AXIS2_PLACEMENT_3D('',#11625,#9650,#9651);
#7656=AXIS2_PLACEMENT_3D('',#11627,#9653,#9654);
#7657=AXIS2_PLACEMENT_3D('',#11631,#9657,#9658);
#7658=AXIS2_PLACEMENT_3D('',#11633,#9659,#9660);
#7659=AXIS2_PLACEMENT_3D('',#11635,#9662,#9663);
#7660=AXIS2_PLACEMENT_3D('',#11639,#9666,#9667);
#7661=AXIS2_PLACEMENT_3D('',#11641,#9668,#9669);
#7662=AXIS2_PLACEMENT_3D('',#11643,#9671,#9672);
#7663=AXIS2_PLACEMENT_3D('',#11647,#9675,#9676);
#7664=AXIS2_PLACEMENT_3D('',#11649,#9677,#9678);
#7665=AXIS2_PLACEMENT_3D('',#11651,#9680,#9681);
#7666=AXIS2_PLACEMENT_3D('',#11655,#9684,#9685);
#7667=AXIS2_PLACEMENT_3D('',#11657,#9686,#9687);
#7668=AXIS2_PLACEMENT_3D('',#11659,#9689,#9690);
#7669=AXIS2_PLACEMENT_3D('',#11663,#9693,#9694);
#7670=AXIS2_PLACEMENT_3D('',#11665,#9695,#9696);
#7671=AXIS2_PLACEMENT_3D('',#11667,#9698,#9699);
#7672=AXIS2_PLACEMENT_3D('',#11671,#9702,#9703);
#7673=AXIS2_PLACEMENT_3D('',#11675,#9706,#9707);
#7674=AXIS2_PLACEMENT_3D('',#11677,#9708,#9709);
#7675=AXIS2_PLACEMENT_3D('',#11679,#9711,#9712);
#7676=AXIS2_PLACEMENT_3D('',#11683,#9715,#9716);
#7677=AXIS2_PLACEMENT_3D('',#11685,#9717,#9718);
#7678=AXIS2_PLACEMENT_3D('',#11687,#9720,#9721);
#7679=AXIS2_PLACEMENT_3D('',#11691,#9724,#9725);
#7680=AXIS2_PLACEMENT_3D('',#11693,#9726,#9727);
#7681=AXIS2_PLACEMENT_3D('',#11695,#9729,#9730);
#7682=AXIS2_PLACEMENT_3D('',#11699,#9733,#9734);
#7683=AXIS2_PLACEMENT_3D('',#11701,#9735,#9736);
#7684=AXIS2_PLACEMENT_3D('',#11703,#9738,#9739);
#7685=AXIS2_PLACEMENT_3D('',#11707,#9742,#9743);
#7686=AXIS2_PLACEMENT_3D('',#11709,#9744,#9745);
#7687=AXIS2_PLACEMENT_3D('',#11711,#9747,#9748);
#7688=AXIS2_PLACEMENT_3D('',#11715,#9751,#9752);
#7689=AXIS2_PLACEMENT_3D('',#11717,#9753,#9754);
#7690=AXIS2_PLACEMENT_3D('',#11719,#9756,#9757);
#7691=AXIS2_PLACEMENT_3D('',#11723,#9760,#9761);
#7692=AXIS2_PLACEMENT_3D('',#11725,#9762,#9763);
#7693=AXIS2_PLACEMENT_3D('',#11727,#9765,#9766);
#7694=AXIS2_PLACEMENT_3D('',#11731,#9769,#9770);
#7695=AXIS2_PLACEMENT_3D('',#11733,#9771,#9772);
#7696=AXIS2_PLACEMENT_3D('',#11735,#9774,#9775);
#7697=AXIS2_PLACEMENT_3D('',#11739,#9778,#9779);
#7698=AXIS2_PLACEMENT_3D('',#11741,#9780,#9781);
#7699=AXIS2_PLACEMENT_3D('',#11743,#9783,#9784);
#7700=AXIS2_PLACEMENT_3D('',#11747,#9787,#9788);
#7701=AXIS2_PLACEMENT_3D('',#11751,#9791,#9792);
#7702=AXIS2_PLACEMENT_3D('',#11753,#9793,#9794);
#7703=AXIS2_PLACEMENT_3D('',#11755,#9796,#9797);
#7704=AXIS2_PLACEMENT_3D('',#11759,#9800,#9801);
#7705=AXIS2_PLACEMENT_3D('',#11761,#9802,#9803);
#7706=AXIS2_PLACEMENT_3D('',#11763,#9805,#9806);
#7707=AXIS2_PLACEMENT_3D('',#11767,#9809,#9810);
#7708=AXIS2_PLACEMENT_3D('',#11769,#9811,#9812);
#7709=AXIS2_PLACEMENT_3D('',#11771,#9814,#9815);
#7710=AXIS2_PLACEMENT_3D('',#11775,#9818,#9819);
#7711=AXIS2_PLACEMENT_3D('',#11777,#9820,#9821);
#7712=AXIS2_PLACEMENT_3D('',#11779,#9823,#9824);
#7713=AXIS2_PLACEMENT_3D('',#11783,#9827,#9828);
#7714=AXIS2_PLACEMENT_3D('',#11785,#9829,#9830);
#7715=AXIS2_PLACEMENT_3D('',#11787,#9832,#9833);
#7716=AXIS2_PLACEMENT_3D('',#11791,#9836,#9837);
#7717=AXIS2_PLACEMENT_3D('',#11793,#9838,#9839);
#7718=AXIS2_PLACEMENT_3D('',#11795,#9841,#9842);
#7719=AXIS2_PLACEMENT_3D('',#11799,#9845,#9846);
#7720=AXIS2_PLACEMENT_3D('',#11801,#9847,#9848);
#7721=AXIS2_PLACEMENT_3D('',#11803,#9850,#9851);
#7722=AXIS2_PLACEMENT_3D('',#11807,#9854,#9855);
#7723=AXIS2_PLACEMENT_3D('',#11809,#9856,#9857);
#7724=AXIS2_PLACEMENT_3D('',#11811,#9859,#9860);
#7725=AXIS2_PLACEMENT_3D('',#11815,#9863,#9864);
#7726=AXIS2_PLACEMENT_3D('',#11817,#9865,#9866);
#7727=AXIS2_PLACEMENT_3D('',#11819,#9868,#9869);
#7728=AXIS2_PLACEMENT_3D('',#11823,#9872,#9873);
#7729=AXIS2_PLACEMENT_3D('',#11827,#9876,#9877);
#7730=AXIS2_PLACEMENT_3D('',#11829,#9878,#9879);
#7731=AXIS2_PLACEMENT_3D('',#11831,#9881,#9882);
#7732=AXIS2_PLACEMENT_3D('',#11835,#9885,#9886);
#7733=AXIS2_PLACEMENT_3D('',#11837,#9887,#9888);
#7734=AXIS2_PLACEMENT_3D('',#11839,#9890,#9891);
#7735=AXIS2_PLACEMENT_3D('',#11843,#9894,#9895);
#7736=AXIS2_PLACEMENT_3D('',#11845,#9896,#9897);
#7737=AXIS2_PLACEMENT_3D('',#11847,#9899,#9900);
#7738=AXIS2_PLACEMENT_3D('',#11851,#9903,#9904);
#7739=AXIS2_PLACEMENT_3D('',#11853,#9905,#9906);
#7740=AXIS2_PLACEMENT_3D('',#11855,#9908,#9909);
#7741=AXIS2_PLACEMENT_3D('',#11859,#9912,#9913);
#7742=AXIS2_PLACEMENT_3D('',#11861,#9914,#9915);
#7743=AXIS2_PLACEMENT_3D('',#11863,#9917,#9918);
#7744=AXIS2_PLACEMENT_3D('',#11867,#9921,#9922);
#7745=AXIS2_PLACEMENT_3D('',#11869,#9923,#9924);
#7746=AXIS2_PLACEMENT_3D('',#11871,#9926,#9927);
#7747=AXIS2_PLACEMENT_3D('',#11875,#9930,#9931);
#7748=AXIS2_PLACEMENT_3D('',#11877,#9932,#9933);
#7749=AXIS2_PLACEMENT_3D('',#11879,#9935,#9936);
#7750=AXIS2_PLACEMENT_3D('',#11883,#9939,#9940);
#7751=AXIS2_PLACEMENT_3D('',#11885,#9941,#9942);
#7752=AXIS2_PLACEMENT_3D('',#11887,#9944,#9945);
#7753=AXIS2_PLACEMENT_3D('',#11891,#9948,#9949);
#7754=AXIS2_PLACEMENT_3D('',#11893,#9950,#9951);
#7755=AXIS2_PLACEMENT_3D('',#11895,#9953,#9954);
#7756=AXIS2_PLACEMENT_3D('',#11899,#9957,#9958);
#7757=AXIS2_PLACEMENT_3D('',#11901,#9960,#9961);
#7758=DIRECTION('axis',(0.,0.,1.));
#7759=DIRECTION('refdir',(1.,0.,0.));
#7760=DIRECTION('center_axis',(0.,1.,0.));
#7761=DIRECTION('ref_axis',(-1.,0.,0.));
#7762=DIRECTION('',(-1.,0.,0.));
#7763=DIRECTION('',(0.,0.,1.));
#7764=DIRECTION('',(-1.,0.,0.));
#7765=DIRECTION('',(0.,0.,-1.));
#7766=DIRECTION('center_axis',(0.,0.,1.));
#7767=DIRECTION('ref_axis',(1.,0.,0.));
#7768=DIRECTION('',(1.,0.,0.));
#7769=DIRECTION('',(0.,-1.,0.));
#7770=DIRECTION('center_axis',(0.,0.,1.));
#7771=DIRECTION('ref_axis',(1.,0.,0.));
#7772=DIRECTION('',(0.,-1.,0.));
#7773=DIRECTION('center_axis',(0.,0.,1.));
#7774=DIRECTION('ref_axis',(1.,0.,0.));
#7775=DIRECTION('',(0.,-1.,0.));
#7776=DIRECTION('center_axis',(0.,0.,1.));
#7777=DIRECTION('ref_axis',(1.,0.,0.));
#7778=DIRECTION('',(0.,-1.,0.));
#7779=DIRECTION('center_axis',(0.,0.,1.));
#7780=DIRECTION('ref_axis',(1.,0.,0.));
#7781=DIRECTION('',(0.,-1.,0.));
#7782=DIRECTION('center_axis',(0.,0.,1.));
#7783=DIRECTION('ref_axis',(1.,0.,0.));
#7784=DIRECTION('',(0.,-1.,0.));
#7785=DIRECTION('center_axis',(0.,0.,1.));
#7786=DIRECTION('ref_axis',(1.,0.,0.));
#7787=DIRECTION('',(0.,-1.,0.));
#7788=DIRECTION('center_axis',(0.,0.,1.));
#7789=DIRECTION('ref_axis',(1.,0.,0.));
#7790=DIRECTION('',(0.,-1.,0.));
#7791=DIRECTION('center_axis',(0.,0.,1.));
#7792=DIRECTION('ref_axis',(1.,0.,0.));
#7793=DIRECTION('',(0.,-1.,0.));
#7794=DIRECTION('center_axis',(0.,0.,1.));
#7795=DIRECTION('ref_axis',(1.,0.,0.));
#7796=DIRECTION('',(0.,-1.,0.));
#7797=DIRECTION('',(-1.,0.,0.));
#7798=DIRECTION('center_axis',(0.,0.,-1.));
#7799=DIRECTION('ref_axis',(0.,1.,0.));
#7800=DIRECTION('',(-1.,0.,0.));
#7801=DIRECTION('center_axis',(0.,0.,-1.));
#7802=DIRECTION('ref_axis',(0.,1.,0.));
#7803=DIRECTION('',(-1.,0.,0.));
#7804=DIRECTION('center_axis',(0.,0.,-1.));
#7805=DIRECTION('ref_axis',(0.,1.,0.));
#7806=DIRECTION('',(-1.,0.,0.));
#7807=DIRECTION('center_axis',(0.,0.,-1.));
#7808=DIRECTION('ref_axis',(0.,1.,0.));
#7809=DIRECTION('',(-1.,0.,0.));
#7810=DIRECTION('center_axis',(0.,0.,-1.));
#7811=DIRECTION('ref_axis',(0.,1.,0.));
#7812=DIRECTION('',(-1.,0.,0.));
#7813=DIRECTION('center_axis',(0.,0.,-1.));
#7814=DIRECTION('ref_axis',(0.,1.,0.));
#7815=DIRECTION('',(-1.,0.,0.));
#7816=DIRECTION('center_axis',(0.,0.,-1.));
#7817=DIRECTION('ref_axis',(0.,1.,0.));
#7818=DIRECTION('',(-1.,0.,0.));
#7819=DIRECTION('center_axis',(0.,0.,-1.));
#7820=DIRECTION('ref_axis',(0.,1.,0.));
#7821=DIRECTION('',(-1.,0.,0.));
#7822=DIRECTION('center_axis',(0.,0.,-1.));
#7823=DIRECTION('ref_axis',(0.,1.,0.));
#7824=DIRECTION('',(-1.,0.,0.));
#7825=DIRECTION('',(0.,1.,0.));
#7826=DIRECTION('center_axis',(0.,0.,-1.));
#7827=DIRECTION('ref_axis',(1.,0.,0.));
#7828=DIRECTION('',(0.,1.,0.));
#7829=DIRECTION('center_axis',(0.,0.,-1.));
#7830=DIRECTION('ref_axis',(1.,0.,0.));
#7831=DIRECTION('',(0.,1.,0.));
#7832=DIRECTION('center_axis',(0.,0.,-1.));
#7833=DIRECTION('ref_axis',(1.,0.,0.));
#7834=DIRECTION('',(0.,1.,0.));
#7835=DIRECTION('center_axis',(0.,0.,-1.));
#7836=DIRECTION('ref_axis',(1.,0.,0.));
#7837=DIRECTION('',(0.,1.,0.));
#7838=DIRECTION('center_axis',(0.,0.,-1.));
#7839=DIRECTION('ref_axis',(1.,0.,0.));
#7840=DIRECTION('',(0.,1.,0.));
#7841=DIRECTION('center_axis',(0.,0.,-1.));
#7842=DIRECTION('ref_axis',(1.,0.,0.));
#7843=DIRECTION('',(0.,1.,0.));
#7844=DIRECTION('center_axis',(0.,0.,-1.));
#7845=DIRECTION('ref_axis',(1.,0.,0.));
#7846=DIRECTION('',(0.,1.,0.));
#7847=DIRECTION('center_axis',(0.,0.,-1.));
#7848=DIRECTION('ref_axis',(1.,0.,0.));
#7849=DIRECTION('',(0.,1.,0.));
#7850=DIRECTION('center_axis',(0.,0.,-1.));
#7851=DIRECTION('ref_axis',(1.,0.,0.));
#7852=DIRECTION('',(0.,1.,0.));
#7853=DIRECTION('',(1.,0.,0.));
#7854=DIRECTION('center_axis',(0.,0.,1.));
#7855=DIRECTION('ref_axis',(0.,1.,0.));
#7856=DIRECTION('',(1.,0.,0.));
#7857=DIRECTION('center_axis',(0.,0.,1.));
#7858=DIRECTION('ref_axis',(0.,1.,0.));
#7859=DIRECTION('',(1.,0.,0.));
#7860=DIRECTION('center_axis',(0.,0.,1.));
#7861=DIRECTION('ref_axis',(0.,1.,0.));
#7862=DIRECTION('',(1.,0.,0.));
#7863=DIRECTION('center_axis',(0.,0.,1.));
#7864=DIRECTION('ref_axis',(0.,1.,0.));
#7865=DIRECTION('',(1.,0.,0.));
#7866=DIRECTION('center_axis',(0.,0.,1.));
#7867=DIRECTION('ref_axis',(0.,1.,0.));
#7868=DIRECTION('',(1.,0.,0.));
#7869=DIRECTION('center_axis',(0.,0.,1.));
#7870=DIRECTION('ref_axis',(0.,1.,0.));
#7871=DIRECTION('',(1.,0.,0.));
#7872=DIRECTION('center_axis',(0.,0.,1.));
#7873=DIRECTION('ref_axis',(0.,1.,0.));
#7874=DIRECTION('',(1.,0.,0.));
#7875=DIRECTION('center_axis',(0.,0.,1.));
#7876=DIRECTION('ref_axis',(0.,1.,0.));
#7877=DIRECTION('',(1.,0.,0.));
#7878=DIRECTION('center_axis',(0.,0.,1.));
#7879=DIRECTION('ref_axis',(0.,1.,0.));
#7880=DIRECTION('center_axis',(0.,0.,-1.));
#7881=DIRECTION('ref_axis',(-1.,0.,0.));
#7882=DIRECTION('center_axis',(0.,0.,-1.));
#7883=DIRECTION('ref_axis',(1.,0.,0.));
#7884=DIRECTION('center_axis',(0.,0.,-1.));
#7885=DIRECTION('ref_axis',(-1.,0.,0.));
#7886=DIRECTION('center_axis',(0.,0.,-1.));
#7887=DIRECTION('ref_axis',(1.,0.,0.));
#7888=DIRECTION('center_axis',(0.,0.,-1.));
#7889=DIRECTION('ref_axis',(-1.,0.,0.));
#7890=DIRECTION('center_axis',(0.,0.,-1.));
#7891=DIRECTION('ref_axis',(1.,0.,0.));
#7892=DIRECTION('center_axis',(0.,0.,-1.));
#7893=DIRECTION('ref_axis',(-1.,0.,0.));
#7894=DIRECTION('center_axis',(0.,0.,-1.));
#7895=DIRECTION('ref_axis',(1.,0.,0.));
#7896=DIRECTION('center_axis',(0.,0.,-1.));
#7897=DIRECTION('ref_axis',(-1.,0.,0.));
#7898=DIRECTION('center_axis',(0.,0.,-1.));
#7899=DIRECTION('ref_axis',(1.,0.,0.));
#7900=DIRECTION('center_axis',(0.,0.,-1.));
#7901=DIRECTION('ref_axis',(-1.,0.,0.));
#7902=DIRECTION('center_axis',(0.,0.,-1.));
#7903=DIRECTION('ref_axis',(1.,0.,0.));
#7904=DIRECTION('center_axis',(0.,0.,-1.));
#7905=DIRECTION('ref_axis',(-1.,0.,0.));
#7906=DIRECTION('center_axis',(0.,0.,-1.));
#7907=DIRECTION('ref_axis',(1.,0.,0.));
#7908=DIRECTION('center_axis',(0.,0.,-1.));
#7909=DIRECTION('ref_axis',(-1.,0.,0.));
#7910=DIRECTION('center_axis',(0.,0.,-1.));
#7911=DIRECTION('ref_axis',(1.,0.,0.));
#7912=DIRECTION('center_axis',(0.,0.,-1.));
#7913=DIRECTION('ref_axis',(-1.,0.,0.));
#7914=DIRECTION('center_axis',(0.,0.,-1.));
#7915=DIRECTION('ref_axis',(1.,0.,0.));
#7916=DIRECTION('center_axis',(0.,0.,-1.));
#7917=DIRECTION('ref_axis',(-1.,0.,0.));
#7918=DIRECTION('center_axis',(0.,0.,-1.));
#7919=DIRECTION('ref_axis',(1.,0.,0.));
#7920=DIRECTION('center_axis',(0.,0.,-1.));
#7921=DIRECTION('ref_axis',(-1.,0.,0.));
#7922=DIRECTION('center_axis',(0.,0.,-1.));
#7923=DIRECTION('ref_axis',(1.,0.,0.));
#7924=DIRECTION('center_axis',(0.,0.,-1.));
#7925=DIRECTION('ref_axis',(-1.,0.,0.));
#7926=DIRECTION('center_axis',(0.,0.,-1.));
#7927=DIRECTION('ref_axis',(1.,0.,0.));
#7928=DIRECTION('center_axis',(0.,0.,-1.));
#7929=DIRECTION('ref_axis',(-1.,0.,0.));
#7930=DIRECTION('center_axis',(0.,0.,-1.));
#7931=DIRECTION('ref_axis',(1.,0.,0.));
#7932=DIRECTION('center_axis',(0.,0.,-1.));
#7933=DIRECTION('ref_axis',(-1.,0.,0.));
#7934=DIRECTION('center_axis',(0.,0.,-1.));
#7935=DIRECTION('ref_axis',(1.,0.,0.));
#7936=DIRECTION('center_axis',(0.,0.,-1.));
#7937=DIRECTION('ref_axis',(-1.,0.,0.));
#7938=DIRECTION('center_axis',(0.,0.,-1.));
#7939=DIRECTION('ref_axis',(1.,0.,0.));
#7940=DIRECTION('center_axis',(0.,0.,-1.));
#7941=DIRECTION('ref_axis',(-1.,0.,0.));
#7942=DIRECTION('center_axis',(0.,0.,-1.));
#7943=DIRECTION('ref_axis',(1.,0.,0.));
#7944=DIRECTION('center_axis',(0.,0.,-1.));
#7945=DIRECTION('ref_axis',(-1.,0.,0.));
#7946=DIRECTION('center_axis',(0.,0.,-1.));
#7947=DIRECTION('ref_axis',(1.,0.,0.));
#7948=DIRECTION('center_axis',(0.,0.,-1.));
#7949=DIRECTION('ref_axis',(-1.,0.,0.));
#7950=DIRECTION('center_axis',(0.,0.,-1.));
#7951=DIRECTION('ref_axis',(1.,0.,0.));
#7952=DIRECTION('center_axis',(0.,0.,-1.));
#7953=DIRECTION('ref_axis',(-1.,0.,0.));
#7954=DIRECTION('',(0.,1.,0.));
#7955=DIRECTION('center_axis',(0.,0.,-1.));
#7956=DIRECTION('ref_axis',(-1.,0.,0.));
#7957=DIRECTION('',(0.,1.,0.));
#7958=DIRECTION('center_axis',(0.,0.,-1.));
#7959=DIRECTION('ref_axis',(-1.,0.,0.));
#7960=DIRECTION('',(0.,1.,0.));
#7961=DIRECTION('center_axis',(0.,0.,-1.));
#7962=DIRECTION('ref_axis',(-1.,0.,0.));
#7963=DIRECTION('',(0.,1.,0.));
#7964=DIRECTION('center_axis',(0.,0.,-1.));
#7965=DIRECTION('ref_axis',(-1.,0.,0.));
#7966=DIRECTION('',(0.,1.,0.));
#7967=DIRECTION('center_axis',(0.,0.,-1.));
#7968=DIRECTION('ref_axis',(-1.,0.,0.));
#7969=DIRECTION('',(0.,1.,0.));
#7970=DIRECTION('center_axis',(0.,0.,-1.));
#7971=DIRECTION('ref_axis',(-1.,0.,0.));
#7972=DIRECTION('',(0.,1.,0.));
#7973=DIRECTION('center_axis',(0.,0.,-1.));
#7974=DIRECTION('ref_axis',(-1.,0.,0.));
#7975=DIRECTION('',(0.,1.,0.));
#7976=DIRECTION('center_axis',(0.,0.,-1.));
#7977=DIRECTION('ref_axis',(-1.,0.,0.));
#7978=DIRECTION('',(0.,1.,0.));
#7979=DIRECTION('center_axis',(0.,0.,-1.));
#7980=DIRECTION('ref_axis',(-1.,0.,0.));
#7981=DIRECTION('',(-1.,0.,0.));
#7982=DIRECTION('center_axis',(0.,0.,-1.));
#7983=DIRECTION('ref_axis',(-1.,0.,0.));
#7984=DIRECTION('',(-1.,0.,0.));
#7985=DIRECTION('center_axis',(0.,0.,-1.));
#7986=DIRECTION('ref_axis',(-1.,0.,0.));
#7987=DIRECTION('',(-1.,0.,0.));
#7988=DIRECTION('center_axis',(0.,0.,-1.));
#7989=DIRECTION('ref_axis',(-1.,0.,0.));
#7990=DIRECTION('',(-1.,0.,0.));
#7991=DIRECTION('center_axis',(0.,0.,-1.));
#7992=DIRECTION('ref_axis',(-1.,0.,0.));
#7993=DIRECTION('',(-1.,0.,0.));
#7994=DIRECTION('center_axis',(0.,0.,-1.));
#7995=DIRECTION('ref_axis',(-1.,0.,0.));
#7996=DIRECTION('',(-1.,0.,0.));
#7997=DIRECTION('center_axis',(0.,0.,-1.));
#7998=DIRECTION('ref_axis',(-1.,0.,0.));
#7999=DIRECTION('',(-1.,0.,0.));
#8000=DIRECTION('center_axis',(0.,0.,-1.));
#8001=DIRECTION('ref_axis',(-1.,0.,0.));
#8002=DIRECTION('',(-1.,0.,0.));
#8003=DIRECTION('center_axis',(0.,0.,-1.));
#8004=DIRECTION('ref_axis',(-1.,0.,0.));
#8005=DIRECTION('center_axis',(0.,0.,-1.));
#8006=DIRECTION('ref_axis',(1.,0.,0.));
#8007=DIRECTION('center_axis',(0.,0.,-1.));
#8008=DIRECTION('ref_axis',(1.,0.,0.));
#8009=DIRECTION('center_axis',(0.,0.,-1.));
#8010=DIRECTION('ref_axis',(1.,0.,0.));
#8011=DIRECTION('center_axis',(0.,0.,-1.));
#8012=DIRECTION('ref_axis',(1.,0.,0.));
#8013=DIRECTION('center_axis',(0.,0.,-1.));
#8014=DIRECTION('ref_axis',(1.,0.,0.));
#8015=DIRECTION('center_axis',(0.,0.,-1.));
#8016=DIRECTION('ref_axis',(1.,0.,0.));
#8017=DIRECTION('center_axis',(0.,0.,-1.));
#8018=DIRECTION('ref_axis',(1.,0.,0.));
#8019=DIRECTION('center_axis',(0.,0.,-1.));
#8020=DIRECTION('ref_axis',(1.,0.,0.));
#8021=DIRECTION('center_axis',(0.,0.,-1.));
#8022=DIRECTION('ref_axis',(1.,0.,0.));
#8023=DIRECTION('center_axis',(0.,0.,-1.));
#8024=DIRECTION('ref_axis',(1.,0.,0.));
#8025=DIRECTION('center_axis',(0.,0.,-1.));
#8026=DIRECTION('ref_axis',(1.,0.,0.));
#8027=DIRECTION('center_axis',(0.,0.,-1.));
#8028=DIRECTION('ref_axis',(1.,0.,0.));
#8029=DIRECTION('center_axis',(0.,0.,-1.));
#8030=DIRECTION('ref_axis',(1.,0.,0.));
#8031=DIRECTION('center_axis',(0.,0.,-1.));
#8032=DIRECTION('ref_axis',(1.,0.,0.));
#8033=DIRECTION('center_axis',(0.,0.,-1.));
#8034=DIRECTION('ref_axis',(1.,0.,0.));
#8035=DIRECTION('center_axis',(0.,0.,-1.));
#8036=DIRECTION('ref_axis',(1.,0.,0.));
#8037=DIRECTION('center_axis',(0.,0.,-1.));
#8038=DIRECTION('ref_axis',(1.,0.,0.));
#8039=DIRECTION('center_axis',(0.,0.,-1.));
#8040=DIRECTION('ref_axis',(1.,0.,0.));
#8041=DIRECTION('center_axis',(0.,0.,-1.));
#8042=DIRECTION('ref_axis',(1.,0.,0.));
#8043=DIRECTION('center_axis',(0.,0.,-1.));
#8044=DIRECTION('ref_axis',(1.,0.,0.));
#8045=DIRECTION('center_axis',(0.,0.,-1.));
#8046=DIRECTION('ref_axis',(1.,0.,0.));
#8047=DIRECTION('center_axis',(0.,0.,-1.));
#8048=DIRECTION('ref_axis',(1.,0.,0.));
#8049=DIRECTION('center_axis',(0.,0.,-1.));
#8050=DIRECTION('ref_axis',(1.,0.,0.));
#8051=DIRECTION('center_axis',(0.,0.,-1.));
#8052=DIRECTION('ref_axis',(1.,0.,0.));
#8053=DIRECTION('center_axis',(0.,0.,-1.));
#8054=DIRECTION('ref_axis',(1.,0.,0.));
#8055=DIRECTION('center_axis',(0.,0.,-1.));
#8056=DIRECTION('ref_axis',(1.,0.,0.));
#8057=DIRECTION('center_axis',(0.,0.,-1.));
#8058=DIRECTION('ref_axis',(1.,0.,0.));
#8059=DIRECTION('center_axis',(0.,0.,-1.));
#8060=DIRECTION('ref_axis',(1.,0.,0.));
#8061=DIRECTION('center_axis',(0.,0.,-1.));
#8062=DIRECTION('ref_axis',(1.,0.,0.));
#8063=DIRECTION('center_axis',(0.,0.,-1.));
#8064=DIRECTION('ref_axis',(1.,0.,0.));
#8065=DIRECTION('center_axis',(0.,0.,-1.));
#8066=DIRECTION('ref_axis',(1.,0.,0.));
#8067=DIRECTION('center_axis',(0.,0.,-1.));
#8068=DIRECTION('ref_axis',(1.,0.,0.));
#8069=DIRECTION('center_axis',(0.,0.,-1.));
#8070=DIRECTION('ref_axis',(1.,0.,0.));
#8071=DIRECTION('center_axis',(0.,0.,-1.));
#8072=DIRECTION('ref_axis',(1.,0.,0.));
#8073=DIRECTION('center_axis',(0.,0.,-1.));
#8074=DIRECTION('ref_axis',(1.,0.,0.));
#8075=DIRECTION('center_axis',(0.,0.,-1.));
#8076=DIRECTION('ref_axis',(1.,0.,0.));
#8077=DIRECTION('center_axis',(0.,0.,1.));
#8078=DIRECTION('ref_axis',(1.,0.,0.));
#8079=DIRECTION('center_axis',(0.,0.,1.));
#8080=DIRECTION('ref_axis',(1.,0.,0.));
#8081=DIRECTION('',(-1.,0.,0.));
#8082=DIRECTION('center_axis',(0.,0.,1.));
#8083=DIRECTION('ref_axis',(1.,0.,0.));
#8084=DIRECTION('',(-1.,0.,0.));
#8085=DIRECTION('center_axis',(0.,0.,1.));
#8086=DIRECTION('ref_axis',(1.,0.,0.));
#8087=DIRECTION('',(-1.,0.,0.));
#8088=DIRECTION('center_axis',(0.,0.,1.));
#8089=DIRECTION('ref_axis',(1.,0.,0.));
#8090=DIRECTION('',(-1.,0.,0.));
#8091=DIRECTION('center_axis',(0.,0.,1.));
#8092=DIRECTION('ref_axis',(1.,0.,0.));
#8093=DIRECTION('',(-1.,0.,0.));
#8094=DIRECTION('center_axis',(0.,0.,1.));
#8095=DIRECTION('ref_axis',(1.,0.,0.));
#8096=DIRECTION('',(-1.,0.,0.));
#8097=DIRECTION('center_axis',(0.,0.,1.));
#8098=DIRECTION('ref_axis',(1.,0.,0.));
#8099=DIRECTION('',(-1.,0.,0.));
#8100=DIRECTION('center_axis',(0.,0.,1.));
#8101=DIRECTION('ref_axis',(1.,0.,0.));
#8102=DIRECTION('',(1.,0.,0.));
#8103=DIRECTION('center_axis',(0.,0.,1.));
#8104=DIRECTION('ref_axis',(1.,0.,0.));
#8105=DIRECTION('',(0.,1.,0.));
#8106=DIRECTION('center_axis',(0.,0.,1.));
#8107=DIRECTION('ref_axis',(1.,0.,0.));
#8108=DIRECTION('',(0.,1.,0.));
#8109=DIRECTION('center_axis',(0.,0.,1.));
#8110=DIRECTION('ref_axis',(1.,0.,0.));
#8111=DIRECTION('',(0.,1.,0.));
#8112=DIRECTION('center_axis',(0.,0.,1.));
#8113=DIRECTION('ref_axis',(1.,0.,0.));
#8114=DIRECTION('',(0.,1.,0.));
#8115=DIRECTION('center_axis',(0.,0.,1.));
#8116=DIRECTION('ref_axis',(1.,0.,0.));
#8117=DIRECTION('',(0.,1.,0.));
#8118=DIRECTION('center_axis',(0.,0.,1.));
#8119=DIRECTION('ref_axis',(1.,0.,0.));
#8120=DIRECTION('',(0.,1.,0.));
#8121=DIRECTION('center_axis',(0.,0.,1.));
#8122=DIRECTION('ref_axis',(1.,0.,0.));
#8123=DIRECTION('',(0.,1.,0.));
#8124=DIRECTION('center_axis',(0.,0.,1.));
#8125=DIRECTION('ref_axis',(1.,0.,0.));
#8126=DIRECTION('',(0.,1.,0.));
#8127=DIRECTION('center_axis',(0.,0.,1.));
#8128=DIRECTION('ref_axis',(1.,0.,0.));
#8129=DIRECTION('',(0.,-1.,0.));
#8130=DIRECTION('center_axis',(0.,0.,1.));
#8131=DIRECTION('ref_axis',(1.,0.,0.));
#8132=DIRECTION('center_axis',(0.,0.,1.));
#8133=DIRECTION('ref_axis',(0.,1.,0.));
#8134=DIRECTION('center_axis',(0.,0.,1.));
#8135=DIRECTION('ref_axis',(1.,0.,0.));
#8136=DIRECTION('center_axis',(0.,0.,1.));
#8137=DIRECTION('ref_axis',(0.,1.,0.));
#8138=DIRECTION('center_axis',(0.,0.,1.));
#8139=DIRECTION('ref_axis',(1.,0.,0.));
#8140=DIRECTION('center_axis',(0.,0.,1.));
#8141=DIRECTION('ref_axis',(0.,1.,0.));
#8142=DIRECTION('center_axis',(0.,0.,1.));
#8143=DIRECTION('ref_axis',(1.,0.,0.));
#8144=DIRECTION('center_axis',(0.,0.,1.));
#8145=DIRECTION('ref_axis',(0.,1.,0.));
#8146=DIRECTION('center_axis',(0.,0.,1.));
#8147=DIRECTION('ref_axis',(1.,0.,0.));
#8148=DIRECTION('center_axis',(0.,0.,1.));
#8149=DIRECTION('ref_axis',(0.,1.,0.));
#8150=DIRECTION('center_axis',(0.,0.,1.));
#8151=DIRECTION('ref_axis',(1.,0.,0.));
#8152=DIRECTION('center_axis',(0.,0.,1.));
#8153=DIRECTION('ref_axis',(0.,1.,0.));
#8154=DIRECTION('center_axis',(0.,0.,1.));
#8155=DIRECTION('ref_axis',(1.,0.,0.));
#8156=DIRECTION('center_axis',(0.,0.,1.));
#8157=DIRECTION('ref_axis',(0.,1.,0.));
#8158=DIRECTION('center_axis',(0.,0.,1.));
#8159=DIRECTION('ref_axis',(1.,0.,0.));
#8160=DIRECTION('center_axis',(0.,0.,1.));
#8161=DIRECTION('ref_axis',(0.,1.,0.));
#8162=DIRECTION('center_axis',(0.,0.,1.));
#8163=DIRECTION('ref_axis',(1.,0.,0.));
#8164=DIRECTION('center_axis',(0.,0.,1.));
#8165=DIRECTION('ref_axis',(0.,1.,0.));
#8166=DIRECTION('center_axis',(0.,0.,1.));
#8167=DIRECTION('ref_axis',(1.,0.,0.));
#8168=DIRECTION('center_axis',(0.,0.,1.));
#8169=DIRECTION('ref_axis',(1.,0.,0.));
#8170=DIRECTION('center_axis',(0.,0.,1.));
#8171=DIRECTION('ref_axis',(1.,0.,0.));
#8172=DIRECTION('center_axis',(0.,0.,1.));
#8173=DIRECTION('ref_axis',(1.,0.,0.));
#8174=DIRECTION('center_axis',(0.,0.,1.));
#8175=DIRECTION('ref_axis',(1.,0.,0.));
#8176=DIRECTION('center_axis',(0.,0.,1.));
#8177=DIRECTION('ref_axis',(1.,0.,0.));
#8178=DIRECTION('center_axis',(0.,0.,1.));
#8179=DIRECTION('ref_axis',(1.,0.,0.));
#8180=DIRECTION('center_axis',(0.,0.,1.));
#8181=DIRECTION('ref_axis',(1.,0.,0.));
#8182=DIRECTION('center_axis',(0.,0.,1.));
#8183=DIRECTION('ref_axis',(1.,0.,0.));
#8184=DIRECTION('center_axis',(0.,0.,1.));
#8185=DIRECTION('ref_axis',(1.,0.,0.));
#8186=DIRECTION('center_axis',(0.,0.,1.));
#8187=DIRECTION('ref_axis',(1.,0.,0.));
#8188=DIRECTION('center_axis',(0.,0.,1.));
#8189=DIRECTION('ref_axis',(1.,0.,0.));
#8190=DIRECTION('center_axis',(0.,0.,1.));
#8191=DIRECTION('ref_axis',(1.,0.,0.));
#8192=DIRECTION('center_axis',(0.,0.,1.));
#8193=DIRECTION('ref_axis',(1.,0.,0.));
#8194=DIRECTION('center_axis',(0.,0.,1.));
#8195=DIRECTION('ref_axis',(1.,0.,0.));
#8196=DIRECTION('center_axis',(0.,0.,1.));
#8197=DIRECTION('ref_axis',(1.,0.,0.));
#8198=DIRECTION('center_axis',(0.,0.,1.));
#8199=DIRECTION('ref_axis',(1.,0.,0.));
#8200=DIRECTION('center_axis',(0.,0.,1.));
#8201=DIRECTION('ref_axis',(1.,0.,0.));
#8202=DIRECTION('center_axis',(0.,0.,1.));
#8203=DIRECTION('ref_axis',(1.,0.,0.));
#8204=DIRECTION('center_axis',(0.,0.,1.));
#8205=DIRECTION('ref_axis',(1.,0.,0.));
#8206=DIRECTION('center_axis',(0.,0.,1.));
#8207=DIRECTION('ref_axis',(1.,0.,0.));
#8208=DIRECTION('center_axis',(0.,0.,1.));
#8209=DIRECTION('ref_axis',(1.,0.,0.));
#8210=DIRECTION('center_axis',(0.,0.,1.));
#8211=DIRECTION('ref_axis',(1.,0.,0.));
#8212=DIRECTION('center_axis',(0.,0.,1.));
#8213=DIRECTION('ref_axis',(1.,0.,0.));
#8214=DIRECTION('center_axis',(0.,0.,1.));
#8215=DIRECTION('ref_axis',(1.,0.,0.));
#8216=DIRECTION('center_axis',(0.,0.,1.));
#8217=DIRECTION('ref_axis',(1.,0.,0.));
#8218=DIRECTION('center_axis',(0.,0.,1.));
#8219=DIRECTION('ref_axis',(1.,0.,0.));
#8220=DIRECTION('center_axis',(0.,0.,1.));
#8221=DIRECTION('ref_axis',(1.,0.,0.));
#8222=DIRECTION('center_axis',(0.,0.,1.));
#8223=DIRECTION('ref_axis',(1.,0.,0.));
#8224=DIRECTION('center_axis',(0.,0.,1.));
#8225=DIRECTION('ref_axis',(1.,0.,0.));
#8226=DIRECTION('center_axis',(0.,0.,1.));
#8227=DIRECTION('ref_axis',(1.,0.,0.));
#8228=DIRECTION('center_axis',(0.,0.,1.));
#8229=DIRECTION('ref_axis',(1.,0.,0.));
#8230=DIRECTION('center_axis',(0.,0.,1.));
#8231=DIRECTION('ref_axis',(1.,0.,0.));
#8232=DIRECTION('center_axis',(0.,0.,1.));
#8233=DIRECTION('ref_axis',(1.,0.,0.));
#8234=DIRECTION('center_axis',(0.,0.,1.));
#8235=DIRECTION('ref_axis',(1.,0.,0.));
#8236=DIRECTION('center_axis',(0.,0.,1.));
#8237=DIRECTION('ref_axis',(1.,0.,0.));
#8238=DIRECTION('center_axis',(0.,0.,1.));
#8239=DIRECTION('ref_axis',(1.,0.,0.));
#8240=DIRECTION('center_axis',(0.,0.,1.));
#8241=DIRECTION('ref_axis',(1.,0.,0.));
#8242=DIRECTION('center_axis',(0.,0.,1.));
#8243=DIRECTION('ref_axis',(1.,0.,0.));
#8244=DIRECTION('center_axis',(0.,0.,1.));
#8245=DIRECTION('ref_axis',(1.,0.,0.));
#8246=DIRECTION('center_axis',(0.,0.,1.));
#8247=DIRECTION('ref_axis',(1.,0.,0.));
#8248=DIRECTION('center_axis',(0.,0.,1.));
#8249=DIRECTION('ref_axis',(1.,0.,0.));
#8250=DIRECTION('center_axis',(0.,0.,1.));
#8251=DIRECTION('ref_axis',(1.,0.,0.));
#8252=DIRECTION('center_axis',(0.,0.,1.));
#8253=DIRECTION('ref_axis',(1.,0.,0.));
#8254=DIRECTION('center_axis',(0.,0.,1.));
#8255=DIRECTION('ref_axis',(1.,0.,0.));
#8256=DIRECTION('center_axis',(0.,0.,1.));
#8257=DIRECTION('ref_axis',(1.,0.,0.));
#8258=DIRECTION('center_axis',(0.,0.,1.));
#8259=DIRECTION('ref_axis',(1.,0.,0.));
#8260=DIRECTION('center_axis',(0.,0.,1.));
#8261=DIRECTION('ref_axis',(1.,0.,0.));
#8262=DIRECTION('center_axis',(0.,0.,1.));
#8263=DIRECTION('ref_axis',(1.,0.,0.));
#8264=DIRECTION('center_axis',(0.,0.,1.));
#8265=DIRECTION('ref_axis',(1.,0.,0.));
#8266=DIRECTION('center_axis',(0.,0.,1.));
#8267=DIRECTION('ref_axis',(1.,0.,0.));
#8268=DIRECTION('center_axis',(0.,0.,1.));
#8269=DIRECTION('ref_axis',(1.,0.,0.));
#8270=DIRECTION('center_axis',(0.,0.,1.));
#8271=DIRECTION('ref_axis',(1.,0.,0.));
#8272=DIRECTION('center_axis',(0.,0.,1.));
#8273=DIRECTION('ref_axis',(1.,0.,0.));
#8274=DIRECTION('center_axis',(0.,0.,1.));
#8275=DIRECTION('ref_axis',(1.,0.,0.));
#8276=DIRECTION('center_axis',(0.,0.,1.));
#8277=DIRECTION('ref_axis',(1.,0.,0.));
#8278=DIRECTION('center_axis',(0.,0.,1.));
#8279=DIRECTION('ref_axis',(1.,0.,0.));
#8280=DIRECTION('center_axis',(0.,0.,1.));
#8281=DIRECTION('ref_axis',(1.,0.,0.));
#8282=DIRECTION('center_axis',(0.,0.,1.));
#8283=DIRECTION('ref_axis',(1.,0.,0.));
#8284=DIRECTION('center_axis',(0.,0.,1.));
#8285=DIRECTION('ref_axis',(1.,0.,0.));
#8286=DIRECTION('center_axis',(0.,0.,1.));
#8287=DIRECTION('ref_axis',(1.,0.,0.));
#8288=DIRECTION('center_axis',(0.,0.,1.));
#8289=DIRECTION('ref_axis',(1.,0.,0.));
#8290=DIRECTION('center_axis',(0.,0.,1.));
#8291=DIRECTION('ref_axis',(1.,0.,0.));
#8292=DIRECTION('center_axis',(0.,0.,1.));
#8293=DIRECTION('ref_axis',(1.,0.,0.));
#8294=DIRECTION('center_axis',(0.,0.,1.));
#8295=DIRECTION('ref_axis',(1.,0.,0.));
#8296=DIRECTION('center_axis',(0.,0.,1.));
#8297=DIRECTION('ref_axis',(1.,0.,0.));
#8298=DIRECTION('center_axis',(0.,0.,1.));
#8299=DIRECTION('ref_axis',(1.,0.,0.));
#8300=DIRECTION('center_axis',(0.,0.,1.));
#8301=DIRECTION('ref_axis',(1.,0.,0.));
#8302=DIRECTION('center_axis',(0.,0.,1.));
#8303=DIRECTION('ref_axis',(1.,0.,0.));
#8304=DIRECTION('center_axis',(0.,0.,1.));
#8305=DIRECTION('ref_axis',(1.,0.,0.));
#8306=DIRECTION('center_axis',(0.,0.,1.));
#8307=DIRECTION('ref_axis',(1.,0.,0.));
#8308=DIRECTION('center_axis',(0.,0.,1.));
#8309=DIRECTION('ref_axis',(1.,0.,0.));
#8310=DIRECTION('center_axis',(0.,0.,1.));
#8311=DIRECTION('ref_axis',(1.,0.,0.));
#8312=DIRECTION('center_axis',(0.,0.,1.));
#8313=DIRECTION('ref_axis',(1.,0.,0.));
#8314=DIRECTION('center_axis',(0.,0.,1.));
#8315=DIRECTION('ref_axis',(1.,0.,0.));
#8316=DIRECTION('center_axis',(0.,0.,1.));
#8317=DIRECTION('ref_axis',(1.,0.,0.));
#8318=DIRECTION('center_axis',(0.,0.,1.));
#8319=DIRECTION('ref_axis',(1.,0.,0.));
#8320=DIRECTION('center_axis',(0.,0.,1.));
#8321=DIRECTION('ref_axis',(1.,0.,0.));
#8322=DIRECTION('center_axis',(0.,0.,1.));
#8323=DIRECTION('ref_axis',(1.,0.,0.));
#8324=DIRECTION('center_axis',(0.,0.,1.));
#8325=DIRECTION('ref_axis',(1.,0.,0.));
#8326=DIRECTION('center_axis',(0.,0.,1.));
#8327=DIRECTION('ref_axis',(1.,0.,0.));
#8328=DIRECTION('center_axis',(0.,0.,1.));
#8329=DIRECTION('ref_axis',(1.,0.,0.));
#8330=DIRECTION('center_axis',(0.,0.,1.));
#8331=DIRECTION('ref_axis',(1.,0.,0.));
#8332=DIRECTION('center_axis',(0.,1.,0.));
#8333=DIRECTION('ref_axis',(-1.,0.,0.));
#8334=DIRECTION('',(0.,0.,1.));
#8335=DIRECTION('',(0.,0.,-1.));
#8336=DIRECTION('center_axis',(0.,1.,0.));
#8337=DIRECTION('ref_axis',(-1.,0.,0.));
#8338=DIRECTION('',(0.,0.,1.));
#8339=DIRECTION('',(0.,0.,-1.));
#8340=DIRECTION('center_axis',(0.,1.,0.));
#8341=DIRECTION('ref_axis',(-1.,0.,0.));
#8342=DIRECTION('',(0.,0.,1.));
#8343=DIRECTION('',(0.,0.,-1.));
#8344=DIRECTION('center_axis',(0.,1.,0.));
#8345=DIRECTION('ref_axis',(-1.,0.,0.));
#8346=DIRECTION('',(0.,0.,1.));
#8347=DIRECTION('',(0.,0.,-1.));
#8348=DIRECTION('center_axis',(0.,1.,0.));
#8349=DIRECTION('ref_axis',(-1.,0.,0.));
#8350=DIRECTION('',(0.,0.,1.));
#8351=DIRECTION('',(0.,0.,-1.));
#8352=DIRECTION('center_axis',(0.,1.,0.));
#8353=DIRECTION('ref_axis',(-1.,0.,0.));
#8354=DIRECTION('',(0.,0.,1.));
#8355=DIRECTION('',(0.,0.,-1.));
#8356=DIRECTION('center_axis',(0.,1.,0.));
#8357=DIRECTION('ref_axis',(-1.,0.,0.));
#8358=DIRECTION('',(0.,0.,1.));
#8359=DIRECTION('',(0.,0.,-1.));
#8360=DIRECTION('center_axis',(0.,1.,0.));
#8361=DIRECTION('ref_axis',(-1.,0.,0.));
#8362=DIRECTION('',(0.,0.,1.));
#8363=DIRECTION('',(0.,0.,-1.));
#8364=DIRECTION('center_axis',(1.,0.,0.));
#8365=DIRECTION('ref_axis',(0.,1.,0.));
#8366=DIRECTION('',(0.,0.,1.));
#8367=DIRECTION('',(0.,0.,-1.));
#8368=DIRECTION('center_axis',(1.,0.,0.));
#8369=DIRECTION('ref_axis',(0.,1.,0.));
#8370=DIRECTION('',(0.,0.,1.));
#8371=DIRECTION('',(0.,0.,-1.));
#8372=DIRECTION('center_axis',(1.,0.,0.));
#8373=DIRECTION('ref_axis',(0.,1.,0.));
#8374=DIRECTION('',(0.,0.,1.));
#8375=DIRECTION('',(0.,0.,-1.));
#8376=DIRECTION('center_axis',(1.,0.,0.));
#8377=DIRECTION('ref_axis',(0.,1.,0.));
#8378=DIRECTION('',(0.,0.,1.));
#8379=DIRECTION('',(0.,0.,-1.));
#8380=DIRECTION('center_axis',(1.,0.,0.));
#8381=DIRECTION('ref_axis',(0.,1.,0.));
#8382=DIRECTION('',(0.,0.,1.));
#8383=DIRECTION('',(0.,0.,-1.));
#8384=DIRECTION('center_axis',(1.,0.,0.));
#8385=DIRECTION('ref_axis',(0.,1.,0.));
#8386=DIRECTION('',(0.,0.,1.));
#8387=DIRECTION('',(0.,0.,-1.));
#8388=DIRECTION('center_axis',(1.,0.,0.));
#8389=DIRECTION('ref_axis',(0.,1.,0.));
#8390=DIRECTION('',(0.,0.,1.));
#8391=DIRECTION('',(0.,0.,-1.));
#8392=DIRECTION('center_axis',(1.,0.,0.));
#8393=DIRECTION('ref_axis',(0.,1.,0.));
#8394=DIRECTION('',(0.,0.,1.));
#8395=DIRECTION('',(0.,0.,-1.));
#8396=DIRECTION('center_axis',(1.,0.,0.));
#8397=DIRECTION('ref_axis',(0.,1.,0.));
#8398=DIRECTION('',(0.,0.,1.));
#8399=DIRECTION('',(0.,0.,-1.));
#8400=DIRECTION('center_axis',(0.,0.,1.));
#8401=DIRECTION('ref_axis',(1.,0.,0.));
#8402=DIRECTION('',(0.,0.,-1.));
#8403=DIRECTION('',(0.,0.,1.));
#8404=DIRECTION('center_axis',(0.,0.,1.));
#8405=DIRECTION('ref_axis',(1.,0.,0.));
#8406=DIRECTION('',(0.,0.,-1.));
#8407=DIRECTION('',(0.,0.,1.));
#8408=DIRECTION('center_axis',(0.,0.,1.));
#8409=DIRECTION('ref_axis',(1.,0.,0.));
#8410=DIRECTION('',(0.,0.,-1.));
#8411=DIRECTION('',(0.,0.,1.));
#8412=DIRECTION('center_axis',(0.,0.,1.));
#8413=DIRECTION('ref_axis',(1.,0.,0.));
#8414=DIRECTION('',(0.,0.,-1.));
#8415=DIRECTION('',(0.,0.,1.));
#8416=DIRECTION('center_axis',(0.,0.,1.));
#8417=DIRECTION('ref_axis',(1.,0.,0.));
#8418=DIRECTION('',(0.,0.,-1.));
#8419=DIRECTION('',(0.,0.,1.));
#8420=DIRECTION('center_axis',(0.,0.,1.));
#8421=DIRECTION('ref_axis',(1.,0.,0.));
#8422=DIRECTION('',(0.,0.,-1.));
#8423=DIRECTION('',(0.,0.,1.));
#8424=DIRECTION('center_axis',(0.,0.,1.));
#8425=DIRECTION('ref_axis',(1.,0.,0.));
#8426=DIRECTION('',(0.,0.,-1.));
#8427=DIRECTION('',(0.,0.,1.));
#8428=DIRECTION('center_axis',(0.,0.,1.));
#8429=DIRECTION('ref_axis',(1.,0.,0.));
#8430=DIRECTION('',(0.,0.,-1.));
#8431=DIRECTION('',(0.,0.,1.));
#8432=DIRECTION('center_axis',(0.,0.,1.));
#8433=DIRECTION('ref_axis',(1.,0.,0.));
#8434=DIRECTION('',(0.,0.,-1.));
#8435=DIRECTION('',(0.,0.,1.));
#8436=DIRECTION('center_axis',(0.,0.,1.));
#8437=DIRECTION('ref_axis',(0.,1.,0.));
#8438=DIRECTION('',(0.,0.,-1.));
#8439=DIRECTION('',(0.,0.,1.));
#8440=DIRECTION('center_axis',(0.,0.,1.));
#8441=DIRECTION('ref_axis',(0.,1.,0.));
#8442=DIRECTION('',(0.,0.,-1.));
#8443=DIRECTION('',(0.,0.,1.));
#8444=DIRECTION('center_axis',(0.,0.,1.));
#8445=DIRECTION('ref_axis',(0.,1.,0.));
#8446=DIRECTION('',(0.,0.,-1.));
#8447=DIRECTION('',(0.,0.,1.));
#8448=DIRECTION('center_axis',(0.,0.,1.));
#8449=DIRECTION('ref_axis',(0.,1.,0.));
#8450=DIRECTION('',(0.,0.,-1.));
#8451=DIRECTION('',(0.,0.,1.));
#8452=DIRECTION('center_axis',(0.,0.,1.));
#8453=DIRECTION('ref_axis',(0.,1.,0.));
#8454=DIRECTION('',(0.,0.,-1.));
#8455=DIRECTION('',(0.,0.,1.));
#8456=DIRECTION('center_axis',(0.,0.,1.));
#8457=DIRECTION('ref_axis',(0.,1.,0.));
#8458=DIRECTION('',(0.,0.,-1.));
#8459=DIRECTION('',(0.,0.,1.));
#8460=DIRECTION('center_axis',(0.,0.,1.));
#8461=DIRECTION('ref_axis',(0.,1.,0.));
#8462=DIRECTION('',(0.,0.,-1.));
#8463=DIRECTION('',(0.,0.,1.));
#8464=DIRECTION('center_axis',(0.,0.,1.));
#8465=DIRECTION('ref_axis',(0.,1.,0.));
#8466=DIRECTION('',(0.,0.,-1.));
#8467=DIRECTION('',(0.,0.,1.));
#8468=DIRECTION('center_axis',(0.,0.,1.));
#8469=DIRECTION('ref_axis',(0.,1.,0.));
#8470=DIRECTION('',(0.,0.,-1.));
#8471=DIRECTION('',(0.,0.,1.));
#8472=DIRECTION('center_axis',(0.,0.,1.));
#8473=DIRECTION('ref_axis',(-0.707106781186548,-0.707106781186547,0.));
#8474=DIRECTION('center_axis',(0.,0.,1.));
#8475=DIRECTION('ref_axis',(-1.83697019872103E-16,-1.,0.));
#8476=DIRECTION('center_axis',(0.,0.,1.));
#8477=DIRECTION('ref_axis',(-1.83697019872103E-16,-1.,0.));
#8478=DIRECTION('center_axis',(0.,0.,1.));
#8479=DIRECTION('ref_axis',(-1.83697019872103E-16,-1.,0.));
#8480=DIRECTION('center_axis',(0.,0.,1.));
#8481=DIRECTION('ref_axis',(-1.83697019872103E-16,-1.,0.));
#8482=DIRECTION('center_axis',(0.,0.,1.));
#8483=DIRECTION('ref_axis',(-1.83697019872103E-16,-1.,0.));
#8484=DIRECTION('center_axis',(0.,0.,1.));
#8485=DIRECTION('ref_axis',(-1.83697019872103E-16,-1.,0.));
#8486=DIRECTION('center_axis',(0.,0.,1.));
#8487=DIRECTION('ref_axis',(-1.83697019872103E-16,-1.,0.));
#8488=DIRECTION('center_axis',(0.,0.,1.));
#8489=DIRECTION('ref_axis',(-1.83697019872103E-16,-1.,0.));
#8490=DIRECTION('center_axis',(0.,0.,1.));
#8491=DIRECTION('ref_axis',(1.,0.,0.));
#8492=DIRECTION('center_axis',(0.,0.,1.));
#8493=DIRECTION('ref_axis',(-1.,1.22464679914735E-16,0.));
#8494=DIRECTION('center_axis',(0.,0.,1.));
#8495=DIRECTION('ref_axis',(1.,0.,0.));
#8496=DIRECTION('center_axis',(0.,0.,-1.));
#8497=DIRECTION('ref_axis',(-1.,0.,0.));
#8498=DIRECTION('',(0.,0.,1.));
#8499=DIRECTION('center_axis',(0.,0.,1.));
#8500=DIRECTION('ref_axis',(1.,0.,0.));
#8501=DIRECTION('center_axis',(0.,0.,-1.));
#8502=DIRECTION('ref_axis',(-1.,0.,0.));
#8503=DIRECTION('',(0.,0.,1.));
#8504=DIRECTION('center_axis',(0.,0.,1.));
#8505=DIRECTION('ref_axis',(1.,0.,0.));
#8506=DIRECTION('center_axis',(0.,0.,-1.));
#8507=DIRECTION('ref_axis',(-1.,0.,0.));
#8508=DIRECTION('',(0.,0.,1.));
#8509=DIRECTION('center_axis',(0.,0.,1.));
#8510=DIRECTION('ref_axis',(1.,0.,0.));
#8511=DIRECTION('center_axis',(0.,0.,-1.));
#8512=DIRECTION('ref_axis',(-1.,0.,0.));
#8513=DIRECTION('',(0.,0.,1.));
#8514=DIRECTION('center_axis',(0.,0.,1.));
#8515=DIRECTION('ref_axis',(1.,0.,0.));
#8516=DIRECTION('center_axis',(0.,0.,-1.));
#8517=DIRECTION('ref_axis',(-1.,0.,0.));
#8518=DIRECTION('',(0.,0.,1.));
#8519=DIRECTION('center_axis',(0.,0.,1.));
#8520=DIRECTION('ref_axis',(1.,0.,0.));
#8521=DIRECTION('center_axis',(0.,0.,-1.));
#8522=DIRECTION('ref_axis',(-1.,0.,0.));
#8523=DIRECTION('',(0.,0.,1.));
#8524=DIRECTION('center_axis',(0.,0.,1.));
#8525=DIRECTION('ref_axis',(1.,0.,0.));
#8526=DIRECTION('center_axis',(0.,0.,-1.));
#8527=DIRECTION('ref_axis',(-1.,0.,0.));
#8528=DIRECTION('',(0.,0.,1.));
#8529=DIRECTION('center_axis',(0.,0.,1.));
#8530=DIRECTION('ref_axis',(1.,0.,0.));
#8531=DIRECTION('center_axis',(0.,0.,-1.));
#8532=DIRECTION('ref_axis',(-1.,0.,0.));
#8533=DIRECTION('',(0.,0.,1.));
#8534=DIRECTION('center_axis',(0.,0.,1.));
#8535=DIRECTION('ref_axis',(1.,0.,0.));
#8536=DIRECTION('center_axis',(0.,0.,1.));
#8537=DIRECTION('ref_axis',(-1.,1.22464679914735E-16,0.));
#8538=DIRECTION('center_axis',(0.,0.,1.));
#8539=DIRECTION('ref_axis',(1.,0.,0.));
#8540=DIRECTION('center_axis',(0.,0.,-1.));
#8541=DIRECTION('ref_axis',(-1.,0.,0.));
#8542=DIRECTION('',(0.,0.,1.));
#8543=DIRECTION('center_axis',(0.,0.,1.));
#8544=DIRECTION('ref_axis',(1.,0.,0.));
#8545=DIRECTION('center_axis',(0.,0.,-1.));
#8546=DIRECTION('ref_axis',(-1.,0.,0.));
#8547=DIRECTION('',(0.,0.,1.));
#8548=DIRECTION('center_axis',(0.,0.,1.));
#8549=DIRECTION('ref_axis',(1.,0.,0.));
#8550=DIRECTION('center_axis',(0.,0.,-1.));
#8551=DIRECTION('ref_axis',(-1.,0.,0.));
#8552=DIRECTION('',(0.,0.,1.));
#8553=DIRECTION('center_axis',(0.,0.,1.));
#8554=DIRECTION('ref_axis',(1.,0.,0.));
#8555=DIRECTION('center_axis',(0.,0.,-1.));
#8556=DIRECTION('ref_axis',(-1.,0.,0.));
#8557=DIRECTION('',(0.,0.,1.));
#8558=DIRECTION('center_axis',(0.,0.,1.));
#8559=DIRECTION('ref_axis',(1.,0.,0.));
#8560=DIRECTION('center_axis',(0.,0.,-1.));
#8561=DIRECTION('ref_axis',(-1.,0.,0.));
#8562=DIRECTION('',(0.,0.,1.));
#8563=DIRECTION('center_axis',(0.,0.,1.));
#8564=DIRECTION('ref_axis',(1.,0.,0.));
#8565=DIRECTION('center_axis',(0.,0.,-1.));
#8566=DIRECTION('ref_axis',(-1.,0.,0.));
#8567=DIRECTION('',(0.,0.,1.));
#8568=DIRECTION('center_axis',(0.,0.,1.));
#8569=DIRECTION('ref_axis',(1.,0.,0.));
#8570=DIRECTION('center_axis',(0.,0.,-1.));
#8571=DIRECTION('ref_axis',(-1.,0.,0.));
#8572=DIRECTION('',(0.,0.,1.));
#8573=DIRECTION('center_axis',(0.,0.,1.));
#8574=DIRECTION('ref_axis',(1.,0.,0.));
#8575=DIRECTION('center_axis',(0.,0.,-1.));
#8576=DIRECTION('ref_axis',(-1.,0.,0.));
#8577=DIRECTION('',(0.,0.,1.));
#8578=DIRECTION('center_axis',(0.,0.,1.));
#8579=DIRECTION('ref_axis',(1.,0.,0.));
#8580=DIRECTION('center_axis',(0.,0.,1.));
#8581=DIRECTION('ref_axis',(-1.,1.22464679914735E-16,0.));
#8582=DIRECTION('center_axis',(0.,0.,1.));
#8583=DIRECTION('ref_axis',(1.,0.,0.));
#8584=DIRECTION('center_axis',(0.,0.,-1.));
#8585=DIRECTION('ref_axis',(-1.,0.,0.));
#8586=DIRECTION('',(0.,0.,1.));
#8587=DIRECTION('center_axis',(0.,0.,1.));
#8588=DIRECTION('ref_axis',(1.,0.,0.));
#8589=DIRECTION('center_axis',(0.,0.,-1.));
#8590=DIRECTION('ref_axis',(-1.,0.,0.));
#8591=DIRECTION('',(0.,0.,1.));
#8592=DIRECTION('center_axis',(0.,0.,1.));
#8593=DIRECTION('ref_axis',(1.,0.,0.));
#8594=DIRECTION('center_axis',(0.,0.,-1.));
#8595=DIRECTION('ref_axis',(-1.,0.,0.));
#8596=DIRECTION('',(0.,0.,1.));
#8597=DIRECTION('center_axis',(0.,0.,1.));
#8598=DIRECTION('ref_axis',(1.,0.,0.));
#8599=DIRECTION('center_axis',(0.,0.,-1.));
#8600=DIRECTION('ref_axis',(-1.,0.,0.));
#8601=DIRECTION('',(0.,0.,1.));
#8602=DIRECTION('center_axis',(0.,0.,1.));
#8603=DIRECTION('ref_axis',(1.,0.,0.));
#8604=DIRECTION('center_axis',(0.,0.,-1.));
#8605=DIRECTION('ref_axis',(-1.,0.,0.));
#8606=DIRECTION('',(0.,0.,1.));
#8607=DIRECTION('center_axis',(0.,0.,1.));
#8608=DIRECTION('ref_axis',(1.,0.,0.));
#8609=DIRECTION('center_axis',(0.,0.,-1.));
#8610=DIRECTION('ref_axis',(-1.,0.,0.));
#8611=DIRECTION('',(0.,0.,1.));
#8612=DIRECTION('center_axis',(0.,0.,1.));
#8613=DIRECTION('ref_axis',(1.,0.,0.));
#8614=DIRECTION('center_axis',(0.,0.,-1.));
#8615=DIRECTION('ref_axis',(-1.,0.,0.));
#8616=DIRECTION('',(0.,0.,1.));
#8617=DIRECTION('center_axis',(0.,0.,1.));
#8618=DIRECTION('ref_axis',(1.,0.,0.));
#8619=DIRECTION('center_axis',(0.,0.,-1.));
#8620=DIRECTION('ref_axis',(-1.,0.,0.));
#8621=DIRECTION('',(0.,0.,1.));
#8622=DIRECTION('center_axis',(0.,0.,1.));
#8623=DIRECTION('ref_axis',(1.,0.,0.));
#8624=DIRECTION('center_axis',(0.,0.,1.));
#8625=DIRECTION('ref_axis',(-1.,1.22464679914735E-16,0.));
#8626=DIRECTION('center_axis',(0.,0.,1.));
#8627=DIRECTION('ref_axis',(1.,0.,0.));
#8628=DIRECTION('center_axis',(0.,0.,-1.));
#8629=DIRECTION('ref_axis',(-1.,0.,0.));
#8630=DIRECTION('',(0.,0.,1.));
#8631=DIRECTION('center_axis',(0.,0.,1.));
#8632=DIRECTION('ref_axis',(1.,0.,0.));
#8633=DIRECTION('center_axis',(0.,0.,-1.));
#8634=DIRECTION('ref_axis',(-1.,0.,0.));
#8635=DIRECTION('',(0.,0.,1.));
#8636=DIRECTION('center_axis',(0.,0.,1.));
#8637=DIRECTION('ref_axis',(1.,0.,0.));
#8638=DIRECTION('center_axis',(0.,0.,-1.));
#8639=DIRECTION('ref_axis',(-1.,0.,0.));
#8640=DIRECTION('',(0.,0.,1.));
#8641=DIRECTION('center_axis',(0.,0.,1.));
#8642=DIRECTION('ref_axis',(3.61394601875787E-15,1.,0.));
#8643=DIRECTION('center_axis',(0.,0.,1.));
#8644=DIRECTION('ref_axis',(1.,0.,0.));
#8645=DIRECTION('center_axis',(0.,0.,-1.));
#8646=DIRECTION('ref_axis',(-1.,0.,0.));
#8647=DIRECTION('',(0.,0.,1.));
#8648=DIRECTION('center_axis',(0.,0.,1.));
#8649=DIRECTION('ref_axis',(3.61394601875787E-15,1.,0.));
#8650=DIRECTION('center_axis',(0.,0.,1.));
#8651=DIRECTION('ref_axis',(1.,0.,0.));
#8652=DIRECTION('center_axis',(0.,0.,-1.));
#8653=DIRECTION('ref_axis',(-1.,0.,0.));
#8654=DIRECTION('',(0.,0.,1.));
#8655=DIRECTION('center_axis',(0.,0.,1.));
#8656=DIRECTION('ref_axis',(1.83758917935762E-15,1.,0.));
#8657=DIRECTION('center_axis',(0.,0.,1.));
#8658=DIRECTION('ref_axis',(1.,0.,0.));
#8659=DIRECTION('center_axis',(0.,0.,-1.));
#8660=DIRECTION('ref_axis',(-1.,0.,0.));
#8661=DIRECTION('',(0.,0.,1.));
#8662=DIRECTION('center_axis',(0.,0.,1.));
#8663=DIRECTION('ref_axis',(1.,0.,0.));
#8664=DIRECTION('center_axis',(0.,0.,1.));
#8665=DIRECTION('ref_axis',(1.,0.,0.));
#8666=DIRECTION('center_axis',(0.,0.,-1.));
#8667=DIRECTION('ref_axis',(-1.,0.,0.));
#8668=DIRECTION('',(0.,0.,1.));
#8669=DIRECTION('center_axis',(0.,0.,1.));
#8670=DIRECTION('ref_axis',(1.,0.,0.));
#8671=DIRECTION('center_axis',(0.,0.,-1.));
#8672=DIRECTION('ref_axis',(-1.,0.,0.));
#8673=DIRECTION('',(0.,0.,1.));
#8674=DIRECTION('center_axis',(0.,0.,1.));
#8675=DIRECTION('ref_axis',(1.,0.,0.));
#8676=DIRECTION('center_axis',(0.,0.,-1.));
#8677=DIRECTION('ref_axis',(-1.,0.,0.));
#8678=DIRECTION('',(0.,0.,1.));
#8679=DIRECTION('center_axis',(0.,0.,1.));
#8680=DIRECTION('ref_axis',(1.,0.,0.));
#8681=DIRECTION('center_axis',(0.,0.,-1.));
#8682=DIRECTION('ref_axis',(-1.,0.,0.));
#8683=DIRECTION('',(0.,0.,1.));
#8684=DIRECTION('center_axis',(0.,0.,1.));
#8685=DIRECTION('ref_axis',(1.,0.,0.));
#8686=DIRECTION('center_axis',(0.,0.,-1.));
#8687=DIRECTION('ref_axis',(-1.,0.,0.));
#8688=DIRECTION('',(0.,0.,1.));
#8689=DIRECTION('center_axis',(0.,0.,1.));
#8690=DIRECTION('ref_axis',(3.61394601875787E-15,1.,0.));
#8691=DIRECTION('center_axis',(0.,0.,1.));
#8692=DIRECTION('ref_axis',(1.,0.,0.));
#8693=DIRECTION('center_axis',(0.,0.,-1.));
#8694=DIRECTION('ref_axis',(-1.,0.,0.));
#8695=DIRECTION('',(0.,0.,1.));
#8696=DIRECTION('center_axis',(0.,0.,1.));
#8697=DIRECTION('ref_axis',(-1.,1.22464679914735E-16,0.));
#8698=DIRECTION('center_axis',(0.,0.,1.));
#8699=DIRECTION('ref_axis',(1.,0.,0.));
#8700=DIRECTION('center_axis',(0.,0.,-1.));
#8701=DIRECTION('ref_axis',(-1.,0.,0.));
#8702=DIRECTION('',(0.,0.,1.));
#8703=DIRECTION('center_axis',(0.,0.,1.));
#8704=DIRECTION('ref_axis',(-1.,1.22464679914735E-16,0.));
#8705=DIRECTION('center_axis',(0.,0.,1.));
#8706=DIRECTION('ref_axis',(1.,0.,0.));
#8707=DIRECTION('center_axis',(0.,0.,1.));
#8708=DIRECTION('ref_axis',(1.,0.,0.));
#8709=DIRECTION('center_axis',(0.,0.,-1.));
#8710=DIRECTION('ref_axis',(-1.,0.,0.));
#8711=DIRECTION('',(0.,0.,1.));
#8712=DIRECTION('center_axis',(0.,0.,1.));
#8713=DIRECTION('ref_axis',(1.,0.,0.));
#8714=DIRECTION('center_axis',(0.,0.,-1.));
#8715=DIRECTION('ref_axis',(-1.,0.,0.));
#8716=DIRECTION('',(0.,0.,1.));
#8717=DIRECTION('center_axis',(0.,0.,1.));
#8718=DIRECTION('ref_axis',(-1.,1.22464679914735E-16,0.));
#8719=DIRECTION('center_axis',(0.,0.,1.));
#8720=DIRECTION('ref_axis',(1.,0.,0.));
#8721=DIRECTION('center_axis',(0.,0.,-1.));
#8722=DIRECTION('ref_axis',(-1.,0.,0.));
#8723=DIRECTION('',(0.,0.,1.));
#8724=DIRECTION('center_axis',(0.,0.,1.));
#8725=DIRECTION('ref_axis',(1.,0.,0.));
#8726=DIRECTION('center_axis',(0.,0.,-1.));
#8727=DIRECTION('ref_axis',(-1.,0.,0.));
#8728=DIRECTION('',(0.,0.,1.));
#8729=DIRECTION('center_axis',(0.,0.,1.));
#8730=DIRECTION('ref_axis',(1.,0.,0.));
#8731=DIRECTION('center_axis',(0.,0.,-1.));
#8732=DIRECTION('ref_axis',(-1.,0.,0.));
#8733=DIRECTION('',(0.,0.,1.));
#8734=DIRECTION('center_axis',(0.,0.,1.));
#8735=DIRECTION('ref_axis',(1.,0.,0.));
#8736=DIRECTION('center_axis',(0.,0.,-1.));
#8737=DIRECTION('ref_axis',(-1.,0.,0.));
#8738=DIRECTION('',(0.,0.,1.));
#8739=DIRECTION('center_axis',(0.,0.,1.));
#8740=DIRECTION('ref_axis',(1.,0.,0.));
#8741=DIRECTION('center_axis',(0.,0.,-1.));
#8742=DIRECTION('ref_axis',(-1.,0.,0.));
#8743=DIRECTION('',(0.,0.,1.));
#8744=DIRECTION('center_axis',(0.,0.,1.));
#8745=DIRECTION('ref_axis',(-0.488804367930538,0.872393426094,0.));
#8746=DIRECTION('center_axis',(0.,0.,1.));
#8747=DIRECTION('ref_axis',(1.61554457443259E-15,1.,0.));
#8748=DIRECTION('center_axis',(0.,0.,1.));
#8749=DIRECTION('ref_axis',(1.,0.,0.));
#8750=DIRECTION('center_axis',(0.,0.,-1.));
#8751=DIRECTION('ref_axis',(-1.,0.,0.));
#8752=DIRECTION('',(0.,0.,1.));
#8753=DIRECTION('center_axis',(0.,0.,1.));
#8754=DIRECTION('ref_axis',(1.,0.,0.));
#8755=DIRECTION('center_axis',(0.,0.,-1.));
#8756=DIRECTION('ref_axis',(-1.,0.,0.));
#8757=DIRECTION('',(0.,0.,1.));
#8758=DIRECTION('center_axis',(0.,0.,1.));
#8759=DIRECTION('ref_axis',(1.,0.,0.));
#8760=DIRECTION('center_axis',(0.,0.,-1.));
#8761=DIRECTION('ref_axis',(-1.,0.,0.));
#8762=DIRECTION('',(0.,0.,1.));
#8763=DIRECTION('center_axis',(0.,0.,1.));
#8764=DIRECTION('ref_axis',(1.,0.,0.));
#8765=DIRECTION('center_axis',(0.,0.,-1.));
#8766=DIRECTION('ref_axis',(-1.,0.,0.));
#8767=DIRECTION('',(0.,0.,1.));
#8768=DIRECTION('center_axis',(0.,0.,1.));
#8769=DIRECTION('ref_axis',(1.,0.,0.));
#8770=DIRECTION('center_axis',(0.,0.,-1.));
#8771=DIRECTION('ref_axis',(-1.,0.,0.));
#8772=DIRECTION('',(0.,0.,1.));
#8773=DIRECTION('center_axis',(0.,0.,1.));
#8774=DIRECTION('ref_axis',(1.,0.,0.));
#8775=DIRECTION('center_axis',(0.,0.,-1.));
#8776=DIRECTION('ref_axis',(-1.,0.,0.));
#8777=DIRECTION('',(0.,0.,1.));
#8778=DIRECTION('center_axis',(0.,0.,1.));
#8779=DIRECTION('ref_axis',(1.,0.,0.));
#8780=DIRECTION('center_axis',(0.,0.,-1.));
#8781=DIRECTION('ref_axis',(-1.,0.,0.));
#8782=DIRECTION('',(0.,0.,1.));
#8783=DIRECTION('center_axis',(0.,0.,1.));
#8784=DIRECTION('ref_axis',(1.,0.,0.));
#8785=DIRECTION('center_axis',(0.,0.,-1.));
#8786=DIRECTION('ref_axis',(-1.,0.,0.));
#8787=DIRECTION('',(0.,0.,1.));
#8788=DIRECTION('center_axis',(0.,0.,1.));
#8789=DIRECTION('ref_axis',(1.,0.,0.));
#8790=DIRECTION('center_axis',(0.,0.,-1.));
#8791=DIRECTION('ref_axis',(-1.,0.,0.));
#8792=DIRECTION('',(0.,0.,1.));
#8793=DIRECTION('center_axis',(0.,0.,1.));
#8794=DIRECTION('ref_axis',(1.,0.,0.));
#8795=DIRECTION('center_axis',(0.,0.,-1.));
#8796=DIRECTION('ref_axis',(-1.,0.,0.));
#8797=DIRECTION('',(0.,0.,1.));
#8798=DIRECTION('center_axis',(0.,0.,1.));
#8799=DIRECTION('ref_axis',(1.,0.,0.));
#8800=DIRECTION('center_axis',(0.,0.,-1.));
#8801=DIRECTION('ref_axis',(-1.,0.,0.));
#8802=DIRECTION('',(0.,0.,1.));
#8803=DIRECTION('center_axis',(0.,0.,1.));
#8804=DIRECTION('ref_axis',(1.,0.,0.));
#8805=DIRECTION('center_axis',(0.,0.,-1.));
#8806=DIRECTION('ref_axis',(-1.,0.,0.));
#8807=DIRECTION('',(0.,0.,1.));
#8808=DIRECTION('center_axis',(0.,0.,1.));
#8809=DIRECTION('ref_axis',(-1.,1.22464679914735E-16,0.));
#8810=DIRECTION('center_axis',(0.,0.,1.));
#8811=DIRECTION('ref_axis',(1.,0.,0.));
#8812=DIRECTION('center_axis',(0.,0.,1.));
#8813=DIRECTION('ref_axis',(1.,0.,0.));
#8814=DIRECTION('center_axis',(0.,0.,-1.));
#8815=DIRECTION('ref_axis',(-1.,0.,0.));
#8816=DIRECTION('',(0.,0.,1.));
#8817=DIRECTION('center_axis',(0.,0.,1.));
#8818=DIRECTION('ref_axis',(1.,0.,0.));
#8819=DIRECTION('center_axis',(0.,0.,1.));
#8820=DIRECTION('ref_axis',(1.,0.,0.));
#8821=DIRECTION('center_axis',(0.,0.,-1.));
#8822=DIRECTION('ref_axis',(-1.,0.,0.));
#8823=DIRECTION('',(0.,0.,1.));
#8824=DIRECTION('center_axis',(0.,0.,1.));
#8825=DIRECTION('ref_axis',(1.,0.,0.));
#8826=DIRECTION('center_axis',(0.,0.,1.));
#8827=DIRECTION('ref_axis',(1.,0.,0.));
#8828=DIRECTION('center_axis',(0.,0.,-1.));
#8829=DIRECTION('ref_axis',(-1.,0.,0.));
#8830=DIRECTION('',(0.,0.,1.));
#8831=DIRECTION('center_axis',(0.,0.,1.));
#8832=DIRECTION('ref_axis',(2.50372299413271E-15,1.,0.));
#8833=DIRECTION('center_axis',(0.,0.,1.));
#8834=DIRECTION('ref_axis',(1.,0.,0.));
#8835=DIRECTION('center_axis',(0.,0.,-1.));
#8836=DIRECTION('ref_axis',(-1.,0.,0.));
#8837=DIRECTION('',(0.,0.,1.));
#8838=DIRECTION('center_axis',(0.,0.,1.));
#8839=DIRECTION('ref_axis',(2.28167838920768E-15,1.,0.));
#8840=DIRECTION('center_axis',(0.,0.,1.));
#8841=DIRECTION('ref_axis',(1.,0.,0.));
#8842=DIRECTION('center_axis',(0.,0.,-1.));
#8843=DIRECTION('ref_axis',(-1.,0.,0.));
#8844=DIRECTION('',(0.,0.,1.));
#8845=DIRECTION('center_axis',(0.,0.,1.));
#8846=DIRECTION('ref_axis',(2.05963378428265E-15,1.,0.));
#8847=DIRECTION('center_axis',(0.,0.,1.));
#8848=DIRECTION('ref_axis',(1.,0.,0.));
#8849=DIRECTION('center_axis',(0.,0.,1.));
#8850=DIRECTION('ref_axis',(1.,0.,0.));
#8851=DIRECTION('center_axis',(0.,0.,-1.));
#8852=DIRECTION('ref_axis',(-1.,0.,0.));
#8853=DIRECTION('',(0.,0.,1.));
#8854=DIRECTION('center_axis',(0.,0.,1.));
#8855=DIRECTION('ref_axis',(1.,0.,0.));
#8856=DIRECTION('center_axis',(0.,0.,-1.));
#8857=DIRECTION('ref_axis',(-1.,0.,0.));
#8858=DIRECTION('',(0.,0.,1.));
#8859=DIRECTION('center_axis',(0.,0.,1.));
#8860=DIRECTION('ref_axis',(1.,0.,0.));
#8861=DIRECTION('center_axis',(0.,0.,-1.));
#8862=DIRECTION('ref_axis',(-1.,0.,0.));
#8863=DIRECTION('',(0.,0.,1.));
#8864=DIRECTION('center_axis',(0.,0.,1.));
#8865=DIRECTION('ref_axis',(1.,0.,0.));
#8866=DIRECTION('center_axis',(0.,0.,-1.));
#8867=DIRECTION('ref_axis',(1.,0.,0.));
#8868=DIRECTION('center_axis',(0.,0.,1.));
#8869=DIRECTION('ref_axis',(1.,0.,0.));
#8870=DIRECTION('center_axis',(0.,0.,-1.));
#8871=DIRECTION('ref_axis',(1.,0.,0.));
#8872=DIRECTION('center_axis',(0.,0.,1.));
#8873=DIRECTION('ref_axis',(1.,0.,0.));
#8874=DIRECTION('center_axis',(0.,0.,-1.));
#8875=DIRECTION('ref_axis',(1.,0.,0.));
#8876=DIRECTION('center_axis',(0.,0.,1.));
#8877=DIRECTION('ref_axis',(1.,0.,0.));
#8878=DIRECTION('center_axis',(0.,0.,-1.));
#8879=DIRECTION('ref_axis',(1.,0.,0.));
#8880=DIRECTION('center_axis',(0.,0.,1.));
#8881=DIRECTION('ref_axis',(1.,0.,0.));
#8882=DIRECTION('center_axis',(0.,0.,-1.));
#8883=DIRECTION('ref_axis',(1.,0.,0.));
#8884=DIRECTION('center_axis',(0.,0.,1.));
#8885=DIRECTION('ref_axis',(1.,0.,0.));
#8886=DIRECTION('center_axis',(0.,0.,-1.));
#8887=DIRECTION('ref_axis',(1.,0.,0.));
#8888=DIRECTION('center_axis',(0.,0.,1.));
#8889=DIRECTION('ref_axis',(1.,0.,0.));
#8890=DIRECTION('center_axis',(0.,0.,-1.));
#8891=DIRECTION('ref_axis',(1.,0.,0.));
#8892=DIRECTION('center_axis',(0.,0.,1.));
#8893=DIRECTION('ref_axis',(1.,0.,0.));
#8894=DIRECTION('center_axis',(0.,0.,-1.));
#8895=DIRECTION('ref_axis',(1.,0.,0.));
#8896=DIRECTION('center_axis',(0.,0.,1.));
#8897=DIRECTION('ref_axis',(1.,0.,0.));
#8898=DIRECTION('center_axis',(0.,0.,-1.));
#8899=DIRECTION('ref_axis',(1.,0.,0.));
#8900=DIRECTION('center_axis',(0.,0.,1.));
#8901=DIRECTION('ref_axis',(1.,0.,0.));
#8902=DIRECTION('center_axis',(0.,0.,-1.));
#8903=DIRECTION('ref_axis',(1.,0.,0.));
#8904=DIRECTION('center_axis',(0.,0.,1.));
#8905=DIRECTION('ref_axis',(1.,0.,0.));
#8906=DIRECTION('center_axis',(0.,0.,-1.));
#8907=DIRECTION('ref_axis',(1.,0.,0.));
#8908=DIRECTION('center_axis',(0.,0.,1.));
#8909=DIRECTION('ref_axis',(1.,0.,0.));
#8910=DIRECTION('center_axis',(0.,0.,-1.));
#8911=DIRECTION('ref_axis',(1.,0.,0.));
#8912=DIRECTION('center_axis',(0.,0.,1.));
#8913=DIRECTION('ref_axis',(1.,0.,0.));
#8914=DIRECTION('center_axis',(0.,0.,-1.));
#8915=DIRECTION('ref_axis',(1.,0.,0.));
#8916=DIRECTION('center_axis',(0.,0.,1.));
#8917=DIRECTION('ref_axis',(1.,0.,0.));
#8918=DIRECTION('center_axis',(0.,0.,-1.));
#8919=DIRECTION('ref_axis',(1.,0.,0.));
#8920=DIRECTION('center_axis',(0.,0.,1.));
#8921=DIRECTION('ref_axis',(1.,0.,0.));
#8922=DIRECTION('center_axis',(0.,0.,-1.));
#8923=DIRECTION('ref_axis',(1.,0.,0.));
#8924=DIRECTION('center_axis',(0.,0.,1.));
#8925=DIRECTION('ref_axis',(1.,0.,0.));
#8926=DIRECTION('center_axis',(0.,0.,-1.));
#8927=DIRECTION('ref_axis',(1.,0.,0.));
#8928=DIRECTION('center_axis',(0.,0.,1.));
#8929=DIRECTION('ref_axis',(1.,0.,0.));
#8930=DIRECTION('center_axis',(0.,0.,-1.));
#8931=DIRECTION('ref_axis',(1.,0.,0.));
#8932=DIRECTION('center_axis',(0.,0.,1.));
#8933=DIRECTION('ref_axis',(1.,0.,0.));
#8934=DIRECTION('center_axis',(0.,0.,-1.));
#8935=DIRECTION('ref_axis',(1.,0.,0.));
#8936=DIRECTION('center_axis',(0.,0.,1.));
#8937=DIRECTION('ref_axis',(1.,0.,0.));
#8938=DIRECTION('center_axis',(0.,0.,-1.));
#8939=DIRECTION('ref_axis',(1.,0.,0.));
#8940=DIRECTION('center_axis',(0.,0.,1.));
#8941=DIRECTION('ref_axis',(1.,0.,0.));
#8942=DIRECTION('center_axis',(0.,0.,-1.));
#8943=DIRECTION('ref_axis',(1.,0.,0.));
#8944=DIRECTION('center_axis',(0.,0.,1.));
#8945=DIRECTION('ref_axis',(1.,0.,0.));
#8946=DIRECTION('center_axis',(0.,0.,-1.));
#8947=DIRECTION('ref_axis',(1.,0.,0.));
#8948=DIRECTION('center_axis',(0.,0.,1.));
#8949=DIRECTION('ref_axis',(1.,0.,0.));
#8950=DIRECTION('center_axis',(0.,0.,-1.));
#8951=DIRECTION('ref_axis',(1.,0.,0.));
#8952=DIRECTION('center_axis',(0.,0.,1.));
#8953=DIRECTION('ref_axis',(1.,0.,0.));
#8954=DIRECTION('center_axis',(0.,0.,-1.));
#8955=DIRECTION('ref_axis',(1.,0.,0.));
#8956=DIRECTION('center_axis',(0.,0.,1.));
#8957=DIRECTION('ref_axis',(1.,0.,0.));
#8958=DIRECTION('center_axis',(0.,0.,-1.));
#8959=DIRECTION('ref_axis',(1.,0.,0.));
#8960=DIRECTION('center_axis',(0.,0.,1.));
#8961=DIRECTION('ref_axis',(1.,0.,0.));
#8962=DIRECTION('center_axis',(0.,0.,-1.));
#8963=DIRECTION('ref_axis',(1.,0.,0.));
#8964=DIRECTION('center_axis',(0.,0.,1.));
#8965=DIRECTION('ref_axis',(1.,0.,0.));
#8966=DIRECTION('center_axis',(0.,0.,-1.));
#8967=DIRECTION('ref_axis',(1.,0.,0.));
#8968=DIRECTION('center_axis',(0.,0.,1.));
#8969=DIRECTION('ref_axis',(1.,0.,0.));
#8970=DIRECTION('center_axis',(0.,0.,-1.));
#8971=DIRECTION('ref_axis',(1.,0.,0.));
#8972=DIRECTION('center_axis',(0.,0.,1.));
#8973=DIRECTION('ref_axis',(1.,0.,0.));
#8974=DIRECTION('center_axis',(0.,0.,-1.));
#8975=DIRECTION('ref_axis',(1.,0.,0.));
#8976=DIRECTION('center_axis',(0.,0.,1.));
#8977=DIRECTION('ref_axis',(1.,0.,0.));
#8978=DIRECTION('center_axis',(0.,0.,-1.));
#8979=DIRECTION('ref_axis',(1.,0.,0.));
#8980=DIRECTION('center_axis',(0.,0.,1.));
#8981=DIRECTION('ref_axis',(1.,0.,0.));
#8982=DIRECTION('center_axis',(0.,0.,-1.));
#8983=DIRECTION('ref_axis',(1.,0.,0.));
#8984=DIRECTION('center_axis',(0.,0.,1.));
#8985=DIRECTION('ref_axis',(1.,0.,0.));
#8986=DIRECTION('center_axis',(0.,0.,-1.));
#8987=DIRECTION('ref_axis',(1.,0.,0.));
#8988=DIRECTION('center_axis',(0.,0.,1.));
#8989=DIRECTION('ref_axis',(1.,0.,0.));
#8990=DIRECTION('center_axis',(0.,0.,-1.));
#8991=DIRECTION('ref_axis',(1.,0.,0.));
#8992=DIRECTION('center_axis',(0.,0.,1.));
#8993=DIRECTION('ref_axis',(1.,0.,0.));
#8994=DIRECTION('center_axis',(0.,0.,-1.));
#8995=DIRECTION('ref_axis',(1.,0.,0.));
#8996=DIRECTION('center_axis',(0.,0.,1.));
#8997=DIRECTION('ref_axis',(1.,0.,0.));
#8998=DIRECTION('center_axis',(0.,0.,-1.));
#8999=DIRECTION('ref_axis',(1.,0.,0.));
#9000=DIRECTION('center_axis',(0.,0.,1.));
#9001=DIRECTION('ref_axis',(1.,0.,0.));
#9002=DIRECTION('center_axis',(0.,0.,-1.));
#9003=DIRECTION('ref_axis',(1.,0.,0.));
#9004=DIRECTION('center_axis',(0.,0.,1.));
#9005=DIRECTION('ref_axis',(1.,0.,0.));
#9006=DIRECTION('center_axis',(0.,0.,-1.));
#9007=DIRECTION('ref_axis',(1.,0.,0.));
#9008=DIRECTION('center_axis',(0.,0.,1.));
#9009=DIRECTION('ref_axis',(1.,0.,0.));
#9010=DIRECTION('center_axis',(0.,0.,-1.));
#9011=DIRECTION('ref_axis',(1.,0.,0.));
#9012=DIRECTION('center_axis',(0.,0.,1.));
#9013=DIRECTION('ref_axis',(1.,0.,0.));
#9014=DIRECTION('center_axis',(0.,0.,-1.));
#9015=DIRECTION('ref_axis',(1.,0.,0.));
#9016=DIRECTION('center_axis',(0.,0.,1.));
#9017=DIRECTION('ref_axis',(1.,0.,0.));
#9018=DIRECTION('center_axis',(0.,0.,-1.));
#9019=DIRECTION('ref_axis',(1.,0.,0.));
#9020=DIRECTION('center_axis',(0.,0.,1.));
#9021=DIRECTION('ref_axis',(1.,0.,0.));
#9022=DIRECTION('center_axis',(0.,0.,-1.));
#9023=DIRECTION('ref_axis',(1.,0.,0.));
#9024=DIRECTION('center_axis',(0.,0.,1.));
#9025=DIRECTION('ref_axis',(1.,0.,0.));
#9026=DIRECTION('center_axis',(0.,0.,-1.));
#9027=DIRECTION('ref_axis',(1.,0.,0.));
#9028=DIRECTION('center_axis',(0.,0.,1.));
#9029=DIRECTION('ref_axis',(1.,0.,0.));
#9030=DIRECTION('center_axis',(0.,0.,-1.));
#9031=DIRECTION('ref_axis',(1.,0.,0.));
#9032=DIRECTION('center_axis',(0.,0.,1.));
#9033=DIRECTION('ref_axis',(1.,0.,0.));
#9034=DIRECTION('center_axis',(0.,0.,-1.));
#9035=DIRECTION('ref_axis',(1.,0.,0.));
#9036=DIRECTION('center_axis',(0.,0.,1.));
#9037=DIRECTION('ref_axis',(1.,0.,0.));
#9038=DIRECTION('center_axis',(0.,0.,-1.));
#9039=DIRECTION('ref_axis',(1.,0.,0.));
#9040=DIRECTION('center_axis',(0.,0.,1.));
#9041=DIRECTION('ref_axis',(1.,0.,0.));
#9042=DIRECTION('center_axis',(0.,0.,-1.));
#9043=DIRECTION('ref_axis',(1.,0.,0.));
#9044=DIRECTION('center_axis',(0.,0.,1.));
#9045=DIRECTION('ref_axis',(1.,0.,0.));
#9046=DIRECTION('center_axis',(0.,0.,-1.));
#9047=DIRECTION('ref_axis',(1.,0.,0.));
#9048=DIRECTION('center_axis',(0.,0.,1.));
#9049=DIRECTION('ref_axis',(1.,0.,0.));
#9050=DIRECTION('center_axis',(0.,0.,-1.));
#9051=DIRECTION('ref_axis',(1.,0.,0.));
#9052=DIRECTION('center_axis',(0.,0.,1.));
#9053=DIRECTION('ref_axis',(1.,0.,0.));
#9054=DIRECTION('center_axis',(0.,0.,-1.));
#9055=DIRECTION('ref_axis',(1.,0.,0.));
#9056=DIRECTION('center_axis',(0.,0.,1.));
#9057=DIRECTION('ref_axis',(1.,0.,0.));
#9058=DIRECTION('center_axis',(0.,0.,-1.));
#9059=DIRECTION('ref_axis',(1.,0.,0.));
#9060=DIRECTION('center_axis',(0.,0.,1.));
#9061=DIRECTION('ref_axis',(1.,0.,0.));
#9062=DIRECTION('center_axis',(0.,0.,-1.));
#9063=DIRECTION('ref_axis',(1.,0.,0.));
#9064=DIRECTION('center_axis',(0.,0.,1.));
#9065=DIRECTION('ref_axis',(1.,0.,0.));
#9066=DIRECTION('center_axis',(0.,0.,-1.));
#9067=DIRECTION('ref_axis',(1.,0.,0.));
#9068=DIRECTION('center_axis',(0.,0.,1.));
#9069=DIRECTION('ref_axis',(1.,0.,0.));
#9070=DIRECTION('center_axis',(0.,0.,-1.));
#9071=DIRECTION('ref_axis',(1.,0.,0.));
#9072=DIRECTION('center_axis',(0.,0.,1.));
#9073=DIRECTION('ref_axis',(1.,0.,0.));
#9074=DIRECTION('center_axis',(0.,0.,-1.));
#9075=DIRECTION('ref_axis',(1.,0.,0.));
#9076=DIRECTION('center_axis',(0.,0.,1.));
#9077=DIRECTION('ref_axis',(1.,0.,0.));
#9078=DIRECTION('center_axis',(0.,0.,-1.));
#9079=DIRECTION('ref_axis',(1.,0.,0.));
#9080=DIRECTION('center_axis',(0.,0.,1.));
#9081=DIRECTION('ref_axis',(1.,0.,0.));
#9082=DIRECTION('center_axis',(0.,0.,-1.));
#9083=DIRECTION('ref_axis',(1.,0.,0.));
#9084=DIRECTION('center_axis',(0.,0.,1.));
#9085=DIRECTION('ref_axis',(1.,0.,0.));
#9086=DIRECTION('center_axis',(0.,0.,-1.));
#9087=DIRECTION('ref_axis',(1.,0.,0.));
#9088=DIRECTION('center_axis',(0.,0.,1.));
#9089=DIRECTION('ref_axis',(1.,0.,0.));
#9090=DIRECTION('center_axis',(0.,0.,-1.));
#9091=DIRECTION('ref_axis',(1.,0.,0.));
#9092=DIRECTION('center_axis',(0.,0.,1.));
#9093=DIRECTION('ref_axis',(1.,0.,0.));
#9094=DIRECTION('center_axis',(0.,0.,-1.));
#9095=DIRECTION('ref_axis',(1.,0.,0.));
#9096=DIRECTION('center_axis',(0.,0.,1.));
#9097=DIRECTION('ref_axis',(1.,0.,0.));
#9098=DIRECTION('center_axis',(0.,0.,-1.));
#9099=DIRECTION('ref_axis',(1.,0.,0.));
#9100=DIRECTION('center_axis',(0.,0.,1.));
#9101=DIRECTION('ref_axis',(1.,0.,0.));
#9102=DIRECTION('center_axis',(0.,0.,-1.));
#9103=DIRECTION('ref_axis',(1.,0.,0.));
#9104=DIRECTION('center_axis',(0.,0.,1.));
#9105=DIRECTION('ref_axis',(1.,0.,0.));
#9106=DIRECTION('center_axis',(0.,0.,-1.));
#9107=DIRECTION('ref_axis',(1.,0.,0.));
#9108=DIRECTION('center_axis',(0.,0.,1.));
#9109=DIRECTION('ref_axis',(1.,0.,0.));
#9110=DIRECTION('center_axis',(0.,0.,-1.));
#9111=DIRECTION('ref_axis',(1.,0.,0.));
#9112=DIRECTION('center_axis',(0.,0.,1.));
#9113=DIRECTION('ref_axis',(1.,0.,0.));
#9114=DIRECTION('center_axis',(0.,0.,-1.));
#9115=DIRECTION('ref_axis',(1.,0.,0.));
#9116=DIRECTION('center_axis',(0.,0.,1.));
#9117=DIRECTION('ref_axis',(1.,0.,0.));
#9118=DIRECTION('center_axis',(0.,0.,-1.));
#9119=DIRECTION('ref_axis',(1.,0.,0.));
#9120=DIRECTION('center_axis',(0.,0.,1.));
#9121=DIRECTION('ref_axis',(1.,0.,0.));
#9122=DIRECTION('center_axis',(0.,0.,-1.));
#9123=DIRECTION('ref_axis',(1.,0.,0.));
#9124=DIRECTION('',(0.,0.,-1.));
#9125=DIRECTION('center_axis',(0.,0.,1.));
#9126=DIRECTION('ref_axis',(1.,0.,0.));
#9127=DIRECTION('center_axis',(0.,0.,-1.));
#9128=DIRECTION('ref_axis',(1.,0.,0.));
#9129=DIRECTION('',(0.,0.,-1.));
#9130=DIRECTION('center_axis',(0.,0.,1.));
#9131=DIRECTION('ref_axis',(1.,0.,0.));
#9132=DIRECTION('center_axis',(0.,0.,-1.));
#9133=DIRECTION('ref_axis',(1.,0.,0.));
#9134=DIRECTION('',(0.,0.,-1.));
#9135=DIRECTION('center_axis',(0.,0.,1.));
#9136=DIRECTION('ref_axis',(1.,0.,0.));
#9137=DIRECTION('center_axis',(0.,0.,-1.));
#9138=DIRECTION('ref_axis',(1.,0.,0.));
#9139=DIRECTION('',(0.,0.,-1.));
#9140=DIRECTION('center_axis',(0.,0.,1.));
#9141=DIRECTION('ref_axis',(1.,0.,0.));
#9142=DIRECTION('center_axis',(0.,0.,-1.));
#9143=DIRECTION('ref_axis',(1.,0.,0.));
#9144=DIRECTION('',(0.,0.,-1.));
#9145=DIRECTION('center_axis',(0.,0.,1.));
#9146=DIRECTION('ref_axis',(1.,0.,0.));
#9147=DIRECTION('center_axis',(0.,0.,-1.));
#9148=DIRECTION('ref_axis',(1.,0.,0.));
#9149=DIRECTION('',(0.,0.,-1.));
#9150=DIRECTION('center_axis',(0.,0.,1.));
#9151=DIRECTION('ref_axis',(1.,0.,0.));
#9152=DIRECTION('center_axis',(0.,0.,-1.));
#9153=DIRECTION('ref_axis',(1.,0.,0.));
#9154=DIRECTION('',(0.,0.,-1.));
#9155=DIRECTION('center_axis',(0.,0.,1.));
#9156=DIRECTION('ref_axis',(1.,0.,0.));
#9157=DIRECTION('center_axis',(0.,0.,-1.));
#9158=DIRECTION('ref_axis',(1.,0.,0.));
#9159=DIRECTION('',(0.,0.,-1.));
#9160=DIRECTION('center_axis',(0.,0.,1.));
#9161=DIRECTION('ref_axis',(1.,0.,0.));
#9162=DIRECTION('center_axis',(0.,0.,-1.));
#9163=DIRECTION('ref_axis',(1.,0.,0.));
#9164=DIRECTION('',(0.,0.,-1.));
#9165=DIRECTION('center_axis',(0.,0.,1.));
#9166=DIRECTION('ref_axis',(1.,0.,0.));
#9167=DIRECTION('center_axis',(0.,0.,-1.));
#9168=DIRECTION('ref_axis',(1.,0.,0.));
#9169=DIRECTION('',(0.,0.,-1.));
#9170=DIRECTION('center_axis',(0.,0.,1.));
#9171=DIRECTION('ref_axis',(1.,0.,0.));
#9172=DIRECTION('center_axis',(0.,0.,-1.));
#9173=DIRECTION('ref_axis',(1.,0.,0.));
#9174=DIRECTION('',(0.,0.,-1.));
#9175=DIRECTION('center_axis',(0.,0.,1.));
#9176=DIRECTION('ref_axis',(1.,0.,0.));
#9177=DIRECTION('center_axis',(0.,0.,-1.));
#9178=DIRECTION('ref_axis',(1.,0.,0.));
#9179=DIRECTION('',(0.,0.,-1.));
#9180=DIRECTION('center_axis',(0.,0.,1.));
#9181=DIRECTION('ref_axis',(1.,0.,0.));
#9182=DIRECTION('center_axis',(0.,0.,-1.));
#9183=DIRECTION('ref_axis',(1.,0.,0.));
#9184=DIRECTION('',(0.,0.,-1.));
#9185=DIRECTION('center_axis',(0.,0.,1.));
#9186=DIRECTION('ref_axis',(1.,0.,0.));
#9187=DIRECTION('center_axis',(0.,0.,-1.));
#9188=DIRECTION('ref_axis',(1.,0.,0.));
#9189=DIRECTION('',(0.,0.,-1.));
#9190=DIRECTION('center_axis',(0.,0.,1.));
#9191=DIRECTION('ref_axis',(1.,0.,0.));
#9192=DIRECTION('center_axis',(0.,0.,-1.));
#9193=DIRECTION('ref_axis',(1.,0.,0.));
#9194=DIRECTION('',(0.,0.,-1.));
#9195=DIRECTION('center_axis',(0.,0.,1.));
#9196=DIRECTION('ref_axis',(1.,0.,0.));
#9197=DIRECTION('center_axis',(0.,0.,-1.));
#9198=DIRECTION('ref_axis',(1.,0.,0.));
#9199=DIRECTION('',(0.,0.,-1.));
#9200=DIRECTION('center_axis',(0.,0.,1.));
#9201=DIRECTION('ref_axis',(1.,0.,0.));
#9202=DIRECTION('center_axis',(0.,0.,-1.));
#9203=DIRECTION('ref_axis',(1.,0.,0.));
#9204=DIRECTION('',(0.,0.,-1.));
#9205=DIRECTION('center_axis',(0.,0.,1.));
#9206=DIRECTION('ref_axis',(1.,0.,0.));
#9207=DIRECTION('center_axis',(0.,0.,-1.));
#9208=DIRECTION('ref_axis',(1.,0.,0.));
#9209=DIRECTION('',(0.,0.,-1.));
#9210=DIRECTION('center_axis',(0.,0.,1.));
#9211=DIRECTION('ref_axis',(1.,0.,0.));
#9212=DIRECTION('center_axis',(0.,0.,-1.));
#9213=DIRECTION('ref_axis',(1.,0.,0.));
#9214=DIRECTION('',(0.,0.,-1.));
#9215=DIRECTION('center_axis',(0.,0.,1.));
#9216=DIRECTION('ref_axis',(1.,0.,0.));
#9217=DIRECTION('center_axis',(0.,0.,-1.));
#9218=DIRECTION('ref_axis',(1.,0.,0.));
#9219=DIRECTION('',(0.,0.,-1.));
#9220=DIRECTION('center_axis',(0.,0.,1.));
#9221=DIRECTION('ref_axis',(1.,0.,0.));
#9222=DIRECTION('center_axis',(0.,0.,-1.));
#9223=DIRECTION('ref_axis',(1.,0.,0.));
#9224=DIRECTION('',(0.,0.,-1.));
#9225=DIRECTION('center_axis',(0.,0.,1.));
#9226=DIRECTION('ref_axis',(1.,0.,0.));
#9227=DIRECTION('center_axis',(0.,0.,-1.));
#9228=DIRECTION('ref_axis',(1.,0.,0.));
#9229=DIRECTION('',(0.,0.,-1.));
#9230=DIRECTION('center_axis',(0.,0.,1.));
#9231=DIRECTION('ref_axis',(1.,0.,0.));
#9232=DIRECTION('center_axis',(0.,0.,-1.));
#9233=DIRECTION('ref_axis',(1.,0.,0.));
#9234=DIRECTION('',(0.,0.,-1.));
#9235=DIRECTION('center_axis',(0.,0.,1.));
#9236=DIRECTION('ref_axis',(1.,0.,0.));
#9237=DIRECTION('center_axis',(0.,0.,-1.));
#9238=DIRECTION('ref_axis',(1.,0.,0.));
#9239=DIRECTION('',(0.,0.,-1.));
#9240=DIRECTION('center_axis',(0.,0.,1.));
#9241=DIRECTION('ref_axis',(1.,0.,0.));
#9242=DIRECTION('center_axis',(0.,0.,-1.));
#9243=DIRECTION('ref_axis',(1.,0.,0.));
#9244=DIRECTION('',(0.,0.,-1.));
#9245=DIRECTION('center_axis',(0.,0.,1.));
#9246=DIRECTION('ref_axis',(1.,0.,0.));
#9247=DIRECTION('center_axis',(0.,0.,-1.));
#9248=DIRECTION('ref_axis',(1.,0.,0.));
#9249=DIRECTION('',(0.,0.,-1.));
#9250=DIRECTION('center_axis',(0.,0.,1.));
#9251=DIRECTION('ref_axis',(1.,0.,0.));
#9252=DIRECTION('center_axis',(0.,0.,-1.));
#9253=DIRECTION('ref_axis',(1.,0.,0.));
#9254=DIRECTION('',(0.,0.,-1.));
#9255=DIRECTION('center_axis',(0.,0.,1.));
#9256=DIRECTION('ref_axis',(1.,0.,0.));
#9257=DIRECTION('center_axis',(0.,0.,-1.));
#9258=DIRECTION('ref_axis',(1.,0.,0.));
#9259=DIRECTION('',(0.,0.,-1.));
#9260=DIRECTION('center_axis',(0.,0.,1.));
#9261=DIRECTION('ref_axis',(1.,0.,0.));
#9262=DIRECTION('center_axis',(0.,0.,-1.));
#9263=DIRECTION('ref_axis',(1.,0.,0.));
#9264=DIRECTION('',(0.,0.,-1.));
#9265=DIRECTION('center_axis',(0.,0.,1.));
#9266=DIRECTION('ref_axis',(1.,0.,0.));
#9267=DIRECTION('center_axis',(0.,0.,-1.));
#9268=DIRECTION('ref_axis',(1.,0.,0.));
#9269=DIRECTION('',(0.,0.,-1.));
#9270=DIRECTION('center_axis',(0.,0.,1.));
#9271=DIRECTION('ref_axis',(1.,0.,0.));
#9272=DIRECTION('center_axis',(0.,0.,-1.));
#9273=DIRECTION('ref_axis',(1.,0.,0.));
#9274=DIRECTION('',(0.,0.,-1.));
#9275=DIRECTION('center_axis',(0.,0.,1.));
#9276=DIRECTION('ref_axis',(1.,0.,0.));
#9277=DIRECTION('center_axis',(0.,0.,-1.));
#9278=DIRECTION('ref_axis',(1.,0.,0.));
#9279=DIRECTION('',(0.,0.,-1.));
#9280=DIRECTION('center_axis',(0.,0.,1.));
#9281=DIRECTION('ref_axis',(1.,0.,0.));
#9282=DIRECTION('center_axis',(0.,0.,-1.));
#9283=DIRECTION('ref_axis',(1.,0.,0.));
#9284=DIRECTION('',(0.,0.,-1.));
#9285=DIRECTION('center_axis',(0.,0.,1.));
#9286=DIRECTION('ref_axis',(1.,0.,0.));
#9287=DIRECTION('center_axis',(0.,0.,-1.));
#9288=DIRECTION('ref_axis',(1.,0.,0.));
#9289=DIRECTION('',(0.,0.,-1.));
#9290=DIRECTION('center_axis',(0.,0.,1.));
#9291=DIRECTION('ref_axis',(1.,0.,0.));
#9292=DIRECTION('center_axis',(0.,0.,-1.));
#9293=DIRECTION('ref_axis',(1.,0.,0.));
#9294=DIRECTION('',(0.,0.,-1.));
#9295=DIRECTION('center_axis',(0.,0.,1.));
#9296=DIRECTION('ref_axis',(1.,0.,0.));
#9297=DIRECTION('center_axis',(0.,0.,-1.));
#9298=DIRECTION('ref_axis',(1.,0.,0.));
#9299=DIRECTION('',(0.,0.,-1.));
#9300=DIRECTION('center_axis',(0.,0.,1.));
#9301=DIRECTION('ref_axis',(1.,0.,0.));
#9302=DIRECTION('center_axis',(0.,0.,-1.));
#9303=DIRECTION('ref_axis',(1.,0.,0.));
#9304=DIRECTION('',(0.,0.,-1.));
#9305=DIRECTION('center_axis',(0.,0.,1.));
#9306=DIRECTION('ref_axis',(1.,0.,0.));
#9307=DIRECTION('center_axis',(0.,0.,-1.));
#9308=DIRECTION('ref_axis',(1.,0.,0.));
#9309=DIRECTION('',(0.,0.,-1.));
#9310=DIRECTION('center_axis',(0.,0.,1.));
#9311=DIRECTION('ref_axis',(1.,0.,0.));
#9312=DIRECTION('center_axis',(0.,0.,-1.));
#9313=DIRECTION('ref_axis',(1.,0.,0.));
#9314=DIRECTION('',(0.,0.,-1.));
#9315=DIRECTION('center_axis',(0.,0.,1.));
#9316=DIRECTION('ref_axis',(1.,0.,0.));
#9317=DIRECTION('center_axis',(0.,0.,-1.));
#9318=DIRECTION('ref_axis',(1.,0.,0.));
#9319=DIRECTION('',(0.,0.,-1.));
#9320=DIRECTION('center_axis',(0.,0.,1.));
#9321=DIRECTION('ref_axis',(1.,0.,0.));
#9322=DIRECTION('center_axis',(0.,0.,-1.));
#9323=DIRECTION('ref_axis',(1.,0.,0.));
#9324=DIRECTION('',(0.,0.,-1.));
#9325=DIRECTION('center_axis',(0.,0.,1.));
#9326=DIRECTION('ref_axis',(1.,0.,0.));
#9327=DIRECTION('center_axis',(0.,0.,-1.));
#9328=DIRECTION('ref_axis',(1.,0.,0.));
#9329=DIRECTION('',(0.,0.,-1.));
#9330=DIRECTION('center_axis',(0.,0.,1.));
#9331=DIRECTION('ref_axis',(1.,0.,0.));
#9332=DIRECTION('center_axis',(0.,0.,-1.));
#9333=DIRECTION('ref_axis',(1.,0.,0.));
#9334=DIRECTION('',(0.,0.,-1.));
#9335=DIRECTION('center_axis',(0.,0.,1.));
#9336=DIRECTION('ref_axis',(1.,0.,0.));
#9337=DIRECTION('center_axis',(0.,0.,-1.));
#9338=DIRECTION('ref_axis',(1.,0.,0.));
#9339=DIRECTION('',(0.,0.,-1.));
#9340=DIRECTION('center_axis',(0.,0.,1.));
#9341=DIRECTION('ref_axis',(1.,0.,0.));
#9342=DIRECTION('center_axis',(0.,0.,-1.));
#9343=DIRECTION('ref_axis',(1.,0.,0.));
#9344=DIRECTION('',(0.,0.,-1.));
#9345=DIRECTION('center_axis',(0.,0.,1.));
#9346=DIRECTION('ref_axis',(1.,0.,0.));
#9347=DIRECTION('center_axis',(0.,0.,-1.));
#9348=DIRECTION('ref_axis',(1.,0.,0.));
#9349=DIRECTION('',(0.,0.,-1.));
#9350=DIRECTION('center_axis',(0.,0.,1.));
#9351=DIRECTION('ref_axis',(1.,0.,0.));
#9352=DIRECTION('center_axis',(0.,0.,-1.));
#9353=DIRECTION('ref_axis',(1.,0.,0.));
#9354=DIRECTION('',(0.,0.,-1.));
#9355=DIRECTION('center_axis',(0.,0.,1.));
#9356=DIRECTION('ref_axis',(1.,0.,0.));
#9357=DIRECTION('center_axis',(0.,0.,-1.));
#9358=DIRECTION('ref_axis',(1.,0.,0.));
#9359=DIRECTION('',(0.,0.,-1.));
#9360=DIRECTION('center_axis',(0.,0.,1.));
#9361=DIRECTION('ref_axis',(1.,0.,0.));
#9362=DIRECTION('center_axis',(0.,0.,-1.));
#9363=DIRECTION('ref_axis',(1.,0.,0.));
#9364=DIRECTION('',(0.,0.,-1.));
#9365=DIRECTION('center_axis',(0.,0.,1.));
#9366=DIRECTION('ref_axis',(1.,0.,0.));
#9367=DIRECTION('center_axis',(0.,0.,-1.));
#9368=DIRECTION('ref_axis',(1.,0.,0.));
#9369=DIRECTION('',(0.,0.,-1.));
#9370=DIRECTION('center_axis',(0.,0.,1.));
#9371=DIRECTION('ref_axis',(1.,0.,0.));
#9372=DIRECTION('center_axis',(0.,0.,-1.));
#9373=DIRECTION('ref_axis',(1.,0.,0.));
#9374=DIRECTION('',(0.,0.,-1.));
#9375=DIRECTION('center_axis',(0.,0.,1.));
#9376=DIRECTION('ref_axis',(1.,0.,0.));
#9377=DIRECTION('center_axis',(0.,0.,-1.));
#9378=DIRECTION('ref_axis',(1.,0.,0.));
#9379=DIRECTION('',(0.,0.,-1.));
#9380=DIRECTION('center_axis',(0.,0.,1.));
#9381=DIRECTION('ref_axis',(1.,0.,0.));
#9382=DIRECTION('center_axis',(0.,0.,-1.));
#9383=DIRECTION('ref_axis',(1.,0.,0.));
#9384=DIRECTION('',(0.,0.,-1.));
#9385=DIRECTION('center_axis',(0.,0.,1.));
#9386=DIRECTION('ref_axis',(1.,0.,0.));
#9387=DIRECTION('center_axis',(0.,0.,-1.));
#9388=DIRECTION('ref_axis',(1.,0.,0.));
#9389=DIRECTION('',(0.,0.,-1.));
#9390=DIRECTION('center_axis',(0.,0.,1.));
#9391=DIRECTION('ref_axis',(1.,0.,0.));
#9392=DIRECTION('center_axis',(0.,0.,-1.));
#9393=DIRECTION('ref_axis',(1.,0.,0.));
#9394=DIRECTION('',(0.,0.,-1.));
#9395=DIRECTION('center_axis',(0.,0.,1.));
#9396=DIRECTION('ref_axis',(1.,0.,0.));
#9397=DIRECTION('center_axis',(0.,0.,-1.));
#9398=DIRECTION('ref_axis',(1.,0.,0.));
#9399=DIRECTION('',(0.,0.,-1.));
#9400=DIRECTION('center_axis',(0.,0.,1.));
#9401=DIRECTION('ref_axis',(1.,0.,0.));
#9402=DIRECTION('center_axis',(0.,0.,-1.));
#9403=DIRECTION('ref_axis',(1.,0.,0.));
#9404=DIRECTION('',(0.,0.,-1.));
#9405=DIRECTION('center_axis',(0.,0.,1.));
#9406=DIRECTION('ref_axis',(1.,0.,0.));
#9407=DIRECTION('center_axis',(0.,0.,-1.));
#9408=DIRECTION('ref_axis',(1.,0.,0.));
#9409=DIRECTION('',(0.,0.,-1.));
#9410=DIRECTION('center_axis',(0.,0.,1.));
#9411=DIRECTION('ref_axis',(1.,0.,0.));
#9412=DIRECTION('center_axis',(0.,0.,-1.));
#9413=DIRECTION('ref_axis',(1.,0.,0.));
#9414=DIRECTION('',(0.,0.,-1.));
#9415=DIRECTION('center_axis',(0.,0.,1.));
#9416=DIRECTION('ref_axis',(1.,0.,0.));
#9417=DIRECTION('center_axis',(0.,0.,-1.));
#9418=DIRECTION('ref_axis',(1.,0.,0.));
#9419=DIRECTION('',(0.,0.,-1.));
#9420=DIRECTION('center_axis',(0.,0.,1.));
#9421=DIRECTION('ref_axis',(1.,0.,0.));
#9422=DIRECTION('center_axis',(0.,0.,-1.));
#9423=DIRECTION('ref_axis',(1.,0.,0.));
#9424=DIRECTION('',(0.,0.,-1.));
#9425=DIRECTION('center_axis',(0.,0.,1.));
#9426=DIRECTION('ref_axis',(1.,0.,0.));
#9427=DIRECTION('center_axis',(0.,0.,-1.));
#9428=DIRECTION('ref_axis',(1.,0.,0.));
#9429=DIRECTION('',(0.,0.,-1.));
#9430=DIRECTION('center_axis',(0.,0.,1.));
#9431=DIRECTION('ref_axis',(1.,0.,0.));
#9432=DIRECTION('center_axis',(0.,0.,-1.));
#9433=DIRECTION('ref_axis',(1.,0.,0.));
#9434=DIRECTION('',(0.,0.,-1.));
#9435=DIRECTION('center_axis',(0.,0.,1.));
#9436=DIRECTION('ref_axis',(1.,0.,0.));
#9437=DIRECTION('center_axis',(0.,0.,-1.));
#9438=DIRECTION('ref_axis',(1.,0.,0.));
#9439=DIRECTION('',(0.,0.,-1.));
#9440=DIRECTION('center_axis',(0.,0.,1.));
#9441=DIRECTION('ref_axis',(1.,0.,0.));
#9442=DIRECTION('center_axis',(0.,0.,-1.));
#9443=DIRECTION('ref_axis',(1.,0.,0.));
#9444=DIRECTION('',(0.,0.,-1.));
#9445=DIRECTION('center_axis',(0.,0.,1.));
#9446=DIRECTION('ref_axis',(1.,0.,0.));
#9447=DIRECTION('center_axis',(0.,0.,-1.));
#9448=DIRECTION('ref_axis',(1.,0.,0.));
#9449=DIRECTION('',(0.,0.,-1.));
#9450=DIRECTION('center_axis',(0.,0.,1.));
#9451=DIRECTION('ref_axis',(1.,0.,0.));
#9452=DIRECTION('center_axis',(0.,0.,-1.));
#9453=DIRECTION('ref_axis',(1.,0.,0.));
#9454=DIRECTION('',(0.,0.,-1.));
#9455=DIRECTION('center_axis',(0.,0.,1.));
#9456=DIRECTION('ref_axis',(1.,0.,0.));
#9457=DIRECTION('center_axis',(0.,0.,-1.));
#9458=DIRECTION('ref_axis',(1.,0.,0.));
#9459=DIRECTION('',(0.,0.,-1.));
#9460=DIRECTION('center_axis',(0.,0.,1.));
#9461=DIRECTION('ref_axis',(1.,0.,0.));
#9462=DIRECTION('center_axis',(0.,0.,-1.));
#9463=DIRECTION('ref_axis',(1.,0.,0.));
#9464=DIRECTION('',(0.,0.,-1.));
#9465=DIRECTION('center_axis',(0.,0.,1.));
#9466=DIRECTION('ref_axis',(1.,0.,0.));
#9467=DIRECTION('center_axis',(0.,0.,-1.));
#9468=DIRECTION('ref_axis',(1.,0.,0.));
#9469=DIRECTION('',(0.,0.,-1.));
#9470=DIRECTION('center_axis',(0.,0.,1.));
#9471=DIRECTION('ref_axis',(1.,0.,0.));
#9472=DIRECTION('center_axis',(0.,0.,-1.));
#9473=DIRECTION('ref_axis',(1.,0.,0.));
#9474=DIRECTION('',(0.,0.,-1.));
#9475=DIRECTION('center_axis',(0.,0.,1.));
#9476=DIRECTION('ref_axis',(1.,0.,0.));
#9477=DIRECTION('center_axis',(0.,0.,-1.));
#9478=DIRECTION('ref_axis',(1.,0.,0.));
#9479=DIRECTION('',(0.,0.,-1.));
#9480=DIRECTION('center_axis',(0.,0.,1.));
#9481=DIRECTION('ref_axis',(1.,0.,0.));
#9482=DIRECTION('center_axis',(0.,0.,-1.));
#9483=DIRECTION('ref_axis',(1.,0.,0.));
#9484=DIRECTION('',(0.,0.,-1.));
#9485=DIRECTION('center_axis',(0.,0.,1.));
#9486=DIRECTION('ref_axis',(1.,0.,0.));
#9487=DIRECTION('center_axis',(0.,0.,-1.));
#9488=DIRECTION('ref_axis',(1.,0.,0.));
#9489=DIRECTION('',(0.,0.,-1.));
#9490=DIRECTION('center_axis',(0.,0.,1.));
#9491=DIRECTION('ref_axis',(1.,0.,0.));
#9492=DIRECTION('center_axis',(0.,0.,-1.));
#9493=DIRECTION('ref_axis',(1.,0.,0.));
#9494=DIRECTION('',(0.,0.,-1.));
#9495=DIRECTION('center_axis',(0.,0.,1.));
#9496=DIRECTION('ref_axis',(1.,0.,0.));
#9497=DIRECTION('center_axis',(0.,0.,-1.));
#9498=DIRECTION('ref_axis',(1.,0.,0.));
#9499=DIRECTION('',(0.,0.,-1.));
#9500=DIRECTION('center_axis',(0.,0.,1.));
#9501=DIRECTION('ref_axis',(1.,0.,0.));
#9502=DIRECTION('center_axis',(0.,0.,-1.));
#9503=DIRECTION('ref_axis',(1.,0.,0.));
#9504=DIRECTION('',(0.,0.,-1.));
#9505=DIRECTION('center_axis',(0.,0.,1.));
#9506=DIRECTION('ref_axis',(1.,0.,0.));
#9507=DIRECTION('center_axis',(0.,0.,-1.));
#9508=DIRECTION('ref_axis',(1.,0.,0.));
#9509=DIRECTION('',(0.,0.,-1.));
#9510=DIRECTION('center_axis',(0.,0.,1.));
#9511=DIRECTION('ref_axis',(1.,0.,0.));
#9512=DIRECTION('center_axis',(0.,0.,-1.));
#9513=DIRECTION('ref_axis',(1.,0.,0.));
#9514=DIRECTION('',(0.,0.,-1.));
#9515=DIRECTION('center_axis',(0.,0.,1.));
#9516=DIRECTION('ref_axis',(1.,0.,0.));
#9517=DIRECTION('center_axis',(0.,0.,-1.));
#9518=DIRECTION('ref_axis',(1.,0.,0.));
#9519=DIRECTION('',(0.,0.,-1.));
#9520=DIRECTION('center_axis',(0.,0.,1.));
#9521=DIRECTION('ref_axis',(1.,0.,0.));
#9522=DIRECTION('center_axis',(0.,0.,-1.));
#9523=DIRECTION('ref_axis',(1.,0.,0.));
#9524=DIRECTION('',(0.,0.,-1.));
#9525=DIRECTION('center_axis',(0.,0.,1.));
#9526=DIRECTION('ref_axis',(1.,0.,0.));
#9527=DIRECTION('center_axis',(0.,0.,-1.));
#9528=DIRECTION('ref_axis',(1.,0.,0.));
#9529=DIRECTION('',(0.,0.,-1.));
#9530=DIRECTION('center_axis',(0.,0.,1.));
#9531=DIRECTION('ref_axis',(1.,0.,0.));
#9532=DIRECTION('center_axis',(0.,0.,-1.));
#9533=DIRECTION('ref_axis',(1.,0.,0.));
#9534=DIRECTION('',(0.,0.,-1.));
#9535=DIRECTION('center_axis',(0.,0.,1.));
#9536=DIRECTION('ref_axis',(1.,0.,0.));
#9537=DIRECTION('center_axis',(0.,0.,-1.));
#9538=DIRECTION('ref_axis',(1.,0.,0.));
#9539=DIRECTION('',(0.,0.,-1.));
#9540=DIRECTION('center_axis',(0.,0.,1.));
#9541=DIRECTION('ref_axis',(1.,0.,0.));
#9542=DIRECTION('center_axis',(0.,0.,-1.));
#9543=DIRECTION('ref_axis',(1.,0.,0.));
#9544=DIRECTION('',(0.,0.,-1.));
#9545=DIRECTION('center_axis',(0.,0.,1.));
#9546=DIRECTION('ref_axis',(1.,0.,0.));
#9547=DIRECTION('center_axis',(0.,0.,-1.));
#9548=DIRECTION('ref_axis',(1.,0.,0.));
#9549=DIRECTION('',(0.,0.,-1.));
#9550=DIRECTION('center_axis',(0.,0.,1.));
#9551=DIRECTION('ref_axis',(1.,0.,0.));
#9552=DIRECTION('center_axis',(0.,0.,-1.));
#9553=DIRECTION('ref_axis',(1.,0.,0.));
#9554=DIRECTION('',(0.,0.,-1.));
#9555=DIRECTION('center_axis',(0.,0.,1.));
#9556=DIRECTION('ref_axis',(1.,0.,0.));
#9557=DIRECTION('center_axis',(0.,0.,-1.));
#9558=DIRECTION('ref_axis',(1.,0.,0.));
#9559=DIRECTION('',(0.,0.,-1.));
#9560=DIRECTION('center_axis',(0.,0.,1.));
#9561=DIRECTION('ref_axis',(1.,0.,0.));
#9562=DIRECTION('center_axis',(0.,0.,-1.));
#9563=DIRECTION('ref_axis',(1.,0.,0.));
#9564=DIRECTION('',(0.,0.,-1.));
#9565=DIRECTION('center_axis',(0.,0.,1.));
#9566=DIRECTION('ref_axis',(1.,0.,0.));
#9567=DIRECTION('center_axis',(0.,0.,-1.));
#9568=DIRECTION('ref_axis',(1.,0.,0.));
#9569=DIRECTION('',(0.,0.,-1.));
#9570=DIRECTION('center_axis',(0.,0.,1.));
#9571=DIRECTION('ref_axis',(1.,0.,0.));
#9572=DIRECTION('center_axis',(0.,0.,-1.));
#9573=DIRECTION('ref_axis',(1.,0.,0.));
#9574=DIRECTION('',(0.,0.,-1.));
#9575=DIRECTION('center_axis',(0.,0.,1.));
#9576=DIRECTION('ref_axis',(1.,0.,0.));
#9577=DIRECTION('center_axis',(0.,0.,-1.));
#9578=DIRECTION('ref_axis',(1.,0.,0.));
#9579=DIRECTION('',(0.,0.,-1.));
#9580=DIRECTION('center_axis',(0.,0.,1.));
#9581=DIRECTION('ref_axis',(1.,0.,0.));
#9582=DIRECTION('center_axis',(0.,0.,-1.));
#9583=DIRECTION('ref_axis',(1.,0.,0.));
#9584=DIRECTION('',(0.,0.,-1.));
#9585=DIRECTION('center_axis',(0.,0.,1.));
#9586=DIRECTION('ref_axis',(1.,0.,0.));
#9587=DIRECTION('center_axis',(0.,0.,-1.));
#9588=DIRECTION('ref_axis',(1.,0.,0.));
#9589=DIRECTION('',(0.,0.,-1.));
#9590=DIRECTION('center_axis',(0.,0.,1.));
#9591=DIRECTION('ref_axis',(1.,0.,0.));
#9592=DIRECTION('center_axis',(0.,0.,-1.));
#9593=DIRECTION('ref_axis',(1.,0.,0.));
#9594=DIRECTION('',(0.,0.,-1.));
#9595=DIRECTION('center_axis',(0.,0.,1.));
#9596=DIRECTION('ref_axis',(1.,0.,0.));
#9597=DIRECTION('center_axis',(0.,0.,-1.));
#9598=DIRECTION('ref_axis',(1.,0.,0.));
#9599=DIRECTION('',(0.,0.,-1.));
#9600=DIRECTION('center_axis',(0.,0.,1.));
#9601=DIRECTION('ref_axis',(1.,0.,0.));
#9602=DIRECTION('center_axis',(0.,0.,-1.));
#9603=DIRECTION('ref_axis',(1.,0.,0.));
#9604=DIRECTION('',(0.,0.,-1.));
#9605=DIRECTION('center_axis',(0.,0.,1.));
#9606=DIRECTION('ref_axis',(1.,0.,0.));
#9607=DIRECTION('center_axis',(0.,0.,-1.));
#9608=DIRECTION('ref_axis',(1.,0.,0.));
#9609=DIRECTION('',(0.,0.,-1.));
#9610=DIRECTION('center_axis',(0.,0.,1.));
#9611=DIRECTION('ref_axis',(1.,0.,0.));
#9612=DIRECTION('center_axis',(0.,0.,-1.));
#9613=DIRECTION('ref_axis',(1.,0.,0.));
#9614=DIRECTION('',(0.,0.,-1.));
#9615=DIRECTION('center_axis',(0.,0.,1.));
#9616=DIRECTION('ref_axis',(1.,0.,0.));
#9617=DIRECTION('center_axis',(0.,0.,-1.));
#9618=DIRECTION('ref_axis',(1.,0.,0.));
#9619=DIRECTION('',(0.,0.,-1.));
#9620=DIRECTION('center_axis',(0.,0.,1.));
#9621=DIRECTION('ref_axis',(0.,1.,0.));
#9622=DIRECTION('',(0.,0.,1.));
#9623=DIRECTION('center_axis',(0.,0.,-1.));
#9624=DIRECTION('ref_axis',(0.,1.,0.));
#9625=DIRECTION('',(0.,0.,1.));
#9626=DIRECTION('center_axis',(0.,-1.,0.));
#9627=DIRECTION('ref_axis',(1.,0.,0.));
#9628=DIRECTION('',(1.,0.,0.));
#9629=DIRECTION('',(0.,0.,1.));
#9630=DIRECTION('center_axis',(0.,0.,1.));
#9631=DIRECTION('ref_axis',(0.,1.,0.));
#9632=DIRECTION('center_axis',(0.,0.,-1.));
#9633=DIRECTION('ref_axis',(0.,1.,0.));
#9634=DIRECTION('',(0.,0.,1.));
#9635=DIRECTION('center_axis',(0.,-1.,0.));
#9636=DIRECTION('ref_axis',(1.,0.,0.));
#9637=DIRECTION('',(1.,0.,0.));
#9638=DIRECTION('',(0.,0.,1.));
#9639=DIRECTION('center_axis',(0.,0.,1.));
#9640=DIRECTION('ref_axis',(0.,1.,0.));
#9641=DIRECTION('center_axis',(0.,0.,-1.));
#9642=DIRECTION('ref_axis',(0.,1.,0.));
#9643=DIRECTION('',(0.,0.,1.));
#9644=DIRECTION('center_axis',(0.,-1.,0.));
#9645=DIRECTION('ref_axis',(1.,0.,0.));
#9646=DIRECTION('',(1.,0.,0.));
#9647=DIRECTION('',(0.,0.,1.));
#9648=DIRECTION('center_axis',(0.,0.,1.));
#9649=DIRECTION('ref_axis',(0.,1.,0.));
#9650=DIRECTION('center_axis',(0.,0.,-1.));
#9651=DIRECTION('ref_axis',(0.,1.,0.));
#9652=DIRECTION('',(0.,0.,1.));
#9653=DIRECTION('center_axis',(0.,-1.,0.));
#9654=DIRECTION('ref_axis',(1.,0.,0.));
#9655=DIRECTION('',(1.,0.,0.));
#9656=DIRECTION('',(0.,0.,1.));
#9657=DIRECTION('center_axis',(0.,0.,1.));
#9658=DIRECTION('ref_axis',(0.,1.,0.));
#9659=DIRECTION('center_axis',(0.,0.,-1.));
#9660=DIRECTION('ref_axis',(0.,1.,0.));
#9661=DIRECTION('',(0.,0.,1.));
#9662=DIRECTION('center_axis',(0.,-1.,0.));
#9663=DIRECTION('ref_axis',(1.,0.,0.));
#9664=DIRECTION('',(1.,0.,0.));
#9665=DIRECTION('',(0.,0.,1.));
#9666=DIRECTION('center_axis',(0.,0.,1.));
#9667=DIRECTION('ref_axis',(0.,1.,0.));
#9668=DIRECTION('center_axis',(0.,0.,-1.));
#9669=DIRECTION('ref_axis',(0.,1.,0.));
#9670=DIRECTION('',(0.,0.,1.));
#9671=DIRECTION('center_axis',(0.,-1.,0.));
#9672=DIRECTION('ref_axis',(1.,0.,0.));
#9673=DIRECTION('',(1.,0.,0.));
#9674=DIRECTION('',(0.,0.,1.));
#9675=DIRECTION('center_axis',(0.,0.,1.));
#9676=DIRECTION('ref_axis',(0.,1.,0.));
#9677=DIRECTION('center_axis',(0.,0.,-1.));
#9678=DIRECTION('ref_axis',(0.,1.,0.));
#9679=DIRECTION('',(0.,0.,1.));
#9680=DIRECTION('center_axis',(0.,-1.,0.));
#9681=DIRECTION('ref_axis',(1.,0.,0.));
#9682=DIRECTION('',(1.,0.,0.));
#9683=DIRECTION('',(0.,0.,1.));
#9684=DIRECTION('center_axis',(0.,0.,1.));
#9685=DIRECTION('ref_axis',(0.,1.,0.));
#9686=DIRECTION('center_axis',(0.,0.,-1.));
#9687=DIRECTION('ref_axis',(0.,1.,0.));
#9688=DIRECTION('',(0.,0.,1.));
#9689=DIRECTION('center_axis',(0.,-1.,0.));
#9690=DIRECTION('ref_axis',(1.,0.,0.));
#9691=DIRECTION('',(1.,0.,0.));
#9692=DIRECTION('',(0.,0.,1.));
#9693=DIRECTION('center_axis',(0.,0.,1.));
#9694=DIRECTION('ref_axis',(0.,1.,0.));
#9695=DIRECTION('center_axis',(0.,0.,-1.));
#9696=DIRECTION('ref_axis',(0.,1.,0.));
#9697=DIRECTION('',(0.,0.,1.));
#9698=DIRECTION('center_axis',(0.,-1.,0.));
#9699=DIRECTION('ref_axis',(1.,0.,0.));
#9700=DIRECTION('',(1.,0.,0.));
#9701=DIRECTION('',(0.,0.,1.));
#9702=DIRECTION('center_axis',(-1.,0.,0.));
#9703=DIRECTION('ref_axis',(0.,-1.,0.));
#9704=DIRECTION('',(0.,-1.,0.));
#9705=DIRECTION('',(0.,0.,1.));
#9706=DIRECTION('center_axis',(0.,0.,1.));
#9707=DIRECTION('ref_axis',(1.,0.,0.));
#9708=DIRECTION('center_axis',(0.,0.,-1.));
#9709=DIRECTION('ref_axis',(1.,0.,0.));
#9710=DIRECTION('',(0.,0.,1.));
#9711=DIRECTION('center_axis',(-1.,0.,0.));
#9712=DIRECTION('ref_axis',(0.,-1.,0.));
#9713=DIRECTION('',(0.,-1.,0.));
#9714=DIRECTION('',(0.,0.,1.));
#9715=DIRECTION('center_axis',(0.,0.,1.));
#9716=DIRECTION('ref_axis',(1.,0.,0.));
#9717=DIRECTION('center_axis',(0.,0.,-1.));
#9718=DIRECTION('ref_axis',(1.,0.,0.));
#9719=DIRECTION('',(0.,0.,1.));
#9720=DIRECTION('center_axis',(-1.,0.,0.));
#9721=DIRECTION('ref_axis',(0.,-1.,0.));
#9722=DIRECTION('',(0.,-1.,0.));
#9723=DIRECTION('',(0.,0.,1.));
#9724=DIRECTION('center_axis',(0.,0.,1.));
#9725=DIRECTION('ref_axis',(1.,0.,0.));
#9726=DIRECTION('center_axis',(0.,0.,-1.));
#9727=DIRECTION('ref_axis',(1.,0.,0.));
#9728=DIRECTION('',(0.,0.,1.));
#9729=DIRECTION('center_axis',(-1.,0.,0.));
#9730=DIRECTION('ref_axis',(0.,-1.,0.));
#9731=DIRECTION('',(0.,-1.,0.));
#9732=DIRECTION('',(0.,0.,1.));
#9733=DIRECTION('center_axis',(0.,0.,1.));
#9734=DIRECTION('ref_axis',(1.,0.,0.));
#9735=DIRECTION('center_axis',(0.,0.,-1.));
#9736=DIRECTION('ref_axis',(1.,0.,0.));
#9737=DIRECTION('',(0.,0.,1.));
#9738=DIRECTION('center_axis',(-1.,0.,0.));
#9739=DIRECTION('ref_axis',(0.,-1.,0.));
#9740=DIRECTION('',(0.,-1.,0.));
#9741=DIRECTION('',(0.,0.,1.));
#9742=DIRECTION('center_axis',(0.,0.,1.));
#9743=DIRECTION('ref_axis',(1.,0.,0.));
#9744=DIRECTION('center_axis',(0.,0.,-1.));
#9745=DIRECTION('ref_axis',(1.,0.,0.));
#9746=DIRECTION('',(0.,0.,1.));
#9747=DIRECTION('center_axis',(-1.,0.,0.));
#9748=DIRECTION('ref_axis',(0.,-1.,0.));
#9749=DIRECTION('',(0.,-1.,0.));
#9750=DIRECTION('',(0.,0.,1.));
#9751=DIRECTION('center_axis',(0.,0.,1.));
#9752=DIRECTION('ref_axis',(1.,0.,0.));
#9753=DIRECTION('center_axis',(0.,0.,-1.));
#9754=DIRECTION('ref_axis',(1.,0.,0.));
#9755=DIRECTION('',(0.,0.,1.));
#9756=DIRECTION('center_axis',(-1.,0.,0.));
#9757=DIRECTION('ref_axis',(0.,-1.,0.));
#9758=DIRECTION('',(0.,-1.,0.));
#9759=DIRECTION('',(0.,0.,1.));
#9760=DIRECTION('center_axis',(0.,0.,1.));
#9761=DIRECTION('ref_axis',(1.,0.,0.));
#9762=DIRECTION('center_axis',(0.,0.,-1.));
#9763=DIRECTION('ref_axis',(1.,0.,0.));
#9764=DIRECTION('',(0.,0.,1.));
#9765=DIRECTION('center_axis',(-1.,0.,0.));
#9766=DIRECTION('ref_axis',(0.,-1.,0.));
#9767=DIRECTION('',(0.,-1.,0.));
#9768=DIRECTION('',(0.,0.,1.));
#9769=DIRECTION('center_axis',(0.,0.,1.));
#9770=DIRECTION('ref_axis',(1.,0.,0.));
#9771=DIRECTION('center_axis',(0.,0.,-1.));
#9772=DIRECTION('ref_axis',(1.,0.,0.));
#9773=DIRECTION('',(0.,0.,1.));
#9774=DIRECTION('center_axis',(-1.,0.,0.));
#9775=DIRECTION('ref_axis',(0.,-1.,0.));
#9776=DIRECTION('',(0.,-1.,0.));
#9777=DIRECTION('',(0.,0.,1.));
#9778=DIRECTION('center_axis',(0.,0.,1.));
#9779=DIRECTION('ref_axis',(1.,0.,0.));
#9780=DIRECTION('center_axis',(0.,0.,-1.));
#9781=DIRECTION('ref_axis',(1.,0.,0.));
#9782=DIRECTION('',(0.,0.,1.));
#9783=DIRECTION('center_axis',(-1.,0.,0.));
#9784=DIRECTION('ref_axis',(0.,-1.,0.));
#9785=DIRECTION('',(0.,-1.,0.));
#9786=DIRECTION('',(0.,0.,1.));
#9787=DIRECTION('center_axis',(0.,1.,0.));
#9788=DIRECTION('ref_axis',(-1.,0.,0.));
#9789=DIRECTION('',(-1.,0.,0.));
#9790=DIRECTION('',(0.,0.,-1.));
#9791=DIRECTION('center_axis',(0.,0.,1.));
#9792=DIRECTION('ref_axis',(0.,1.,0.));
#9793=DIRECTION('center_axis',(0.,0.,-1.));
#9794=DIRECTION('ref_axis',(0.,1.,0.));
#9795=DIRECTION('',(0.,0.,1.));
#9796=DIRECTION('center_axis',(0.,1.,0.));
#9797=DIRECTION('ref_axis',(-1.,0.,0.));
#9798=DIRECTION('',(-1.,0.,0.));
#9799=DIRECTION('',(0.,0.,-1.));
#9800=DIRECTION('center_axis',(0.,0.,1.));
#9801=DIRECTION('ref_axis',(0.,1.,0.));
#9802=DIRECTION('center_axis',(0.,0.,-1.));
#9803=DIRECTION('ref_axis',(0.,1.,0.));
#9804=DIRECTION('',(0.,0.,1.));
#9805=DIRECTION('center_axis',(0.,1.,0.));
#9806=DIRECTION('ref_axis',(-1.,0.,0.));
#9807=DIRECTION('',(-1.,0.,0.));
#9808=DIRECTION('',(0.,0.,-1.));
#9809=DIRECTION('center_axis',(0.,0.,1.));
#9810=DIRECTION('ref_axis',(0.,1.,0.));
#9811=DIRECTION('center_axis',(0.,0.,-1.));
#9812=DIRECTION('ref_axis',(0.,1.,0.));
#9813=DIRECTION('',(0.,0.,1.));
#9814=DIRECTION('center_axis',(0.,1.,0.));
#9815=DIRECTION('ref_axis',(-1.,0.,0.));
#9816=DIRECTION('',(-1.,0.,0.));
#9817=DIRECTION('',(0.,0.,-1.));
#9818=DIRECTION('center_axis',(0.,0.,1.));
#9819=DIRECTION('ref_axis',(0.,1.,0.));
#9820=DIRECTION('center_axis',(0.,0.,-1.));
#9821=DIRECTION('ref_axis',(0.,1.,0.));
#9822=DIRECTION('',(0.,0.,1.));
#9823=DIRECTION('center_axis',(0.,1.,0.));
#9824=DIRECTION('ref_axis',(-1.,0.,0.));
#9825=DIRECTION('',(-1.,0.,0.));
#9826=DIRECTION('',(0.,0.,-1.));
#9827=DIRECTION('center_axis',(0.,0.,1.));
#9828=DIRECTION('ref_axis',(0.,1.,0.));
#9829=DIRECTION('center_axis',(0.,0.,-1.));
#9830=DIRECTION('ref_axis',(0.,1.,0.));
#9831=DIRECTION('',(0.,0.,1.));
#9832=DIRECTION('center_axis',(0.,1.,0.));
#9833=DIRECTION('ref_axis',(-1.,0.,0.));
#9834=DIRECTION('',(-1.,0.,0.));
#9835=DIRECTION('',(0.,0.,-1.));
#9836=DIRECTION('center_axis',(0.,0.,1.));
#9837=DIRECTION('ref_axis',(0.,1.,0.));
#9838=DIRECTION('center_axis',(0.,0.,-1.));
#9839=DIRECTION('ref_axis',(0.,1.,0.));
#9840=DIRECTION('',(0.,0.,1.));
#9841=DIRECTION('center_axis',(0.,1.,0.));
#9842=DIRECTION('ref_axis',(-1.,0.,0.));
#9843=DIRECTION('',(-1.,0.,0.));
#9844=DIRECTION('',(0.,0.,-1.));
#9845=DIRECTION('center_axis',(0.,0.,1.));
#9846=DIRECTION('ref_axis',(0.,1.,0.));
#9847=DIRECTION('center_axis',(0.,0.,-1.));
#9848=DIRECTION('ref_axis',(0.,1.,0.));
#9849=DIRECTION('',(0.,0.,1.));
#9850=DIRECTION('center_axis',(0.,1.,0.));
#9851=DIRECTION('ref_axis',(-1.,0.,0.));
#9852=DIRECTION('',(-1.,0.,0.));
#9853=DIRECTION('',(0.,0.,-1.));
#9854=DIRECTION('center_axis',(0.,0.,1.));
#9855=DIRECTION('ref_axis',(0.,1.,0.));
#9856=DIRECTION('center_axis',(0.,0.,-1.));
#9857=DIRECTION('ref_axis',(0.,1.,0.));
#9858=DIRECTION('',(0.,0.,1.));
#9859=DIRECTION('center_axis',(0.,1.,0.));
#9860=DIRECTION('ref_axis',(-1.,0.,0.));
#9861=DIRECTION('',(-1.,0.,0.));
#9862=DIRECTION('',(0.,0.,-1.));
#9863=DIRECTION('center_axis',(0.,0.,1.));
#9864=DIRECTION('ref_axis',(0.,1.,0.));
#9865=DIRECTION('center_axis',(0.,0.,-1.));
#9866=DIRECTION('ref_axis',(0.,1.,0.));
#9867=DIRECTION('',(0.,0.,1.));
#9868=DIRECTION('center_axis',(0.,1.,0.));
#9869=DIRECTION('ref_axis',(-1.,0.,0.));
#9870=DIRECTION('',(-1.,0.,0.));
#9871=DIRECTION('',(0.,0.,1.));
#9872=DIRECTION('center_axis',(1.,0.,0.));
#9873=DIRECTION('ref_axis',(0.,1.,0.));
#9874=DIRECTION('',(0.,1.,0.));
#9875=DIRECTION('',(0.,0.,-1.));
#9876=DIRECTION('center_axis',(0.,0.,1.));
#9877=DIRECTION('ref_axis',(1.,0.,0.));
#9878=DIRECTION('center_axis',(0.,0.,-1.));
#9879=DIRECTION('ref_axis',(1.,0.,0.));
#9880=DIRECTION('',(0.,0.,1.));
#9881=DIRECTION('center_axis',(1.,0.,0.));
#9882=DIRECTION('ref_axis',(0.,1.,0.));
#9883=DIRECTION('',(0.,1.,0.));
#9884=DIRECTION('',(0.,0.,-1.));
#9885=DIRECTION('center_axis',(0.,0.,1.));
#9886=DIRECTION('ref_axis',(1.,0.,0.));
#9887=DIRECTION('center_axis',(0.,0.,-1.));
#9888=DIRECTION('ref_axis',(1.,0.,0.));
#9889=DIRECTION('',(0.,0.,1.));
#9890=DIRECTION('center_axis',(1.,0.,0.));
#9891=DIRECTION('ref_axis',(0.,1.,0.));
#9892=DIRECTION('',(0.,1.,0.));
#9893=DIRECTION('',(0.,0.,-1.));
#9894=DIRECTION('center_axis',(0.,0.,1.));
#9895=DIRECTION('ref_axis',(1.,0.,0.));
#9896=DIRECTION('center_axis',(0.,0.,-1.));
#9897=DIRECTION('ref_axis',(1.,0.,0.));
#9898=DIRECTION('',(0.,0.,1.));
#9899=DIRECTION('center_axis',(1.,0.,0.));
#9900=DIRECTION('ref_axis',(0.,1.,0.));
#9901=DIRECTION('',(0.,1.,0.));
#9902=DIRECTION('',(0.,0.,-1.));
#9903=DIRECTION('center_axis',(0.,0.,1.));
#9904=DIRECTION('ref_axis',(1.,0.,0.));
#9905=DIRECTION('center_axis',(0.,0.,-1.));
#9906=DIRECTION('ref_axis',(1.,0.,0.));
#9907=DIRECTION('',(0.,0.,1.));
#9908=DIRECTION('center_axis',(1.,0.,0.));
#9909=DIRECTION('ref_axis',(0.,1.,0.));
#9910=DIRECTION('',(0.,1.,0.));
#9911=DIRECTION('',(0.,0.,-1.));
#9912=DIRECTION('center_axis',(0.,0.,1.));
#9913=DIRECTION('ref_axis',(1.,0.,0.));
#9914=DIRECTION('center_axis',(0.,0.,-1.));
#9915=DIRECTION('ref_axis',(1.,0.,0.));
#9916=DIRECTION('',(0.,0.,1.));
#9917=DIRECTION('center_axis',(1.,0.,0.));
#9918=DIRECTION('ref_axis',(0.,1.,0.));
#9919=DIRECTION('',(0.,1.,0.));
#9920=DIRECTION('',(0.,0.,-1.));
#9921=DIRECTION('center_axis',(0.,0.,1.));
#9922=DIRECTION('ref_axis',(1.,0.,0.));
#9923=DIRECTION('center_axis',(0.,0.,-1.));
#9924=DIRECTION('ref_axis',(1.,0.,0.));
#9925=DIRECTION('',(0.,0.,1.));
#9926=DIRECTION('center_axis',(1.,0.,0.));
#9927=DIRECTION('ref_axis',(0.,1.,0.));
#9928=DIRECTION('',(0.,1.,0.));
#9929=DIRECTION('',(0.,0.,-1.));
#9930=DIRECTION('center_axis',(0.,0.,1.));
#9931=DIRECTION('ref_axis',(1.,0.,0.));
#9932=DIRECTION('center_axis',(0.,0.,-1.));
#9933=DIRECTION('ref_axis',(1.,0.,0.));
#9934=DIRECTION('',(0.,0.,1.));
#9935=DIRECTION('center_axis',(1.,0.,0.));
#9936=DIRECTION('ref_axis',(0.,1.,0.));
#9937=DIRECTION('',(0.,1.,0.));
#9938=DIRECTION('',(0.,0.,-1.));
#9939=DIRECTION('center_axis',(0.,0.,1.));
#9940=DIRECTION('ref_axis',(1.,0.,0.));
#9941=DIRECTION('center_axis',(0.,0.,-1.));
#9942=DIRECTION('ref_axis',(1.,0.,0.));
#9943=DIRECTION('',(0.,0.,1.));
#9944=DIRECTION('center_axis',(1.,0.,0.));
#9945=DIRECTION('ref_axis',(0.,1.,0.));
#9946=DIRECTION('',(0.,1.,0.));
#9947=DIRECTION('',(0.,0.,-1.));
#9948=DIRECTION('center_axis',(0.,0.,1.));
#9949=DIRECTION('ref_axis',(1.,0.,0.));
#9950=DIRECTION('center_axis',(0.,0.,-1.));
#9951=DIRECTION('ref_axis',(1.,0.,0.));
#9952=DIRECTION('',(0.,0.,1.));
#9953=DIRECTION('center_axis',(1.,0.,0.));
#9954=DIRECTION('ref_axis',(0.,1.,0.));
#9955=DIRECTION('',(0.,1.,0.));
#9956=DIRECTION('',(0.,0.,1.));
#9957=DIRECTION('center_axis',(0.,-1.,0.));
#9958=DIRECTION('ref_axis',(1.,0.,0.));
#9959=DIRECTION('',(1.,0.,0.));
#9960=DIRECTION('center_axis',(0.,0.,1.));
#9961=DIRECTION('ref_axis',(1.,0.,0.));
#9962=CARTESIAN_POINT('',(0.,0.,0.));
#9963=CARTESIAN_POINT('Origin',(18.,98.,0.));
#9964=CARTESIAN_POINT('',(12.3542486889354,98.,0.));
#9965=CARTESIAN_POINT('',(7.64575131106458,98.,0.));
#9966=CARTESIAN_POINT('',(39.5,98.,0.));
#9967=CARTESIAN_POINT('',(12.3542486889354,98.,4.));
#9968=CARTESIAN_POINT('',(12.3542486889354,98.,0.));
#9969=CARTESIAN_POINT('',(7.64575131106458,98.,4.));
#9970=CARTESIAN_POINT('',(39.5,98.,4.));
#9971=CARTESIAN_POINT('',(7.64575131106458,98.,0.));
#9972=CARTESIAN_POINT('Origin',(51.,51.0000000745058,0.));
#9973=CARTESIAN_POINT('',(0.,0.,0.));
#9974=CARTESIAN_POINT('',(8.00000000000003,1.22464767976578E-16,0.));
#9975=CARTESIAN_POINT('',(0.,0.,0.));
#9976=CARTESIAN_POINT('',(1.22464679914735E-16,8.00000014901161,0.));
#9977=CARTESIAN_POINT('',(0.,100.,0.));
#9978=CARTESIAN_POINT('',(1.22464679914735E-16,12.0000001490116,0.));
#9979=CARTESIAN_POINT('Origin',(0.,10.0000001490116,0.));
#9980=CARTESIAN_POINT('',(1.22464679914735E-16,18.0000001490116,0.));
#9981=CARTESIAN_POINT('',(0.,100.,0.));
#9982=CARTESIAN_POINT('',(1.22464679914735E-16,22.0000001490116,0.));
#9983=CARTESIAN_POINT('Origin',(0.,20.0000001490116,0.));
#9984=CARTESIAN_POINT('',(1.22464679914735E-16,28.0000001490116,0.));
#9985=CARTESIAN_POINT('',(0.,100.,0.));
#9986=CARTESIAN_POINT('',(1.22464679914735E-16,32.0000001490116,0.));
#9987=CARTESIAN_POINT('Origin',(0.,30.0000001490116,0.));
#9988=CARTESIAN_POINT('',(1.22464679914735E-16,38.0000001490116,0.));
#9989=CARTESIAN_POINT('',(0.,100.,0.));
#9990=CARTESIAN_POINT('',(1.22464679914735E-16,42.0000001490116,0.));
#9991=CARTESIAN_POINT('Origin',(0.,40.0000001490116,0.));
#9992=CARTESIAN_POINT('',(1.22464679914735E-16,48.0000001490116,0.));
#9993=CARTESIAN_POINT('',(0.,100.,0.));
#9994=CARTESIAN_POINT('',(1.22464679914735E-16,52.0000001490116,0.));
#9995=CARTESIAN_POINT('Origin',(0.,50.0000001490116,0.));
#9996=CARTESIAN_POINT('',(1.22464679914735E-16,58.0000001490116,0.));
#9997=CARTESIAN_POINT('',(0.,100.,0.));
#9998=CARTESIAN_POINT('',(1.22464679914735E-16,62.0000001490116,0.));
#9999=CARTESIAN_POINT('Origin',(0.,60.0000001490116,0.));
#10000=CARTESIAN_POINT('',(1.22464679914735E-16,68.0000001490116,0.));
#10001=CARTESIAN_POINT('',(0.,100.,0.));
#10002=CARTESIAN_POINT('',(1.22464679914735E-16,72.0000001490116,0.));
#10003=CARTESIAN_POINT('Origin',(0.,70.0000001490116,0.));
#10004=CARTESIAN_POINT('',(1.22464679914735E-16,78.0000001490116,0.));
#10005=CARTESIAN_POINT('',(0.,100.,0.));
#10006=CARTESIAN_POINT('',(1.22464679914735E-16,82.0000001490116,0.));
#10007=CARTESIAN_POINT('Origin',(0.,80.0000001490116,0.));
#10008=CARTESIAN_POINT('',(1.22464679914735E-16,88.0000001490116,0.));
#10009=CARTESIAN_POINT('',(0.,100.,0.));
#10010=CARTESIAN_POINT('',(1.22464679914735E-16,92.0000001490116,0.));
#10011=CARTESIAN_POINT('Origin',(0.,90.0000001490116,0.));
#10012=CARTESIAN_POINT('',(0.,100.,0.));
#10013=CARTESIAN_POINT('',(0.,100.,0.));
#10014=CARTESIAN_POINT('',(8.10000000000001,100.,0.));
#10015=CARTESIAN_POINT('',(100.,100.,0.));
#10016=CARTESIAN_POINT('',(11.9,100.,0.));
#10017=CARTESIAN_POINT('Origin',(10.,100.000000149012,0.));
#10018=CARTESIAN_POINT('',(18.1,100.,0.));
#10019=CARTESIAN_POINT('',(100.,100.,0.));
#10020=CARTESIAN_POINT('',(21.9,100.,0.));
#10021=CARTESIAN_POINT('Origin',(20.,100.000000149012,0.));
#10022=CARTESIAN_POINT('',(28.1,100.,0.));
#10023=CARTESIAN_POINT('',(100.,100.,0.));
#10024=CARTESIAN_POINT('',(31.9,100.,0.));
#10025=CARTESIAN_POINT('Origin',(30.,100.000000149012,0.));
#10026=CARTESIAN_POINT('',(38.1,100.,0.));
#10027=CARTESIAN_POINT('',(100.,100.,0.));
#10028=CARTESIAN_POINT('',(41.9,100.,0.));
#10029=CARTESIAN_POINT('Origin',(40.,100.000000149012,0.));
#10030=CARTESIAN_POINT('',(48.1,100.,0.));
#10031=CARTESIAN_POINT('',(100.,100.,0.));
#10032=CARTESIAN_POINT('',(51.9,100.,0.));
#10033=CARTESIAN_POINT('Origin',(50.,100.000000149012,0.));
#10034=CARTESIAN_POINT('',(58.1,100.,0.));
#10035=CARTESIAN_POINT('',(100.,100.,0.));
#10036=CARTESIAN_POINT('',(61.9,100.,0.));
#10037=CARTESIAN_POINT('Origin',(60.,100.000000149012,0.));
#10038=CARTESIAN_POINT('',(68.1,100.,0.));
#10039=CARTESIAN_POINT('',(100.,100.,0.));
#10040=CARTESIAN_POINT('',(71.9,100.,0.));
#10041=CARTESIAN_POINT('Origin',(70.,100.000000149012,0.));
#10042=CARTESIAN_POINT('',(78.1,100.,0.));
#10043=CARTESIAN_POINT('',(100.,100.,0.));
#10044=CARTESIAN_POINT('',(81.9,100.,0.));
#10045=CARTESIAN_POINT('Origin',(80.,100.000000149012,0.));
#10046=CARTESIAN_POINT('',(88.1,100.,0.));
#10047=CARTESIAN_POINT('',(100.,100.,0.));
#10048=CARTESIAN_POINT('',(91.9,100.,0.));
#10049=CARTESIAN_POINT('Origin',(90.,100.000000149012,0.));
#10050=CARTESIAN_POINT('',(100.,100.,0.));
#10051=CARTESIAN_POINT('',(100.,100.,0.));
#10052=CARTESIAN_POINT('',(100.,91.9000001490116,0.));
#10053=CARTESIAN_POINT('',(100.,0.,0.));
#10054=CARTESIAN_POINT('',(100.,88.1000001490116,0.));
#10055=CARTESIAN_POINT('Origin',(100.,90.0000001490116,0.));
#10056=CARTESIAN_POINT('',(100.,81.9000001490116,0.));
#10057=CARTESIAN_POINT('',(100.,0.,0.));
#10058=CARTESIAN_POINT('',(100.,78.1000001490116,0.));
#10059=CARTESIAN_POINT('Origin',(100.,80.0000001490116,0.));
#10060=CARTESIAN_POINT('',(100.,71.9000001490116,0.));
#10061=CARTESIAN_POINT('',(100.,0.,0.));
#10062=CARTESIAN_POINT('',(100.,68.1000001490116,0.));
#10063=CARTESIAN_POINT('Origin',(100.,70.0000001490116,0.));
#10064=CARTESIAN_POINT('',(100.,61.9000001490116,0.));
#10065=CARTESIAN_POINT('',(100.,0.,0.));
#10066=CARTESIAN_POINT('',(100.,58.1000001490116,0.));
#10067=CARTESIAN_POINT('Origin',(100.,60.0000001490116,0.));
#10068=CARTESIAN_POINT('',(100.,51.9000001490116,0.));
#10069=CARTESIAN_POINT('',(100.,0.,0.));
#10070=CARTESIAN_POINT('',(100.,48.1000001490116,0.));
#10071=CARTESIAN_POINT('Origin',(100.,50.0000001490116,0.));
#10072=CARTESIAN_POINT('',(100.,41.9000001490116,0.));
#10073=CARTESIAN_POINT('',(100.,0.,0.));
#10074=CARTESIAN_POINT('',(100.,38.1000001490116,0.));
#10075=CARTESIAN_POINT('Origin',(100.,40.0000001490116,0.));
#10076=CARTESIAN_POINT('',(100.,31.9000001490116,0.));
#10077=CARTESIAN_POINT('',(100.,0.,0.));
#10078=CARTESIAN_POINT('',(100.,28.1000001490116,0.));
#10079=CARTESIAN_POINT('Origin',(100.,30.0000001490116,0.));
#10080=CARTESIAN_POINT('',(100.,21.9000001490116,0.));
#10081=CARTESIAN_POINT('',(100.,0.,0.));
#10082=CARTESIAN_POINT('',(100.,18.1000001490116,0.));
#10083=CARTESIAN_POINT('Origin',(100.,20.0000001490116,0.));
#10084=CARTESIAN_POINT('',(100.,11.9000001490116,0.));
#10085=CARTESIAN_POINT('',(100.,0.,0.));
#10086=CARTESIAN_POINT('',(100.,8.10000014901162,0.));
#10087=CARTESIAN_POINT('Origin',(100.,10.0000001490116,0.));
#10088=CARTESIAN_POINT('',(100.,0.,0.));
#10089=CARTESIAN_POINT('',(100.,0.,0.));
#10090=CARTESIAN_POINT('',(92.,1.22464751432966E-16,0.));
#10091=CARTESIAN_POINT('',(0.,0.,0.));
#10092=CARTESIAN_POINT('',(88.,1.22464751432966E-16,0.));
#10093=CARTESIAN_POINT('Origin',(90.,1.49011618599815E-7,0.));
#10094=CARTESIAN_POINT('',(82.,1.22464767976578E-16,0.));
#10095=CARTESIAN_POINT('',(0.,0.,0.));
#10096=CARTESIAN_POINT('',(78.,1.22464767976578E-16,0.));
#10097=CARTESIAN_POINT('Origin',(80.,1.49011609718031E-7,0.));
#10098=CARTESIAN_POINT('',(72.,1.22464767976578E-16,0.));
#10099=CARTESIAN_POINT('',(0.,0.,0.));
#10100=CARTESIAN_POINT('',(68.,1.22464767976578E-16,0.));
#10101=CARTESIAN_POINT('Origin',(70.,1.49011609718031E-7,0.));
#10102=CARTESIAN_POINT('',(62.,1.22464767976578E-16,0.));
#10103=CARTESIAN_POINT('',(0.,0.,0.));
#10104=CARTESIAN_POINT('',(58.,1.22464767976578E-16,0.));
#10105=CARTESIAN_POINT('Origin',(60.,1.49011609718031E-7,0.));
#10106=CARTESIAN_POINT('',(52.,1.22464767976578E-16,0.));
#10107=CARTESIAN_POINT('',(0.,0.,0.));
#10108=CARTESIAN_POINT('',(48.,1.22464767976578E-16,0.));
#10109=CARTESIAN_POINT('Origin',(50.,1.49011609718031E-7,0.));
#10110=CARTESIAN_POINT('',(42.,1.22464767976578E-16,0.));
#10111=CARTESIAN_POINT('',(0.,0.,0.));
#10112=CARTESIAN_POINT('',(38.,1.22464767976578E-16,0.));
#10113=CARTESIAN_POINT('Origin',(40.,1.49011600836246E-7,0.));
#10114=CARTESIAN_POINT('',(32.,1.22464767976578E-16,0.));
#10115=CARTESIAN_POINT('',(0.,0.,0.));
#10116=CARTESIAN_POINT('',(28.,1.22464767976578E-16,0.));
#10117=CARTESIAN_POINT('Origin',(30.,1.49011600836246E-7,0.));
#10118=CARTESIAN_POINT('',(22.,1.22464767976578E-16,0.));
#10119=CARTESIAN_POINT('',(0.,0.,0.));
#10120=CARTESIAN_POINT('',(18.,1.22464767976578E-16,0.));
#10121=CARTESIAN_POINT('Origin',(20.,1.49011600836246E-7,0.));
#10122=CARTESIAN_POINT('',(12.,1.22464767976578E-16,0.));
#10123=CARTESIAN_POINT('',(0.,0.,0.));
#10124=CARTESIAN_POINT('Origin',(10.,1.49011600836246E-7,0.));
#10125=CARTESIAN_POINT('',(3.82287570622128,91.1771243288597,0.));
#10126=CARTESIAN_POINT('Origin',(5.,95.,0.));
#10127=CARTESIAN_POINT('',(3.82287560484331,88.8228756399243,0.));
#10128=CARTESIAN_POINT('Origin',(0.,90.0000001490116,0.));
#10129=CARTESIAN_POINT('',(3.82287570622128,81.1771243288597,0.));
#10130=CARTESIAN_POINT('Origin',(5.,85.,0.));
#10131=CARTESIAN_POINT('',(3.82287560484331,78.8228756399243,0.));
#10132=CARTESIAN_POINT('Origin',(0.,80.0000001490116,0.));
#10133=CARTESIAN_POINT('',(3.82287570622128,71.1771243288598,0.));
#10134=CARTESIAN_POINT('Origin',(5.,75.,0.));
#10135=CARTESIAN_POINT('',(3.82287560484331,68.8228756399243,0.));
#10136=CARTESIAN_POINT('Origin',(0.,70.0000001490116,0.));
#10137=CARTESIAN_POINT('',(3.82287570622128,61.1771243288598,0.));
#10138=CARTESIAN_POINT('Origin',(5.,65.,0.));
#10139=CARTESIAN_POINT('',(3.82287560484331,58.8228756399243,0.));
#10140=CARTESIAN_POINT('Origin',(0.,60.0000001490116,0.));
#10141=CARTESIAN_POINT('',(3.82287570622128,51.1771243288598,0.));
#10142=CARTESIAN_POINT('Origin',(5.,55.,0.));
#10143=CARTESIAN_POINT('',(3.82287560484331,48.8228756399243,0.));
#10144=CARTESIAN_POINT('Origin',(0.,50.0000001490116,0.));
#10145=CARTESIAN_POINT('',(3.82287570622128,41.1771243288598,0.));
#10146=CARTESIAN_POINT('Origin',(5.,45.,0.));
#10147=CARTESIAN_POINT('',(3.82287560484331,38.8228756399243,0.));
#10148=CARTESIAN_POINT('Origin',(0.,40.0000001490116,0.));
#10149=CARTESIAN_POINT('',(3.82287570622128,31.1771243288598,0.));
#10150=CARTESIAN_POINT('Origin',(5.,35.,0.));
#10151=CARTESIAN_POINT('',(3.82287560484331,28.8228756399243,0.));
#10152=CARTESIAN_POINT('Origin',(0.,30.0000001490116,0.));
#10153=CARTESIAN_POINT('',(3.82287570622128,21.1771243288598,0.));
#10154=CARTESIAN_POINT('Origin',(5.,25.,0.));
#10155=CARTESIAN_POINT('',(3.82287560484331,18.8228756399243,0.));
#10156=CARTESIAN_POINT('Origin',(0.,20.0000001490116,0.));
#10157=CARTESIAN_POINT('',(3.82287570622128,11.1771243288598,0.));
#10158=CARTESIAN_POINT('Origin',(5.,15.,0.));
#10159=CARTESIAN_POINT('',(3.82287560484331,8.82287563992435,0.));
#10160=CARTESIAN_POINT('Origin',(0.,10.0000001490116,0.));
#10161=CARTESIAN_POINT('',(8.82287570622127,3.82287582015183,0.));
#10162=CARTESIAN_POINT('Origin',(5.,5.,0.));
#10163=CARTESIAN_POINT('',(11.1771242937787,3.82287582015185,0.));
#10164=CARTESIAN_POINT('Origin',(10.,1.49011600836246E-7,0.));
#10165=CARTESIAN_POINT('',(18.8228757062213,3.82287582015183,0.));
#10166=CARTESIAN_POINT('Origin',(15.,5.,0.));
#10167=CARTESIAN_POINT('',(21.1771242937787,3.82287582015185,0.));
#10168=CARTESIAN_POINT('Origin',(20.,1.49011600836246E-7,0.));
#10169=CARTESIAN_POINT('',(28.8228757062213,3.82287582015183,0.));
#10170=CARTESIAN_POINT('Origin',(25.,5.,0.));
#10171=CARTESIAN_POINT('',(31.1771242937787,3.82287582015185,0.));
#10172=CARTESIAN_POINT('Origin',(30.,1.49011600836246E-7,0.));
#10173=CARTESIAN_POINT('',(38.8228757062213,3.82287582015183,0.));
#10174=CARTESIAN_POINT('Origin',(35.,5.,0.));
#10175=CARTESIAN_POINT('',(41.1771242937787,3.82287582015185,0.));
#10176=CARTESIAN_POINT('Origin',(40.,1.49011600836246E-7,0.));
#10177=CARTESIAN_POINT('',(48.8228757062213,3.82287582015184,0.));
#10178=CARTESIAN_POINT('Origin',(45.,5.,0.));
#10179=CARTESIAN_POINT('',(51.1771242937787,3.82287582015186,0.));
#10180=CARTESIAN_POINT('Origin',(50.,1.49011609718031E-7,0.));
#10181=CARTESIAN_POINT('',(58.8228757062213,3.82287582015184,0.));
#10182=CARTESIAN_POINT('Origin',(55.,5.,0.));
#10183=CARTESIAN_POINT('',(61.1771242937787,3.82287582015186,0.));
#10184=CARTESIAN_POINT('Origin',(60.,1.49011609718031E-7,0.));
#10185=CARTESIAN_POINT('',(68.8228757062213,3.82287582015184,0.));
#10186=CARTESIAN_POINT('Origin',(65.,5.,0.));
#10187=CARTESIAN_POINT('',(71.1771242937787,3.82287582015186,0.));
#10188=CARTESIAN_POINT('Origin',(70.,1.49011609718031E-7,0.));
#10189=CARTESIAN_POINT('',(78.8228757062213,3.82287582015184,0.));
#10190=CARTESIAN_POINT('Origin',(75.,5.,0.));
#10191=CARTESIAN_POINT('',(81.1771242937787,3.82287582015186,0.));
#10192=CARTESIAN_POINT('Origin',(80.,1.49011609718031E-7,0.));
#10193=CARTESIAN_POINT('',(88.8228757062213,3.82287582015185,0.));
#10194=CARTESIAN_POINT('Origin',(85.,5.,0.));
#10195=CARTESIAN_POINT('',(91.1771242937787,3.82287582015187,0.));
#10196=CARTESIAN_POINT('Origin',(90.,1.49011618599815E-7,0.));
#10197=CARTESIAN_POINT('',(98.,7.64575131106457,0.));
#10198=CARTESIAN_POINT('Origin',(95.,5.,0.));
#10199=CARTESIAN_POINT('',(98.,12.3542486889354,0.));
#10200=CARTESIAN_POINT('',(98.,0.,0.));
#10201=CARTESIAN_POINT('',(98.,17.6457513110646,0.));
#10202=CARTESIAN_POINT('Origin',(95.,15.,0.));
#10203=CARTESIAN_POINT('',(98.,22.3542486889354,0.));
#10204=CARTESIAN_POINT('',(98.,25.5000000372529,0.));
#10205=CARTESIAN_POINT('',(98.,27.6457513110646,0.));
#10206=CARTESIAN_POINT('Origin',(95.,25.,0.));
#10207=CARTESIAN_POINT('',(98.,32.3542486889354,0.));
#10208=CARTESIAN_POINT('',(98.,31.5000001117587,0.));
#10209=CARTESIAN_POINT('',(98.,37.6457513110646,0.));
#10210=CARTESIAN_POINT('Origin',(95.,35.,0.));
#10211=CARTESIAN_POINT('',(98.,42.3542486889354,0.));
#10212=CARTESIAN_POINT('',(98.,36.5000001117587,0.));
#10213=CARTESIAN_POINT('',(98.,47.6457513110646,0.));
#10214=CARTESIAN_POINT('Origin',(95.,45.,0.));
#10215=CARTESIAN_POINT('',(98.,52.3542486889354,0.));
#10216=CARTESIAN_POINT('',(98.,41.5000001117587,0.));
#10217=CARTESIAN_POINT('',(98.,57.6457513110646,0.));
#10218=CARTESIAN_POINT('Origin',(95.,55.,0.));
#10219=CARTESIAN_POINT('',(98.,62.3542486889354,0.));
#10220=CARTESIAN_POINT('',(98.,46.5000001117587,0.));
#10221=CARTESIAN_POINT('',(98.,67.6457513110646,0.));
#10222=CARTESIAN_POINT('Origin',(95.,65.,0.));
#10223=CARTESIAN_POINT('',(98.,72.3542486889354,0.));
#10224=CARTESIAN_POINT('',(98.,51.5000001117587,0.));
#10225=CARTESIAN_POINT('',(98.,77.6457513110646,0.));
#10226=CARTESIAN_POINT('Origin',(95.,75.,0.));
#10227=CARTESIAN_POINT('',(98.,82.3542486889354,0.));
#10228=CARTESIAN_POINT('',(98.,56.5000001117587,0.));
#10229=CARTESIAN_POINT('',(98.,87.6457513110646,0.));
#10230=CARTESIAN_POINT('Origin',(95.,85.,0.));
#10231=CARTESIAN_POINT('',(98.,92.3542486889354,0.));
#10232=CARTESIAN_POINT('',(98.,61.5000001117587,0.));
#10233=CARTESIAN_POINT('',(92.3542486889354,98.,0.));
#10234=CARTESIAN_POINT('Origin',(95.,95.,0.));
#10235=CARTESIAN_POINT('',(87.6457513110646,98.,0.));
#10236=CARTESIAN_POINT('',(100.,98.,0.));
#10237=CARTESIAN_POINT('',(82.3542486889354,98.,0.));
#10238=CARTESIAN_POINT('Origin',(85.,95.,0.));
#10239=CARTESIAN_POINT('',(77.6457513110646,98.,0.));
#10240=CARTESIAN_POINT('',(75.5,98.,0.));
#10241=CARTESIAN_POINT('',(72.3542486889354,98.,0.));
#10242=CARTESIAN_POINT('Origin',(75.,95.,0.));
#10243=CARTESIAN_POINT('',(67.6457513110646,98.,0.));
#10244=CARTESIAN_POINT('',(69.5,98.,0.));
#10245=CARTESIAN_POINT('',(62.3542486889354,98.,0.));
#10246=CARTESIAN_POINT('Origin',(65.,95.,0.));
#10247=CARTESIAN_POINT('',(57.6457513110646,98.,0.));
#10248=CARTESIAN_POINT('',(64.5,98.,0.));
#10249=CARTESIAN_POINT('',(52.3542486889354,98.,0.));
#10250=CARTESIAN_POINT('Origin',(55.,95.,0.));
#10251=CARTESIAN_POINT('',(47.6457513110646,98.,0.));
#10252=CARTESIAN_POINT('',(59.5,98.,0.));
#10253=CARTESIAN_POINT('',(42.3542486889354,98.,0.));
#10254=CARTESIAN_POINT('Origin',(45.,95.,0.));
#10255=CARTESIAN_POINT('',(37.6457513110646,98.,0.));
#10256=CARTESIAN_POINT('',(54.5,98.,0.));
#10257=CARTESIAN_POINT('',(32.3542486889354,98.,0.));
#10258=CARTESIAN_POINT('Origin',(35.,95.,0.));
#10259=CARTESIAN_POINT('',(27.6457513110646,98.,0.));
#10260=CARTESIAN_POINT('',(49.5,98.,0.));
#10261=CARTESIAN_POINT('',(22.3542486889354,98.,0.));
#10262=CARTESIAN_POINT('Origin',(25.,95.,0.));
#10263=CARTESIAN_POINT('',(17.6457513110646,98.,0.));
#10264=CARTESIAN_POINT('',(44.5,98.,0.));
#10265=CARTESIAN_POINT('Origin',(15.,95.,0.));
#10266=CARTESIAN_POINT('',(13.,95.,0.));
#10267=CARTESIAN_POINT('Origin',(15.,95.,0.));
#10268=CARTESIAN_POINT('',(33.,95.,0.));
#10269=CARTESIAN_POINT('Origin',(35.,95.,0.));
#10270=CARTESIAN_POINT('',(43.,95.,0.));
#10271=CARTESIAN_POINT('Origin',(45.,95.,0.));
#10272=CARTESIAN_POINT('',(53.,95.,0.));
#10273=CARTESIAN_POINT('Origin',(55.,95.,0.));
#10274=CARTESIAN_POINT('',(63.,95.,0.));
#10275=CARTESIAN_POINT('Origin',(65.,95.,0.));
#10276=CARTESIAN_POINT('',(73.,95.,0.));
#10277=CARTESIAN_POINT('Origin',(75.,95.,0.));
#10278=CARTESIAN_POINT('',(83.,95.,0.));
#10279=CARTESIAN_POINT('Origin',(85.,95.,0.));
#10280=CARTESIAN_POINT('',(93.,85.,0.));
#10281=CARTESIAN_POINT('Origin',(95.,85.,0.));
#10282=CARTESIAN_POINT('',(93.,65.,0.));
#10283=CARTESIAN_POINT('Origin',(95.,65.,0.));
#10284=CARTESIAN_POINT('',(93.,55.,0.));
#10285=CARTESIAN_POINT('Origin',(95.,55.,0.));
#10286=CARTESIAN_POINT('',(93.,45.,0.));
#10287=CARTESIAN_POINT('Origin',(95.,45.,0.));
#10288=CARTESIAN_POINT('',(93.,35.,0.));
#10289=CARTESIAN_POINT('Origin',(95.,35.,0.));
#10290=CARTESIAN_POINT('',(93.,25.,0.));
#10291=CARTESIAN_POINT('Origin',(95.,25.,0.));
#10292=CARTESIAN_POINT('',(93.,15.,0.));
#10293=CARTESIAN_POINT('Origin',(95.,15.,0.));
#10294=CARTESIAN_POINT('',(93.,95.,0.));
#10295=CARTESIAN_POINT('Origin',(95.,95.,0.));
#10296=CARTESIAN_POINT('',(3.,95.,0.));
#10297=CARTESIAN_POINT('Origin',(5.,95.,0.));
#10298=CARTESIAN_POINT('',(3.,85.,0.));
#10299=CARTESIAN_POINT('Origin',(5.,85.,0.));
#10300=CARTESIAN_POINT('',(3.,75.,0.));
#10301=CARTESIAN_POINT('Origin',(5.,75.,0.));
#10302=CARTESIAN_POINT('',(3.,65.,0.));
#10303=CARTESIAN_POINT('Origin',(5.,65.,0.));
#10304=CARTESIAN_POINT('',(73.,5.,0.));
#10305=CARTESIAN_POINT('Origin',(75.,5.,0.));
#10306=CARTESIAN_POINT('',(53.,5.,0.));
#10307=CARTESIAN_POINT('Origin',(55.,5.,0.));
#10308=CARTESIAN_POINT('',(43.,5.,0.));
#10309=CARTESIAN_POINT('Origin',(45.,5.,0.));
#10310=CARTESIAN_POINT('',(3.,55.,0.));
#10311=CARTESIAN_POINT('Origin',(5.,55.,0.));
#10312=CARTESIAN_POINT('',(63.,5.,0.));
#10313=CARTESIAN_POINT('Origin',(65.,5.,0.));
#10314=CARTESIAN_POINT('',(3.,35.,0.));
#10315=CARTESIAN_POINT('Origin',(5.,35.,0.));
#10316=CARTESIAN_POINT('',(93.,5.,0.));
#10317=CARTESIAN_POINT('Origin',(95.,5.,0.));
#10318=CARTESIAN_POINT('',(83.,5.,0.));
#10319=CARTESIAN_POINT('Origin',(85.,5.,0.));
#10320=CARTESIAN_POINT('',(3.,5.,0.));
#10321=CARTESIAN_POINT('Origin',(5.,5.,0.));
#10322=CARTESIAN_POINT('',(3.,45.,0.));
#10323=CARTESIAN_POINT('Origin',(5.,45.,0.));
#10324=CARTESIAN_POINT('',(3.,15.,0.));
#10325=CARTESIAN_POINT('Origin',(5.,15.,0.));
#10326=CARTESIAN_POINT('',(13.,5.,0.));
#10327=CARTESIAN_POINT('Origin',(15.,5.,0.));
#10328=CARTESIAN_POINT('',(33.,5.,0.));
#10329=CARTESIAN_POINT('Origin',(35.,5.,0.));
#10330=CARTESIAN_POINT('',(23.,5.,0.));
#10331=CARTESIAN_POINT('Origin',(25.,5.,0.));
#10332=CARTESIAN_POINT('',(3.,25.,0.));
#10333=CARTESIAN_POINT('Origin',(5.,25.,0.));
#10334=CARTESIAN_POINT('',(93.,75.,0.));
#10335=CARTESIAN_POINT('Origin',(95.,75.,0.));
#10336=CARTESIAN_POINT('',(23.,95.,0.));
#10337=CARTESIAN_POINT('Origin',(25.,95.,0.));
#10338=CARTESIAN_POINT('Origin',(51.,51.0000000745058,4.));
#10339=CARTESIAN_POINT('',(17.6457513110646,98.,4.));
#10340=CARTESIAN_POINT('Origin',(15.,95.,4.));
#10341=CARTESIAN_POINT('',(22.3542486889354,98.,4.));
#10342=CARTESIAN_POINT('',(44.5,98.,4.));
#10343=CARTESIAN_POINT('',(27.6457513110646,98.,4.));
#10344=CARTESIAN_POINT('Origin',(25.,95.,4.));
#10345=CARTESIAN_POINT('',(32.3542486889354,98.,4.));
#10346=CARTESIAN_POINT('',(49.5,98.,4.));
#10347=CARTESIAN_POINT('',(37.6457513110646,98.,4.));
#10348=CARTESIAN_POINT('Origin',(35.,95.,4.));
#10349=CARTESIAN_POINT('',(42.3542486889354,98.,4.));
#10350=CARTESIAN_POINT('',(54.5,98.,4.));
#10351=CARTESIAN_POINT('',(47.6457513110646,98.,4.));
#10352=CARTESIAN_POINT('Origin',(45.,95.,4.));
#10353=CARTESIAN_POINT('',(52.3542486889354,98.,4.));
#10354=CARTESIAN_POINT('',(59.5,98.,4.));
#10355=CARTESIAN_POINT('',(57.6457513110646,98.,4.));
#10356=CARTESIAN_POINT('Origin',(55.,95.,4.));
#10357=CARTESIAN_POINT('',(62.3542486889354,98.,4.));
#10358=CARTESIAN_POINT('',(64.5,98.,4.));
#10359=CARTESIAN_POINT('',(67.6457513110646,98.,4.));
#10360=CARTESIAN_POINT('Origin',(65.,95.,4.));
#10361=CARTESIAN_POINT('',(72.3542486889354,98.,4.));
#10362=CARTESIAN_POINT('',(69.5,98.,4.));
#10363=CARTESIAN_POINT('',(77.6457513110646,98.,4.));
#10364=CARTESIAN_POINT('Origin',(75.,95.,4.));
#10365=CARTESIAN_POINT('',(82.3542486889354,98.,4.));
#10366=CARTESIAN_POINT('',(75.5,98.,4.));
#10367=CARTESIAN_POINT('',(87.6457513110646,98.,4.));
#10368=CARTESIAN_POINT('Origin',(85.,95.,4.));
#10369=CARTESIAN_POINT('',(92.3542486889354,98.,4.));
#10370=CARTESIAN_POINT('',(75.5,98.,4.));
#10371=CARTESIAN_POINT('',(98.,92.3542486889354,4.));
#10372=CARTESIAN_POINT('Origin',(95.,95.,4.));
#10373=CARTESIAN_POINT('',(98.,87.6457513110646,4.));
#10374=CARTESIAN_POINT('',(98.,61.5000001117587,4.));
#10375=CARTESIAN_POINT('',(98.,82.3542486889354,4.));
#10376=CARTESIAN_POINT('Origin',(95.,85.,4.));
#10377=CARTESIAN_POINT('',(98.,77.6457513110646,4.));
#10378=CARTESIAN_POINT('',(98.,56.5000001117587,4.));
#10379=CARTESIAN_POINT('',(98.,72.3542486889354,4.));
#10380=CARTESIAN_POINT('Origin',(95.,75.,4.));
#10381=CARTESIAN_POINT('',(98.,67.6457513110646,4.));
#10382=CARTESIAN_POINT('',(98.,51.5000001117587,4.));
#10383=CARTESIAN_POINT('',(98.,62.3542486889354,4.));
#10384=CARTESIAN_POINT('Origin',(95.,65.,4.));
#10385=CARTESIAN_POINT('',(98.,57.6457513110646,4.));
#10386=CARTESIAN_POINT('',(98.,46.5000001117587,4.));
#10387=CARTESIAN_POINT('',(98.,52.3542486889354,4.));
#10388=CARTESIAN_POINT('Origin',(95.,55.,4.));
#10389=CARTESIAN_POINT('',(98.,47.6457513110646,4.));
#10390=CARTESIAN_POINT('',(98.,41.5000001117587,4.));
#10391=CARTESIAN_POINT('',(98.,42.3542486889354,4.));
#10392=CARTESIAN_POINT('Origin',(95.,45.,4.));
#10393=CARTESIAN_POINT('',(98.,37.6457513110646,4.));
#10394=CARTESIAN_POINT('',(98.,36.5000001117587,4.));
#10395=CARTESIAN_POINT('',(98.,32.3542486889354,4.));
#10396=CARTESIAN_POINT('Origin',(95.,35.,4.));
#10397=CARTESIAN_POINT('',(98.,27.6457513110646,4.));
#10398=CARTESIAN_POINT('',(98.,31.5000001117587,4.));
#10399=CARTESIAN_POINT('',(98.,22.3542486889354,4.));
#10400=CARTESIAN_POINT('Origin',(95.,25.,4.));
#10401=CARTESIAN_POINT('',(98.,17.6457513110646,4.));
#10402=CARTESIAN_POINT('',(98.,25.5000000372529,4.));
#10403=CARTESIAN_POINT('',(98.,12.3542486889354,4.));
#10404=CARTESIAN_POINT('Origin',(95.,15.,4.));
#10405=CARTESIAN_POINT('',(98.,7.64575131106457,4.));
#10406=CARTESIAN_POINT('',(98.,25.5000000372529,4.));
#10407=CARTESIAN_POINT('',(91.1771242937787,3.82287582015187,4.));
#10408=CARTESIAN_POINT('Origin',(95.,5.,4.));
#10409=CARTESIAN_POINT('',(88.8228757062213,3.82287582015185,4.));
#10410=CARTESIAN_POINT('Origin',(90.,1.49011618599815E-7,4.));
#10411=CARTESIAN_POINT('',(81.1771242937787,3.82287582015186,4.));
#10412=CARTESIAN_POINT('Origin',(85.,5.,4.));
#10413=CARTESIAN_POINT('',(78.8228757062213,3.82287582015184,4.));
#10414=CARTESIAN_POINT('Origin',(80.,1.49011609718031E-7,4.));
#10415=CARTESIAN_POINT('',(71.1771242937787,3.82287582015186,4.));
#10416=CARTESIAN_POINT('Origin',(75.,5.,4.));
#10417=CARTESIAN_POINT('',(68.8228757062213,3.82287582015184,4.));
#10418=CARTESIAN_POINT('Origin',(70.,1.49011609718031E-7,4.));
#10419=CARTESIAN_POINT('',(61.1771242937787,3.82287582015186,4.));
#10420=CARTESIAN_POINT('Origin',(65.,5.,4.));
#10421=CARTESIAN_POINT('',(58.8228757062213,3.82287582015184,4.));
#10422=CARTESIAN_POINT('Origin',(60.,1.49011609718031E-7,4.));
#10423=CARTESIAN_POINT('',(51.1771242937787,3.82287582015186,4.));
#10424=CARTESIAN_POINT('Origin',(55.,5.,4.));
#10425=CARTESIAN_POINT('',(48.8228757062213,3.82287582015184,4.));
#10426=CARTESIAN_POINT('Origin',(50.,1.49011609718031E-7,4.));
#10427=CARTESIAN_POINT('',(41.1771242937787,3.82287582015185,4.));
#10428=CARTESIAN_POINT('Origin',(45.,5.,4.));
#10429=CARTESIAN_POINT('',(38.8228757062213,3.82287582015183,4.));
#10430=CARTESIAN_POINT('Origin',(40.,1.49011600836246E-7,4.));
#10431=CARTESIAN_POINT('',(31.1771242937787,3.82287582015185,4.));
#10432=CARTESIAN_POINT('Origin',(35.,5.,4.));
#10433=CARTESIAN_POINT('',(28.8228757062213,3.82287582015183,4.));
#10434=CARTESIAN_POINT('Origin',(30.,1.49011600836246E-7,4.));
#10435=CARTESIAN_POINT('',(21.1771242937787,3.82287582015185,4.));
#10436=CARTESIAN_POINT('Origin',(25.,5.,4.));
#10437=CARTESIAN_POINT('',(18.8228757062213,3.82287582015183,4.));
#10438=CARTESIAN_POINT('Origin',(20.,1.49011600836246E-7,4.));
#10439=CARTESIAN_POINT('',(11.1771242937787,3.82287582015185,4.));
#10440=CARTESIAN_POINT('Origin',(15.,5.,4.));
#10441=CARTESIAN_POINT('',(8.82287570622127,3.82287582015183,4.));
#10442=CARTESIAN_POINT('Origin',(10.,1.49011600836246E-7,4.));
#10443=CARTESIAN_POINT('',(3.82287560484331,8.82287563992435,4.));
#10444=CARTESIAN_POINT('Origin',(5.,5.,4.));
#10445=CARTESIAN_POINT('',(3.82287570622128,11.1771243288598,4.));
#10446=CARTESIAN_POINT('Origin',(0.,10.0000001490116,4.));
#10447=CARTESIAN_POINT('',(3.82287560484331,18.8228756399243,4.));
#10448=CARTESIAN_POINT('Origin',(5.,15.,4.));
#10449=CARTESIAN_POINT('',(3.82287570622128,21.1771243288598,4.));
#10450=CARTESIAN_POINT('Origin',(0.,20.0000001490116,4.));
#10451=CARTESIAN_POINT('',(3.82287560484331,28.8228756399243,4.));
#10452=CARTESIAN_POINT('Origin',(5.,25.,4.));
#10453=CARTESIAN_POINT('',(3.82287570622128,31.1771243288598,4.));
#10454=CARTESIAN_POINT('Origin',(0.,30.0000001490116,4.));
#10455=CARTESIAN_POINT('',(3.82287560484331,38.8228756399243,4.));
#10456=CARTESIAN_POINT('Origin',(5.,35.,4.));
#10457=CARTESIAN_POINT('',(3.82287570622128,41.1771243288598,4.));
#10458=CARTESIAN_POINT('Origin',(0.,40.0000001490116,4.));
#10459=CARTESIAN_POINT('',(3.82287560484331,48.8228756399243,4.));
#10460=CARTESIAN_POINT('Origin',(5.,45.,4.));
#10461=CARTESIAN_POINT('',(3.82287570622128,51.1771243288598,4.));
#10462=CARTESIAN_POINT('Origin',(0.,50.0000001490116,4.));
#10463=CARTESIAN_POINT('',(3.82287560484331,58.8228756399243,4.));
#10464=CARTESIAN_POINT('Origin',(5.,55.,4.));
#10465=CARTESIAN_POINT('',(3.82287570622128,61.1771243288598,4.));
#10466=CARTESIAN_POINT('Origin',(0.,60.0000001490116,4.));
#10467=CARTESIAN_POINT('',(3.82287560484331,68.8228756399243,4.));
#10468=CARTESIAN_POINT('Origin',(5.,65.,4.));
#10469=CARTESIAN_POINT('',(3.82287570622128,71.1771243288598,4.));
#10470=CARTESIAN_POINT('Origin',(0.,70.0000001490116,4.));
#10471=CARTESIAN_POINT('',(3.82287560484331,78.8228756399243,4.));
#10472=CARTESIAN_POINT('Origin',(5.,75.,4.));
#10473=CARTESIAN_POINT('',(3.82287570622128,81.1771243288597,4.));
#10474=CARTESIAN_POINT('Origin',(0.,80.0000001490116,4.));
#10475=CARTESIAN_POINT('',(3.82287560484331,88.8228756399243,4.));
#10476=CARTESIAN_POINT('Origin',(5.,85.,4.));
#10477=CARTESIAN_POINT('',(3.82287570622128,91.1771243288597,4.));
#10478=CARTESIAN_POINT('Origin',(0.,90.0000001490116,4.));
#10479=CARTESIAN_POINT('Origin',(5.,95.,4.));
#10480=CARTESIAN_POINT('',(71.,75.,4.));
#10481=CARTESIAN_POINT('Origin',(75.,75.,4.));
#10482=CARTESIAN_POINT('',(81.,85.,4.));
#10483=CARTESIAN_POINT('Origin',(85.,85.,4.));
#10484=CARTESIAN_POINT('',(71.,85.,4.));
#10485=CARTESIAN_POINT('Origin',(75.,85.,4.));
#10486=CARTESIAN_POINT('',(61.,85.,4.));
#10487=CARTESIAN_POINT('Origin',(65.,85.,4.));
#10488=CARTESIAN_POINT('',(51.,85.,4.));
#10489=CARTESIAN_POINT('Origin',(55.,85.,4.));
#10490=CARTESIAN_POINT('',(41.,85.,4.));
#10491=CARTESIAN_POINT('Origin',(45.,85.,4.));
#10492=CARTESIAN_POINT('',(31.,85.,4.));
#10493=CARTESIAN_POINT('Origin',(35.,85.,4.));
#10494=CARTESIAN_POINT('',(21.,85.,4.));
#10495=CARTESIAN_POINT('Origin',(25.,85.,4.));
#10496=CARTESIAN_POINT('',(11.,85.,4.));
#10497=CARTESIAN_POINT('Origin',(15.,85.,4.));
#10498=CARTESIAN_POINT('',(81.,75.,4.));
#10499=CARTESIAN_POINT('Origin',(85.,75.,4.));
#10500=CARTESIAN_POINT('',(61.,75.,4.));
#10501=CARTESIAN_POINT('Origin',(65.,75.,4.));
#10502=CARTESIAN_POINT('',(51.,75.,4.));
#10503=CARTESIAN_POINT('Origin',(55.,75.,4.));
#10504=CARTESIAN_POINT('',(41.,75.,4.));
#10505=CARTESIAN_POINT('Origin',(45.,75.,4.));
#10506=CARTESIAN_POINT('',(31.,75.,4.));
#10507=CARTESIAN_POINT('Origin',(35.,75.,4.));
#10508=CARTESIAN_POINT('',(21.,75.,4.));
#10509=CARTESIAN_POINT('Origin',(25.,75.,4.));
#10510=CARTESIAN_POINT('',(11.,75.,4.));
#10511=CARTESIAN_POINT('Origin',(15.,75.,4.));
#10512=CARTESIAN_POINT('',(81.,65.,4.));
#10513=CARTESIAN_POINT('Origin',(85.,65.,4.));
#10514=CARTESIAN_POINT('',(71.,65.,4.));
#10515=CARTESIAN_POINT('Origin',(75.,65.,4.));
#10516=CARTESIAN_POINT('',(61.,65.,4.));
#10517=CARTESIAN_POINT('Origin',(65.,65.,4.));
#10518=CARTESIAN_POINT('',(51.,65.,4.));
#10519=CARTESIAN_POINT('Origin',(55.,65.,4.));
#10520=CARTESIAN_POINT('',(41.,65.,4.));
#10521=CARTESIAN_POINT('Origin',(45.,65.,4.));
#10522=CARTESIAN_POINT('',(31.,65.,4.));
#10523=CARTESIAN_POINT('Origin',(35.,65.,4.));
#10524=CARTESIAN_POINT('',(21.,65.,4.));
#10525=CARTESIAN_POINT('Origin',(25.,65.,4.));
#10526=CARTESIAN_POINT('',(11.,65.,4.));
#10527=CARTESIAN_POINT('Origin',(15.,65.,4.));
#10528=CARTESIAN_POINT('',(81.,55.,4.));
#10529=CARTESIAN_POINT('Origin',(85.,55.,4.));
#10530=CARTESIAN_POINT('',(71.,55.,4.));
#10531=CARTESIAN_POINT('Origin',(75.,55.,4.));
#10532=CARTESIAN_POINT('',(61.,55.,4.));
#10533=CARTESIAN_POINT('Origin',(65.,55.,4.));
#10534=CARTESIAN_POINT('',(51.,55.,4.));
#10535=CARTESIAN_POINT('Origin',(55.,55.,4.));
#10536=CARTESIAN_POINT('',(41.,55.,4.));
#10537=CARTESIAN_POINT('Origin',(45.,55.,4.));
#10538=CARTESIAN_POINT('',(31.,55.,4.));
#10539=CARTESIAN_POINT('Origin',(35.,55.,4.));
#10540=CARTESIAN_POINT('',(21.,55.,4.));
#10541=CARTESIAN_POINT('Origin',(25.,55.,4.));
#10542=CARTESIAN_POINT('',(11.,55.,4.));
#10543=CARTESIAN_POINT('Origin',(15.,55.,4.));
#10544=CARTESIAN_POINT('',(81.,45.,4.));
#10545=CARTESIAN_POINT('Origin',(85.,45.,4.));
#10546=CARTESIAN_POINT('',(71.,45.,4.));
#10547=CARTESIAN_POINT('Origin',(75.,45.,4.));
#10548=CARTESIAN_POINT('',(61.,45.,4.));
#10549=CARTESIAN_POINT('Origin',(65.,45.,4.));
#10550=CARTESIAN_POINT('',(51.,45.,4.));
#10551=CARTESIAN_POINT('Origin',(55.,45.,4.));
#10552=CARTESIAN_POINT('',(41.,45.,4.));
#10553=CARTESIAN_POINT('Origin',(45.,45.,4.));
#10554=CARTESIAN_POINT('',(31.,45.,4.));
#10555=CARTESIAN_POINT('Origin',(35.,45.,4.));
#10556=CARTESIAN_POINT('',(21.,45.,4.));
#10557=CARTESIAN_POINT('Origin',(25.,45.,4.));
#10558=CARTESIAN_POINT('',(11.,45.,4.));
#10559=CARTESIAN_POINT('Origin',(15.,45.,4.));
#10560=CARTESIAN_POINT('',(81.,35.,4.));
#10561=CARTESIAN_POINT('Origin',(85.,35.,4.));
#10562=CARTESIAN_POINT('',(71.,35.,4.));
#10563=CARTESIAN_POINT('Origin',(75.,35.,4.));
#10564=CARTESIAN_POINT('',(61.,35.,4.));
#10565=CARTESIAN_POINT('Origin',(65.,35.,4.));
#10566=CARTESIAN_POINT('',(51.,35.,4.));
#10567=CARTESIAN_POINT('Origin',(55.,35.,4.));
#10568=CARTESIAN_POINT('',(41.,35.,4.));
#10569=CARTESIAN_POINT('Origin',(45.,35.,4.));
#10570=CARTESIAN_POINT('',(31.,35.,4.));
#10571=CARTESIAN_POINT('Origin',(35.,35.,4.));
#10572=CARTESIAN_POINT('',(21.,35.,4.));
#10573=CARTESIAN_POINT('Origin',(25.,35.,4.));
#10574=CARTESIAN_POINT('',(11.,35.,4.));
#10575=CARTESIAN_POINT('Origin',(15.,35.,4.));
#10576=CARTESIAN_POINT('',(81.,25.,4.));
#10577=CARTESIAN_POINT('Origin',(85.,25.,4.));
#10578=CARTESIAN_POINT('',(71.,25.,4.));
#10579=CARTESIAN_POINT('Origin',(75.,25.,4.));
#10580=CARTESIAN_POINT('',(61.,25.,4.));
#10581=CARTESIAN_POINT('Origin',(65.,25.,4.));
#10582=CARTESIAN_POINT('',(51.,25.,4.));
#10583=CARTESIAN_POINT('Origin',(55.,25.,4.));
#10584=CARTESIAN_POINT('',(41.,25.,4.));
#10585=CARTESIAN_POINT('Origin',(45.,25.,4.));
#10586=CARTESIAN_POINT('',(31.,25.,4.));
#10587=CARTESIAN_POINT('Origin',(35.,25.,4.));
#10588=CARTESIAN_POINT('',(21.,25.,4.));
#10589=CARTESIAN_POINT('Origin',(25.,25.,4.));
#10590=CARTESIAN_POINT('',(11.,25.,4.));
#10591=CARTESIAN_POINT('Origin',(15.,25.,4.));
#10592=CARTESIAN_POINT('',(81.,15.,4.));
#10593=CARTESIAN_POINT('Origin',(85.,15.,4.));
#10594=CARTESIAN_POINT('',(71.,15.,4.));
#10595=CARTESIAN_POINT('Origin',(75.,15.,4.));
#10596=CARTESIAN_POINT('',(61.,15.,4.));
#10597=CARTESIAN_POINT('Origin',(65.,15.,4.));
#10598=CARTESIAN_POINT('',(51.,15.,4.));
#10599=CARTESIAN_POINT('Origin',(55.,15.,4.));
#10600=CARTESIAN_POINT('',(41.,15.,4.));
#10601=CARTESIAN_POINT('Origin',(45.,15.,4.));
#10602=CARTESIAN_POINT('',(31.,15.,4.));
#10603=CARTESIAN_POINT('Origin',(35.,15.,4.));
#10604=CARTESIAN_POINT('',(21.,15.,4.));
#10605=CARTESIAN_POINT('Origin',(25.,15.,4.));
#10606=CARTESIAN_POINT('',(11.,15.,4.));
#10607=CARTESIAN_POINT('Origin',(15.,15.,4.));
#10608=CARTESIAN_POINT('Origin',(28.,98.,0.));
#10609=CARTESIAN_POINT('',(22.3542486889354,98.,0.));
#10610=CARTESIAN_POINT('',(17.6457513110646,98.,0.));
#10611=CARTESIAN_POINT('Origin',(38.,98.,0.));
#10612=CARTESIAN_POINT('',(32.3542486889354,98.,0.));
#10613=CARTESIAN_POINT('',(27.6457513110646,98.,0.));
#10614=CARTESIAN_POINT('Origin',(48.,98.,0.));
#10615=CARTESIAN_POINT('',(42.3542486889354,98.,0.));
#10616=CARTESIAN_POINT('',(37.6457513110646,98.,0.));
#10617=CARTESIAN_POINT('Origin',(58.,98.,0.));
#10618=CARTESIAN_POINT('',(52.3542486889354,98.,0.));
#10619=CARTESIAN_POINT('',(47.6457513110646,98.,0.));
#10620=CARTESIAN_POINT('Origin',(68.,98.,0.));
#10621=CARTESIAN_POINT('',(62.3542486889354,98.,0.));
#10622=CARTESIAN_POINT('',(57.6457513110646,98.,0.));
#10623=CARTESIAN_POINT('Origin',(78.,98.,0.));
#10624=CARTESIAN_POINT('',(72.3542486889354,98.,0.));
#10625=CARTESIAN_POINT('',(67.6457513110646,98.,0.));
#10626=CARTESIAN_POINT('Origin',(88.,98.,0.));
#10627=CARTESIAN_POINT('',(82.3542486889354,98.,0.));
#10628=CARTESIAN_POINT('',(77.6457513110646,98.,0.));
#10629=CARTESIAN_POINT('Origin',(100.,98.,0.));
#10630=CARTESIAN_POINT('',(92.3542486889354,98.,0.));
#10631=CARTESIAN_POINT('',(87.6457513110646,98.,0.));
#10632=CARTESIAN_POINT('Origin',(98.,82.0000001490116,0.));
#10633=CARTESIAN_POINT('',(98.,87.6457513110646,0.));
#10634=CARTESIAN_POINT('',(98.,92.3542486889354,0.));
#10635=CARTESIAN_POINT('Origin',(98.,72.0000001490116,0.));
#10636=CARTESIAN_POINT('',(98.,77.6457513110646,0.));
#10637=CARTESIAN_POINT('',(98.,82.3542486889354,0.));
#10638=CARTESIAN_POINT('Origin',(98.,62.0000001490116,0.));
#10639=CARTESIAN_POINT('',(98.,67.6457513110646,0.));
#10640=CARTESIAN_POINT('',(98.,72.3542486889354,0.));
#10641=CARTESIAN_POINT('Origin',(98.,52.0000001490116,0.));
#10642=CARTESIAN_POINT('',(98.,57.6457513110646,0.));
#10643=CARTESIAN_POINT('',(98.,62.3542486889354,0.));
#10644=CARTESIAN_POINT('Origin',(98.,42.0000001490116,0.));
#10645=CARTESIAN_POINT('',(98.,47.6457513110646,0.));
#10646=CARTESIAN_POINT('',(98.,52.3542486889354,0.));
#10647=CARTESIAN_POINT('Origin',(98.,32.0000001490116,0.));
#10648=CARTESIAN_POINT('',(98.,37.6457513110646,0.));
#10649=CARTESIAN_POINT('',(98.,42.3542486889354,0.));
#10650=CARTESIAN_POINT('Origin',(98.,22.0000001490116,0.));
#10651=CARTESIAN_POINT('',(98.,27.6457513110646,0.));
#10652=CARTESIAN_POINT('',(98.,32.3542486889354,0.));
#10653=CARTESIAN_POINT('Origin',(98.,12.0000001490116,0.));
#10654=CARTESIAN_POINT('',(98.,17.6457513110646,0.));
#10655=CARTESIAN_POINT('',(98.,22.3542486889354,0.));
#10656=CARTESIAN_POINT('Origin',(98.,0.,0.));
#10657=CARTESIAN_POINT('',(98.,7.64575131106457,0.));
#10658=CARTESIAN_POINT('',(98.,12.3542486889354,0.));
#10659=CARTESIAN_POINT('Origin',(0.,90.0000001490116,0.));
#10660=CARTESIAN_POINT('',(3.82287560484331,88.8228756399243,0.));
#10661=CARTESIAN_POINT('',(3.82287570622128,91.1771243288597,0.));
#10662=CARTESIAN_POINT('Origin',(0.,80.0000001490116,0.));
#10663=CARTESIAN_POINT('',(3.82287560484331,78.8228756399243,0.));
#10664=CARTESIAN_POINT('',(3.82287570622128,81.1771243288597,0.));
#10665=CARTESIAN_POINT('Origin',(0.,70.0000001490116,0.));
#10666=CARTESIAN_POINT('',(3.82287560484331,68.8228756399243,0.));
#10667=CARTESIAN_POINT('',(3.82287570622128,71.1771243288598,0.));
#10668=CARTESIAN_POINT('Origin',(0.,60.0000001490116,0.));
#10669=CARTESIAN_POINT('',(3.82287560484331,58.8228756399243,0.));
#10670=CARTESIAN_POINT('',(3.82287570622128,61.1771243288598,0.));
#10671=CARTESIAN_POINT('Origin',(0.,50.0000001490116,0.));
#10672=CARTESIAN_POINT('',(3.82287560484331,48.8228756399243,0.));
#10673=CARTESIAN_POINT('',(3.82287570622128,51.1771243288598,0.));
#10674=CARTESIAN_POINT('Origin',(0.,40.0000001490116,0.));
#10675=CARTESIAN_POINT('',(3.82287560484331,38.8228756399243,0.));
#10676=CARTESIAN_POINT('',(3.82287570622128,41.1771243288598,0.));
#10677=CARTESIAN_POINT('Origin',(0.,30.0000001490116,0.));
#10678=CARTESIAN_POINT('',(3.82287560484331,28.8228756399243,0.));
#10679=CARTESIAN_POINT('',(3.82287570622128,31.1771243288598,0.));
#10680=CARTESIAN_POINT('Origin',(0.,20.0000001490116,0.));
#10681=CARTESIAN_POINT('',(3.82287560484331,18.8228756399243,0.));
#10682=CARTESIAN_POINT('',(3.82287570622128,21.1771243288598,0.));
#10683=CARTESIAN_POINT('Origin',(0.,10.0000001490116,0.));
#10684=CARTESIAN_POINT('',(3.82287560484331,8.82287563992435,0.));
#10685=CARTESIAN_POINT('',(3.82287570622128,11.1771243288598,0.));
#10686=CARTESIAN_POINT('Origin',(10.,1.49011600836246E-7,0.));
#10687=CARTESIAN_POINT('',(11.1771242937787,3.82287582015185,0.));
#10688=CARTESIAN_POINT('',(8.82287570622127,3.82287582015183,0.));
#10689=CARTESIAN_POINT('Origin',(20.,1.49011600836246E-7,0.));
#10690=CARTESIAN_POINT('',(21.1771242937787,3.82287582015185,0.));
#10691=CARTESIAN_POINT('',(18.8228757062213,3.82287582015183,0.));
#10692=CARTESIAN_POINT('Origin',(30.,1.49011600836246E-7,0.));
#10693=CARTESIAN_POINT('',(31.1771242937787,3.82287582015185,0.));
#10694=CARTESIAN_POINT('',(28.8228757062213,3.82287582015183,0.));
#10695=CARTESIAN_POINT('Origin',(40.,1.49011600836246E-7,0.));
#10696=CARTESIAN_POINT('',(41.1771242937787,3.82287582015185,0.));
#10697=CARTESIAN_POINT('',(38.8228757062213,3.82287582015183,0.));
#10698=CARTESIAN_POINT('Origin',(50.,1.49011609718031E-7,0.));
#10699=CARTESIAN_POINT('',(51.1771242937787,3.82287582015186,0.));
#10700=CARTESIAN_POINT('',(48.8228757062213,3.82287582015184,0.));
#10701=CARTESIAN_POINT('Origin',(60.,1.49011609718031E-7,0.));
#10702=CARTESIAN_POINT('',(61.1771242937787,3.82287582015186,0.));
#10703=CARTESIAN_POINT('',(58.8228757062213,3.82287582015184,0.));
#10704=CARTESIAN_POINT('Origin',(70.,1.49011609718031E-7,0.));
#10705=CARTESIAN_POINT('',(71.1771242937787,3.82287582015186,0.));
#10706=CARTESIAN_POINT('',(68.8228757062213,3.82287582015184,0.));
#10707=CARTESIAN_POINT('Origin',(80.,1.49011609718031E-7,0.));
#10708=CARTESIAN_POINT('',(81.1771242937787,3.82287582015186,0.));
#10709=CARTESIAN_POINT('',(78.8228757062213,3.82287582015184,0.));
#10710=CARTESIAN_POINT('Origin',(90.,1.49011618599815E-7,0.));
#10711=CARTESIAN_POINT('',(91.1771242937787,3.82287582015187,0.));
#10712=CARTESIAN_POINT('',(88.8228757062213,3.82287582015185,0.));
#10713=CARTESIAN_POINT('Origin',(95.,95.,0.));
#10714=CARTESIAN_POINT('Origin',(85.,95.,0.));
#10715=CARTESIAN_POINT('Origin',(75.,95.,0.));
#10716=CARTESIAN_POINT('Origin',(65.,95.,0.));
#10717=CARTESIAN_POINT('Origin',(55.,95.,0.));
#10718=CARTESIAN_POINT('Origin',(45.,95.,0.));
#10719=CARTESIAN_POINT('Origin',(35.,95.,0.));
#10720=CARTESIAN_POINT('Origin',(25.,95.,0.));
#10721=CARTESIAN_POINT('Origin',(15.,95.,0.));
#10722=CARTESIAN_POINT('Origin',(5.,95.,0.));
#10723=CARTESIAN_POINT('Origin',(95.,85.,0.));
#10724=CARTESIAN_POINT('Origin',(85.,85.,0.));
#10725=CARTESIAN_POINT('',(81.,85.,0.));
#10726=CARTESIAN_POINT('Origin',(85.,85.,0.));
#10727=CARTESIAN_POINT('',(81.,85.,0.));
#10728=CARTESIAN_POINT('Origin',(75.,85.,0.));
#10729=CARTESIAN_POINT('',(71.,85.,0.));
#10730=CARTESIAN_POINT('Origin',(75.,85.,0.));
#10731=CARTESIAN_POINT('',(71.,85.,0.));
#10732=CARTESIAN_POINT('Origin',(65.,85.,0.));
#10733=CARTESIAN_POINT('',(61.,85.,0.));
#10734=CARTESIAN_POINT('Origin',(65.,85.,0.));
#10735=CARTESIAN_POINT('',(61.,85.,0.));
#10736=CARTESIAN_POINT('Origin',(55.,85.,0.));
#10737=CARTESIAN_POINT('',(51.,85.,0.));
#10738=CARTESIAN_POINT('Origin',(55.,85.,0.));
#10739=CARTESIAN_POINT('',(51.,85.,0.));
#10740=CARTESIAN_POINT('Origin',(45.,85.,0.));
#10741=CARTESIAN_POINT('',(41.,85.,0.));
#10742=CARTESIAN_POINT('Origin',(45.,85.,0.));
#10743=CARTESIAN_POINT('',(41.,85.,0.));
#10744=CARTESIAN_POINT('Origin',(35.,85.,0.));
#10745=CARTESIAN_POINT('',(31.,85.,0.));
#10746=CARTESIAN_POINT('Origin',(35.,85.,0.));
#10747=CARTESIAN_POINT('',(31.,85.,0.));
#10748=CARTESIAN_POINT('Origin',(25.,85.,0.));
#10749=CARTESIAN_POINT('',(21.,85.,0.));
#10750=CARTESIAN_POINT('Origin',(25.,85.,0.));
#10751=CARTESIAN_POINT('',(21.,85.,0.));
#10752=CARTESIAN_POINT('Origin',(15.,85.,0.));
#10753=CARTESIAN_POINT('',(11.,85.,0.));
#10754=CARTESIAN_POINT('Origin',(15.,85.,0.));
#10755=CARTESIAN_POINT('',(11.,85.,0.));
#10756=CARTESIAN_POINT('Origin',(5.,85.,0.));
#10757=CARTESIAN_POINT('Origin',(95.,75.,0.));
#10758=CARTESIAN_POINT('Origin',(85.,75.,0.));
#10759=CARTESIAN_POINT('',(81.,75.,0.));
#10760=CARTESIAN_POINT('Origin',(85.,75.,0.));
#10761=CARTESIAN_POINT('',(81.,75.,0.));
#10762=CARTESIAN_POINT('Origin',(75.,75.,0.));
#10763=CARTESIAN_POINT('',(71.,75.,0.));
#10764=CARTESIAN_POINT('Origin',(75.,75.,0.));
#10765=CARTESIAN_POINT('',(71.,75.,0.));
#10766=CARTESIAN_POINT('Origin',(65.,75.,0.));
#10767=CARTESIAN_POINT('',(61.,75.,0.));
#10768=CARTESIAN_POINT('Origin',(65.,75.,0.));
#10769=CARTESIAN_POINT('',(61.,75.,0.));
#10770=CARTESIAN_POINT('Origin',(55.,75.,0.));
#10771=CARTESIAN_POINT('',(51.,75.,0.));
#10772=CARTESIAN_POINT('Origin',(55.,75.,0.));
#10773=CARTESIAN_POINT('',(51.,75.,0.));
#10774=CARTESIAN_POINT('Origin',(45.,75.,0.));
#10775=CARTESIAN_POINT('',(41.,75.,0.));
#10776=CARTESIAN_POINT('Origin',(45.,75.,0.));
#10777=CARTESIAN_POINT('',(41.,75.,0.));
#10778=CARTESIAN_POINT('Origin',(35.,75.,0.));
#10779=CARTESIAN_POINT('',(31.,75.,0.));
#10780=CARTESIAN_POINT('Origin',(35.,75.,0.));
#10781=CARTESIAN_POINT('',(31.,75.,0.));
#10782=CARTESIAN_POINT('Origin',(25.,75.,0.));
#10783=CARTESIAN_POINT('',(21.,75.,0.));
#10784=CARTESIAN_POINT('Origin',(25.,75.,0.));
#10785=CARTESIAN_POINT('',(21.,75.,0.));
#10786=CARTESIAN_POINT('Origin',(15.,75.,0.));
#10787=CARTESIAN_POINT('',(11.,75.,0.));
#10788=CARTESIAN_POINT('Origin',(15.,75.,0.));
#10789=CARTESIAN_POINT('',(11.,75.,0.));
#10790=CARTESIAN_POINT('Origin',(5.,75.,0.));
#10791=CARTESIAN_POINT('Origin',(95.,65.,0.));
#10792=CARTESIAN_POINT('Origin',(85.,65.,0.));
#10793=CARTESIAN_POINT('',(81.,65.,0.));
#10794=CARTESIAN_POINT('Origin',(85.,65.,0.));
#10795=CARTESIAN_POINT('',(81.,65.,0.));
#10796=CARTESIAN_POINT('Origin',(75.,65.,0.));
#10797=CARTESIAN_POINT('',(71.,65.,0.));
#10798=CARTESIAN_POINT('Origin',(75.,65.,0.));
#10799=CARTESIAN_POINT('',(71.,65.,0.));
#10800=CARTESIAN_POINT('Origin',(65.,65.,0.));
#10801=CARTESIAN_POINT('',(61.,65.,0.));
#10802=CARTESIAN_POINT('Origin',(65.,65.,0.));
#10803=CARTESIAN_POINT('',(61.,65.,0.));
#10804=CARTESIAN_POINT('Origin',(55.,65.,0.));
#10805=CARTESIAN_POINT('',(51.,65.,0.));
#10806=CARTESIAN_POINT('Origin',(55.,65.,0.));
#10807=CARTESIAN_POINT('',(51.,65.,0.));
#10808=CARTESIAN_POINT('Origin',(45.,65.,0.));
#10809=CARTESIAN_POINT('',(41.,65.,0.));
#10810=CARTESIAN_POINT('Origin',(45.,65.,0.));
#10811=CARTESIAN_POINT('',(41.,65.,0.));
#10812=CARTESIAN_POINT('Origin',(35.,65.,0.));
#10813=CARTESIAN_POINT('',(31.,65.,0.));
#10814=CARTESIAN_POINT('Origin',(35.,65.,0.));
#10815=CARTESIAN_POINT('',(31.,65.,0.));
#10816=CARTESIAN_POINT('Origin',(25.,65.,0.));
#10817=CARTESIAN_POINT('',(21.,65.,0.));
#10818=CARTESIAN_POINT('Origin',(25.,65.,0.));
#10819=CARTESIAN_POINT('',(21.,65.,0.));
#10820=CARTESIAN_POINT('Origin',(15.,65.,0.));
#10821=CARTESIAN_POINT('',(11.,65.,0.));
#10822=CARTESIAN_POINT('Origin',(15.,65.,0.));
#10823=CARTESIAN_POINT('',(11.,65.,0.));
#10824=CARTESIAN_POINT('Origin',(5.,65.,0.));
#10825=CARTESIAN_POINT('Origin',(95.,55.,0.));
#10826=CARTESIAN_POINT('Origin',(85.,55.,0.));
#10827=CARTESIAN_POINT('',(81.,55.,0.));
#10828=CARTESIAN_POINT('Origin',(85.,55.,0.));
#10829=CARTESIAN_POINT('',(81.,55.,0.));
#10830=CARTESIAN_POINT('Origin',(75.,55.,0.));
#10831=CARTESIAN_POINT('',(71.,55.,0.));
#10832=CARTESIAN_POINT('Origin',(75.,55.,0.));
#10833=CARTESIAN_POINT('',(71.,55.,0.));
#10834=CARTESIAN_POINT('Origin',(65.,55.,0.));
#10835=CARTESIAN_POINT('',(61.,55.,0.));
#10836=CARTESIAN_POINT('Origin',(65.,55.,0.));
#10837=CARTESIAN_POINT('',(61.,55.,0.));
#10838=CARTESIAN_POINT('Origin',(75.,5.,0.));
#10839=CARTESIAN_POINT('Origin',(55.,55.,0.));
#10840=CARTESIAN_POINT('',(51.,55.,0.));
#10841=CARTESIAN_POINT('Origin',(55.,55.,0.));
#10842=CARTESIAN_POINT('',(51.,55.,0.));
#10843=CARTESIAN_POINT('Origin',(55.,5.,0.));
#10844=CARTESIAN_POINT('Origin',(45.,55.,0.));
#10845=CARTESIAN_POINT('',(41.,55.,0.));
#10846=CARTESIAN_POINT('Origin',(45.,55.,0.));
#10847=CARTESIAN_POINT('',(41.,55.,0.));
#10848=CARTESIAN_POINT('Origin',(45.,5.,0.));
#10849=CARTESIAN_POINT('Origin',(35.,55.,0.));
#10850=CARTESIAN_POINT('',(31.,55.,0.));
#10851=CARTESIAN_POINT('Origin',(35.,55.,0.));
#10852=CARTESIAN_POINT('',(31.,55.,0.));
#10853=CARTESIAN_POINT('Origin',(5.,55.,0.));
#10854=CARTESIAN_POINT('Origin',(25.,25.,0.));
#10855=CARTESIAN_POINT('',(21.,25.,0.));
#10856=CARTESIAN_POINT('Origin',(25.,25.,0.));
#10857=CARTESIAN_POINT('',(21.,25.,0.));
#10858=CARTESIAN_POINT('Origin',(15.,15.,0.));
#10859=CARTESIAN_POINT('',(11.,15.,0.));
#10860=CARTESIAN_POINT('Origin',(15.,15.,0.));
#10861=CARTESIAN_POINT('',(11.,15.,0.));
#10862=CARTESIAN_POINT('Origin',(45.,45.,0.));
#10863=CARTESIAN_POINT('',(41.,45.,0.));
#10864=CARTESIAN_POINT('Origin',(45.,45.,0.));
#10865=CARTESIAN_POINT('',(41.,45.,0.));
#10866=CARTESIAN_POINT('Origin',(25.,55.,0.));
#10867=CARTESIAN_POINT('',(21.,55.,0.));
#10868=CARTESIAN_POINT('Origin',(25.,55.,0.));
#10869=CARTESIAN_POINT('',(21.,55.,0.));
#10870=CARTESIAN_POINT('Origin',(15.,55.,0.));
#10871=CARTESIAN_POINT('',(11.,55.,0.));
#10872=CARTESIAN_POINT('Origin',(15.,55.,0.));
#10873=CARTESIAN_POINT('',(11.,55.,0.));
#10874=CARTESIAN_POINT('Origin',(65.,5.,0.));
#10875=CARTESIAN_POINT('Origin',(85.,45.,0.));
#10876=CARTESIAN_POINT('',(81.,45.,0.));
#10877=CARTESIAN_POINT('Origin',(85.,45.,0.));
#10878=CARTESIAN_POINT('',(81.,45.,0.));
#10879=CARTESIAN_POINT('Origin',(95.,45.,0.));
#10880=CARTESIAN_POINT('Origin',(45.,35.,0.));
#10881=CARTESIAN_POINT('',(41.,35.,0.));
#10882=CARTESIAN_POINT('Origin',(45.,35.,0.));
#10883=CARTESIAN_POINT('',(41.,35.,0.));
#10884=CARTESIAN_POINT('Origin',(95.,15.,0.));
#10885=CARTESIAN_POINT('Origin',(5.,35.,0.));
#10886=CARTESIAN_POINT('Origin',(85.,35.,0.));
#10887=CARTESIAN_POINT('',(81.,35.,0.));
#10888=CARTESIAN_POINT('Origin',(85.,35.,0.));
#10889=CARTESIAN_POINT('',(81.,35.,0.));
#10890=CARTESIAN_POINT('Origin',(85.,25.,0.));
#10891=CARTESIAN_POINT('',(81.,25.,0.));
#10892=CARTESIAN_POINT('Origin',(85.,25.,0.));
#10893=CARTESIAN_POINT('',(81.,25.,0.));
#10894=CARTESIAN_POINT('Origin',(95.,25.,0.));
#10895=CARTESIAN_POINT('Origin',(35.,25.,0.));
#10896=CARTESIAN_POINT('',(31.,25.,0.));
#10897=CARTESIAN_POINT('Origin',(35.,25.,0.));
#10898=CARTESIAN_POINT('',(31.,25.,0.));
#10899=CARTESIAN_POINT('Origin',(15.,25.,0.));
#10900=CARTESIAN_POINT('',(11.,25.,0.));
#10901=CARTESIAN_POINT('Origin',(15.,25.,0.));
#10902=CARTESIAN_POINT('',(11.,25.,0.));
#10903=CARTESIAN_POINT('Origin',(55.,15.,0.));
#10904=CARTESIAN_POINT('',(51.,15.,0.));
#10905=CARTESIAN_POINT('Origin',(55.,15.,0.));
#10906=CARTESIAN_POINT('',(51.,15.,0.));
#10907=CARTESIAN_POINT('Origin',(65.,15.,0.));
#10908=CARTESIAN_POINT('',(61.,15.,0.));
#10909=CARTESIAN_POINT('Origin',(65.,15.,0.));
#10910=CARTESIAN_POINT('',(61.,15.,0.));
#10911=CARTESIAN_POINT('Origin',(25.,15.,0.));
#10912=CARTESIAN_POINT('',(21.,15.,0.));
#10913=CARTESIAN_POINT('Origin',(25.,15.,0.));
#10914=CARTESIAN_POINT('',(21.,15.,0.));
#10915=CARTESIAN_POINT('Origin',(95.,5.,0.));
#10916=CARTESIAN_POINT('Origin',(85.,5.,0.));
#10917=CARTESIAN_POINT('Origin',(65.,45.,0.));
#10918=CARTESIAN_POINT('',(61.,45.,0.));
#10919=CARTESIAN_POINT('Origin',(65.,45.,0.));
#10920=CARTESIAN_POINT('',(61.,45.,0.));
#10921=CARTESIAN_POINT('Origin',(65.,35.,0.));
#10922=CARTESIAN_POINT('',(61.,35.,0.));
#10923=CARTESIAN_POINT('Origin',(65.,35.,0.));
#10924=CARTESIAN_POINT('',(61.,35.,0.));
#10925=CARTESIAN_POINT('Origin',(55.,45.,0.));
#10926=CARTESIAN_POINT('',(51.,45.,0.));
#10927=CARTESIAN_POINT('Origin',(55.,45.,0.));
#10928=CARTESIAN_POINT('',(51.,45.,0.));
#10929=CARTESIAN_POINT('Origin',(25.,45.,0.));
#10930=CARTESIAN_POINT('',(21.,45.,0.));
#10931=CARTESIAN_POINT('Origin',(25.,45.,0.));
#10932=CARTESIAN_POINT('',(21.,45.,0.));
#10933=CARTESIAN_POINT('Origin',(75.,25.,0.));
#10934=CARTESIAN_POINT('',(71.,25.,0.));
#10935=CARTESIAN_POINT('Origin',(75.,25.,0.));
#10936=CARTESIAN_POINT('',(71.,25.,0.));
#10937=CARTESIAN_POINT('Origin',(15.,45.,0.));
#10938=CARTESIAN_POINT('',(11.,45.,0.));
#10939=CARTESIAN_POINT('Origin',(15.,45.,0.));
#10940=CARTESIAN_POINT('',(11.,45.,0.));
#10941=CARTESIAN_POINT('Origin',(85.,15.,0.));
#10942=CARTESIAN_POINT('',(81.,15.,0.));
#10943=CARTESIAN_POINT('Origin',(85.,15.,0.));
#10944=CARTESIAN_POINT('',(81.,15.,0.));
#10945=CARTESIAN_POINT('Origin',(75.,45.,0.));
#10946=CARTESIAN_POINT('',(71.,45.,0.));
#10947=CARTESIAN_POINT('Origin',(75.,45.,0.));
#10948=CARTESIAN_POINT('',(71.,45.,0.));
#10949=CARTESIAN_POINT('Origin',(35.,45.,0.));
#10950=CARTESIAN_POINT('',(31.,45.,0.));
#10951=CARTESIAN_POINT('Origin',(35.,45.,0.));
#10952=CARTESIAN_POINT('',(31.,45.,0.));
#10953=CARTESIAN_POINT('Origin',(45.,15.,0.));
#10954=CARTESIAN_POINT('',(41.,15.,0.));
#10955=CARTESIAN_POINT('Origin',(45.,15.,0.));
#10956=CARTESIAN_POINT('',(41.,15.,0.));
#10957=CARTESIAN_POINT('Origin',(75.,15.,0.));
#10958=CARTESIAN_POINT('',(71.,15.,0.));
#10959=CARTESIAN_POINT('Origin',(75.,15.,0.));
#10960=CARTESIAN_POINT('',(71.,15.,0.));
#10961=CARTESIAN_POINT('Origin',(65.,25.,0.));
#10962=CARTESIAN_POINT('',(61.,25.,0.));
#10963=CARTESIAN_POINT('Origin',(65.,25.,0.));
#10964=CARTESIAN_POINT('',(61.,25.,0.));
#10965=CARTESIAN_POINT('Origin',(95.,35.,0.));
#10966=CARTESIAN_POINT('Origin',(5.,5.,0.));
#10967=CARTESIAN_POINT('Origin',(55.,25.,0.));
#10968=CARTESIAN_POINT('',(51.,25.,0.));
#10969=CARTESIAN_POINT('Origin',(55.,25.,0.));
#10970=CARTESIAN_POINT('',(51.,25.,0.));
#10971=CARTESIAN_POINT('Origin',(5.,45.,0.));
#10972=CARTESIAN_POINT('Origin',(35.,15.,0.));
#10973=CARTESIAN_POINT('',(31.,15.,0.));
#10974=CARTESIAN_POINT('Origin',(35.,15.,0.));
#10975=CARTESIAN_POINT('',(31.,15.,0.));
#10976=CARTESIAN_POINT('Origin',(5.,15.,0.));
#10977=CARTESIAN_POINT('Origin',(25.,35.,0.));
#10978=CARTESIAN_POINT('',(21.,35.,0.));
#10979=CARTESIAN_POINT('Origin',(25.,35.,0.));
#10980=CARTESIAN_POINT('',(21.,35.,0.));
#10981=CARTESIAN_POINT('Origin',(15.,5.,0.));
#10982=CARTESIAN_POINT('Origin',(35.,35.,0.));
#10983=CARTESIAN_POINT('',(31.,35.,0.));
#10984=CARTESIAN_POINT('Origin',(35.,35.,0.));
#10985=CARTESIAN_POINT('',(31.,35.,0.));
#10986=CARTESIAN_POINT('Origin',(35.,5.,0.));
#10987=CARTESIAN_POINT('Origin',(75.,35.,0.));
#10988=CARTESIAN_POINT('',(71.,35.,0.));
#10989=CARTESIAN_POINT('Origin',(75.,35.,0.));
#10990=CARTESIAN_POINT('',(71.,35.,0.));
#10991=CARTESIAN_POINT('Origin',(25.,5.,0.));
#10992=CARTESIAN_POINT('Origin',(5.,25.,0.));
#10993=CARTESIAN_POINT('Origin',(15.,35.,0.));
#10994=CARTESIAN_POINT('',(11.,35.,0.));
#10995=CARTESIAN_POINT('Origin',(15.,35.,0.));
#10996=CARTESIAN_POINT('',(11.,35.,0.));
#10997=CARTESIAN_POINT('Origin',(45.,25.,0.));
#10998=CARTESIAN_POINT('',(41.,25.,0.));
#10999=CARTESIAN_POINT('Origin',(45.,25.,0.));
#11000=CARTESIAN_POINT('',(41.,25.,0.));
#11001=CARTESIAN_POINT('Origin',(55.,35.,0.));
#11002=CARTESIAN_POINT('',(51.,35.,0.));
#11003=CARTESIAN_POINT('Origin',(55.,35.,0.));
#11004=CARTESIAN_POINT('',(51.,35.,0.));
#11005=CARTESIAN_POINT('Origin',(51.,51.0000000745058,0.));
#11006=CARTESIAN_POINT('',(53.,35.,0.));
#11007=CARTESIAN_POINT('Origin',(55.,35.,0.));
#11008=CARTESIAN_POINT('Origin',(51.,51.0000000745058,0.));
#11009=CARTESIAN_POINT('',(43.,25.,0.));
#11010=CARTESIAN_POINT('Origin',(45.,25.,0.));
#11011=CARTESIAN_POINT('Origin',(51.,51.0000000745058,0.));
#11012=CARTESIAN_POINT('',(13.,35.,0.));
#11013=CARTESIAN_POINT('Origin',(15.,35.,0.));
#11014=CARTESIAN_POINT('Origin',(51.,51.0000000745058,0.));
#11015=CARTESIAN_POINT('',(73.,35.,0.));
#11016=CARTESIAN_POINT('Origin',(75.,35.,0.));
#11017=CARTESIAN_POINT('Origin',(51.,51.0000000745058,0.));
#11018=CARTESIAN_POINT('',(33.,35.,0.));
#11019=CARTESIAN_POINT('Origin',(35.,35.,0.));
#11020=CARTESIAN_POINT('Origin',(51.,51.0000000745058,0.));
#11021=CARTESIAN_POINT('',(23.,35.,0.));
#11022=CARTESIAN_POINT('Origin',(25.,35.,0.));
#11023=CARTESIAN_POINT('Origin',(51.,51.0000000745058,0.));
#11024=CARTESIAN_POINT('',(33.,15.,0.));
#11025=CARTESIAN_POINT('Origin',(35.,15.,0.));
#11026=CARTESIAN_POINT('Origin',(51.,51.0000000745058,0.));
#11027=CARTESIAN_POINT('',(53.,25.,0.));
#11028=CARTESIAN_POINT('Origin',(55.,25.,0.));
#11029=CARTESIAN_POINT('Origin',(51.,51.0000000745058,0.));
#11030=CARTESIAN_POINT('',(63.,25.,0.));
#11031=CARTESIAN_POINT('Origin',(65.,25.,0.));
#11032=CARTESIAN_POINT('Origin',(51.,51.0000000745058,0.));
#11033=CARTESIAN_POINT('',(73.,15.,0.));
#11034=CARTESIAN_POINT('Origin',(75.,15.,0.));
#11035=CARTESIAN_POINT('Origin',(51.,51.0000000745058,0.));
#11036=CARTESIAN_POINT('',(43.,15.,0.));
#11037=CARTESIAN_POINT('Origin',(45.,15.,0.));
#11038=CARTESIAN_POINT('Origin',(51.,51.0000000745058,0.));
#11039=CARTESIAN_POINT('',(33.,45.,0.));
#11040=CARTESIAN_POINT('Origin',(35.,45.,0.));
#11041=CARTESIAN_POINT('Origin',(51.,51.0000000745058,0.));
#11042=CARTESIAN_POINT('',(73.,45.,0.));
#11043=CARTESIAN_POINT('Origin',(75.,45.,0.));
#11044=CARTESIAN_POINT('Origin',(51.,51.0000000745058,0.));
#11045=CARTESIAN_POINT('',(83.,15.,0.));
#11046=CARTESIAN_POINT('Origin',(85.,15.,0.));
#11047=CARTESIAN_POINT('Origin',(51.,51.0000000745058,0.));
#11048=CARTESIAN_POINT('',(13.,45.,0.));
#11049=CARTESIAN_POINT('Origin',(15.,45.,0.));
#11050=CARTESIAN_POINT('Origin',(51.,51.0000000745058,0.));
#11051=CARTESIAN_POINT('',(73.,25.,0.));
#11052=CARTESIAN_POINT('Origin',(75.,25.,0.));
#11053=CARTESIAN_POINT('Origin',(51.,51.0000000745058,0.));
#11054=CARTESIAN_POINT('',(23.,45.,0.));
#11055=CARTESIAN_POINT('Origin',(25.,45.,0.));
#11056=CARTESIAN_POINT('Origin',(51.,51.0000000745058,0.));
#11057=CARTESIAN_POINT('',(53.,45.,0.));
#11058=CARTESIAN_POINT('Origin',(55.,45.,0.));
#11059=CARTESIAN_POINT('Origin',(51.,51.0000000745058,0.));
#11060=CARTESIAN_POINT('',(63.,35.,0.));
#11061=CARTESIAN_POINT('Origin',(65.,35.,0.));
#11062=CARTESIAN_POINT('Origin',(51.,51.0000000745058,0.));
#11063=CARTESIAN_POINT('',(63.,45.,0.));
#11064=CARTESIAN_POINT('Origin',(65.,45.,0.));
#11065=CARTESIAN_POINT('Origin',(51.,51.0000000745058,0.));
#11066=CARTESIAN_POINT('',(23.,15.,0.));
#11067=CARTESIAN_POINT('Origin',(25.,15.,0.));
#11068=CARTESIAN_POINT('Origin',(51.,51.0000000745058,0.));
#11069=CARTESIAN_POINT('',(63.,15.,0.));
#11070=CARTESIAN_POINT('Origin',(65.,15.,0.));
#11071=CARTESIAN_POINT('Origin',(51.,51.0000000745058,0.));
#11072=CARTESIAN_POINT('',(53.,15.,0.));
#11073=CARTESIAN_POINT('Origin',(55.,15.,0.));
#11074=CARTESIAN_POINT('Origin',(51.,51.0000000745058,0.));
#11075=CARTESIAN_POINT('',(13.,25.,0.));
#11076=CARTESIAN_POINT('Origin',(15.,25.,0.));
#11077=CARTESIAN_POINT('Origin',(51.,51.0000000745058,0.));
#11078=CARTESIAN_POINT('',(33.,25.,0.));
#11079=CARTESIAN_POINT('Origin',(35.,25.,0.));
#11080=CARTESIAN_POINT('Origin',(51.,51.0000000745058,0.));
#11081=CARTESIAN_POINT('',(83.,25.,0.));
#11082=CARTESIAN_POINT('Origin',(85.,25.,0.));
#11083=CARTESIAN_POINT('Origin',(51.,51.0000000745058,0.));
#11084=CARTESIAN_POINT('',(83.,35.,0.));
#11085=CARTESIAN_POINT('Origin',(85.,35.,0.));
#11086=CARTESIAN_POINT('Origin',(51.,51.0000000745058,0.));
#11087=CARTESIAN_POINT('',(43.,35.,0.));
#11088=CARTESIAN_POINT('Origin',(45.,35.,0.));
#11089=CARTESIAN_POINT('Origin',(51.,51.0000000745058,0.));
#11090=CARTESIAN_POINT('',(83.,45.,0.));
#11091=CARTESIAN_POINT('Origin',(85.,45.,0.));
#11092=CARTESIAN_POINT('Origin',(51.,51.0000000745058,0.));
#11093=CARTESIAN_POINT('',(13.,55.,0.));
#11094=CARTESIAN_POINT('Origin',(15.,55.,0.));
#11095=CARTESIAN_POINT('Origin',(51.,51.0000000745058,0.));
#11096=CARTESIAN_POINT('',(23.,55.,0.));
#11097=CARTESIAN_POINT('Origin',(25.,55.,0.));
#11098=CARTESIAN_POINT('Origin',(51.,51.0000000745058,0.));
#11099=CARTESIAN_POINT('',(43.,45.,0.));
#11100=CARTESIAN_POINT('Origin',(45.,45.,0.));
#11101=CARTESIAN_POINT('Origin',(51.,51.0000000745058,0.));
#11102=CARTESIAN_POINT('',(13.,15.,0.));
#11103=CARTESIAN_POINT('Origin',(15.,15.,0.));
#11104=CARTESIAN_POINT('Origin',(51.,51.0000000745058,0.));
#11105=CARTESIAN_POINT('',(23.,25.,0.));
#11106=CARTESIAN_POINT('Origin',(25.,25.,0.));
#11107=CARTESIAN_POINT('Origin',(51.,51.0000000745058,0.));
#11108=CARTESIAN_POINT('',(33.,55.,0.));
#11109=CARTESIAN_POINT('Origin',(35.,55.,0.));
#11110=CARTESIAN_POINT('Origin',(51.,51.0000000745058,0.));
#11111=CARTESIAN_POINT('',(43.,55.,0.));
#11112=CARTESIAN_POINT('Origin',(45.,55.,0.));
#11113=CARTESIAN_POINT('Origin',(51.,51.0000000745058,0.));
#11114=CARTESIAN_POINT('',(53.,55.,0.));
#11115=CARTESIAN_POINT('Origin',(55.,55.,0.));
#11116=CARTESIAN_POINT('Origin',(51.,51.0000000745058,0.));
#11117=CARTESIAN_POINT('',(63.,55.,0.));
#11118=CARTESIAN_POINT('Origin',(65.,55.,0.));
#11119=CARTESIAN_POINT('Origin',(51.,51.0000000745058,0.));
#11120=CARTESIAN_POINT('',(73.,55.,0.));
#11121=CARTESIAN_POINT('Origin',(75.,55.,0.));
#11122=CARTESIAN_POINT('Origin',(51.,51.0000000745058,0.));
#11123=CARTESIAN_POINT('',(83.,55.,0.));
#11124=CARTESIAN_POINT('Origin',(85.,55.,0.));
#11125=CARTESIAN_POINT('Origin',(51.,51.0000000745058,0.));
#11126=CARTESIAN_POINT('',(13.,65.,0.));
#11127=CARTESIAN_POINT('Origin',(15.,65.,0.));
#11128=CARTESIAN_POINT('Origin',(51.,51.0000000745058,0.));
#11129=CARTESIAN_POINT('',(23.,65.,0.));
#11130=CARTESIAN_POINT('Origin',(25.,65.,0.));
#11131=CARTESIAN_POINT('Origin',(51.,51.0000000745058,0.));
#11132=CARTESIAN_POINT('',(33.,65.,0.));
#11133=CARTESIAN_POINT('Origin',(35.,65.,0.));
#11134=CARTESIAN_POINT('Origin',(51.,51.0000000745058,0.));
#11135=CARTESIAN_POINT('',(43.,65.,0.));
#11136=CARTESIAN_POINT('Origin',(45.,65.,0.));
#11137=CARTESIAN_POINT('Origin',(51.,51.0000000745058,0.));
#11138=CARTESIAN_POINT('',(53.,65.,0.));
#11139=CARTESIAN_POINT('Origin',(55.,65.,0.));
#11140=CARTESIAN_POINT('Origin',(51.,51.0000000745058,0.));
#11141=CARTESIAN_POINT('',(63.,65.,0.));
#11142=CARTESIAN_POINT('Origin',(65.,65.,0.));
#11143=CARTESIAN_POINT('Origin',(51.,51.0000000745058,0.));
#11144=CARTESIAN_POINT('',(73.,65.,0.));
#11145=CARTESIAN_POINT('Origin',(75.,65.,0.));
#11146=CARTESIAN_POINT('Origin',(51.,51.0000000745058,0.));
#11147=CARTESIAN_POINT('',(83.,65.,0.));
#11148=CARTESIAN_POINT('Origin',(85.,65.,0.));
#11149=CARTESIAN_POINT('Origin',(51.,51.0000000745058,0.));
#11150=CARTESIAN_POINT('',(13.,75.,0.));
#11151=CARTESIAN_POINT('Origin',(15.,75.,0.));
#11152=CARTESIAN_POINT('Origin',(51.,51.0000000745058,0.));
#11153=CARTESIAN_POINT('',(23.,75.,0.));
#11154=CARTESIAN_POINT('Origin',(25.,75.,0.));
#11155=CARTESIAN_POINT('Origin',(51.,51.0000000745058,0.));
#11156=CARTESIAN_POINT('',(33.,75.,0.));
#11157=CARTESIAN_POINT('Origin',(35.,75.,0.));
#11158=CARTESIAN_POINT('Origin',(51.,51.0000000745058,0.));
#11159=CARTESIAN_POINT('',(43.,75.,0.));
#11160=CARTESIAN_POINT('Origin',(45.,75.,0.));
#11161=CARTESIAN_POINT('Origin',(51.,51.0000000745058,0.));
#11162=CARTESIAN_POINT('',(53.,75.,0.));
#11163=CARTESIAN_POINT('Origin',(55.,75.,0.));
#11164=CARTESIAN_POINT('Origin',(51.,51.0000000745058,0.));
#11165=CARTESIAN_POINT('',(63.,75.,0.));
#11166=CARTESIAN_POINT('Origin',(65.,75.,0.));
#11167=CARTESIAN_POINT('Origin',(51.,51.0000000745058,0.));
#11168=CARTESIAN_POINT('',(73.,75.,0.));
#11169=CARTESIAN_POINT('Origin',(75.,75.,0.));
#11170=CARTESIAN_POINT('Origin',(51.,51.0000000745058,0.));
#11171=CARTESIAN_POINT('',(83.,75.,0.));
#11172=CARTESIAN_POINT('Origin',(85.,75.,0.));
#11173=CARTESIAN_POINT('Origin',(51.,51.0000000745058,0.));
#11174=CARTESIAN_POINT('',(13.,85.,0.));
#11175=CARTESIAN_POINT('Origin',(15.,85.,0.));
#11176=CARTESIAN_POINT('Origin',(51.,51.0000000745058,0.));
#11177=CARTESIAN_POINT('',(23.,85.,0.));
#11178=CARTESIAN_POINT('Origin',(25.,85.,0.));
#11179=CARTESIAN_POINT('Origin',(51.,51.0000000745058,0.));
#11180=CARTESIAN_POINT('',(33.,85.,0.));
#11181=CARTESIAN_POINT('Origin',(35.,85.,0.));
#11182=CARTESIAN_POINT('Origin',(51.,51.0000000745058,0.));
#11183=CARTESIAN_POINT('',(43.,85.,0.));
#11184=CARTESIAN_POINT('Origin',(45.,85.,0.));
#11185=CARTESIAN_POINT('Origin',(51.,51.0000000745058,0.));
#11186=CARTESIAN_POINT('',(53.,85.,0.));
#11187=CARTESIAN_POINT('Origin',(55.,85.,0.));
#11188=CARTESIAN_POINT('Origin',(51.,51.0000000745058,0.));
#11189=CARTESIAN_POINT('',(63.,85.,0.));
#11190=CARTESIAN_POINT('Origin',(65.,85.,0.));
#11191=CARTESIAN_POINT('Origin',(51.,51.0000000745058,0.));
#11192=CARTESIAN_POINT('',(73.,85.,0.));
#11193=CARTESIAN_POINT('Origin',(75.,85.,0.));
#11194=CARTESIAN_POINT('Origin',(51.,51.0000000745058,0.));
#11195=CARTESIAN_POINT('',(83.,85.,0.));
#11196=CARTESIAN_POINT('Origin',(85.,85.,0.));
#11197=CARTESIAN_POINT('Origin',(55.,35.,0.));
#11198=CARTESIAN_POINT('',(53.,35.,6.));
#11199=CARTESIAN_POINT('Origin',(55.,35.,6.));
#11200=CARTESIAN_POINT('',(53.,35.,0.));
#11201=CARTESIAN_POINT('Origin',(45.,25.,0.));
#11202=CARTESIAN_POINT('',(43.,25.,6.));
#11203=CARTESIAN_POINT('Origin',(45.,25.,6.));
#11204=CARTESIAN_POINT('',(43.,25.,0.));
#11205=CARTESIAN_POINT('Origin',(15.,35.,0.));
#11206=CARTESIAN_POINT('',(13.,35.,6.));
#11207=CARTESIAN_POINT('Origin',(15.,35.,6.));
#11208=CARTESIAN_POINT('',(13.,35.,0.));
#11209=CARTESIAN_POINT('Origin',(5.,25.,0.));
#11210=CARTESIAN_POINT('',(3.00000000000001,25.,6.));
#11211=CARTESIAN_POINT('Origin',(5.,25.,6.));
#11212=CARTESIAN_POINT('',(3.,25.,0.));
#11213=CARTESIAN_POINT('Origin',(25.,5.,0.));
#11214=CARTESIAN_POINT('',(23.,5.,6.));
#11215=CARTESIAN_POINT('Origin',(25.,5.,6.));
#11216=CARTESIAN_POINT('',(23.,5.,0.));
#11217=CARTESIAN_POINT('Origin',(75.,35.,0.));
#11218=CARTESIAN_POINT('',(73.,35.,6.));
#11219=CARTESIAN_POINT('Origin',(75.,35.,6.));
#11220=CARTESIAN_POINT('',(73.,35.,0.));
#11221=CARTESIAN_POINT('Origin',(35.,5.,0.));
#11222=CARTESIAN_POINT('',(33.,5.,6.));
#11223=CARTESIAN_POINT('Origin',(35.,5.,6.));
#11224=CARTESIAN_POINT('',(33.,5.,0.));
#11225=CARTESIAN_POINT('Origin',(35.,35.,0.));
#11226=CARTESIAN_POINT('',(33.,35.,6.));
#11227=CARTESIAN_POINT('Origin',(35.,35.,6.));
#11228=CARTESIAN_POINT('',(33.,35.,0.));
#11229=CARTESIAN_POINT('Origin',(15.,5.,0.));
#11230=CARTESIAN_POINT('',(13.,5.,6.));
#11231=CARTESIAN_POINT('Origin',(15.,5.,6.));
#11232=CARTESIAN_POINT('',(13.,5.,0.));
#11233=CARTESIAN_POINT('Origin',(25.,35.,0.));
#11234=CARTESIAN_POINT('',(23.,35.,6.));
#11235=CARTESIAN_POINT('Origin',(25.,35.,6.));
#11236=CARTESIAN_POINT('',(23.,35.,0.));
#11237=CARTESIAN_POINT('Origin',(5.,15.,0.));
#11238=CARTESIAN_POINT('',(3.00000000000001,15.,6.));
#11239=CARTESIAN_POINT('Origin',(5.,15.,6.));
#11240=CARTESIAN_POINT('',(3.,15.,0.));
#11241=CARTESIAN_POINT('Origin',(35.,15.,0.));
#11242=CARTESIAN_POINT('',(33.,15.,6.));
#11243=CARTESIAN_POINT('Origin',(35.,15.,6.));
#11244=CARTESIAN_POINT('',(33.,15.,0.));
#11245=CARTESIAN_POINT('Origin',(5.,45.,0.));
#11246=CARTESIAN_POINT('',(3.00000000000001,45.,6.));
#11247=CARTESIAN_POINT('Origin',(5.,45.,6.));
#11248=CARTESIAN_POINT('',(3.,45.,0.));
#11249=CARTESIAN_POINT('Origin',(55.,25.,0.));
#11250=CARTESIAN_POINT('',(53.,25.,6.));
#11251=CARTESIAN_POINT('Origin',(55.,25.,6.));
#11252=CARTESIAN_POINT('',(53.,25.,0.));
#11253=CARTESIAN_POINT('Origin',(5.,5.,0.));
#11254=CARTESIAN_POINT('',(3.00000000000001,5.,6.));
#11255=CARTESIAN_POINT('Origin',(5.,5.,6.));
#11256=CARTESIAN_POINT('',(3.,5.,0.));
#11257=CARTESIAN_POINT('Origin',(95.,35.,0.));
#11258=CARTESIAN_POINT('',(93.,35.,6.));
#11259=CARTESIAN_POINT('Origin',(95.,35.,6.));
#11260=CARTESIAN_POINT('',(93.,35.,0.));
#11261=CARTESIAN_POINT('Origin',(65.,25.,0.));
#11262=CARTESIAN_POINT('',(63.,25.,6.));
#11263=CARTESIAN_POINT('Origin',(65.,25.,6.));
#11264=CARTESIAN_POINT('',(63.,25.,0.));
#11265=CARTESIAN_POINT('Origin',(75.,15.,0.));
#11266=CARTESIAN_POINT('',(73.,15.,6.));
#11267=CARTESIAN_POINT('Origin',(75.,15.,6.));
#11268=CARTESIAN_POINT('',(73.,15.,0.));
#11269=CARTESIAN_POINT('Origin',(45.,15.,0.));
#11270=CARTESIAN_POINT('',(43.,15.,6.));
#11271=CARTESIAN_POINT('Origin',(45.,15.,6.));
#11272=CARTESIAN_POINT('',(43.,15.,0.));
#11273=CARTESIAN_POINT('Origin',(35.,45.,0.));
#11274=CARTESIAN_POINT('',(33.,45.,6.));
#11275=CARTESIAN_POINT('Origin',(35.,45.,6.));
#11276=CARTESIAN_POINT('',(33.,45.,0.));
#11277=CARTESIAN_POINT('Origin',(75.,45.,0.));
#11278=CARTESIAN_POINT('',(73.,45.,6.));
#11279=CARTESIAN_POINT('Origin',(75.,45.,6.));
#11280=CARTESIAN_POINT('',(73.,45.,0.));
#11281=CARTESIAN_POINT('Origin',(85.,15.,0.));
#11282=CARTESIAN_POINT('',(83.,15.,6.));
#11283=CARTESIAN_POINT('Origin',(85.,15.,6.));
#11284=CARTESIAN_POINT('',(83.,15.,0.));
#11285=CARTESIAN_POINT('Origin',(15.,45.,0.));
#11286=CARTESIAN_POINT('',(13.,45.,6.));
#11287=CARTESIAN_POINT('Origin',(15.,45.,6.));
#11288=CARTESIAN_POINT('',(13.,45.,0.));
#11289=CARTESIAN_POINT('Origin',(75.,25.,0.));
#11290=CARTESIAN_POINT('',(73.,25.,6.));
#11291=CARTESIAN_POINT('Origin',(75.,25.,6.));
#11292=CARTESIAN_POINT('',(73.,25.,0.));
#11293=CARTESIAN_POINT('Origin',(25.,45.,0.));
#11294=CARTESIAN_POINT('',(23.,45.,6.));
#11295=CARTESIAN_POINT('Origin',(25.,45.,6.));
#11296=CARTESIAN_POINT('',(23.,45.,0.));
#11297=CARTESIAN_POINT('Origin',(55.,45.,0.));
#11298=CARTESIAN_POINT('',(53.,45.,6.));
#11299=CARTESIAN_POINT('Origin',(55.,45.,6.));
#11300=CARTESIAN_POINT('',(53.,45.,0.));
#11301=CARTESIAN_POINT('Origin',(65.,35.,0.));
#11302=CARTESIAN_POINT('',(63.,35.,6.));
#11303=CARTESIAN_POINT('Origin',(65.,35.,6.));
#11304=CARTESIAN_POINT('',(63.,35.,0.));
#11305=CARTESIAN_POINT('Origin',(65.,45.,0.));
#11306=CARTESIAN_POINT('',(63.,45.,6.));
#11307=CARTESIAN_POINT('Origin',(65.,45.,6.));
#11308=CARTESIAN_POINT('',(63.,45.,0.));
#11309=CARTESIAN_POINT('Origin',(85.,5.,0.));
#11310=CARTESIAN_POINT('',(83.,5.,6.));
#11311=CARTESIAN_POINT('Origin',(85.,5.,6.));
#11312=CARTESIAN_POINT('',(83.,5.,0.));
#11313=CARTESIAN_POINT('Origin',(95.,5.,0.));
#11314=CARTESIAN_POINT('',(93.,5.,6.));
#11315=CARTESIAN_POINT('Origin',(95.,5.,6.));
#11316=CARTESIAN_POINT('',(93.,5.,0.));
#11317=CARTESIAN_POINT('Origin',(25.,15.,0.));
#11318=CARTESIAN_POINT('',(23.,15.,6.));
#11319=CARTESIAN_POINT('Origin',(25.,15.,6.));
#11320=CARTESIAN_POINT('',(23.,15.,0.));
#11321=CARTESIAN_POINT('Origin',(65.,15.,0.));
#11322=CARTESIAN_POINT('',(63.,15.,6.));
#11323=CARTESIAN_POINT('Origin',(65.,15.,6.));
#11324=CARTESIAN_POINT('',(63.,15.,0.));
#11325=CARTESIAN_POINT('Origin',(55.,15.,0.));
#11326=CARTESIAN_POINT('',(53.,15.,6.));
#11327=CARTESIAN_POINT('Origin',(55.,15.,6.));
#11328=CARTESIAN_POINT('',(53.,15.,0.));
#11329=CARTESIAN_POINT('Origin',(15.,25.,0.));
#11330=CARTESIAN_POINT('',(13.,25.,6.));
#11331=CARTESIAN_POINT('Origin',(15.,25.,6.));
#11332=CARTESIAN_POINT('',(13.,25.,0.));
#11333=CARTESIAN_POINT('Origin',(35.,25.,0.));
#11334=CARTESIAN_POINT('',(33.,25.,6.));
#11335=CARTESIAN_POINT('Origin',(35.,25.,6.));
#11336=CARTESIAN_POINT('',(33.,25.,0.));
#11337=CARTESIAN_POINT('Origin',(95.,25.,0.));
#11338=CARTESIAN_POINT('',(93.,25.,6.));
#11339=CARTESIAN_POINT('Origin',(95.,25.,6.));
#11340=CARTESIAN_POINT('',(93.,25.,0.));
#11341=CARTESIAN_POINT('Origin',(85.,25.,0.));
#11342=CARTESIAN_POINT('',(83.,25.,6.));
#11343=CARTESIAN_POINT('Origin',(85.,25.,6.));
#11344=CARTESIAN_POINT('',(83.,25.,0.));
#11345=CARTESIAN_POINT('Origin',(85.,35.,0.));
#11346=CARTESIAN_POINT('',(83.,35.,6.));
#11347=CARTESIAN_POINT('Origin',(85.,35.,6.));
#11348=CARTESIAN_POINT('',(83.,35.,0.));
#11349=CARTESIAN_POINT('Origin',(5.,35.,0.));
#11350=CARTESIAN_POINT('',(3.00000000000001,35.,6.));
#11351=CARTESIAN_POINT('Origin',(5.,35.,6.));
#11352=CARTESIAN_POINT('',(3.,35.,0.));
#11353=CARTESIAN_POINT('Origin',(95.,15.,0.));
#11354=CARTESIAN_POINT('',(93.,15.,6.));
#11355=CARTESIAN_POINT('Origin',(95.,15.,6.));
#11356=CARTESIAN_POINT('',(93.,15.,0.));
#11357=CARTESIAN_POINT('Origin',(45.,35.,0.));
#11358=CARTESIAN_POINT('',(43.,35.,6.));
#11359=CARTESIAN_POINT('Origin',(45.,35.,6.));
#11360=CARTESIAN_POINT('',(43.,35.,0.));
#11361=CARTESIAN_POINT('Origin',(95.,45.,0.));
#11362=CARTESIAN_POINT('',(93.,45.,6.));
#11363=CARTESIAN_POINT('Origin',(95.,45.,6.));
#11364=CARTESIAN_POINT('',(93.,45.,0.));
#11365=CARTESIAN_POINT('Origin',(85.,45.,0.));
#11366=CARTESIAN_POINT('',(83.,45.,6.));
#11367=CARTESIAN_POINT('Origin',(85.,45.,6.));
#11368=CARTESIAN_POINT('',(83.,45.,0.));
#11369=CARTESIAN_POINT('Origin',(65.,5.,0.));
#11370=CARTESIAN_POINT('',(63.,5.,6.));
#11371=CARTESIAN_POINT('Origin',(65.,5.,6.));
#11372=CARTESIAN_POINT('',(63.,5.,0.));
#11373=CARTESIAN_POINT('Origin',(15.,55.,0.));
#11374=CARTESIAN_POINT('',(13.,55.,6.));
#11375=CARTESIAN_POINT('Origin',(15.,55.,6.));
#11376=CARTESIAN_POINT('',(13.,55.,0.));
#11377=CARTESIAN_POINT('Origin',(25.,55.,0.));
#11378=CARTESIAN_POINT('',(23.,55.,6.));
#11379=CARTESIAN_POINT('Origin',(25.,55.,6.));
#11380=CARTESIAN_POINT('',(23.,55.,0.));
#11381=CARTESIAN_POINT('Origin',(45.,45.,0.));
#11382=CARTESIAN_POINT('',(43.,45.,6.));
#11383=CARTESIAN_POINT('Origin',(45.,45.,6.));
#11384=CARTESIAN_POINT('',(43.,45.,0.));
#11385=CARTESIAN_POINT('Origin',(15.,15.,0.));
#11386=CARTESIAN_POINT('',(13.,15.,6.));
#11387=CARTESIAN_POINT('Origin',(15.,15.,6.));
#11388=CARTESIAN_POINT('',(13.,15.,0.));
#11389=CARTESIAN_POINT('Origin',(25.,25.,0.));
#11390=CARTESIAN_POINT('',(23.,25.,6.));
#11391=CARTESIAN_POINT('Origin',(25.,25.,6.));
#11392=CARTESIAN_POINT('',(23.,25.,0.));
#11393=CARTESIAN_POINT('Origin',(5.,55.,0.));
#11394=CARTESIAN_POINT('',(3.00000000000001,55.,6.));
#11395=CARTESIAN_POINT('Origin',(5.,55.,6.));
#11396=CARTESIAN_POINT('',(3.,55.,0.));
#11397=CARTESIAN_POINT('Origin',(35.,55.,0.));
#11398=CARTESIAN_POINT('',(33.,55.,6.));
#11399=CARTESIAN_POINT('Origin',(35.,55.,6.));
#11400=CARTESIAN_POINT('',(33.,55.,0.));
#11401=CARTESIAN_POINT('Origin',(45.,5.,0.));
#11402=CARTESIAN_POINT('',(43.,5.,6.));
#11403=CARTESIAN_POINT('Origin',(45.,5.,6.));
#11404=CARTESIAN_POINT('',(43.,5.,0.));
#11405=CARTESIAN_POINT('Origin',(45.,55.,0.));
#11406=CARTESIAN_POINT('',(43.,55.,6.));
#11407=CARTESIAN_POINT('Origin',(45.,55.,6.));
#11408=CARTESIAN_POINT('',(43.,55.,0.));
#11409=CARTESIAN_POINT('Origin',(55.,5.,0.));
#11410=CARTESIAN_POINT('',(53.,5.,6.));
#11411=CARTESIAN_POINT('Origin',(55.,5.,6.));
#11412=CARTESIAN_POINT('',(53.,5.,0.));
#11413=CARTESIAN_POINT('Origin',(55.,55.,0.));
#11414=CARTESIAN_POINT('',(53.,55.,6.));
#11415=CARTESIAN_POINT('Origin',(55.,55.,6.));
#11416=CARTESIAN_POINT('',(53.,55.,0.));
#11417=CARTESIAN_POINT('Origin',(75.,5.,0.));
#11418=CARTESIAN_POINT('',(73.,5.,6.));
#11419=CARTESIAN_POINT('Origin',(75.,5.,6.));
#11420=CARTESIAN_POINT('',(73.,5.,0.));
#11421=CARTESIAN_POINT('Origin',(65.,55.,0.));
#11422=CARTESIAN_POINT('',(63.,55.,6.));
#11423=CARTESIAN_POINT('Origin',(65.,55.,6.));
#11424=CARTESIAN_POINT('',(63.,55.,0.));
#11425=CARTESIAN_POINT('Origin',(75.,55.,0.));
#11426=CARTESIAN_POINT('',(73.,55.,6.));
#11427=CARTESIAN_POINT('Origin',(75.,55.,6.));
#11428=CARTESIAN_POINT('',(73.,55.,0.));
#11429=CARTESIAN_POINT('Origin',(85.,55.,0.));
#11430=CARTESIAN_POINT('',(83.,55.,6.));
#11431=CARTESIAN_POINT('Origin',(85.,55.,6.));
#11432=CARTESIAN_POINT('',(83.,55.,0.));
#11433=CARTESIAN_POINT('Origin',(95.,55.,0.));
#11434=CARTESIAN_POINT('',(93.,55.,6.));
#11435=CARTESIAN_POINT('Origin',(95.,55.,6.));
#11436=CARTESIAN_POINT('',(93.,55.,0.));
#11437=CARTESIAN_POINT('Origin',(5.,65.,0.));
#11438=CARTESIAN_POINT('',(3.00000000000001,65.,6.));
#11439=CARTESIAN_POINT('Origin',(5.,65.,6.));
#11440=CARTESIAN_POINT('',(3.,65.,0.));
#11441=CARTESIAN_POINT('Origin',(15.,65.,0.));
#11442=CARTESIAN_POINT('',(13.,65.,6.));
#11443=CARTESIAN_POINT('Origin',(15.,65.,6.));
#11444=CARTESIAN_POINT('',(13.,65.,0.));
#11445=CARTESIAN_POINT('Origin',(25.,65.,0.));
#11446=CARTESIAN_POINT('',(23.,65.,6.));
#11447=CARTESIAN_POINT('Origin',(25.,65.,6.));
#11448=CARTESIAN_POINT('',(23.,65.,0.));
#11449=CARTESIAN_POINT('Origin',(35.,65.,0.));
#11450=CARTESIAN_POINT('',(33.,65.,6.));
#11451=CARTESIAN_POINT('Origin',(35.,65.,6.));
#11452=CARTESIAN_POINT('',(33.,65.,0.));
#11453=CARTESIAN_POINT('Origin',(45.,65.,0.));
#11454=CARTESIAN_POINT('',(43.,65.,6.));
#11455=CARTESIAN_POINT('Origin',(45.,65.,6.));
#11456=CARTESIAN_POINT('',(43.,65.,0.));
#11457=CARTESIAN_POINT('Origin',(55.,65.,0.));
#11458=CARTESIAN_POINT('',(53.,65.,6.));
#11459=CARTESIAN_POINT('Origin',(55.,65.,6.));
#11460=CARTESIAN_POINT('',(53.,65.,0.));
#11461=CARTESIAN_POINT('Origin',(65.,65.,0.));
#11462=CARTESIAN_POINT('',(63.,65.,6.));
#11463=CARTESIAN_POINT('Origin',(65.,65.,6.));
#11464=CARTESIAN_POINT('',(63.,65.,0.));
#11465=CARTESIAN_POINT('Origin',(75.,65.,0.));
#11466=CARTESIAN_POINT('',(73.,65.,6.));
#11467=CARTESIAN_POINT('Origin',(75.,65.,6.));
#11468=CARTESIAN_POINT('',(73.,65.,0.));
#11469=CARTESIAN_POINT('Origin',(85.,65.,0.));
#11470=CARTESIAN_POINT('',(83.,65.,6.));
#11471=CARTESIAN_POINT('Origin',(85.,65.,6.));
#11472=CARTESIAN_POINT('',(83.,65.,0.));
#11473=CARTESIAN_POINT('Origin',(95.,65.,0.));
#11474=CARTESIAN_POINT('',(93.,65.,6.));
#11475=CARTESIAN_POINT('Origin',(95.,65.,6.));
#11476=CARTESIAN_POINT('',(93.,65.,0.));
#11477=CARTESIAN_POINT('Origin',(5.,75.,0.));
#11478=CARTESIAN_POINT('',(3.00000000000001,75.,6.));
#11479=CARTESIAN_POINT('Origin',(5.,75.,6.));
#11480=CARTESIAN_POINT('',(3.,75.,0.));
#11481=CARTESIAN_POINT('Origin',(15.,75.,0.));
#11482=CARTESIAN_POINT('',(13.,75.,6.));
#11483=CARTESIAN_POINT('Origin',(15.,75.,6.));
#11484=CARTESIAN_POINT('',(13.,75.,0.));
#11485=CARTESIAN_POINT('Origin',(25.,75.,0.));
#11486=CARTESIAN_POINT('',(23.,75.,6.));
#11487=CARTESIAN_POINT('Origin',(25.,75.,6.));
#11488=CARTESIAN_POINT('',(23.,75.,0.));
#11489=CARTESIAN_POINT('Origin',(35.,75.,0.));
#11490=CARTESIAN_POINT('',(33.,75.,6.));
#11491=CARTESIAN_POINT('Origin',(35.,75.,6.));
#11492=CARTESIAN_POINT('',(33.,75.,0.));
#11493=CARTESIAN_POINT('Origin',(45.,75.,0.));
#11494=CARTESIAN_POINT('',(43.,75.,6.));
#11495=CARTESIAN_POINT('Origin',(45.,75.,6.));
#11496=CARTESIAN_POINT('',(43.,75.,0.));
#11497=CARTESIAN_POINT('Origin',(55.,75.,0.));
#11498=CARTESIAN_POINT('',(53.,75.,6.));
#11499=CARTESIAN_POINT('Origin',(55.,75.,6.));
#11500=CARTESIAN_POINT('',(53.,75.,0.));
#11501=CARTESIAN_POINT('Origin',(65.,75.,0.));
#11502=CARTESIAN_POINT('',(63.,75.,6.));
#11503=CARTESIAN_POINT('Origin',(65.,75.,6.));
#11504=CARTESIAN_POINT('',(63.,75.,0.));
#11505=CARTESIAN_POINT('Origin',(75.,75.,0.));
#11506=CARTESIAN_POINT('',(73.,75.,6.));
#11507=CARTESIAN_POINT('Origin',(75.,75.,6.));
#11508=CARTESIAN_POINT('',(73.,75.,0.));
#11509=CARTESIAN_POINT('Origin',(85.,75.,0.));
#11510=CARTESIAN_POINT('',(83.,75.,6.));
#11511=CARTESIAN_POINT('Origin',(85.,75.,6.));
#11512=CARTESIAN_POINT('',(83.,75.,0.));
#11513=CARTESIAN_POINT('Origin',(95.,75.,0.));
#11514=CARTESIAN_POINT('',(93.,75.,6.));
#11515=CARTESIAN_POINT('Origin',(95.,75.,6.));
#11516=CARTESIAN_POINT('',(93.,75.,0.));
#11517=CARTESIAN_POINT('Origin',(5.,85.,0.));
#11518=CARTESIAN_POINT('',(3.00000000000001,85.,6.));
#11519=CARTESIAN_POINT('Origin',(5.,85.,6.));
#11520=CARTESIAN_POINT('',(3.,85.,0.));
#11521=CARTESIAN_POINT('Origin',(15.,85.,0.));
#11522=CARTESIAN_POINT('',(13.,85.,6.));
#11523=CARTESIAN_POINT('Origin',(15.,85.,6.));
#11524=CARTESIAN_POINT('',(13.,85.,0.));
#11525=CARTESIAN_POINT('Origin',(25.,85.,0.));
#11526=CARTESIAN_POINT('',(23.,85.,6.));
#11527=CARTESIAN_POINT('Origin',(25.,85.,6.));
#11528=CARTESIAN_POINT('',(23.,85.,0.));
#11529=CARTESIAN_POINT('Origin',(35.,85.,0.));
#11530=CARTESIAN_POINT('',(33.,85.,6.));
#11531=CARTESIAN_POINT('Origin',(35.,85.,6.));
#11532=CARTESIAN_POINT('',(33.,85.,0.));
#11533=CARTESIAN_POINT('Origin',(45.,85.,0.));
#11534=CARTESIAN_POINT('',(43.,85.,6.));
#11535=CARTESIAN_POINT('Origin',(45.,85.,6.));
#11536=CARTESIAN_POINT('',(43.,85.,0.));
#11537=CARTESIAN_POINT('Origin',(55.,85.,0.));
#11538=CARTESIAN_POINT('',(53.,85.,6.));
#11539=CARTESIAN_POINT('Origin',(55.,85.,6.));
#11540=CARTESIAN_POINT('',(53.,85.,0.));
#11541=CARTESIAN_POINT('Origin',(65.,85.,0.));
#11542=CARTESIAN_POINT('',(63.,85.,6.));
#11543=CARTESIAN_POINT('Origin',(65.,85.,6.));
#11544=CARTESIAN_POINT('',(63.,85.,0.));
#11545=CARTESIAN_POINT('Origin',(75.,85.,0.));
#11546=CARTESIAN_POINT('',(73.,85.,6.));
#11547=CARTESIAN_POINT('Origin',(75.,85.,6.));
#11548=CARTESIAN_POINT('',(73.,85.,0.));
#11549=CARTESIAN_POINT('Origin',(85.,85.,0.));
#11550=CARTESIAN_POINT('',(83.,85.,6.));
#11551=CARTESIAN_POINT('Origin',(85.,85.,6.));
#11552=CARTESIAN_POINT('',(83.,85.,0.));
#11553=CARTESIAN_POINT('Origin',(95.,85.,0.));
#11554=CARTESIAN_POINT('',(93.,85.,6.));
#11555=CARTESIAN_POINT('Origin',(95.,85.,6.));
#11556=CARTESIAN_POINT('',(93.,85.,0.));
#11557=CARTESIAN_POINT('Origin',(5.,95.,0.));
#11558=CARTESIAN_POINT('',(3.00000000000001,95.,6.));
#11559=CARTESIAN_POINT('Origin',(5.,95.,6.));
#11560=CARTESIAN_POINT('',(3.,95.,0.));
#11561=CARTESIAN_POINT('Origin',(15.,95.,0.));
#11562=CARTESIAN_POINT('',(13.,95.,6.));
#11563=CARTESIAN_POINT('Origin',(15.,95.,6.));
#11564=CARTESIAN_POINT('',(13.,95.,0.));
#11565=CARTESIAN_POINT('Origin',(25.,95.,0.));
#11566=CARTESIAN_POINT('',(23.,95.,6.));
#11567=CARTESIAN_POINT('Origin',(25.,95.,6.));
#11568=CARTESIAN_POINT('',(23.,95.,0.));
#11569=CARTESIAN_POINT('Origin',(35.,95.,0.));
#11570=CARTESIAN_POINT('',(33.,95.,6.));
#11571=CARTESIAN_POINT('Origin',(35.,95.,6.));
#11572=CARTESIAN_POINT('',(33.,95.,0.));
#11573=CARTESIAN_POINT('Origin',(45.,95.,0.));
#11574=CARTESIAN_POINT('',(43.,95.,6.));
#11575=CARTESIAN_POINT('Origin',(45.,95.,6.));
#11576=CARTESIAN_POINT('',(43.,95.,0.));
#11577=CARTESIAN_POINT('Origin',(55.,95.,0.));
#11578=CARTESIAN_POINT('',(53.,95.,6.));
#11579=CARTESIAN_POINT('Origin',(55.,95.,6.));
#11580=CARTESIAN_POINT('',(53.,95.,0.));
#11581=CARTESIAN_POINT('Origin',(65.,95.,0.));
#11582=CARTESIAN_POINT('',(63.,95.,6.));
#11583=CARTESIAN_POINT('Origin',(65.,95.,6.));
#11584=CARTESIAN_POINT('',(63.,95.,0.));
#11585=CARTESIAN_POINT('Origin',(75.,95.,0.));
#11586=CARTESIAN_POINT('',(73.,95.,6.));
#11587=CARTESIAN_POINT('Origin',(75.,95.,6.));
#11588=CARTESIAN_POINT('',(73.,95.,0.));
#11589=CARTESIAN_POINT('Origin',(85.,95.,0.));
#11590=CARTESIAN_POINT('',(83.,95.,6.));
#11591=CARTESIAN_POINT('Origin',(85.,95.,6.));
#11592=CARTESIAN_POINT('',(83.,95.,0.));
#11593=CARTESIAN_POINT('Origin',(95.,95.,0.));
#11594=CARTESIAN_POINT('',(93.,95.,6.));
#11595=CARTESIAN_POINT('Origin',(95.,95.,6.));
#11596=CARTESIAN_POINT('',(93.,95.,0.));
#11597=CARTESIAN_POINT('Origin',(90.,1.49011618599815E-7,0.));
#11598=CARTESIAN_POINT('',(92.,0.,6.));
#11599=CARTESIAN_POINT('',(92.,1.22464751432966E-16,0.));
#11600=CARTESIAN_POINT('',(88.,0.,6.));
#11601=CARTESIAN_POINT('Origin',(90.,1.49011618599815E-7,6.));
#11602=CARTESIAN_POINT('',(88.,1.22464751432966E-16,0.));
#11603=CARTESIAN_POINT('Origin',(82.,0.,0.));
#11604=CARTESIAN_POINT('',(82.,0.,6.));
#11605=CARTESIAN_POINT('',(0.,0.,6.));
#11606=CARTESIAN_POINT('',(82.,1.22464767976578E-16,0.));
#11607=CARTESIAN_POINT('Origin',(80.,1.49011609718031E-7,0.));
#11608=CARTESIAN_POINT('',(78.,0.,6.));
#11609=CARTESIAN_POINT('Origin',(80.,1.49011609718031E-7,6.));
#11610=CARTESIAN_POINT('',(78.,1.22464767976578E-16,0.));
#11611=CARTESIAN_POINT('Origin',(72.,0.,0.));
#11612=CARTESIAN_POINT('',(72.,0.,6.));
#11613=CARTESIAN_POINT('',(0.,0.,6.));
#11614=CARTESIAN_POINT('',(72.,1.22464767976578E-16,0.));
#11615=CARTESIAN_POINT('Origin',(70.,1.49011609718031E-7,0.));
#11616=CARTESIAN_POINT('',(68.,0.,6.));
#11617=CARTESIAN_POINT('Origin',(70.,1.49011609718031E-7,6.));
#11618=CARTESIAN_POINT('',(68.,1.22464767976578E-16,0.));
#11619=CARTESIAN_POINT('Origin',(62.,0.,0.));
#11620=CARTESIAN_POINT('',(62.,0.,6.));
#11621=CARTESIAN_POINT('',(0.,0.,6.));
#11622=CARTESIAN_POINT('',(62.,1.22464767976578E-16,0.));
#11623=CARTESIAN_POINT('Origin',(60.,1.49011609718031E-7,0.));
#11624=CARTESIAN_POINT('',(58.,0.,6.));
#11625=CARTESIAN_POINT('Origin',(60.,1.49011609718031E-7,6.));
#11626=CARTESIAN_POINT('',(58.,1.22464767976578E-16,0.));
#11627=CARTESIAN_POINT('Origin',(52.,0.,0.));
#11628=CARTESIAN_POINT('',(52.,0.,6.));
#11629=CARTESIAN_POINT('',(0.,0.,6.));
#11630=CARTESIAN_POINT('',(52.,1.22464767976578E-16,0.));
#11631=CARTESIAN_POINT('Origin',(50.,1.49011609718031E-7,0.));
#11632=CARTESIAN_POINT('',(48.,0.,6.));
#11633=CARTESIAN_POINT('Origin',(50.,1.49011609718031E-7,6.));
#11634=CARTESIAN_POINT('',(48.,1.22464767976578E-16,0.));
#11635=CARTESIAN_POINT('Origin',(42.,0.,0.));
#11636=CARTESIAN_POINT('',(42.,0.,6.));
#11637=CARTESIAN_POINT('',(0.,0.,6.));
#11638=CARTESIAN_POINT('',(42.,1.22464767976578E-16,0.));
#11639=CARTESIAN_POINT('Origin',(40.,1.49011600836246E-7,0.));
#11640=CARTESIAN_POINT('',(38.,0.,6.));
#11641=CARTESIAN_POINT('Origin',(40.,1.49011600836246E-7,6.));
#11642=CARTESIAN_POINT('',(38.,1.22464767976578E-16,0.));
#11643=CARTESIAN_POINT('Origin',(32.,0.,0.));
#11644=CARTESIAN_POINT('',(32.,0.,6.));
#11645=CARTESIAN_POINT('',(0.,0.,6.));
#11646=CARTESIAN_POINT('',(32.,1.22464767976578E-16,0.));
#11647=CARTESIAN_POINT('Origin',(30.,1.49011600836246E-7,0.));
#11648=CARTESIAN_POINT('',(28.,0.,6.));
#11649=CARTESIAN_POINT('Origin',(30.,1.49011600836246E-7,6.));
#11650=CARTESIAN_POINT('',(28.,1.22464767976578E-16,0.));
#11651=CARTESIAN_POINT('Origin',(22.,0.,0.));
#11652=CARTESIAN_POINT('',(22.,0.,6.));
#11653=CARTESIAN_POINT('',(0.,0.,6.));
#11654=CARTESIAN_POINT('',(22.,1.22464767976578E-16,0.));
#11655=CARTESIAN_POINT('Origin',(20.,1.49011600836246E-7,0.));
#11656=CARTESIAN_POINT('',(18.,0.,6.));
#11657=CARTESIAN_POINT('Origin',(20.,1.49011600836246E-7,6.));
#11658=CARTESIAN_POINT('',(18.,1.22464767976578E-16,0.));
#11659=CARTESIAN_POINT('Origin',(12.,0.,0.));
#11660=CARTESIAN_POINT('',(12.,0.,6.));
#11661=CARTESIAN_POINT('',(0.,0.,6.));
#11662=CARTESIAN_POINT('',(12.,1.22464767976578E-16,0.));
#11663=CARTESIAN_POINT('Origin',(10.,1.49011600836246E-7,0.));
#11664=CARTESIAN_POINT('',(8.00000000000002,0.,6.));
#11665=CARTESIAN_POINT('Origin',(10.,1.49011600836246E-7,6.));
#11666=CARTESIAN_POINT('',(8.00000000000003,1.22464767976578E-16,0.));
#11667=CARTESIAN_POINT('Origin',(0.,0.,0.));
#11668=CARTESIAN_POINT('',(0.,0.,6.));
#11669=CARTESIAN_POINT('',(0.,0.,6.));
#11670=CARTESIAN_POINT('',(0.,0.,0.));
#11671=CARTESIAN_POINT('Origin',(0.,8.00000014901162,0.));
#11672=CARTESIAN_POINT('',(0.,8.00000014901162,6.));
#11673=CARTESIAN_POINT('',(0.,100.,6.));
#11674=CARTESIAN_POINT('',(1.22464679914735E-16,8.00000014901161,0.));
#11675=CARTESIAN_POINT('Origin',(0.,10.0000001490116,0.));
#11676=CARTESIAN_POINT('',(0.,12.0000001490116,6.));
#11677=CARTESIAN_POINT('Origin',(0.,10.0000001490116,6.));
#11678=CARTESIAN_POINT('',(1.22464679914735E-16,12.0000001490116,0.));
#11679=CARTESIAN_POINT('Origin',(0.,18.0000001490116,0.));
#11680=CARTESIAN_POINT('',(0.,18.0000001490116,6.));
#11681=CARTESIAN_POINT('',(0.,100.,6.));
#11682=CARTESIAN_POINT('',(1.22464679914735E-16,18.0000001490116,0.));
#11683=CARTESIAN_POINT('Origin',(0.,20.0000001490116,0.));
#11684=CARTESIAN_POINT('',(0.,22.0000001490116,6.));
#11685=CARTESIAN_POINT('Origin',(0.,20.0000001490116,6.));
#11686=CARTESIAN_POINT('',(1.22464679914735E-16,22.0000001490116,0.));
#11687=CARTESIAN_POINT('Origin',(0.,28.0000001490116,0.));
#11688=CARTESIAN_POINT('',(0.,28.0000001490116,6.));
#11689=CARTESIAN_POINT('',(0.,100.,6.));
#11690=CARTESIAN_POINT('',(1.22464679914735E-16,28.0000001490116,0.));
#11691=CARTESIAN_POINT('Origin',(0.,30.0000001490116,0.));
#11692=CARTESIAN_POINT('',(0.,32.0000001490116,6.));
#11693=CARTESIAN_POINT('Origin',(0.,30.0000001490116,6.));
#11694=CARTESIAN_POINT('',(1.22464679914735E-16,32.0000001490116,0.));
#11695=CARTESIAN_POINT('Origin',(0.,38.0000001490116,0.));
#11696=CARTESIAN_POINT('',(0.,38.0000001490116,6.));
#11697=CARTESIAN_POINT('',(0.,100.,6.));
#11698=CARTESIAN_POINT('',(1.22464679914735E-16,38.0000001490116,0.));
#11699=CARTESIAN_POINT('Origin',(0.,40.0000001490116,0.));
#11700=CARTESIAN_POINT('',(0.,42.0000001490116,6.));
#11701=CARTESIAN_POINT('Origin',(0.,40.0000001490116,6.));
#11702=CARTESIAN_POINT('',(1.22464679914735E-16,42.0000001490116,0.));
#11703=CARTESIAN_POINT('Origin',(0.,48.0000001490116,0.));
#11704=CARTESIAN_POINT('',(0.,48.0000001490116,6.));
#11705=CARTESIAN_POINT('',(0.,100.,6.));
#11706=CARTESIAN_POINT('',(1.22464679914735E-16,48.0000001490116,0.));
#11707=CARTESIAN_POINT('Origin',(0.,50.0000001490116,0.));
#11708=CARTESIAN_POINT('',(0.,52.0000001490116,6.));
#11709=CARTESIAN_POINT('Origin',(0.,50.0000001490116,6.));
#11710=CARTESIAN_POINT('',(1.22464679914735E-16,52.0000001490116,0.));
#11711=CARTESIAN_POINT('Origin',(0.,58.0000001490116,0.));
#11712=CARTESIAN_POINT('',(0.,58.0000001490116,6.));
#11713=CARTESIAN_POINT('',(0.,100.,6.));
#11714=CARTESIAN_POINT('',(1.22464679914735E-16,58.0000001490116,0.));
#11715=CARTESIAN_POINT('Origin',(0.,60.0000001490116,0.));
#11716=CARTESIAN_POINT('',(0.,62.0000001490116,6.));
#11717=CARTESIAN_POINT('Origin',(0.,60.0000001490116,6.));
#11718=CARTESIAN_POINT('',(1.22464679914735E-16,62.0000001490116,0.));
#11719=CARTESIAN_POINT('Origin',(0.,68.0000001490116,0.));
#11720=CARTESIAN_POINT('',(0.,68.0000001490116,6.));
#11721=CARTESIAN_POINT('',(0.,100.,6.));
#11722=CARTESIAN_POINT('',(1.22464679914735E-16,68.0000001490116,0.));
#11723=CARTESIAN_POINT('Origin',(0.,70.0000001490116,0.));
#11724=CARTESIAN_POINT('',(0.,72.0000001490116,6.));
#11725=CARTESIAN_POINT('Origin',(0.,70.0000001490116,6.));
#11726=CARTESIAN_POINT('',(1.22464679914735E-16,72.0000001490116,0.));
#11727=CARTESIAN_POINT('Origin',(0.,78.0000001490116,0.));
#11728=CARTESIAN_POINT('',(0.,78.0000001490116,6.));
#11729=CARTESIAN_POINT('',(0.,100.,6.));
#11730=CARTESIAN_POINT('',(1.22464679914735E-16,78.0000001490116,0.));
#11731=CARTESIAN_POINT('Origin',(0.,80.0000001490116,0.));
#11732=CARTESIAN_POINT('',(0.,82.0000001490116,6.));
#11733=CARTESIAN_POINT('Origin',(0.,80.0000001490116,6.));
#11734=CARTESIAN_POINT('',(1.22464679914735E-16,82.0000001490116,0.));
#11735=CARTESIAN_POINT('Origin',(0.,88.0000001490116,0.));
#11736=CARTESIAN_POINT('',(0.,88.0000001490116,6.));
#11737=CARTESIAN_POINT('',(0.,100.,6.));
#11738=CARTESIAN_POINT('',(1.22464679914735E-16,88.0000001490116,0.));
#11739=CARTESIAN_POINT('Origin',(0.,90.0000001490116,0.));
#11740=CARTESIAN_POINT('',(0.,92.0000001490116,6.));
#11741=CARTESIAN_POINT('Origin',(0.,90.0000001490116,6.));
#11742=CARTESIAN_POINT('',(1.22464679914735E-16,92.0000001490116,0.));
#11743=CARTESIAN_POINT('Origin',(0.,100.,0.));
#11744=CARTESIAN_POINT('',(0.,100.,6.));
#11745=CARTESIAN_POINT('',(0.,100.,6.));
#11746=CARTESIAN_POINT('',(0.,100.,0.));
#11747=CARTESIAN_POINT('Origin',(8.00000000000001,100.,0.));
#11748=CARTESIAN_POINT('',(8.10000000000001,100.,6.));
#11749=CARTESIAN_POINT('',(100.,100.,6.));
#11750=CARTESIAN_POINT('',(8.10000000000001,100.,0.));
#11751=CARTESIAN_POINT('Origin',(10.,100.000000149012,0.));
#11752=CARTESIAN_POINT('',(11.9,100.,6.));
#11753=CARTESIAN_POINT('Origin',(10.,100.000000149012,6.));
#11754=CARTESIAN_POINT('',(11.9,100.,0.));
#11755=CARTESIAN_POINT('Origin',(18.,100.,0.));
#11756=CARTESIAN_POINT('',(18.1,100.,6.));
#11757=CARTESIAN_POINT('',(100.,100.,6.));
#11758=CARTESIAN_POINT('',(18.1,100.,0.));
#11759=CARTESIAN_POINT('Origin',(20.,100.000000149012,0.));
#11760=CARTESIAN_POINT('',(21.9,100.,6.));
#11761=CARTESIAN_POINT('Origin',(20.,100.000000149012,6.));
#11762=CARTESIAN_POINT('',(21.9,100.,0.));
#11763=CARTESIAN_POINT('Origin',(28.,100.,0.));
#11764=CARTESIAN_POINT('',(28.1,100.,6.));
#11765=CARTESIAN_POINT('',(100.,100.,6.));
#11766=CARTESIAN_POINT('',(28.1,100.,0.));
#11767=CARTESIAN_POINT('Origin',(30.,100.000000149012,0.));
#11768=CARTESIAN_POINT('',(31.9,100.,6.));
#11769=CARTESIAN_POINT('Origin',(30.,100.000000149012,6.));
#11770=CARTESIAN_POINT('',(31.9,100.,0.));
#11771=CARTESIAN_POINT('Origin',(38.,100.,0.));
#11772=CARTESIAN_POINT('',(38.1,100.,6.));
#11773=CARTESIAN_POINT('',(100.,100.,6.));
#11774=CARTESIAN_POINT('',(38.1,100.,0.));
#11775=CARTESIAN_POINT('Origin',(40.,100.000000149012,0.));
#11776=CARTESIAN_POINT('',(41.9,100.,6.));
#11777=CARTESIAN_POINT('Origin',(40.,100.000000149012,6.));
#11778=CARTESIAN_POINT('',(41.9,100.,0.));
#11779=CARTESIAN_POINT('Origin',(48.,100.,0.));
#11780=CARTESIAN_POINT('',(48.1,100.,6.));
#11781=CARTESIAN_POINT('',(100.,100.,6.));
#11782=CARTESIAN_POINT('',(48.1,100.,0.));
#11783=CARTESIAN_POINT('Origin',(50.,100.000000149012,0.));
#11784=CARTESIAN_POINT('',(51.9,100.,6.));
#11785=CARTESIAN_POINT('Origin',(50.,100.000000149012,6.));
#11786=CARTESIAN_POINT('',(51.9,100.,0.));
#11787=CARTESIAN_POINT('Origin',(58.,100.,0.));
#11788=CARTESIAN_POINT('',(58.1,100.,6.));
#11789=CARTESIAN_POINT('',(100.,100.,6.));
#11790=CARTESIAN_POINT('',(58.1,100.,0.));
#11791=CARTESIAN_POINT('Origin',(60.,100.000000149012,0.));
#11792=CARTESIAN_POINT('',(61.9,100.,6.));
#11793=CARTESIAN_POINT('Origin',(60.,100.000000149012,6.));
#11794=CARTESIAN_POINT('',(61.9,100.,0.));
#11795=CARTESIAN_POINT('Origin',(68.,100.,0.));
#11796=CARTESIAN_POINT('',(68.1,100.,6.));
#11797=CARTESIAN_POINT('',(100.,100.,6.));
#11798=CARTESIAN_POINT('',(68.1,100.,0.));
#11799=CARTESIAN_POINT('Origin',(70.,100.000000149012,0.));
#11800=CARTESIAN_POINT('',(71.9,100.,6.));
#11801=CARTESIAN_POINT('Origin',(70.,100.000000149012,6.));
#11802=CARTESIAN_POINT('',(71.9,100.,0.));
#11803=CARTESIAN_POINT('Origin',(78.,100.,0.));
#11804=CARTESIAN_POINT('',(78.1,100.,6.));
#11805=CARTESIAN_POINT('',(100.,100.,6.));
#11806=CARTESIAN_POINT('',(78.1,100.,0.));
#11807=CARTESIAN_POINT('Origin',(80.,100.000000149012,0.));
#11808=CARTESIAN_POINT('',(81.9,100.,6.));
#11809=CARTESIAN_POINT('Origin',(80.,100.000000149012,6.));
#11810=CARTESIAN_POINT('',(81.9,100.,0.));
#11811=CARTESIAN_POINT('Origin',(88.,100.,0.));
#11812=CARTESIAN_POINT('',(88.1,100.,6.));
#11813=CARTESIAN_POINT('',(100.,100.,6.));
#11814=CARTESIAN_POINT('',(88.1,100.,0.));
#11815=CARTESIAN_POINT('Origin',(90.,100.000000149012,0.));
#11816=CARTESIAN_POINT('',(91.9,100.,6.));
#11817=CARTESIAN_POINT('Origin',(90.,100.000000149012,6.));
#11818=CARTESIAN_POINT('',(91.9,100.,0.));
#11819=CARTESIAN_POINT('Origin',(100.,100.,0.));
#11820=CARTESIAN_POINT('',(100.,100.,6.));
#11821=CARTESIAN_POINT('',(100.,100.,6.));
#11822=CARTESIAN_POINT('',(100.,100.,0.));
#11823=CARTESIAN_POINT('Origin',(100.,92.0000001490116,0.));
#11824=CARTESIAN_POINT('',(100.,91.9000001490116,6.));
#11825=CARTESIAN_POINT('',(100.,0.,6.));
#11826=CARTESIAN_POINT('',(100.,91.9000001490116,0.));
#11827=CARTESIAN_POINT('Origin',(100.,90.0000001490116,0.));
#11828=CARTESIAN_POINT('',(100.,88.1000001490116,6.));
#11829=CARTESIAN_POINT('Origin',(100.,90.0000001490116,6.));
#11830=CARTESIAN_POINT('',(100.,88.1000001490116,0.));
#11831=CARTESIAN_POINT('Origin',(100.,82.0000001490116,0.));
#11832=CARTESIAN_POINT('',(100.,81.9000001490116,6.));
#11833=CARTESIAN_POINT('',(100.,0.,6.));
#11834=CARTESIAN_POINT('',(100.,81.9000001490116,0.));
#11835=CARTESIAN_POINT('Origin',(100.,80.0000001490116,0.));
#11836=CARTESIAN_POINT('',(100.,78.1000001490116,6.));
#11837=CARTESIAN_POINT('Origin',(100.,80.0000001490116,6.));
#11838=CARTESIAN_POINT('',(100.,78.1000001490116,0.));
#11839=CARTESIAN_POINT('Origin',(100.,72.0000001490116,0.));
#11840=CARTESIAN_POINT('',(100.,71.9000001490116,6.));
#11841=CARTESIAN_POINT('',(100.,0.,6.));
#11842=CARTESIAN_POINT('',(100.,71.9000001490116,0.));
#11843=CARTESIAN_POINT('Origin',(100.,70.0000001490116,0.));
#11844=CARTESIAN_POINT('',(100.,68.1000001490116,6.));
#11845=CARTESIAN_POINT('Origin',(100.,70.0000001490116,6.));
#11846=CARTESIAN_POINT('',(100.,68.1000001490116,0.));
#11847=CARTESIAN_POINT('Origin',(100.,62.0000001490116,0.));
#11848=CARTESIAN_POINT('',(100.,61.9000001490116,6.));
#11849=CARTESIAN_POINT('',(100.,0.,6.));
#11850=CARTESIAN_POINT('',(100.,61.9000001490116,0.));
#11851=CARTESIAN_POINT('Origin',(100.,60.0000001490116,0.));
#11852=CARTESIAN_POINT('',(100.,58.1000001490116,6.));
#11853=CARTESIAN_POINT('Origin',(100.,60.0000001490116,6.));
#11854=CARTESIAN_POINT('',(100.,58.1000001490116,0.));
#11855=CARTESIAN_POINT('Origin',(100.,52.0000001490116,0.));
#11856=CARTESIAN_POINT('',(100.,51.9000001490116,6.));
#11857=CARTESIAN_POINT('',(100.,0.,6.));
#11858=CARTESIAN_POINT('',(100.,51.9000001490116,0.));
#11859=CARTESIAN_POINT('Origin',(100.,50.0000001490116,0.));
#11860=CARTESIAN_POINT('',(100.,48.1000001490116,6.));
#11861=CARTESIAN_POINT('Origin',(100.,50.0000001490116,6.));
#11862=CARTESIAN_POINT('',(100.,48.1000001490116,0.));
#11863=CARTESIAN_POINT('Origin',(100.,42.0000001490116,0.));
#11864=CARTESIAN_POINT('',(100.,41.9000001490116,6.));
#11865=CARTESIAN_POINT('',(100.,0.,6.));
#11866=CARTESIAN_POINT('',(100.,41.9000001490116,0.));
#11867=CARTESIAN_POINT('Origin',(100.,40.0000001490116,0.));
#11868=CARTESIAN_POINT('',(100.,38.1000001490116,6.));
#11869=CARTESIAN_POINT('Origin',(100.,40.0000001490116,6.));
#11870=CARTESIAN_POINT('',(100.,38.1000001490116,0.));
#11871=CARTESIAN_POINT('Origin',(100.,32.0000001490116,0.));
#11872=CARTESIAN_POINT('',(100.,31.9000001490116,6.));
#11873=CARTESIAN_POINT('',(100.,0.,6.));
#11874=CARTESIAN_POINT('',(100.,31.9000001490116,0.));
#11875=CARTESIAN_POINT('Origin',(100.,30.0000001490116,0.));
#11876=CARTESIAN_POINT('',(100.,28.1000001490116,6.));
#11877=CARTESIAN_POINT('Origin',(100.,30.0000001490116,6.));
#11878=CARTESIAN_POINT('',(100.,28.1000001490116,0.));
#11879=CARTESIAN_POINT('Origin',(100.,22.0000001490116,0.));
#11880=CARTESIAN_POINT('',(100.,21.9000001490116,6.));
#11881=CARTESIAN_POINT('',(100.,0.,6.));
#11882=CARTESIAN_POINT('',(100.,21.9000001490116,0.));
#11883=CARTESIAN_POINT('Origin',(100.,20.0000001490116,0.));
#11884=CARTESIAN_POINT('',(100.,18.1000001490116,6.));
#11885=CARTESIAN_POINT('Origin',(100.,20.0000001490116,6.));
#11886=CARTESIAN_POINT('',(100.,18.1000001490116,0.));
#11887=CARTESIAN_POINT('Origin',(100.,12.0000001490116,0.));
#11888=CARTESIAN_POINT('',(100.,11.9000001490116,6.));
#11889=CARTESIAN_POINT('',(100.,0.,6.));
#11890=CARTESIAN_POINT('',(100.,11.9000001490116,0.));
#11891=CARTESIAN_POINT('Origin',(100.,10.0000001490116,0.));
#11892=CARTESIAN_POINT('',(100.,8.10000014901162,6.));
#11893=CARTESIAN_POINT('Origin',(100.,10.0000001490116,6.));
#11894=CARTESIAN_POINT('',(100.,8.10000014901162,0.));
#11895=CARTESIAN_POINT('Origin',(100.,0.,0.));
#11896=CARTESIAN_POINT('',(100.,0.,6.));
#11897=CARTESIAN_POINT('',(100.,0.,6.));
#11898=CARTESIAN_POINT('',(100.,0.,0.));
#11899=CARTESIAN_POINT('Origin',(92.,0.,0.));
#11900=CARTESIAN_POINT('',(0.,0.,6.));
#11901=CARTESIAN_POINT('Origin',(51.,51.0000000745058,6.));
#11902=UNCERTAINTY_MEASURE_WITH_UNIT(LENGTH_MEASURE(0.01),#11906,
'DISTANCE_ACCURACY_VALUE',
'Maximum model space distance between geometric entities at asserted c
onnectivities');
#11903=UNCERTAINTY_MEASURE_WITH_UNIT(LENGTH_MEASURE(0.01),#11906,
'DISTANCE_ACCURACY_VALUE',
'Maximum model space distance between geometric entities at asserted c
onnectivities');
#11904=(
GEOMETRIC_REPRESENTATION_CONTEXT(3)
GLOBAL_UNCERTAINTY_ASSIGNED_CONTEXT((#11902))
GLOBAL_UNIT_ASSIGNED_CONTEXT((#11906,#11908,#11909))
REPRESENTATION_CONTEXT('','3D')
);
#11905=(
GEOMETRIC_REPRESENTATION_CONTEXT(3)
GLOBAL_UNCERTAINTY_ASSIGNED_CONTEXT((#11903))
GLOBAL_UNIT_ASSIGNED_CONTEXT((#11906,#11908,#11909))
REPRESENTATION_CONTEXT('','3D')
);
#11906=(
LENGTH_UNIT()
NAMED_UNIT(*)
SI_UNIT(.MILLI.,.METRE.)
);
#11907=(
LENGTH_UNIT()
NAMED_UNIT(*)
SI_UNIT($,.METRE.)
);
#11908=(
NAMED_UNIT(*)
PLANE_ANGLE_UNIT()
SI_UNIT($,.RADIAN.)
);
#11909=(
NAMED_UNIT(*)
SI_UNIT($,.STERADIAN.)
SOLID_ANGLE_UNIT()
);
#11910=SHAPE_DEFINITION_REPRESENTATION(#11911,#11912);
#11911=PRODUCT_DEFINITION_SHAPE('',$,#11914);
#11912=SHAPE_REPRESENTATION('',(#6870),#11904);
#11913=PRODUCT_DEFINITION_CONTEXT('part definition',#11918,'design');
#11914=PRODUCT_DEFINITION('tulgryd','tulgryd v3',#11915,#11913);
#11915=PRODUCT_DEFINITION_FORMATION('',$,#11920);
#11916=PRODUCT_RELATED_PRODUCT_CATEGORY('tulgryd v3','tulgryd v3',
(#11920));
#11917=APPLICATION_PROTOCOL_DEFINITION('international standard',
'automotive_design',2009,#11918);
#11918=APPLICATION_CONTEXT(
'Core Data for Automotive Mechanical Design Process');
#11919=PRODUCT_CONTEXT('part definition',#11918,'mechanical');
#11920=PRODUCT('tulgryd','tulgryd v3',$,(#11919));
#11921=PRESENTATION_STYLE_ASSIGNMENT((#11922));
#11922=SURFACE_STYLE_USAGE(.BOTH.,#11923);
#11923=SURFACE_SIDE_STYLE('',(#11924));
#11924=SURFACE_STYLE_FILL_AREA(#11925);
#11925=FILL_AREA_STYLE('Steel - Satin',(#11926));
#11926=FILL_AREA_STYLE_COLOUR('Steel - Satin',#11927);
#11927=COLOUR_RGB('Steel - Satin',0.627450980392157,0.627450980392157,0.627450980392157);
ENDSEC;
END-ISO-10303-21;
